ISO-10303-21;
HEADER;
FILE_DESCRIPTION(('Open CASCADE Model'),'2;1');
FILE_NAME('Open CASCADE Shape Model','2026-07-17T22:52:57',('Author'),(
    'Open CASCADE'),'Open CASCADE STEP processor 7.9','Open CASCADE 7.9'
  ,'Unknown');
FILE_SCHEMA(('AUTOMOTIVE_DESIGN { 1 0 10303 214 1 1 1 1 }'));
ENDSEC;
DATA;
#1 = APPLICATION_PROTOCOL_DEFINITION('international standard',
  'automotive_design',2000,#2);
#2 = APPLICATION_CONTEXT(
  'core data for automotive mechanical design processes');
#3 = SHAPE_DEFINITION_REPRESENTATION(#4,#10);
#4 = PRODUCT_DEFINITION_SHAPE('','',#5);
#5 = PRODUCT_DEFINITION('design','',#6,#9);
#6 = PRODUCT_DEFINITION_FORMATION('','',#7);
#7 = PRODUCT('40e5238f-8232-11f1-8d88-cde530457085',
  '40e5238f-8232-11f1-8d88-cde530457085','',(#8));
#8 = PRODUCT_CONTEXT('',#2,'mechanical');
#9 = PRODUCT_DEFINITION_CONTEXT('part definition',#2,'design');
#10 = SHAPE_REPRESENTATION('',(#11,#15,#19,#23,#27,#31,#35),#39);
#11 = AXIS2_PLACEMENT_3D('',#12,#13,#14);
#12 = CARTESIAN_POINT('',(0.,0.,0.));
#13 = DIRECTION('',(0.,0.,1.));
#14 = DIRECTION('',(1.,0.,-0.));
#15 = AXIS2_PLACEMENT_3D('',#16,#17,#18);
#16 = CARTESIAN_POINT('',(0.,0.,0.));
#17 = DIRECTION('',(0.,0.,1.));
#18 = DIRECTION('',(1.,0.,-0.));
#19 = AXIS2_PLACEMENT_3D('',#20,#21,#22);
#20 = CARTESIAN_POINT('',(0.,0.,0.));
#21 = DIRECTION('',(0.,0.,1.));
#22 = DIRECTION('',(1.,0.,-0.));
#23 = AXIS2_PLACEMENT_3D('',#24,#25,#26);
#24 = CARTESIAN_POINT('',(0.,0.,0.));
#25 = DIRECTION('',(0.,0.,1.));
#26 = DIRECTION('',(1.,0.,-0.));
#27 = AXIS2_PLACEMENT_3D('',#28,#29,#30);
#28 = CARTESIAN_POINT('',(0.,0.,0.));
#29 = DIRECTION('',(0.,0.,1.));
#30 = DIRECTION('',(1.,0.,-0.));
#31 = AXIS2_PLACEMENT_3D('',#32,#33,#34);
#32 = CARTESIAN_POINT('',(0.,0.,0.));
#33 = DIRECTION('',(0.,0.,1.));
#34 = DIRECTION('',(1.,0.,-0.));
#35 = AXIS2_PLACEMENT_3D('',#36,#37,#38);
#36 = CARTESIAN_POINT('',(0.,0.,0.));
#37 = DIRECTION('',(0.,0.,1.));
#38 = DIRECTION('',(1.,0.,-0.));
#39 = ( GEOMETRIC_REPRESENTATION_CONTEXT(3) 
GLOBAL_UNCERTAINTY_ASSIGNED_CONTEXT((#43)) GLOBAL_UNIT_ASSIGNED_CONTEXT(
(#40,#41,#42)) REPRESENTATION_CONTEXT('Context #1',
  '3D Context with UNIT and UNCERTAINTY') );
#40 = ( LENGTH_UNIT() NAMED_UNIT(*) SI_UNIT(.MILLI.,.METRE.) );
#41 = ( NAMED_UNIT(*) PLANE_ANGLE_UNIT() SI_UNIT($,.RADIAN.) );
#42 = ( NAMED_UNIT(*) SI_UNIT($,.STERADIAN.) SOLID_ANGLE_UNIT() );
#43 = UNCERTAINTY_MEASURE_WITH_UNIT(LENGTH_MEASURE(1.E-07),#40,
  'distance_accuracy_value','confusion accuracy');
#44 = PRODUCT_RELATED_PRODUCT_CATEGORY('part',$,(#7));
#45 = SHAPE_DEFINITION_REPRESENTATION(#46,#52);
#46 = PRODUCT_DEFINITION_SHAPE('','',#47);
#47 = PRODUCT_DEFINITION('design','',#48,#51);
#48 = PRODUCT_DEFINITION_FORMATION('','',#49);
#49 = PRODUCT('clamp','clamp','',(#50));
#50 = PRODUCT_CONTEXT('',#2,'mechanical');
#51 = PRODUCT_DEFINITION_CONTEXT('part definition',#2,'design');
#52 = ADVANCED_BREP_SHAPE_REPRESENTATION('',(#11,#53),#5099);
#53 = MANIFOLD_SOLID_BREP('',#54);
#54 = CLOSED_SHELL('',(#55,#295,#431,#661,#745,#821,#826,#1341,#1395,
    #1455,#1790,#1889,#1941,#2423,#2472,#2519,#2771,#2818,#2870,#2897,
    #2922,#2971,#3018,#3066,#3115,#3164,#3248,#3275,#3313,#3409,#3447,
    #3485,#3523,#3561,#3693,#3731,#3863,#3901,#3908,#3981,#4007,#4080,
    #4130,#4156,#4182,#4232,#4259,#4285,#4312,#4339,#4596,#4603,#4696,
    #4751,#4806,#4861,#4908,#4935,#4962,#4969,#5024,#5079,#5083,#5087,
    #5091,#5095));
#55 = ADVANCED_FACE('',(#56),#70,.T.);
#56 = FACE_BOUND('',#57,.F.);
#57 = EDGE_LOOP('',(#58,#91,#131,#157,#192,#213,#242,#268));
#58 = ORIENTED_EDGE('',*,*,#59,.T.);
#59 = EDGE_CURVE('',#60,#62,#64,.T.);
#60 = VERTEX_POINT('',#61);
#61 = CARTESIAN_POINT('',(10.,45.975020391513,28.5));
#62 = VERTEX_POINT('',#63);
#63 = CARTESIAN_POINT('',(10.,45.975020391513,17.198721914729));
#64 = SURFACE_CURVE('',#65,(#69,#80),.PCURVE_S1.);
#65 = LINE('',#66,#67);
#66 = CARTESIAN_POINT('',(10.,45.975020391513,0.));
#67 = VECTOR('',#68,1.);
#68 = DIRECTION('',(-0.,-0.,-1.));
#69 = PCURVE('',#70,#75);
#70 = CYLINDRICAL_SURFACE('',#71,47.05);
#71 = AXIS2_PLACEMENT_3D('',#72,#73,#74);
#72 = CARTESIAN_POINT('',(0.,0.,0.));
#73 = DIRECTION('',(-0.,-0.,-1.));
#74 = DIRECTION('',(1.,0.,0.));
#75 = DEFINITIONAL_REPRESENTATION('',(#76),#79);
#76 = B_SPLINE_CURVE_WITH_KNOTS('',1,(#77,#78),.UNSPECIFIED.,.F.,.F.,(2,
    2),(-30.0000006,6.E-07),.PIECEWISE_BEZIER_KNOTS.);
#77 = CARTESIAN_POINT('',(-7.639808168065,-30.0000006));
#78 = CARTESIAN_POINT('',(-7.639808168065,6.E-07));
#79 = ( GEOMETRIC_REPRESENTATION_CONTEXT(2) 
PARAMETRIC_REPRESENTATION_CONTEXT() REPRESENTATION_CONTEXT('2D SPACE',''
  ) );
#80 = PCURVE('',#81,#86);
#81 = PLANE('',#82);
#82 = AXIS2_PLACEMENT_3D('',#83,#84,#85);
#83 = CARTESIAN_POINT('',(10.,38.55,0.));
#84 = DIRECTION('',(1.,0.,0.));
#85 = DIRECTION('',(0.,0.,1.));
#86 = DEFINITIONAL_REPRESENTATION('',(#87),#90);
#87 = B_SPLINE_CURVE_WITH_KNOTS('',1,(#88,#89),.UNSPECIFIED.,.F.,.F.,(2,
    2),(-30.0000006,6.E-07),.PIECEWISE_BEZIER_KNOTS.);
#88 = CARTESIAN_POINT('',(30.0000006,-7.425020391513));
#89 = CARTESIAN_POINT('',(-6.E-07,-7.425020391513));
#90 = ( GEOMETRIC_REPRESENTATION_CONTEXT(2) 
PARAMETRIC_REPRESENTATION_CONTEXT() REPRESENTATION_CONTEXT('2D SPACE',''
  ) );
#91 = ORIENTED_EDGE('',*,*,#92,.T.);
#92 = EDGE_CURVE('',#62,#93,#95,.T.);
#93 = VERTEX_POINT('',#94);
#94 = CARTESIAN_POINT('',(13.,45.218386746986,17.036766898153));
#95 = SURFACE_CURVE('',#96,(#104,#115),.PCURVE_S1.);
#96 = B_SPLINE_CURVE_WITH_KNOTS('',6,(#97,#98,#99,#100,#101,#102,#103),
  .UNSPECIFIED.,.F.,.F.,(7,7),(0.,1.),.PIECEWISE_BEZIER_KNOTS.);
#97 = CARTESIAN_POINT('',(9.999999999999,45.975020391513,17.198721914729
    ));
#98 = CARTESIAN_POINT('',(10.504522656051,45.865281961436,
    17.194979674991));
#99 = CARTESIAN_POINT('',(11.0058098132,45.749289124472,17.184443390526)
  );
#100 = CARTESIAN_POINT('',(11.50644672614,45.626571902199,
    17.165644313585));
#101 = CARTESIAN_POINT('',(12.00704430428,45.496847332857,
    17.136605555474));
#102 = CARTESIAN_POINT('',(12.506125044523,45.360372678018,
    17.094739860434));
#103 = CARTESIAN_POINT('',(13.0000006,45.21838657449,17.036766827723));
#104 = PCURVE('',#70,#105);
#105 = DEFINITIONAL_REPRESENTATION('',(#106),#114);
#106 = B_SPLINE_CURVE_WITH_KNOTS('',6,(#107,#108,#109,#110,#111,#112,
    #113),.UNSPECIFIED.,.F.,.F.,(7,7),(0.,1.),.PIECEWISE_BEZIER_KNOTS.);
#107 = CARTESIAN_POINT('',(-7.639808168065,-17.19872191472));
#108 = CARTESIAN_POINT('',(-7.628834325057,-17.19497967499));
#109 = CARTESIAN_POINT('',(-7.617899425404,-17.18444339052));
#110 = CARTESIAN_POINT('',(-7.606945272959,-17.16564431358));
#111 = CARTESIAN_POINT('',(-7.595955616732,-17.13660555547));
#112 = CARTESIAN_POINT('',(-7.584959651512,-17.09473986043));
#113 = CARTESIAN_POINT('',(-7.574037644052,-17.03676682772));
#114 = ( GEOMETRIC_REPRESENTATION_CONTEXT(2) 
PARAMETRIC_REPRESENTATION_CONTEXT() REPRESENTATION_CONTEXT('2D SPACE',''
  ) );
#115 = PCURVE('',#116,#121);
#116 = CYLINDRICAL_SURFACE('',#117,2.2);
#117 = AXIS2_PLACEMENT_3D('',#118,#119,#120);
#118 = CARTESIAN_POINT('',(-13.,46.05,15.));
#119 = DIRECTION('',(-1.,-0.,-0.));
#120 = DIRECTION('',(0.,1.,0.));
#121 = DEFINITIONAL_REPRESENTATION('',(#122),#130);
#122 = B_SPLINE_CURVE_WITH_KNOTS('',6,(#123,#124,#125,#126,#127,#128,
    #129),.UNSPECIFIED.,.F.,.F.,(7,7),(0.,1.),.PIECEWISE_BEZIER_KNOTS.);
#123 = CARTESIAN_POINT('',(-1.604884568436,-22.99999999999));
#124 = CARTESIAN_POINT('',(-1.654794668181,-23.50452265605));
#125 = CARTESIAN_POINT('',(-1.707651646329,-24.0058098132));
#126 = CARTESIAN_POINT('',(-1.763913248298,-24.50644672614));
#127 = CARTESIAN_POINT('',(-1.824101558553,-25.00704430428));
#128 = CARTESIAN_POINT('',(-1.888726462745,-25.50612504452));
#129 = CARTESIAN_POINT('',(-1.958437978857,-26.0000006));
#130 = ( GEOMETRIC_REPRESENTATION_CONTEXT(2) 
PARAMETRIC_REPRESENTATION_CONTEXT() REPRESENTATION_CONTEXT('2D SPACE',''
  ) );
#131 = ORIENTED_EDGE('',*,*,#132,.T.);
#132 = EDGE_CURVE('',#93,#133,#135,.T.);
#133 = VERTEX_POINT('',#134);
#134 = CARTESIAN_POINT('',(13.,45.218386746986,12.963233101847));
#135 = SURFACE_CURVE('',#136,(#140,#146),.PCURVE_S1.);
#136 = LINE('',#137,#138);
#137 = CARTESIAN_POINT('',(13.,45.218386746986,0.));
#138 = VECTOR('',#139,1.);
#139 = DIRECTION('',(-0.,-0.,-1.));
#140 = PCURVE('',#70,#141);
#141 = DEFINITIONAL_REPRESENTATION('',(#142),#145);
#142 = B_SPLINE_CURVE_WITH_KNOTS('',1,(#143,#144),.UNSPECIFIED.,.F.,.F.,
  (2,2),(-17.64,-12.36),.PIECEWISE_BEZIER_KNOTS.);
#143 = CARTESIAN_POINT('',(-7.574037657321,-17.64));
#144 = CARTESIAN_POINT('',(-7.574037657321,-12.36));
#145 = ( GEOMETRIC_REPRESENTATION_CONTEXT(2) 
PARAMETRIC_REPRESENTATION_CONTEXT() REPRESENTATION_CONTEXT('2D SPACE',''
  ) );
#146 = PCURVE('',#147,#152);
#147 = PLANE('',#148);
#148 = AXIS2_PLACEMENT_3D('',#149,#150,#151);
#149 = CARTESIAN_POINT('',(13.,46.05,15.));
#150 = DIRECTION('',(1.,0.,0.));
#151 = DIRECTION('',(-0.,0.,1.));
#152 = DEFINITIONAL_REPRESENTATION('',(#153),#156);
#153 = B_SPLINE_CURVE_WITH_KNOTS('',1,(#154,#155),.UNSPECIFIED.,.F.,.F.,
  (2,2),(-17.64,-12.36),.PIECEWISE_BEZIER_KNOTS.);
#154 = CARTESIAN_POINT('',(2.64,0.831613253014));
#155 = CARTESIAN_POINT('',(-2.64,0.831613253014));
#156 = ( GEOMETRIC_REPRESENTATION_CONTEXT(2) 
PARAMETRIC_REPRESENTATION_CONTEXT() REPRESENTATION_CONTEXT('2D SPACE',''
  ) );
#157 = ORIENTED_EDGE('',*,*,#158,.T.);
#158 = EDGE_CURVE('',#133,#159,#161,.T.);
#159 = VERTEX_POINT('',#160);
#160 = CARTESIAN_POINT('',(10.,45.975020391513,12.801278085271));
#161 = SURFACE_CURVE('',#162,(#170,#181),.PCURVE_S1.);
#162 = B_SPLINE_CURVE_WITH_KNOTS('',6,(#163,#164,#165,#166,#167,#168,
    #169),.UNSPECIFIED.,.F.,.F.,(7,7),(0.,1.),.PIECEWISE_BEZIER_KNOTS.);
#163 = CARTESIAN_POINT('',(13.0000006,45.21838657449,12.963233172277));
#164 = CARTESIAN_POINT('',(12.506127335959,45.360372019244,
    12.905260408543));
#165 = CARTESIAN_POINT('',(12.007045775752,45.496846975284,
    12.863394461591));
#166 = CARTESIAN_POINT('',(11.50644440883,45.626572596281,
    12.834355403781));
#167 = CARTESIAN_POINT('',(11.005802597397,45.749290941844,
    12.81555631147));
#168 = CARTESIAN_POINT('',(10.504513658853,45.865283918411,
    12.805020258273));
#169 = CARTESIAN_POINT('',(9.999999999999,45.975020391513,
    12.801278085271));
#170 = PCURVE('',#70,#171);
#171 = DEFINITIONAL_REPRESENTATION('',(#172),#180);
#172 = B_SPLINE_CURVE_WITH_KNOTS('',6,(#173,#174,#175,#176,#177,#178,
    #179),.UNSPECIFIED.,.F.,.F.,(7,7),(0.,1.),.PIECEWISE_BEZIER_KNOTS.);
#173 = CARTESIAN_POINT('',(-7.574037644052,-12.96323317227));
#174 = CARTESIAN_POINT('',(-7.584959600837,-12.90526040854));
#175 = CARTESIAN_POINT('',(-7.595955584574,-12.86339446159));
#176 = CARTESIAN_POINT('',(-7.606945324342,-12.83435540378));
#177 = CARTESIAN_POINT('',(-7.617899583476,-12.81555631147));
#178 = CARTESIAN_POINT('',(-7.628834520755,-12.80502025827));
#179 = CARTESIAN_POINT('',(-7.639808168065,-12.80127808527));
#180 = ( GEOMETRIC_REPRESENTATION_CONTEXT(2) 
PARAMETRIC_REPRESENTATION_CONTEXT() REPRESENTATION_CONTEXT('2D SPACE',''
  ) );
#181 = PCURVE('',#116,#182);
#182 = DEFINITIONAL_REPRESENTATION('',(#183),#191);
#183 = B_SPLINE_CURVE_WITH_KNOTS('',6,(#184,#185,#186,#187,#188,#189,
    #190),.UNSPECIFIED.,.F.,.F.,(7,7),(0.,1.),.PIECEWISE_BEZIER_KNOTS.);
#184 = CARTESIAN_POINT('',(-4.324747328323,-26.0000006));
#185 = CARTESIAN_POINT('',(-4.394458520994,-25.50612733595));
#186 = CARTESIAN_POINT('',(-4.459083595431,-25.00704577575));
#187 = CARTESIAN_POINT('',(-4.519272390269,-24.50644440883));
#188 = CARTESIAN_POINT('',(-4.575534491576,-24.00580259739));
#189 = CARTESIAN_POINT('',(-4.62839152905,-23.50451365885));
#190 = CARTESIAN_POINT('',(-4.678300738744,-22.99999999999));
#191 = ( GEOMETRIC_REPRESENTATION_CONTEXT(2) 
PARAMETRIC_REPRESENTATION_CONTEXT() REPRESENTATION_CONTEXT('2D SPACE',''
  ) );
#192 = ORIENTED_EDGE('',*,*,#193,.T.);
#193 = EDGE_CURVE('',#159,#194,#196,.T.);
#194 = VERTEX_POINT('',#195);
#195 = CARTESIAN_POINT('',(9.999999999999,45.975020391513,0.));
#196 = SURFACE_CURVE('',#197,(#201,#207),.PCURVE_S1.);
#197 = LINE('',#198,#199);
#198 = CARTESIAN_POINT('',(10.,45.975020391513,0.));
#199 = VECTOR('',#200,1.);
#200 = DIRECTION('',(-0.,-0.,-1.));
#201 = PCURVE('',#70,#202);
#202 = DEFINITIONAL_REPRESENTATION('',(#203),#206);
#203 = B_SPLINE_CURVE_WITH_KNOTS('',1,(#204,#205),.UNSPECIFIED.,.F.,.F.,
  (2,2),(-30.0000006,6.E-07),.PIECEWISE_BEZIER_KNOTS.);
#204 = CARTESIAN_POINT('',(-7.639808168065,-30.0000006));
#205 = CARTESIAN_POINT('',(-7.639808168065,6.E-07));
#206 = ( GEOMETRIC_REPRESENTATION_CONTEXT(2) 
PARAMETRIC_REPRESENTATION_CONTEXT() REPRESENTATION_CONTEXT('2D SPACE',''
  ) );
#207 = PCURVE('',#81,#208);
#208 = DEFINITIONAL_REPRESENTATION('',(#209),#212);
#209 = B_SPLINE_CURVE_WITH_KNOTS('',1,(#210,#211),.UNSPECIFIED.,.F.,.F.,
  (2,2),(-30.0000006,6.E-07),.PIECEWISE_BEZIER_KNOTS.);
#210 = CARTESIAN_POINT('',(30.0000006,-7.425020391513));
#211 = CARTESIAN_POINT('',(-6.E-07,-7.425020391513));
#212 = ( GEOMETRIC_REPRESENTATION_CONTEXT(2) 
PARAMETRIC_REPRESENTATION_CONTEXT() REPRESENTATION_CONTEXT('2D SPACE',''
  ) );
#213 = ORIENTED_EDGE('',*,*,#214,.F.);
#214 = EDGE_CURVE('',#215,#194,#217,.T.);
#215 = VERTEX_POINT('',#216);
#216 = CARTESIAN_POINT('',(-4.848926108317E-13,-47.05,0.));
#217 = SURFACE_CURVE('',#218,(#223,#230),.PCURVE_S1.);
#218 = CIRCLE('',#219,47.05);
#219 = AXIS2_PLACEMENT_3D('',#220,#221,#222);
#220 = CARTESIAN_POINT('',(0.,0.,0.));
#221 = DIRECTION('',(0.,0.,1.));
#222 = DIRECTION('',(-1.030590033649E-14,-1.,0.));
#223 = PCURVE('',#70,#224);
#224 = DEFINITIONAL_REPRESENTATION('',(#225),#229);
#225 = LINE('',#226,#227);
#226 = CARTESIAN_POINT('',(-4.712388980385,0.));
#227 = VECTOR('',#228,1.);
#228 = DIRECTION('',(-1.,0.));
#229 = ( GEOMETRIC_REPRESENTATION_CONTEXT(2) 
PARAMETRIC_REPRESENTATION_CONTEXT() REPRESENTATION_CONTEXT('2D SPACE',''
  ) );
#230 = PCURVE('',#231,#236);
#231 = PLANE('',#232);
#232 = AXIS2_PLACEMENT_3D('',#233,#234,#235);
#233 = CARTESIAN_POINT('',(-3.720134685761E-15,-6.058705378236E-17,0.));
#234 = DIRECTION('',(0.,0.,1.));
#235 = DIRECTION('',(1.,0.,-0.));
#236 = DEFINITIONAL_REPRESENTATION('',(#237),#241);
#237 = CIRCLE('',#238,47.05);
#238 = AXIS2_PLACEMENT_2D('',#239,#240);
#239 = CARTESIAN_POINT('',(3.720134685761E-15,6.058705378236E-17));
#240 = DIRECTION('',(-1.030590033649E-14,-1.));
#241 = ( GEOMETRIC_REPRESENTATION_CONTEXT(2) 
PARAMETRIC_REPRESENTATION_CONTEXT() REPRESENTATION_CONTEXT('2D SPACE',''
  ) );
#242 = ORIENTED_EDGE('',*,*,#243,.F.);
#243 = EDGE_CURVE('',#244,#215,#246,.T.);
#244 = VERTEX_POINT('',#245);
#245 = CARTESIAN_POINT('',(-1.42108547152E-14,-47.05,28.5));
#246 = SURFACE_CURVE('',#247,(#251,#257),.PCURVE_S1.);
#247 = LINE('',#248,#249);
#248 = CARTESIAN_POINT('',(0.,-47.05,0.));
#249 = VECTOR('',#250,1.);
#250 = DIRECTION('',(-0.,-0.,-1.));
#251 = PCURVE('',#70,#252);
#252 = DEFINITIONAL_REPRESENTATION('',(#253),#256);
#253 = B_SPLINE_CURVE_WITH_KNOTS('',1,(#254,#255),.UNSPECIFIED.,.F.,.F.,
  (2,2),(-30.,0.),.PIECEWISE_BEZIER_KNOTS.);
#254 = CARTESIAN_POINT('',(-4.712388980385,-30.));
#255 = CARTESIAN_POINT('',(-4.712388980385,0.));
#256 = ( GEOMETRIC_REPRESENTATION_CONTEXT(2) 
PARAMETRIC_REPRESENTATION_CONTEXT() REPRESENTATION_CONTEXT('2D SPACE',''
  ) );
#257 = PCURVE('',#258,#263);
#258 = PLANE('',#259);
#259 = AXIS2_PLACEMENT_3D('',#260,#261,#262);
#260 = CARTESIAN_POINT('',(0.,-52.05,0.));
#261 = DIRECTION('',(1.,0.,0.));
#262 = DIRECTION('',(0.,0.,1.));
#263 = DEFINITIONAL_REPRESENTATION('',(#264),#267);
#264 = B_SPLINE_CURVE_WITH_KNOTS('',1,(#265,#266),.UNSPECIFIED.,.F.,.F.,
  (2,2),(-30.0000006,6.E-07),.PIECEWISE_BEZIER_KNOTS.);
#265 = CARTESIAN_POINT('',(30.0000006,-5.));
#266 = CARTESIAN_POINT('',(-6.E-07,-5.));
#267 = ( GEOMETRIC_REPRESENTATION_CONTEXT(2) 
PARAMETRIC_REPRESENTATION_CONTEXT() REPRESENTATION_CONTEXT('2D SPACE',''
  ) );
#268 = ORIENTED_EDGE('',*,*,#269,.F.);
#269 = EDGE_CURVE('',#60,#244,#270,.T.);
#270 = SURFACE_CURVE('',#271,(#276,#283),.PCURVE_S1.);
#271 = CIRCLE('',#272,47.05);
#272 = AXIS2_PLACEMENT_3D('',#273,#274,#275);
#273 = CARTESIAN_POINT('',(0.,0.,28.5));
#274 = DIRECTION('',(0.,-0.,-1.));
#275 = DIRECTION('',(0.212539851222,0.977152399395,-0.));
#276 = PCURVE('',#70,#277);
#277 = DEFINITIONAL_REPRESENTATION('',(#278),#282);
#278 = LINE('',#279,#280);
#279 = CARTESIAN_POINT('',(-7.639808168065,-28.5));
#280 = VECTOR('',#281,1.);
#281 = DIRECTION('',(1.,-0.));
#282 = ( GEOMETRIC_REPRESENTATION_CONTEXT(2) 
PARAMETRIC_REPRESENTATION_CONTEXT() REPRESENTATION_CONTEXT('2D SPACE',''
  ) );
#283 = PCURVE('',#284,#289);
#284 = TOROIDAL_SURFACE('',#285,45.55,1.5);
#285 = AXIS2_PLACEMENT_3D('',#286,#287,#288);
#286 = CARTESIAN_POINT('',(0.,0.,28.5));
#287 = DIRECTION('',(0.,0.,1.));
#288 = DIRECTION('',(0.212539851222,0.977152399395,-0.));
#289 = DEFINITIONAL_REPRESENTATION('',(#290),#294);
#290 = LINE('',#291,#292);
#291 = CARTESIAN_POINT('',(-0.,0.));
#292 = VECTOR('',#293,1.);
#293 = DIRECTION('',(-1.,0.));
#294 = ( GEOMETRIC_REPRESENTATION_CONTEXT(2) 
PARAMETRIC_REPRESENTATION_CONTEXT() REPRESENTATION_CONTEXT('2D SPACE',''
  ) );
#295 = ADVANCED_FACE('',(#296),#81,.T.);
#296 = FACE_BOUND('',#297,.T.);
#297 = EDGE_LOOP('',(#298,#328,#354,#355,#383,#409,#410));
#298 = ORIENTED_EDGE('',*,*,#299,.T.);
#299 = EDGE_CURVE('',#300,#302,#304,.T.);
#300 = VERTEX_POINT('',#301);
#301 = CARTESIAN_POINT('',(10.,53.55,0.));
#302 = VERTEX_POINT('',#303);
#303 = CARTESIAN_POINT('',(10.,53.55,28.5));
#304 = SURFACE_CURVE('',#305,(#309,#316),.PCURVE_S1.);
#305 = LINE('',#306,#307);
#306 = CARTESIAN_POINT('',(10.,53.55,0.));
#307 = VECTOR('',#308,1.);
#308 = DIRECTION('',(0.,0.,1.));
#309 = PCURVE('',#81,#310);
#310 = DEFINITIONAL_REPRESENTATION('',(#311),#315);
#311 = LINE('',#312,#313);
#312 = CARTESIAN_POINT('',(0.,-15.));
#313 = VECTOR('',#314,1.);
#314 = DIRECTION('',(1.,0.));
#315 = ( GEOMETRIC_REPRESENTATION_CONTEXT(2) 
PARAMETRIC_REPRESENTATION_CONTEXT() REPRESENTATION_CONTEXT('2D SPACE',''
  ) );
#316 = PCURVE('',#317,#322);
#317 = PLANE('',#318);
#318 = AXIS2_PLACEMENT_3D('',#319,#320,#321);
#319 = CARTESIAN_POINT('',(3.,53.55,0.));
#320 = DIRECTION('',(0.,1.,0.));
#321 = DIRECTION('',(0.,0.,1.));
#322 = DEFINITIONAL_REPRESENTATION('',(#323),#327);
#323 = LINE('',#324,#325);
#324 = CARTESIAN_POINT('',(0.,7.));
#325 = VECTOR('',#326,1.);
#326 = DIRECTION('',(1.,0.));
#327 = ( GEOMETRIC_REPRESENTATION_CONTEXT(2) 
PARAMETRIC_REPRESENTATION_CONTEXT() REPRESENTATION_CONTEXT('2D SPACE',''
  ) );
#328 = ORIENTED_EDGE('',*,*,#329,.F.);
#329 = EDGE_CURVE('',#60,#302,#330,.T.);
#330 = SURFACE_CURVE('',#331,(#335,#342),.PCURVE_S1.);
#331 = LINE('',#332,#333);
#332 = CARTESIAN_POINT('',(10.,45.975020391513,28.5));
#333 = VECTOR('',#334,1.);
#334 = DIRECTION('',(0.,1.,0.));
#335 = PCURVE('',#81,#336);
#336 = DEFINITIONAL_REPRESENTATION('',(#337),#341);
#337 = LINE('',#338,#339);
#338 = CARTESIAN_POINT('',(28.5,-7.425020391513));
#339 = VECTOR('',#340,1.);
#340 = DIRECTION('',(0.,-1.));
#341 = ( GEOMETRIC_REPRESENTATION_CONTEXT(2) 
PARAMETRIC_REPRESENTATION_CONTEXT() REPRESENTATION_CONTEXT('2D SPACE',''
  ) );
#342 = PCURVE('',#343,#348);
#343 = CYLINDRICAL_SURFACE('',#344,1.5);
#344 = AXIS2_PLACEMENT_3D('',#345,#346,#347);
#345 = CARTESIAN_POINT('',(8.5,45.975020391513,28.5));
#346 = DIRECTION('',(0.,1.,0.));
#347 = DIRECTION('',(1.,0.,-0.));
#348 = DEFINITIONAL_REPRESENTATION('',(#349),#353);
#349 = LINE('',#350,#351);
#350 = CARTESIAN_POINT('',(-0.,0.));
#351 = VECTOR('',#352,1.);
#352 = DIRECTION('',(-0.,1.));
#353 = ( GEOMETRIC_REPRESENTATION_CONTEXT(2) 
PARAMETRIC_REPRESENTATION_CONTEXT() REPRESENTATION_CONTEXT('2D SPACE',''
  ) );
#354 = ORIENTED_EDGE('',*,*,#59,.T.);
#355 = ORIENTED_EDGE('',*,*,#356,.T.);
#356 = EDGE_CURVE('',#62,#357,#359,.T.);
#357 = VERTEX_POINT('',#358);
#358 = CARTESIAN_POINT('',(10.,48.25,15.));
#359 = SURFACE_CURVE('',#360,(#365,#376),.PCURVE_S1.);
#360 = CIRCLE('',#361,2.2);
#361 = AXIS2_PLACEMENT_3D('',#362,#363,#364);
#362 = CARTESIAN_POINT('',(10.,46.05,15.));
#363 = DIRECTION('',(-1.,0.,0.));
#364 = DIRECTION('',(0.,1.,0.));
#365 = PCURVE('',#81,#366);
#366 = DEFINITIONAL_REPRESENTATION('',(#367),#375);
#367 = ( BOUNDED_CURVE() B_SPLINE_CURVE(2,(#368,#369,#370,#371,#372,#373
,#374),.UNSPECIFIED.,.T.,.F.) B_SPLINE_CURVE_WITH_KNOTS((1,2,2,2,2,1),(
    -2.094395102393,0.,2.094395102393,4.188790204786,6.28318530718,
8.377580409573),.UNSPECIFIED.) CURVE() GEOMETRIC_REPRESENTATION_ITEM() 
RATIONAL_B_SPLINE_CURVE((1.,0.5,1.,0.5,1.,0.5,1.)) REPRESENTATION_ITEM(
  '') );
#368 = CARTESIAN_POINT('',(15.,-9.7));
#369 = CARTESIAN_POINT('',(11.189488223348,-9.7));
#370 = CARTESIAN_POINT('',(13.094744111674,-6.4));
#371 = CARTESIAN_POINT('',(15.,-3.1));
#372 = CARTESIAN_POINT('',(16.905255888326,-6.4));
#373 = CARTESIAN_POINT('',(18.810511776652,-9.7));
#374 = CARTESIAN_POINT('',(15.,-9.7));
#375 = ( GEOMETRIC_REPRESENTATION_CONTEXT(2) 
PARAMETRIC_REPRESENTATION_CONTEXT() REPRESENTATION_CONTEXT('2D SPACE',''
  ) );
#376 = PCURVE('',#116,#377);
#377 = DEFINITIONAL_REPRESENTATION('',(#378),#382);
#378 = LINE('',#379,#380);
#379 = CARTESIAN_POINT('',(-6.28318530718,-23.));
#380 = VECTOR('',#381,1.);
#381 = DIRECTION('',(1.,-0.));
#382 = ( GEOMETRIC_REPRESENTATION_CONTEXT(2) 
PARAMETRIC_REPRESENTATION_CONTEXT() REPRESENTATION_CONTEXT('2D SPACE',''
  ) );
#383 = ORIENTED_EDGE('',*,*,#384,.T.);
#384 = EDGE_CURVE('',#357,#159,#385,.T.);
#385 = SURFACE_CURVE('',#386,(#391,#402),.PCURVE_S1.);
#386 = CIRCLE('',#387,2.2);
#387 = AXIS2_PLACEMENT_3D('',#388,#389,#390);
#388 = CARTESIAN_POINT('',(10.,46.05,15.));
#389 = DIRECTION('',(-1.,0.,0.));
#390 = DIRECTION('',(0.,1.,0.));
#391 = PCURVE('',#81,#392);
#392 = DEFINITIONAL_REPRESENTATION('',(#393),#401);
#393 = ( BOUNDED_CURVE() B_SPLINE_CURVE(2,(#394,#395,#396,#397,#398,#399
,#400),.UNSPECIFIED.,.T.,.F.) B_SPLINE_CURVE_WITH_KNOTS((1,2,2,2,2,1),(
    -2.094395102393,0.,2.094395102393,4.188790204786,6.28318530718,
8.377580409573),.UNSPECIFIED.) CURVE() GEOMETRIC_REPRESENTATION_ITEM() 
RATIONAL_B_SPLINE_CURVE((1.,0.5,1.,0.5,1.,0.5,1.)) REPRESENTATION_ITEM(
  '') );
#394 = CARTESIAN_POINT('',(15.,-9.7));
#395 = CARTESIAN_POINT('',(11.189488223348,-9.7));
#396 = CARTESIAN_POINT('',(13.094744111674,-6.4));
#397 = CARTESIAN_POINT('',(15.,-3.1));
#398 = CARTESIAN_POINT('',(16.905255888326,-6.4));
#399 = CARTESIAN_POINT('',(18.810511776652,-9.7));
#400 = CARTESIAN_POINT('',(15.,-9.7));
#401 = ( GEOMETRIC_REPRESENTATION_CONTEXT(2) 
PARAMETRIC_REPRESENTATION_CONTEXT() REPRESENTATION_CONTEXT('2D SPACE',''
  ) );
#402 = PCURVE('',#116,#403);
#403 = DEFINITIONAL_REPRESENTATION('',(#404),#408);
#404 = LINE('',#405,#406);
#405 = CARTESIAN_POINT('',(-6.28318530718,-23.));
#406 = VECTOR('',#407,1.);
#407 = DIRECTION('',(1.,-0.));
#408 = ( GEOMETRIC_REPRESENTATION_CONTEXT(2) 
PARAMETRIC_REPRESENTATION_CONTEXT() REPRESENTATION_CONTEXT('2D SPACE',''
  ) );
#409 = ORIENTED_EDGE('',*,*,#193,.T.);
#410 = ORIENTED_EDGE('',*,*,#411,.T.);
#411 = EDGE_CURVE('',#194,#300,#412,.T.);
#412 = SURFACE_CURVE('',#413,(#417,#424),.PCURVE_S1.);
#413 = LINE('',#414,#415);
#414 = CARTESIAN_POINT('',(10.,38.55,0.));
#415 = VECTOR('',#416,1.);
#416 = DIRECTION('',(0.,1.,0.));
#417 = PCURVE('',#81,#418);
#418 = DEFINITIONAL_REPRESENTATION('',(#419),#423);
#419 = LINE('',#420,#421);
#420 = CARTESIAN_POINT('',(0.,0.));
#421 = VECTOR('',#422,1.);
#422 = DIRECTION('',(0.,-1.));
#423 = ( GEOMETRIC_REPRESENTATION_CONTEXT(2) 
PARAMETRIC_REPRESENTATION_CONTEXT() REPRESENTATION_CONTEXT('2D SPACE',''
  ) );
#424 = PCURVE('',#231,#425);
#425 = DEFINITIONAL_REPRESENTATION('',(#426),#430);
#426 = LINE('',#427,#428);
#427 = CARTESIAN_POINT('',(10.,38.55));
#428 = VECTOR('',#429,1.);
#429 = DIRECTION('',(0.,1.));
#430 = ( GEOMETRIC_REPRESENTATION_CONTEXT(2) 
PARAMETRIC_REPRESENTATION_CONTEXT() REPRESENTATION_CONTEXT('2D SPACE',''
  ) );
#431 = ADVANCED_FACE('',(#432),#284,.T.);
#432 = FACE_BOUND('',#433,.F.);
#433 = EDGE_LOOP('',(#434,#529,#530,#630));
#434 = ORIENTED_EDGE('',*,*,#435,.F.);
#435 = EDGE_CURVE('',#60,#436,#438,.T.);
#436 = VERTEX_POINT('',#437);
#437 = CARTESIAN_POINT('',(8.5,44.749888268017,30.));
#438 = SURFACE_CURVE('',#439,(#467,#498),.PCURVE_S1.);
#439 = B_SPLINE_CURVE_WITH_KNOTS('',6,(#440,#441,#442,#443,#444,#445,
    #446,#447,#448,#449,#450,#451,#452,#453,#454,#455,#456,#457,#458,
    #459,#460,#461,#462,#463,#464,#465,#466),.UNSPECIFIED.,.F.,.F.,(7,5,
    5,5,5,7),(0.,0.224449438129,0.362661104517,0.666474768373,
    0.965584030591,1.),.UNSPECIFIED.);
#440 = CARTESIAN_POINT('',(10.,45.975020391513,28.5));
#441 = CARTESIAN_POINT('',(10.,45.975020391513,28.602153952676));
#442 = CARTESIAN_POINT('',(9.991651543527,45.968292586551,
    28.704350262908));
#443 = CARTESIAN_POINT('',(9.974942444771,45.954827256653,
    28.805021020464));
#444 = CARTESIAN_POINT('',(9.950362550027,45.935011412232,
    28.902858931561));
#445 = CARTESIAN_POINT('',(9.918651666135,45.90942744708,28.996853681027
    ));
#446 = CARTESIAN_POINT('',(9.857306079317,45.859887013973,
    29.141325390155));
#447 = CARTESIAN_POINT('',(9.831545278538,45.839074222338,29.19466922657
    ));
#448 = CARTESIAN_POINT('',(9.80359258595,45.816478421088,29.246149946405
    ));
#449 = CARTESIAN_POINT('',(9.773641665553,45.792252347578,
    29.295667178247));
#450 = CARTESIAN_POINT('',(9.74187902948,45.766543110714,29.343158630791
    ));
#451 = CARTESIAN_POINT('',(9.635040871446,45.680001824089,
    29.488457344366));
#452 = CARTESIAN_POINT('',(9.55371150287,45.614030411836,29.578313491143
    ));
#453 = CARTESIAN_POINT('',(9.466216701567,45.542933999651,
    29.657931417148));
#454 = CARTESIAN_POINT('',(9.374014451024,45.467863151891,
    29.727426151395));
#455 = CARTESIAN_POINT('',(9.278232803951,45.389713025689,
    29.787082658579));
#456 = CARTESIAN_POINT('',(9.082603316553,45.229743575069,
    29.886515662981));
#457 = CARTESIAN_POINT('',(8.982893659722,45.148042545005,
    29.926559065739));
#458 = CARTESIAN_POINT('',(8.881316409497,45.064629097994,
    29.957587913913));
#459 = CARTESIAN_POINT('',(8.778531130059,44.980032036403,
    29.979799410378));
#460 = CARTESIAN_POINT('',(8.675103957984,44.894710585419,
    29.993349370273));
#461 = CARTESIAN_POINT('',(8.559603339321,44.799209865313,
    29.998862839739));
#462 = CARTESIAN_POINT('',(8.547683177055,44.789351167568,
    29.999317827879));
#463 = CARTESIAN_POINT('',(8.535761966992,44.779489013695,
    29.999658968638));
#464 = CARTESIAN_POINT('',(8.523840500829,44.769624055212,29.99988633862
    ));
#465 = CARTESIAN_POINT('',(8.511919583446,44.759756929893,
    29.999999999896));
#466 = CARTESIAN_POINT('',(8.500000032906,44.749888261767,30.));
#467 = PCURVE('',#284,#468);
#468 = DEFINITIONAL_REPRESENTATION('',(#469),#497);
#469 = B_SPLINE_CURVE_WITH_KNOTS('',6,(#470,#471,#472,#473,#474,#475,
    #476,#477,#478,#479,#480,#481,#482,#483,#484,#485,#486,#487,#488,
    #489,#490,#491,#492,#493,#494,#495,#496),.UNSPECIFIED.,.F.,.F.,(7,5,
    5,5,5,7),(0.,0.224449438129,0.362661104517,0.666474768373,
    0.965584030591,1.),.UNSPECIFIED.);
#470 = CARTESIAN_POINT('',(-2.84217094304E-14,0.));
#471 = CARTESIAN_POINT('',(-2.84217094304E-14,6.810263511759E-02));
#472 = CARTESIAN_POINT('',(1.429930293035E-04,0.136233368256));
#473 = CARTESIAN_POINT('',(4.2918313431E-04,0.203916457273));
#474 = CARTESIAN_POINT('',(8.505442146562E-04,0.270847702546));
#475 = CARTESIAN_POINT('',(1.395053969536E-03,0.336788966401));
#476 = CARTESIAN_POINT('',(2.450662532674E-03,0.441426660397));
#477 = CARTESIAN_POINT('',(2.894382304157E-03,0.480872682634));
#478 = CARTESIAN_POINT('',(3.376427911425E-03,0.519861031032));
#479 = CARTESIAN_POINT('',(3.893639635473E-03,0.558380571514));
#480 = CARTESIAN_POINT('',(4.442974160972E-03,0.596432271002));
#481 = CARTESIAN_POINT('',(6.293789231296E-03,0.716665577866));
#482 = CARTESIAN_POINT('',(7.707083817372E-03,0.797046624689));
#483 = CARTESIAN_POINT('',(9.233370497177E-03,0.875379168307));
#484 = CARTESIAN_POINT('',(1.084884303844E-02,0.9518886381));
#485 = CARTESIAN_POINT('',(1.253485715796E-02,1.026832588199));
#486 = CARTESIAN_POINT('',(1.599517826907E-02,1.173131853336));
#487 = CARTESIAN_POINT('',(1.776678904648E-02,1.244485841338));
#488 = CARTESIAN_POINT('',(1.958026019995E-02,1.314914069346));
#489 = CARTESIAN_POINT('',(2.142444691305E-02,1.384659749695));
#490 = CARTESIAN_POINT('',(2.328953381002E-02,1.45396363739));
#491 = CARTESIAN_POINT('',(2.538285986753E-02,1.531051729155));
#492 = CARTESIAN_POINT('',(2.55990248289E-02,1.539003935396));
#493 = CARTESIAN_POINT('',(2.581533379137E-02,1.54695411627));
#494 = CARTESIAN_POINT('',(2.603177257688E-02,1.554902650846));
#495 = CARTESIAN_POINT('',(2.624832660708E-02,1.562849924077));
#496 = CARTESIAN_POINT('',(2.646498090337E-02,1.570796326795));
#497 = ( GEOMETRIC_REPRESENTATION_CONTEXT(2) 
PARAMETRIC_REPRESENTATION_CONTEXT() REPRESENTATION_CONTEXT('2D SPACE',''
  ) );
#498 = PCURVE('',#343,#499);
#499 = DEFINITIONAL_REPRESENTATION('',(#500),#528);
#500 = B_SPLINE_CURVE_WITH_KNOTS('',6,(#501,#502,#503,#504,#505,#506,
    #507,#508,#509,#510,#511,#512,#513,#514,#515,#516,#517,#518,#519,
    #520,#521,#522,#523,#524,#525,#526,#527),.UNSPECIFIED.,.F.,.F.,(7,5,
    5,5,5,7),(0.,0.224449438129,0.362661104517,0.666474768373,
    0.965584030591,1.),.UNSPECIFIED.);
#501 = CARTESIAN_POINT('',(0.,-5.471179065353E-13));
#502 = CARTESIAN_POINT('',(-6.810263511759E-02,-5.471179065353E-13));
#503 = CARTESIAN_POINT('',(-0.136233368256,-6.727804962463E-03));
#504 = CARTESIAN_POINT('',(-0.203916457273,-2.019313486045E-02));
#505 = CARTESIAN_POINT('',(-0.270847702546,-4.000897928083E-02));
#506 = CARTESIAN_POINT('',(-0.336788966401,-6.559294443352E-02));
#507 = CARTESIAN_POINT('',(-0.441426660397,-0.115133377541));
#508 = CARTESIAN_POINT('',(-0.480872682634,-0.135946169175));
#509 = CARTESIAN_POINT('',(-0.519861031032,-0.158541970425));
#510 = CARTESIAN_POINT('',(-0.558380571514,-0.182768043935));
#511 = CARTESIAN_POINT('',(-0.596432271002,-0.208477280799));
#512 = CARTESIAN_POINT('',(-0.716665577866,-0.295018567424));
#513 = CARTESIAN_POINT('',(-0.797046624689,-0.360989979677));
#514 = CARTESIAN_POINT('',(-0.875379168307,-0.432086391862));
#515 = CARTESIAN_POINT('',(-0.9518886381,-0.507157239623));
#516 = CARTESIAN_POINT('',(-1.026832588199,-0.585307365824));
#517 = CARTESIAN_POINT('',(-1.173131853336,-0.745276816444));
#518 = CARTESIAN_POINT('',(-1.244485841338,-0.826977846508));
#519 = CARTESIAN_POINT('',(-1.314914069346,-0.910391293519));
#520 = CARTESIAN_POINT('',(-1.384659749695,-0.99498835511));
#521 = CARTESIAN_POINT('',(-1.45396363739,-1.080309806094));
#522 = CARTESIAN_POINT('',(-1.531051729155,-1.1758105262));
#523 = CARTESIAN_POINT('',(-1.539003928443,-1.185669223946));
#524 = CARTESIAN_POINT('',(-1.546954112203,-1.195531377819));
#525 = CARTESIAN_POINT('',(-1.5549026594,-1.205396336301));
#526 = CARTESIAN_POINT('',(-1.562849937977,-1.21526346162));
#527 = CARTESIAN_POINT('',(-1.570796304858,-1.225132129746));
#528 = ( GEOMETRIC_REPRESENTATION_CONTEXT(2) 
PARAMETRIC_REPRESENTATION_CONTEXT() REPRESENTATION_CONTEXT('2D SPACE',''
  ) );
#529 = ORIENTED_EDGE('',*,*,#269,.T.);
#530 = ORIENTED_EDGE('',*,*,#531,.T.);
#531 = EDGE_CURVE('',#244,#532,#534,.T.);
#532 = VERTEX_POINT('',#533);
#533 = CARTESIAN_POINT('',(-1.5,-45.52529516653,30.));
#534 = SURFACE_CURVE('',#535,(#563,#594),.PCURVE_S1.);
#535 = B_SPLINE_CURVE_WITH_KNOTS('',6,(#536,#537,#538,#539,#540,#541,
    #542,#543,#544,#545,#546,#547,#548,#549,#550,#551,#552,#553,#554,
    #555,#556,#557,#558,#559,#560,#561,#562),.UNSPECIFIED.,.F.,.F.,(7,5,
    5,5,5,7),(0.,0.189184347717,0.312583524531,0.480834856652,
    0.73150598214,1.),.UNSPECIFIED.);
#536 = CARTESIAN_POINT('',(8.171241461241E-14,-47.05,28.5));
#537 = CARTESIAN_POINT('',(8.171241461241E-14,-47.05,28.591737928829));
#538 = CARTESIAN_POINT('',(-6.73275474763E-03,-47.04326722799,
    28.683517288318));
#539 = CARTESIAN_POINT('',(-2.020913521961E-02,-47.02979093398,
    28.773932675335));
#540 = CARTESIAN_POINT('',(-3.998144503345E-02,-47.01001115422,
    28.861860573052));
#541 = CARTESIAN_POINT('',(-6.539322241204E-02,-46.98457108443,
    28.946473544388));
#542 = CARTESIAN_POINT('',(-0.115467226546,-46.93439491827,
    29.079855464305));
#543 = CARTESIAN_POINT('',(-0.13732723576,-46.91248028888,
    29.130883054227));
#544 = CARTESIAN_POINT('',(-0.161088694984,-46.88864627883,
    29.180155597907));
#545 = CARTESIAN_POINT('',(-0.186561298352,-46.86307956578,
    29.227598892821));
#546 = CARTESIAN_POINT('',(-0.213567035247,-46.83595473634,
    29.27317970099));
#547 = CARTESIAN_POINT('',(-0.280654200376,-46.76851989498,
    29.376496534621));
#548 = CARTESIAN_POINT('',(-0.32191430025,-46.72700718411,
    29.432619651573));
#549 = CARTESIAN_POINT('',(-0.365345373319,-46.68326362129,
    29.48526511844));
#550 = CARTESIAN_POINT('',(-0.410613271421,-46.6376169254,
    29.534487892108));
#551 = CARTESIAN_POINT('',(-0.457442127814,-46.59033770907,
    29.58037674761));
#552 = CARTESIAN_POINT('',(-0.577397894808,-46.46907168597,
    29.686590370402));
#553 = CARTESIAN_POINT('',(-0.652142980317,-46.39337441765,
    29.742951578682));
#554 = CARTESIAN_POINT('',(-0.72915226046,-46.31523046549,
    29.792473852186));
#555 = CARTESIAN_POINT('',(-0.807885649868,-46.23517084881,
    29.835457143616));
#556 = CARTESIAN_POINT('',(-0.887926845976,-46.15360696309,
    29.872179819431));
#557 = CARTESIAN_POINT('',(-1.055796994258,-45.98216897603,
    29.935723071474));
#558 = CARTESIAN_POINT('',(-1.143747513308,-45.89214444331,
    29.961643728074));
#559 = CARTESIAN_POINT('',(-1.232447049173,-45.80113842121,
    29.980892482104));
#560 = CARTESIAN_POINT('',(-1.321571834771,-45.70947532252,
    29.993640222192));
#561 = CARTESIAN_POINT('',(-1.410839335111,-45.61744194475,
    30.000000018611));
#562 = CARTESIAN_POINT('',(-1.5,-45.52529516653,30.));
#563 = PCURVE('',#284,#564);
#564 = DEFINITIONAL_REPRESENTATION('',(#565),#593);
#565 = B_SPLINE_CURVE_WITH_KNOTS('',6,(#566,#567,#568,#569,#570,#571,
    #572,#573,#574,#575,#576,#577,#578,#579,#580,#581,#582,#583,#584,
    #585,#586,#587,#588,#589,#590,#591,#592),.UNSPECIFIED.,.F.,.F.,(7,5,
    5,5,5,7),(0.,0.189184347717,0.312583524531,0.480834856652,
    0.73150598214,1.),.UNSPECIFIED.);
#566 = CARTESIAN_POINT('',(-2.92741918768,0.));
#567 = CARTESIAN_POINT('',(-2.92741918768,6.115861921964E-02));
#568 = CARTESIAN_POINT('',(-2.92756228628,0.122344744739));
#569 = CARTESIAN_POINT('',(-2.927848709411,0.183033999064));
#570 = CARTESIAN_POINT('',(-2.928269267278,0.242888156048));
#571 = CARTESIAN_POINT('',(-2.928810571569,0.301652091449));
#572 = CARTESIAN_POINT('',(-2.929879188619,0.396633124528));
#573 = CARTESIAN_POINT('',(-2.930346124122,0.43360311353));
#574 = CARTESIAN_POINT('',(-2.930854236031,0.470018486051));
#575 = CARTESIAN_POINT('',(-2.931399634271,0.505869006086));
#576 = CARTESIAN_POINT('',(-2.931978681571,0.541159620057));
#577 = CARTESIAN_POINT('',(-2.93341934924,0.623284337779));
#578 = CARTESIAN_POINT('',(-2.934307044725,0.669644602608));
#579 = CARTESIAN_POINT('',(-2.935243434309,0.715040179269));
#580 = CARTESIAN_POINT('',(-2.936221691825,0.759530402926));
#581 = CARTESIAN_POINT('',(-2.937236180292,0.803184423739));
#582 = CARTESIAN_POINT('',(-2.939841565144,0.909998321506));
#583 = CARTESIAN_POINT('',(-2.941470796182,0.972214345828));
#584 = CARTESIAN_POINT('',(-2.943155953082,1.033007396555));
#585 = CARTESIAN_POINT('',(-2.944885954497,1.09258824779));
#586 = CARTESIAN_POINT('',(-2.946652173396,1.151160408001));
#587 = CARTESIAN_POINT('',(-2.950372533508,1.270823140646));
#588 = CARTESIAN_POINT('',(-2.952330497543,1.331777290478));
#589 = CARTESIAN_POINT('',(-2.954314373403,1.392050052894));
#590 = CARTESIAN_POINT('',(-2.956317267381,1.451844060788));
#591 = CARTESIAN_POINT('',(-2.958333006877,1.511355917649));
#592 = CARTESIAN_POINT('',(-2.960355987736,1.570796326795));
#593 = ( GEOMETRIC_REPRESENTATION_CONTEXT(2) 
PARAMETRIC_REPRESENTATION_CONTEXT() REPRESENTATION_CONTEXT('2D SPACE',''
  ) );
#594 = PCURVE('',#595,#600);
#595 = CYLINDRICAL_SURFACE('',#596,1.5);
#596 = AXIS2_PLACEMENT_3D('',#597,#598,#599);
#597 = CARTESIAN_POINT('',(-1.5,-52.05,28.5));
#598 = DIRECTION('',(0.,1.,0.));
#599 = DIRECTION('',(0.,-0.,1.));
#600 = DEFINITIONAL_REPRESENTATION('',(#601),#629);
#601 = B_SPLINE_CURVE_WITH_KNOTS('',6,(#602,#603,#604,#605,#606,#607,
    #608,#609,#610,#611,#612,#613,#614,#615,#616,#617,#618,#619,#620,
    #621,#622,#623,#624,#625,#626,#627,#628),.UNSPECIFIED.,.F.,.F.,(7,5,
    5,5,5,7),(0.,0.189184347717,0.312583524531,0.480834856652,
    0.73150598214,1.),.UNSPECIFIED.);
#602 = CARTESIAN_POINT('',(1.570796326795,5.));
#603 = CARTESIAN_POINT('',(1.509637707575,5.));
#604 = CARTESIAN_POINT('',(1.448451582056,5.006732772001));
#605 = CARTESIAN_POINT('',(1.387762327731,5.020209066014));
#606 = CARTESIAN_POINT('',(1.327908170747,5.039988845772));
#607 = CARTESIAN_POINT('',(1.269144235346,5.065428915567));
#608 = CARTESIAN_POINT('',(1.174163202266,5.115605081727));
#609 = CARTESIAN_POINT('',(1.137193213265,5.137519711114));
#610 = CARTESIAN_POINT('',(1.100777840744,5.161353721162));
#611 = CARTESIAN_POINT('',(1.064927320709,5.186920434212));
#612 = CARTESIAN_POINT('',(1.029636706738,5.21404526366));
#613 = CARTESIAN_POINT('',(0.947511989016,5.281480105019));
#614 = CARTESIAN_POINT('',(0.901151724187,5.322992815886));
#615 = CARTESIAN_POINT('',(0.855756147526,5.366736378707));
#616 = CARTESIAN_POINT('',(0.811265923869,5.412383074595));
#617 = CARTESIAN_POINT('',(0.767611903056,5.459662290927));
#618 = CARTESIAN_POINT('',(0.660798005289,5.580928314028));
#619 = CARTESIAN_POINT('',(0.598581980967,5.656625582344));
#620 = CARTESIAN_POINT('',(0.53778893024,5.734769534504));
#621 = CARTESIAN_POINT('',(0.478208079004,5.814829151183));
#622 = CARTESIAN_POINT('',(0.419635918794,5.896393036901));
#623 = CARTESIAN_POINT('',(0.299973186149,6.067831023965));
#624 = CARTESIAN_POINT('',(0.239019036316,6.15785555669));
#625 = CARTESIAN_POINT('',(0.178746273901,6.248861578784));
#626 = CARTESIAN_POINT('',(0.118952266007,6.34052467748));
#627 = CARTESIAN_POINT('',(5.944040914549E-02,6.432558055241));
#628 = CARTESIAN_POINT('',(0.,6.524704833466));
#629 = ( GEOMETRIC_REPRESENTATION_CONTEXT(2) 
PARAMETRIC_REPRESENTATION_CONTEXT() REPRESENTATION_CONTEXT('2D SPACE',''
  ) );
#630 = ORIENTED_EDGE('',*,*,#631,.F.);
#631 = EDGE_CURVE('',#436,#532,#632,.T.);
#632 = SURFACE_CURVE('',#633,(#638,#645),.PCURVE_S1.);
#633 = CIRCLE('',#634,45.55);
#634 = AXIS2_PLACEMENT_3D('',#635,#636,#637);
#635 = CARTESIAN_POINT('',(0.,0.,30.));
#636 = DIRECTION('',(0.,-0.,-1.));
#637 = DIRECTION('',(0.212539851222,0.977152399395,-0.));
#638 = PCURVE('',#284,#639);
#639 = DEFINITIONAL_REPRESENTATION('',(#640),#644);
#640 = LINE('',#641,#642);
#641 = CARTESIAN_POINT('',(-0.,1.570796326795));
#642 = VECTOR('',#643,1.);
#643 = DIRECTION('',(-1.,0.));
#644 = ( GEOMETRIC_REPRESENTATION_CONTEXT(2) 
PARAMETRIC_REPRESENTATION_CONTEXT() REPRESENTATION_CONTEXT('2D SPACE',''
  ) );
#645 = PCURVE('',#646,#651);
#646 = PLANE('',#647);
#647 = AXIS2_PLACEMENT_3D('',#648,#649,#650);
#648 = CARTESIAN_POINT('',(-3.720134685761E-15,-6.058705378236E-17,30.)
  );
#649 = DIRECTION('',(0.,0.,1.));
#650 = DIRECTION('',(1.,0.,-0.));
#651 = DEFINITIONAL_REPRESENTATION('',(#652),#660);
#652 = ( BOUNDED_CURVE() B_SPLINE_CURVE(2,(#653,#654,#655,#656,#657,#658
,#659),.UNSPECIFIED.,.T.,.F.) B_SPLINE_CURVE_WITH_KNOTS((1,2,2,2,2,1),(
    -2.094395102393,0.,2.094395102393,4.188790204786,6.28318530718,
8.377580409573),.UNSPECIFIED.) CURVE() GEOMETRIC_REPRESENTATION_ITEM() 
RATIONAL_B_SPLINE_CURVE((1.,0.5,1.,0.5,1.,0.5,1.)) REPRESENTATION_ITEM(
  '') );
#653 = CARTESIAN_POINT('',(9.681190223166,44.509291792421));
#654 = CARTESIAN_POINT('',(86.773545016547,27.740978448159));
#655 = CARTESIAN_POINT('',(33.705582285108,-30.63880256834));
#656 = CARTESIAN_POINT('',(-19.36238044633,-89.01858358484));
#657 = CARTESIAN_POINT('',(-43.38677250827,-13.87048922408));
#658 = CARTESIAN_POINT('',(-67.41116457021,61.277605136683));
#659 = CARTESIAN_POINT('',(9.681190223166,44.509291792421));
#660 = ( GEOMETRIC_REPRESENTATION_CONTEXT(2) 
PARAMETRIC_REPRESENTATION_CONTEXT() REPRESENTATION_CONTEXT('2D SPACE',''
  ) );
#661 = ADVANCED_FACE('',(#662),#116,.F.);
#662 = FACE_BOUND('',#663,.T.);
#663 = EDGE_LOOP('',(#664,#697,#718,#719,#720,#742,#743,#744));
#664 = ORIENTED_EDGE('',*,*,#665,.T.);
#665 = EDGE_CURVE('',#666,#666,#668,.T.);
#666 = VERTEX_POINT('',#667);
#667 = CARTESIAN_POINT('',(3.,48.25,15.));
#668 = SURFACE_CURVE('',#669,(#674,#681),.PCURVE_S1.);
#669 = CIRCLE('',#670,2.2);
#670 = AXIS2_PLACEMENT_3D('',#671,#672,#673);
#671 = CARTESIAN_POINT('',(3.,46.05,15.));
#672 = DIRECTION('',(-1.,0.,0.));
#673 = DIRECTION('',(0.,1.,0.));
#674 = PCURVE('',#116,#675);
#675 = DEFINITIONAL_REPRESENTATION('',(#676),#680);
#676 = LINE('',#677,#678);
#677 = CARTESIAN_POINT('',(-6.28318530718,-16.));
#678 = VECTOR('',#679,1.);
#679 = DIRECTION('',(1.,-0.));
#680 = ( GEOMETRIC_REPRESENTATION_CONTEXT(2) 
PARAMETRIC_REPRESENTATION_CONTEXT() REPRESENTATION_CONTEXT('2D SPACE',''
  ) );
#681 = PCURVE('',#682,#687);
#682 = PLANE('',#683);
#683 = AXIS2_PLACEMENT_3D('',#684,#685,#686);
#684 = CARTESIAN_POINT('',(3.,-13.,-2.));
#685 = DIRECTION('',(1.,0.,0.));
#686 = DIRECTION('',(0.,0.,1.));
#687 = DEFINITIONAL_REPRESENTATION('',(#688),#696);
#688 = ( BOUNDED_CURVE() B_SPLINE_CURVE(2,(#689,#690,#691,#692,#693,#694
,#695),.UNSPECIFIED.,.T.,.F.) B_SPLINE_CURVE_WITH_KNOTS((1,2,2,2,2,1),(
    -2.094395102393,0.,2.094395102393,4.188790204786,6.28318530718,
8.377580409573),.UNSPECIFIED.) CURVE() GEOMETRIC_REPRESENTATION_ITEM() 
RATIONAL_B_SPLINE_CURVE((1.,0.5,1.,0.5,1.,0.5,1.)) REPRESENTATION_ITEM(
  '') );
#689 = CARTESIAN_POINT('',(17.,-61.25));
#690 = CARTESIAN_POINT('',(13.189488223348,-61.25));
#691 = CARTESIAN_POINT('',(15.094744111674,-57.95));
#692 = CARTESIAN_POINT('',(17.,-54.65));
#693 = CARTESIAN_POINT('',(18.905255888326,-57.95));
#694 = CARTESIAN_POINT('',(20.810511776652,-61.25));
#695 = CARTESIAN_POINT('',(17.,-61.25));
#696 = ( GEOMETRIC_REPRESENTATION_CONTEXT(2) 
PARAMETRIC_REPRESENTATION_CONTEXT() REPRESENTATION_CONTEXT('2D SPACE',''
  ) );
#697 = ORIENTED_EDGE('',*,*,#698,.T.);
#698 = EDGE_CURVE('',#666,#357,#699,.T.);
#699 = SEAM_CURVE('',#700,(#704,#711),.PCURVE_S1.);
#700 = LINE('',#701,#702);
#701 = CARTESIAN_POINT('',(-13.,48.25,15.));
#702 = VECTOR('',#703,1.);
#703 = DIRECTION('',(1.,0.,0.));
#704 = PCURVE('',#116,#705);
#705 = DEFINITIONAL_REPRESENTATION('',(#706),#710);
#706 = LINE('',#707,#708);
#707 = CARTESIAN_POINT('',(-6.28318530718,0.));
#708 = VECTOR('',#709,1.);
#709 = DIRECTION('',(-0.,-1.));
#710 = ( GEOMETRIC_REPRESENTATION_CONTEXT(2) 
PARAMETRIC_REPRESENTATION_CONTEXT() REPRESENTATION_CONTEXT('2D SPACE',''
  ) );
#711 = PCURVE('',#116,#712);
#712 = DEFINITIONAL_REPRESENTATION('',(#713),#717);
#713 = LINE('',#714,#715);
#714 = CARTESIAN_POINT('',(-0.,0.));
#715 = VECTOR('',#716,1.);
#716 = DIRECTION('',(-0.,-1.));
#717 = ( GEOMETRIC_REPRESENTATION_CONTEXT(2) 
PARAMETRIC_REPRESENTATION_CONTEXT() REPRESENTATION_CONTEXT('2D SPACE',''
  ) );
#718 = ORIENTED_EDGE('',*,*,#356,.F.);
#719 = ORIENTED_EDGE('',*,*,#92,.T.);
#720 = ORIENTED_EDGE('',*,*,#721,.T.);
#721 = EDGE_CURVE('',#93,#133,#722,.T.);
#722 = SURFACE_CURVE('',#723,(#728,#735),.PCURVE_S1.);
#723 = CIRCLE('',#724,2.2);
#724 = AXIS2_PLACEMENT_3D('',#725,#726,#727);
#725 = CARTESIAN_POINT('',(13.,46.05,15.));
#726 = DIRECTION('',(1.,0.,0.));
#727 = DIRECTION('',(0.,1.,0.));
#728 = PCURVE('',#116,#729);
#729 = DEFINITIONAL_REPRESENTATION('',(#730),#734);
#730 = LINE('',#731,#732);
#731 = CARTESIAN_POINT('',(-0.,-26.));
#732 = VECTOR('',#733,1.);
#733 = DIRECTION('',(-1.,0.));
#734 = ( GEOMETRIC_REPRESENTATION_CONTEXT(2) 
PARAMETRIC_REPRESENTATION_CONTEXT() REPRESENTATION_CONTEXT('2D SPACE',''
  ) );
#735 = PCURVE('',#147,#736);
#736 = DEFINITIONAL_REPRESENTATION('',(#737),#741);
#737 = CIRCLE('',#738,2.2);
#738 = AXIS2_PLACEMENT_2D('',#739,#740);
#739 = CARTESIAN_POINT('',(1.7763568394E-15,0.));
#740 = DIRECTION('',(0.,-1.));
#741 = ( GEOMETRIC_REPRESENTATION_CONTEXT(2) 
PARAMETRIC_REPRESENTATION_CONTEXT() REPRESENTATION_CONTEXT('2D SPACE',''
  ) );
#742 = ORIENTED_EDGE('',*,*,#158,.T.);
#743 = ORIENTED_EDGE('',*,*,#384,.F.);
#744 = ORIENTED_EDGE('',*,*,#698,.F.);
#745 = ADVANCED_FACE('',(#746),#258,.T.);
#746 = FACE_BOUND('',#747,.T.);
#747 = EDGE_LOOP('',(#748,#749,#772,#800));
#748 = ORIENTED_EDGE('',*,*,#243,.F.);
#749 = ORIENTED_EDGE('',*,*,#750,.F.);
#750 = EDGE_CURVE('',#751,#244,#753,.T.);
#751 = VERTEX_POINT('',#752);
#752 = CARTESIAN_POINT('',(2.22044604925E-16,-52.05,28.5));
#753 = SURFACE_CURVE('',#754,(#758,#765),.PCURVE_S1.);
#754 = LINE('',#755,#756);
#755 = CARTESIAN_POINT('',(2.22044604925E-16,-52.05,28.5));
#756 = VECTOR('',#757,1.);
#757 = DIRECTION('',(0.,1.,0.));
#758 = PCURVE('',#258,#759);
#759 = DEFINITIONAL_REPRESENTATION('',(#760),#764);
#760 = LINE('',#761,#762);
#761 = CARTESIAN_POINT('',(28.5,0.));
#762 = VECTOR('',#763,1.);
#763 = DIRECTION('',(0.,-1.));
#764 = ( GEOMETRIC_REPRESENTATION_CONTEXT(2) 
PARAMETRIC_REPRESENTATION_CONTEXT() REPRESENTATION_CONTEXT('2D SPACE',''
  ) );
#765 = PCURVE('',#595,#766);
#766 = DEFINITIONAL_REPRESENTATION('',(#767),#771);
#767 = LINE('',#768,#769);
#768 = CARTESIAN_POINT('',(1.570796326795,0.));
#769 = VECTOR('',#770,1.);
#770 = DIRECTION('',(0.,1.));
#771 = ( GEOMETRIC_REPRESENTATION_CONTEXT(2) 
PARAMETRIC_REPRESENTATION_CONTEXT() REPRESENTATION_CONTEXT('2D SPACE',''
  ) );
#772 = ORIENTED_EDGE('',*,*,#773,.F.);
#773 = EDGE_CURVE('',#774,#751,#776,.T.);
#774 = VERTEX_POINT('',#775);
#775 = CARTESIAN_POINT('',(0.,-52.05,0.));
#776 = SURFACE_CURVE('',#777,(#781,#788),.PCURVE_S1.);
#777 = LINE('',#778,#779);
#778 = CARTESIAN_POINT('',(0.,-52.05,0.));
#779 = VECTOR('',#780,1.);
#780 = DIRECTION('',(0.,0.,1.));
#781 = PCURVE('',#258,#782);
#782 = DEFINITIONAL_REPRESENTATION('',(#783),#787);
#783 = LINE('',#784,#785);
#784 = CARTESIAN_POINT('',(0.,0.));
#785 = VECTOR('',#786,1.);
#786 = DIRECTION('',(1.,0.));
#787 = ( GEOMETRIC_REPRESENTATION_CONTEXT(2) 
PARAMETRIC_REPRESENTATION_CONTEXT() REPRESENTATION_CONTEXT('2D SPACE',''
  ) );
#788 = PCURVE('',#789,#794);
#789 = CYLINDRICAL_SURFACE('',#790,52.05);
#790 = AXIS2_PLACEMENT_3D('',#791,#792,#793);
#791 = CARTESIAN_POINT('',(0.,0.,0.));
#792 = DIRECTION('',(-0.,-0.,-1.));
#793 = DIRECTION('',(1.,0.,0.));
#794 = DEFINITIONAL_REPRESENTATION('',(#795),#799);
#795 = LINE('',#796,#797);
#796 = CARTESIAN_POINT('',(-4.712388980385,0.));
#797 = VECTOR('',#798,1.);
#798 = DIRECTION('',(-0.,-1.));
#799 = ( GEOMETRIC_REPRESENTATION_CONTEXT(2) 
PARAMETRIC_REPRESENTATION_CONTEXT() REPRESENTATION_CONTEXT('2D SPACE',''
  ) );
#800 = ORIENTED_EDGE('',*,*,#801,.T.);
#801 = EDGE_CURVE('',#774,#215,#802,.T.);
#802 = SURFACE_CURVE('',#803,(#807,#814),.PCURVE_S1.);
#803 = LINE('',#804,#805);
#804 = CARTESIAN_POINT('',(0.,-52.05,0.));
#805 = VECTOR('',#806,1.);
#806 = DIRECTION('',(0.,1.,0.));
#807 = PCURVE('',#258,#808);
#808 = DEFINITIONAL_REPRESENTATION('',(#809),#813);
#809 = LINE('',#810,#811);
#810 = CARTESIAN_POINT('',(0.,0.));
#811 = VECTOR('',#812,1.);
#812 = DIRECTION('',(0.,-1.));
#813 = ( GEOMETRIC_REPRESENTATION_CONTEXT(2) 
PARAMETRIC_REPRESENTATION_CONTEXT() REPRESENTATION_CONTEXT('2D SPACE',''
  ) );
#814 = PCURVE('',#231,#815);
#815 = DEFINITIONAL_REPRESENTATION('',(#816),#820);
#816 = LINE('',#817,#818);
#817 = CARTESIAN_POINT('',(3.720134685761E-15,-52.05));
#818 = VECTOR('',#819,1.);
#819 = DIRECTION('',(0.,1.));
#820 = ( GEOMETRIC_REPRESENTATION_CONTEXT(2) 
PARAMETRIC_REPRESENTATION_CONTEXT() REPRESENTATION_CONTEXT('2D SPACE',''
  ) );
#821 = ADVANCED_FACE('',(#822),#147,.F.);
#822 = FACE_BOUND('',#823,.F.);
#823 = EDGE_LOOP('',(#824,#825));
#824 = ORIENTED_EDGE('',*,*,#132,.F.);
#825 = ORIENTED_EDGE('',*,*,#721,.T.);
#826 = ADVANCED_FACE('',(#827),#231,.F.);
#827 = FACE_BOUND('',#828,.F.);
#828 = EDGE_LOOP('',(#829,#859,#883,#911,#939,#967,#996,#1024,#1047,
    #1075,#1097,#1098,#1099,#1100,#1123,#1146,#1174,#1202,#1231,#1259,
    #1287,#1315));
#829 = ORIENTED_EDGE('',*,*,#830,.F.);
#830 = EDGE_CURVE('',#831,#833,#835,.T.);
#831 = VERTEX_POINT('',#832);
#832 = CARTESIAN_POINT('',(-10.,51.080353366044,0.));
#833 = VERTEX_POINT('',#834);
#834 = CARTESIAN_POINT('',(-10.,53.55,0.));
#835 = SURFACE_CURVE('',#836,(#840,#847),.PCURVE_S1.);
#836 = LINE('',#837,#838);
#837 = CARTESIAN_POINT('',(-10.,38.55,0.));
#838 = VECTOR('',#839,1.);
#839 = DIRECTION('',(0.,1.,0.));
#840 = PCURVE('',#231,#841);
#841 = DEFINITIONAL_REPRESENTATION('',(#842),#846);
#842 = LINE('',#843,#844);
#843 = CARTESIAN_POINT('',(-10.,38.55));
#844 = VECTOR('',#845,1.);
#845 = DIRECTION('',(0.,1.));
#846 = ( GEOMETRIC_REPRESENTATION_CONTEXT(2) 
PARAMETRIC_REPRESENTATION_CONTEXT() REPRESENTATION_CONTEXT('2D SPACE',''
  ) );
#847 = PCURVE('',#848,#853);
#848 = PLANE('',#849);
#849 = AXIS2_PLACEMENT_3D('',#850,#851,#852);
#850 = CARTESIAN_POINT('',(-10.,38.55,0.));
#851 = DIRECTION('',(1.,0.,0.));
#852 = DIRECTION('',(0.,0.,1.));
#853 = DEFINITIONAL_REPRESENTATION('',(#854),#858);
#854 = LINE('',#855,#856);
#855 = CARTESIAN_POINT('',(0.,0.));
#856 = VECTOR('',#857,1.);
#857 = DIRECTION('',(0.,-1.));
#858 = ( GEOMETRIC_REPRESENTATION_CONTEXT(2) 
PARAMETRIC_REPRESENTATION_CONTEXT() REPRESENTATION_CONTEXT('2D SPACE',''
  ) );
#859 = ORIENTED_EDGE('',*,*,#860,.T.);
#860 = EDGE_CURVE('',#831,#861,#863,.T.);
#861 = VERTEX_POINT('',#862);
#862 = CARTESIAN_POINT('',(-48.45825523066,18.999999999999,0.));
#863 = SURFACE_CURVE('',#864,(#869,#876),.PCURVE_S1.);
#864 = CIRCLE('',#865,52.05);
#865 = AXIS2_PLACEMENT_3D('',#866,#867,#868);
#866 = CARTESIAN_POINT('',(0.,0.,0.));
#867 = DIRECTION('',(0.,0.,1.));
#868 = DIRECTION('',(1.,0.,0.));
#869 = PCURVE('',#231,#870);
#870 = DEFINITIONAL_REPRESENTATION('',(#871),#875);
#871 = CIRCLE('',#872,52.05);
#872 = AXIS2_PLACEMENT_2D('',#873,#874);
#873 = CARTESIAN_POINT('',(3.720134685761E-15,6.058705378236E-17));
#874 = DIRECTION('',(1.,0.));
#875 = ( GEOMETRIC_REPRESENTATION_CONTEXT(2) 
PARAMETRIC_REPRESENTATION_CONTEXT() REPRESENTATION_CONTEXT('2D SPACE',''
  ) );
#876 = PCURVE('',#789,#877);
#877 = DEFINITIONAL_REPRESENTATION('',(#878),#882);
#878 = LINE('',#879,#880);
#879 = CARTESIAN_POINT('',(-0.,0.));
#880 = VECTOR('',#881,1.);
#881 = DIRECTION('',(-1.,0.));
#882 = ( GEOMETRIC_REPRESENTATION_CONTEXT(2) 
PARAMETRIC_REPRESENTATION_CONTEXT() REPRESENTATION_CONTEXT('2D SPACE',''
  ) );
#883 = ORIENTED_EDGE('',*,*,#884,.F.);
#884 = EDGE_CURVE('',#885,#861,#887,.T.);
#885 = VERTEX_POINT('',#886);
#886 = CARTESIAN_POINT('',(-112.,19.,0.));
#887 = SURFACE_CURVE('',#888,(#892,#899),.PCURVE_S1.);
#888 = LINE('',#889,#890);
#889 = CARTESIAN_POINT('',(-112.,19.,0.));
#890 = VECTOR('',#891,1.);
#891 = DIRECTION('',(1.,0.,0.));
#892 = PCURVE('',#231,#893);
#893 = DEFINITIONAL_REPRESENTATION('',(#894),#898);
#894 = LINE('',#895,#896);
#895 = CARTESIAN_POINT('',(-112.,19.));
#896 = VECTOR('',#897,1.);
#897 = DIRECTION('',(1.,0.));
#898 = ( GEOMETRIC_REPRESENTATION_CONTEXT(2) 
PARAMETRIC_REPRESENTATION_CONTEXT() REPRESENTATION_CONTEXT('2D SPACE',''
  ) );
#899 = PCURVE('',#900,#905);
#900 = PLANE('',#901);
#901 = AXIS2_PLACEMENT_3D('',#902,#903,#904);
#902 = CARTESIAN_POINT('',(-112.,19.,0.));
#903 = DIRECTION('',(0.,1.,0.));
#904 = DIRECTION('',(0.,0.,1.));
#905 = DEFINITIONAL_REPRESENTATION('',(#906),#910);
#906 = LINE('',#907,#908);
#907 = CARTESIAN_POINT('',(0.,0.));
#908 = VECTOR('',#909,1.);
#909 = DIRECTION('',(0.,1.));
#910 = ( GEOMETRIC_REPRESENTATION_CONTEXT(2) 
PARAMETRIC_REPRESENTATION_CONTEXT() REPRESENTATION_CONTEXT('2D SPACE',''
  ) );
#911 = ORIENTED_EDGE('',*,*,#912,.F.);
#912 = EDGE_CURVE('',#913,#885,#915,.T.);
#913 = VERTEX_POINT('',#914);
#914 = CARTESIAN_POINT('',(-112.,13.,0.));
#915 = SURFACE_CURVE('',#916,(#920,#927),.PCURVE_S1.);
#916 = LINE('',#917,#918);
#917 = CARTESIAN_POINT('',(-112.,13.,0.));
#918 = VECTOR('',#919,1.);
#919 = DIRECTION('',(0.,1.,0.));
#920 = PCURVE('',#231,#921);
#921 = DEFINITIONAL_REPRESENTATION('',(#922),#926);
#922 = LINE('',#923,#924);
#923 = CARTESIAN_POINT('',(-112.,13.));
#924 = VECTOR('',#925,1.);
#925 = DIRECTION('',(0.,1.));
#926 = ( GEOMETRIC_REPRESENTATION_CONTEXT(2) 
PARAMETRIC_REPRESENTATION_CONTEXT() REPRESENTATION_CONTEXT('2D SPACE',''
  ) );
#927 = PCURVE('',#928,#933);
#928 = PLANE('',#929);
#929 = AXIS2_PLACEMENT_3D('',#930,#931,#932);
#930 = CARTESIAN_POINT('',(-112.,13.,0.));
#931 = DIRECTION('',(1.,0.,0.));
#932 = DIRECTION('',(0.,0.,1.));
#933 = DEFINITIONAL_REPRESENTATION('',(#934),#938);
#934 = LINE('',#935,#936);
#935 = CARTESIAN_POINT('',(0.,0.));
#936 = VECTOR('',#937,1.);
#937 = DIRECTION('',(0.,-1.));
#938 = ( GEOMETRIC_REPRESENTATION_CONTEXT(2) 
PARAMETRIC_REPRESENTATION_CONTEXT() REPRESENTATION_CONTEXT('2D SPACE',''
  ) );
#939 = ORIENTED_EDGE('',*,*,#940,.T.);
#940 = EDGE_CURVE('',#913,#941,#943,.T.);
#941 = VERTEX_POINT('',#942);
#942 = CARTESIAN_POINT('',(-50.40042162522,13.,0.));
#943 = SURFACE_CURVE('',#944,(#948,#955),.PCURVE_S1.);
#944 = LINE('',#945,#946);
#945 = CARTESIAN_POINT('',(-112.,13.,0.));
#946 = VECTOR('',#947,1.);
#947 = DIRECTION('',(1.,0.,0.));
#948 = PCURVE('',#231,#949);
#949 = DEFINITIONAL_REPRESENTATION('',(#950),#954);
#950 = LINE('',#951,#952);
#951 = CARTESIAN_POINT('',(-112.,13.));
#952 = VECTOR('',#953,1.);
#953 = DIRECTION('',(1.,0.));
#954 = ( GEOMETRIC_REPRESENTATION_CONTEXT(2) 
PARAMETRIC_REPRESENTATION_CONTEXT() REPRESENTATION_CONTEXT('2D SPACE',''
  ) );
#955 = PCURVE('',#956,#961);
#956 = PLANE('',#957);
#957 = AXIS2_PLACEMENT_3D('',#958,#959,#960);
#958 = CARTESIAN_POINT('',(-112.,13.,0.));
#959 = DIRECTION('',(0.,1.,0.));
#960 = DIRECTION('',(0.,0.,1.));
#961 = DEFINITIONAL_REPRESENTATION('',(#962),#966);
#962 = LINE('',#963,#964);
#963 = CARTESIAN_POINT('',(0.,0.));
#964 = VECTOR('',#965,1.);
#965 = DIRECTION('',(0.,1.));
#966 = ( GEOMETRIC_REPRESENTATION_CONTEXT(2) 
PARAMETRIC_REPRESENTATION_CONTEXT() REPRESENTATION_CONTEXT('2D SPACE',''
  ) );
#967 = ORIENTED_EDGE('',*,*,#968,.T.);
#968 = EDGE_CURVE('',#941,#969,#971,.T.);
#969 = VERTEX_POINT('',#970);
#970 = CARTESIAN_POINT('',(-50.40042162522,-13.,0.));
#971 = SURFACE_CURVE('',#972,(#977,#984),.PCURVE_S1.);
#972 = CIRCLE('',#973,52.05);
#973 = AXIS2_PLACEMENT_3D('',#974,#975,#976);
#974 = CARTESIAN_POINT('',(0.,0.,0.));
#975 = DIRECTION('',(0.,0.,1.));
#976 = DIRECTION('',(1.,0.,0.));
#977 = PCURVE('',#231,#978);
#978 = DEFINITIONAL_REPRESENTATION('',(#979),#983);
#979 = CIRCLE('',#980,52.05);
#980 = AXIS2_PLACEMENT_2D('',#981,#982);
#981 = CARTESIAN_POINT('',(3.720134685761E-15,6.058705378236E-17));
#982 = DIRECTION('',(1.,0.));
#983 = ( GEOMETRIC_REPRESENTATION_CONTEXT(2) 
PARAMETRIC_REPRESENTATION_CONTEXT() REPRESENTATION_CONTEXT('2D SPACE',''
  ) );
#984 = PCURVE('',#985,#990);
#985 = CYLINDRICAL_SURFACE('',#986,52.05);
#986 = AXIS2_PLACEMENT_3D('',#987,#988,#989);
#987 = CARTESIAN_POINT('',(0.,0.,0.));
#988 = DIRECTION('',(-0.,-0.,-1.));
#989 = DIRECTION('',(1.,0.,0.));
#990 = DEFINITIONAL_REPRESENTATION('',(#991),#995);
#991 = LINE('',#992,#993);
#992 = CARTESIAN_POINT('',(-0.,0.));
#993 = VECTOR('',#994,1.);
#994 = DIRECTION('',(-1.,0.));
#995 = ( GEOMETRIC_REPRESENTATION_CONTEXT(2) 
PARAMETRIC_REPRESENTATION_CONTEXT() REPRESENTATION_CONTEXT('2D SPACE',''
  ) );
#996 = ORIENTED_EDGE('',*,*,#997,.F.);
#997 = EDGE_CURVE('',#998,#969,#1000,.T.);
#998 = VERTEX_POINT('',#999);
#999 = CARTESIAN_POINT('',(-112.,-13.,0.));
#1000 = SURFACE_CURVE('',#1001,(#1005,#1012),.PCURVE_S1.);
#1001 = LINE('',#1002,#1003);
#1002 = CARTESIAN_POINT('',(-112.,-13.,0.));
#1003 = VECTOR('',#1004,1.);
#1004 = DIRECTION('',(1.,0.,0.));
#1005 = PCURVE('',#231,#1006);
#1006 = DEFINITIONAL_REPRESENTATION('',(#1007),#1011);
#1007 = LINE('',#1008,#1009);
#1008 = CARTESIAN_POINT('',(-112.,-13.));
#1009 = VECTOR('',#1010,1.);
#1010 = DIRECTION('',(1.,0.));
#1011 = ( GEOMETRIC_REPRESENTATION_CONTEXT(2) 
PARAMETRIC_REPRESENTATION_CONTEXT() REPRESENTATION_CONTEXT('2D SPACE',''
  ) );
#1012 = PCURVE('',#1013,#1018);
#1013 = PLANE('',#1014);
#1014 = AXIS2_PLACEMENT_3D('',#1015,#1016,#1017);
#1015 = CARTESIAN_POINT('',(-112.,-13.,0.));
#1016 = DIRECTION('',(0.,1.,0.));
#1017 = DIRECTION('',(0.,0.,1.));
#1018 = DEFINITIONAL_REPRESENTATION('',(#1019),#1023);
#1019 = LINE('',#1020,#1021);
#1020 = CARTESIAN_POINT('',(0.,0.));
#1021 = VECTOR('',#1022,1.);
#1022 = DIRECTION('',(0.,1.));
#1023 = ( GEOMETRIC_REPRESENTATION_CONTEXT(2) 
PARAMETRIC_REPRESENTATION_CONTEXT() REPRESENTATION_CONTEXT('2D SPACE',''
  ) );
#1024 = ORIENTED_EDGE('',*,*,#1025,.F.);
#1025 = EDGE_CURVE('',#1026,#998,#1028,.T.);
#1026 = VERTEX_POINT('',#1027);
#1027 = CARTESIAN_POINT('',(-112.,-19.,0.));
#1028 = SURFACE_CURVE('',#1029,(#1033,#1040),.PCURVE_S1.);
#1029 = LINE('',#1030,#1031);
#1030 = CARTESIAN_POINT('',(-112.,-19.,0.));
#1031 = VECTOR('',#1032,1.);
#1032 = DIRECTION('',(0.,1.,0.));
#1033 = PCURVE('',#231,#1034);
#1034 = DEFINITIONAL_REPRESENTATION('',(#1035),#1039);
#1035 = LINE('',#1036,#1037);
#1036 = CARTESIAN_POINT('',(-112.,-19.));
#1037 = VECTOR('',#1038,1.);
#1038 = DIRECTION('',(0.,1.));
#1039 = ( GEOMETRIC_REPRESENTATION_CONTEXT(2) 
PARAMETRIC_REPRESENTATION_CONTEXT() REPRESENTATION_CONTEXT('2D SPACE',''
  ) );
#1040 = PCURVE('',#928,#1041);
#1041 = DEFINITIONAL_REPRESENTATION('',(#1042),#1046);
#1042 = LINE('',#1043,#1044);
#1043 = CARTESIAN_POINT('',(0.,32.));
#1044 = VECTOR('',#1045,1.);
#1045 = DIRECTION('',(0.,-1.));
#1046 = ( GEOMETRIC_REPRESENTATION_CONTEXT(2) 
PARAMETRIC_REPRESENTATION_CONTEXT() REPRESENTATION_CONTEXT('2D SPACE',''
  ) );
#1047 = ORIENTED_EDGE('',*,*,#1048,.T.);
#1048 = EDGE_CURVE('',#1026,#1049,#1051,.T.);
#1049 = VERTEX_POINT('',#1050);
#1050 = CARTESIAN_POINT('',(-48.45825523066,-19.,0.));
#1051 = SURFACE_CURVE('',#1052,(#1056,#1063),.PCURVE_S1.);
#1052 = LINE('',#1053,#1054);
#1053 = CARTESIAN_POINT('',(-112.,-19.,0.));
#1054 = VECTOR('',#1055,1.);
#1055 = DIRECTION('',(1.,0.,0.));
#1056 = PCURVE('',#231,#1057);
#1057 = DEFINITIONAL_REPRESENTATION('',(#1058),#1062);
#1058 = LINE('',#1059,#1060);
#1059 = CARTESIAN_POINT('',(-112.,-19.));
#1060 = VECTOR('',#1061,1.);
#1061 = DIRECTION('',(1.,0.));
#1062 = ( GEOMETRIC_REPRESENTATION_CONTEXT(2) 
PARAMETRIC_REPRESENTATION_CONTEXT() REPRESENTATION_CONTEXT('2D SPACE',''
  ) );
#1063 = PCURVE('',#1064,#1069);
#1064 = PLANE('',#1065);
#1065 = AXIS2_PLACEMENT_3D('',#1066,#1067,#1068);
#1066 = CARTESIAN_POINT('',(-112.,-19.,0.));
#1067 = DIRECTION('',(0.,1.,0.));
#1068 = DIRECTION('',(0.,0.,1.));
#1069 = DEFINITIONAL_REPRESENTATION('',(#1070),#1074);
#1070 = LINE('',#1071,#1072);
#1071 = CARTESIAN_POINT('',(0.,0.));
#1072 = VECTOR('',#1073,1.);
#1073 = DIRECTION('',(0.,1.));
#1074 = ( GEOMETRIC_REPRESENTATION_CONTEXT(2) 
PARAMETRIC_REPRESENTATION_CONTEXT() REPRESENTATION_CONTEXT('2D SPACE',''
  ) );
#1075 = ORIENTED_EDGE('',*,*,#1076,.T.);
#1076 = EDGE_CURVE('',#1049,#774,#1077,.T.);
#1077 = SURFACE_CURVE('',#1078,(#1083,#1090),.PCURVE_S1.);
#1078 = CIRCLE('',#1079,52.05);
#1079 = AXIS2_PLACEMENT_3D('',#1080,#1081,#1082);
#1080 = CARTESIAN_POINT('',(0.,0.,0.));
#1081 = DIRECTION('',(0.,0.,1.));
#1082 = DIRECTION('',(1.,0.,0.));
#1083 = PCURVE('',#231,#1084);
#1084 = DEFINITIONAL_REPRESENTATION('',(#1085),#1089);
#1085 = CIRCLE('',#1086,52.05);
#1086 = AXIS2_PLACEMENT_2D('',#1087,#1088);
#1087 = CARTESIAN_POINT('',(3.720134685761E-15,6.058705378236E-17));
#1088 = DIRECTION('',(1.,0.));
#1089 = ( GEOMETRIC_REPRESENTATION_CONTEXT(2) 
PARAMETRIC_REPRESENTATION_CONTEXT() REPRESENTATION_CONTEXT('2D SPACE',''
  ) );
#1090 = PCURVE('',#789,#1091);
#1091 = DEFINITIONAL_REPRESENTATION('',(#1092),#1096);
#1092 = LINE('',#1093,#1094);
#1093 = CARTESIAN_POINT('',(-0.,0.));
#1094 = VECTOR('',#1095,1.);
#1095 = DIRECTION('',(-1.,0.));
#1096 = ( GEOMETRIC_REPRESENTATION_CONTEXT(2) 
PARAMETRIC_REPRESENTATION_CONTEXT() REPRESENTATION_CONTEXT('2D SPACE',''
  ) );
#1097 = ORIENTED_EDGE('',*,*,#801,.T.);
#1098 = ORIENTED_EDGE('',*,*,#214,.T.);
#1099 = ORIENTED_EDGE('',*,*,#411,.T.);
#1100 = ORIENTED_EDGE('',*,*,#1101,.F.);
#1101 = EDGE_CURVE('',#1102,#300,#1104,.T.);
#1102 = VERTEX_POINT('',#1103);
#1103 = CARTESIAN_POINT('',(3.,53.55,0.));
#1104 = SURFACE_CURVE('',#1105,(#1109,#1116),.PCURVE_S1.);
#1105 = LINE('',#1106,#1107);
#1106 = CARTESIAN_POINT('',(3.,53.55,0.));
#1107 = VECTOR('',#1108,1.);
#1108 = DIRECTION('',(1.,0.,0.));
#1109 = PCURVE('',#231,#1110);
#1110 = DEFINITIONAL_REPRESENTATION('',(#1111),#1115);
#1111 = LINE('',#1112,#1113);
#1112 = CARTESIAN_POINT('',(3.,53.55));
#1113 = VECTOR('',#1114,1.);
#1114 = DIRECTION('',(1.,0.));
#1115 = ( GEOMETRIC_REPRESENTATION_CONTEXT(2) 
PARAMETRIC_REPRESENTATION_CONTEXT() REPRESENTATION_CONTEXT('2D SPACE',''
  ) );
#1116 = PCURVE('',#317,#1117);
#1117 = DEFINITIONAL_REPRESENTATION('',(#1118),#1122);
#1118 = LINE('',#1119,#1120);
#1119 = CARTESIAN_POINT('',(0.,0.));
#1120 = VECTOR('',#1121,1.);
#1121 = DIRECTION('',(0.,1.));
#1122 = ( GEOMETRIC_REPRESENTATION_CONTEXT(2) 
PARAMETRIC_REPRESENTATION_CONTEXT() REPRESENTATION_CONTEXT('2D SPACE',''
  ) );
#1123 = ORIENTED_EDGE('',*,*,#1124,.F.);
#1124 = EDGE_CURVE('',#1125,#1102,#1127,.T.);
#1125 = VERTEX_POINT('',#1126);
#1126 = CARTESIAN_POINT('',(3.,38.55,0.));
#1127 = SURFACE_CURVE('',#1128,(#1132,#1139),.PCURVE_S1.);
#1128 = LINE('',#1129,#1130);
#1129 = CARTESIAN_POINT('',(3.,38.55,0.));
#1130 = VECTOR('',#1131,1.);
#1131 = DIRECTION('',(0.,1.,0.));
#1132 = PCURVE('',#231,#1133);
#1133 = DEFINITIONAL_REPRESENTATION('',(#1134),#1138);
#1134 = LINE('',#1135,#1136);
#1135 = CARTESIAN_POINT('',(3.,38.55));
#1136 = VECTOR('',#1137,1.);
#1137 = DIRECTION('',(0.,1.));
#1138 = ( GEOMETRIC_REPRESENTATION_CONTEXT(2) 
PARAMETRIC_REPRESENTATION_CONTEXT() REPRESENTATION_CONTEXT('2D SPACE',''
  ) );
#1139 = PCURVE('',#682,#1140);
#1140 = DEFINITIONAL_REPRESENTATION('',(#1141),#1145);
#1141 = LINE('',#1142,#1143);
#1142 = CARTESIAN_POINT('',(2.,-51.55));
#1143 = VECTOR('',#1144,1.);
#1144 = DIRECTION('',(0.,-1.));
#1145 = ( GEOMETRIC_REPRESENTATION_CONTEXT(2) 
PARAMETRIC_REPRESENTATION_CONTEXT() REPRESENTATION_CONTEXT('2D SPACE',''
  ) );
#1146 = ORIENTED_EDGE('',*,*,#1147,.T.);
#1147 = EDGE_CURVE('',#1125,#1148,#1150,.T.);
#1148 = VERTEX_POINT('',#1149);
#1149 = CARTESIAN_POINT('',(10.,38.55,0.));
#1150 = SURFACE_CURVE('',#1151,(#1155,#1162),.PCURVE_S1.);
#1151 = LINE('',#1152,#1153);
#1152 = CARTESIAN_POINT('',(3.,38.55,0.));
#1153 = VECTOR('',#1154,1.);
#1154 = DIRECTION('',(1.,0.,0.));
#1155 = PCURVE('',#231,#1156);
#1156 = DEFINITIONAL_REPRESENTATION('',(#1157),#1161);
#1157 = LINE('',#1158,#1159);
#1158 = CARTESIAN_POINT('',(3.,38.55));
#1159 = VECTOR('',#1160,1.);
#1160 = DIRECTION('',(1.,0.));
#1161 = ( GEOMETRIC_REPRESENTATION_CONTEXT(2) 
PARAMETRIC_REPRESENTATION_CONTEXT() REPRESENTATION_CONTEXT('2D SPACE',''
  ) );
#1162 = PCURVE('',#1163,#1168);
#1163 = PLANE('',#1164);
#1164 = AXIS2_PLACEMENT_3D('',#1165,#1166,#1167);
#1165 = CARTESIAN_POINT('',(3.,38.55,0.));
#1166 = DIRECTION('',(0.,1.,0.));
#1167 = DIRECTION('',(0.,0.,1.));
#1168 = DEFINITIONAL_REPRESENTATION('',(#1169),#1173);
#1169 = LINE('',#1170,#1171);
#1170 = CARTESIAN_POINT('',(0.,0.));
#1171 = VECTOR('',#1172,1.);
#1172 = DIRECTION('',(0.,1.));
#1173 = ( GEOMETRIC_REPRESENTATION_CONTEXT(2) 
PARAMETRIC_REPRESENTATION_CONTEXT() REPRESENTATION_CONTEXT('2D SPACE',''
  ) );
#1174 = ORIENTED_EDGE('',*,*,#1175,.T.);
#1175 = EDGE_CURVE('',#1148,#1176,#1178,.T.);
#1176 = VERTEX_POINT('',#1177);
#1177 = CARTESIAN_POINT('',(10.000000000001,39.813345752398,0.));
#1178 = SURFACE_CURVE('',#1179,(#1183,#1190),.PCURVE_S1.);
#1179 = LINE('',#1180,#1181);
#1180 = CARTESIAN_POINT('',(10.,38.55,0.));
#1181 = VECTOR('',#1182,1.);
#1182 = DIRECTION('',(0.,1.,0.));
#1183 = PCURVE('',#231,#1184);
#1184 = DEFINITIONAL_REPRESENTATION('',(#1185),#1189);
#1185 = LINE('',#1186,#1187);
#1186 = CARTESIAN_POINT('',(10.,38.55));
#1187 = VECTOR('',#1188,1.);
#1188 = DIRECTION('',(0.,1.));
#1189 = ( GEOMETRIC_REPRESENTATION_CONTEXT(2) 
PARAMETRIC_REPRESENTATION_CONTEXT() REPRESENTATION_CONTEXT('2D SPACE',''
  ) );
#1190 = PCURVE('',#1191,#1196);
#1191 = PLANE('',#1192);
#1192 = AXIS2_PLACEMENT_3D('',#1193,#1194,#1195);
#1193 = CARTESIAN_POINT('',(10.,38.55,0.));
#1194 = DIRECTION('',(1.,0.,0.));
#1195 = DIRECTION('',(0.,0.,1.));
#1196 = DEFINITIONAL_REPRESENTATION('',(#1197),#1201);
#1197 = LINE('',#1198,#1199);
#1198 = CARTESIAN_POINT('',(0.,0.));
#1199 = VECTOR('',#1200,1.);
#1200 = DIRECTION('',(0.,-1.));
#1201 = ( GEOMETRIC_REPRESENTATION_CONTEXT(2) 
PARAMETRIC_REPRESENTATION_CONTEXT() REPRESENTATION_CONTEXT('2D SPACE',''
  ) );
#1202 = ORIENTED_EDGE('',*,*,#1203,.F.);
#1203 = EDGE_CURVE('',#1204,#1176,#1206,.T.);
#1204 = VERTEX_POINT('',#1205);
#1205 = CARTESIAN_POINT('',(-9.999999999999,39.813345752399,0.));
#1206 = SURFACE_CURVE('',#1207,(#1212,#1219),.PCURVE_S1.);
#1207 = CIRCLE('',#1208,41.05);
#1208 = AXIS2_PLACEMENT_3D('',#1209,#1210,#1211);
#1209 = CARTESIAN_POINT('',(2.235075980712E-13,1.208149178763E-15,0.));
#1210 = DIRECTION('',(0.,0.,1.));
#1211 = DIRECTION('',(-0.243605359318,0.969874439766,0.));
#1212 = PCURVE('',#231,#1213);
#1213 = DEFINITIONAL_REPRESENTATION('',(#1214),#1218);
#1214 = CIRCLE('',#1215,41.05);
#1215 = AXIS2_PLACEMENT_2D('',#1216,#1217);
#1216 = CARTESIAN_POINT('',(2.27227732757E-13,1.268736232546E-15));
#1217 = DIRECTION('',(-0.243605359318,0.969874439766));
#1218 = ( GEOMETRIC_REPRESENTATION_CONTEXT(2) 
PARAMETRIC_REPRESENTATION_CONTEXT() REPRESENTATION_CONTEXT('2D SPACE',''
  ) );
#1219 = PCURVE('',#1220,#1225);
#1220 = CYLINDRICAL_SURFACE('',#1221,41.05);
#1221 = AXIS2_PLACEMENT_3D('',#1222,#1223,#1224);
#1222 = CARTESIAN_POINT('',(2.235075980712E-13,1.208149178763E-15,0.));
#1223 = DIRECTION('',(-0.,-0.,-1.));
#1224 = DIRECTION('',(1.,0.,0.));
#1225 = DEFINITIONAL_REPRESENTATION('',(#1226),#1230);
#1226 = LINE('',#1227,#1228);
#1227 = CARTESIAN_POINT('',(-1.816877799027,0.));
#1228 = VECTOR('',#1229,1.);
#1229 = DIRECTION('',(-1.,0.));
#1230 = ( GEOMETRIC_REPRESENTATION_CONTEXT(2) 
PARAMETRIC_REPRESENTATION_CONTEXT() REPRESENTATION_CONTEXT('2D SPACE',''
  ) );
#1231 = ORIENTED_EDGE('',*,*,#1232,.F.);
#1232 = EDGE_CURVE('',#1233,#1204,#1235,.T.);
#1233 = VERTEX_POINT('',#1234);
#1234 = CARTESIAN_POINT('',(-10.,38.55,0.));
#1235 = SURFACE_CURVE('',#1236,(#1240,#1247),.PCURVE_S1.);
#1236 = LINE('',#1237,#1238);
#1237 = CARTESIAN_POINT('',(-10.,38.55,0.));
#1238 = VECTOR('',#1239,1.);
#1239 = DIRECTION('',(0.,1.,0.));
#1240 = PCURVE('',#231,#1241);
#1241 = DEFINITIONAL_REPRESENTATION('',(#1242),#1246);
#1242 = LINE('',#1243,#1244);
#1243 = CARTESIAN_POINT('',(-10.,38.55));
#1244 = VECTOR('',#1245,1.);
#1245 = DIRECTION('',(0.,1.));
#1246 = ( GEOMETRIC_REPRESENTATION_CONTEXT(2) 
PARAMETRIC_REPRESENTATION_CONTEXT() REPRESENTATION_CONTEXT('2D SPACE',''
  ) );
#1247 = PCURVE('',#1248,#1253);
#1248 = PLANE('',#1249);
#1249 = AXIS2_PLACEMENT_3D('',#1250,#1251,#1252);
#1250 = CARTESIAN_POINT('',(-10.,38.55,0.));
#1251 = DIRECTION('',(1.,0.,0.));
#1252 = DIRECTION('',(0.,0.,1.));
#1253 = DEFINITIONAL_REPRESENTATION('',(#1254),#1258);
#1254 = LINE('',#1255,#1256);
#1255 = CARTESIAN_POINT('',(0.,0.));
#1256 = VECTOR('',#1257,1.);
#1257 = DIRECTION('',(0.,-1.));
#1258 = ( GEOMETRIC_REPRESENTATION_CONTEXT(2) 
PARAMETRIC_REPRESENTATION_CONTEXT() REPRESENTATION_CONTEXT('2D SPACE',''
  ) );
#1259 = ORIENTED_EDGE('',*,*,#1260,.T.);
#1260 = EDGE_CURVE('',#1233,#1261,#1263,.T.);
#1261 = VERTEX_POINT('',#1262);
#1262 = CARTESIAN_POINT('',(-3.,38.55,0.));
#1263 = SURFACE_CURVE('',#1264,(#1268,#1275),.PCURVE_S1.);
#1264 = LINE('',#1265,#1266);
#1265 = CARTESIAN_POINT('',(-10.,38.55,0.));
#1266 = VECTOR('',#1267,1.);
#1267 = DIRECTION('',(1.,0.,0.));
#1268 = PCURVE('',#231,#1269);
#1269 = DEFINITIONAL_REPRESENTATION('',(#1270),#1274);
#1270 = LINE('',#1271,#1272);
#1271 = CARTESIAN_POINT('',(-10.,38.55));
#1272 = VECTOR('',#1273,1.);
#1273 = DIRECTION('',(1.,0.));
#1274 = ( GEOMETRIC_REPRESENTATION_CONTEXT(2) 
PARAMETRIC_REPRESENTATION_CONTEXT() REPRESENTATION_CONTEXT('2D SPACE',''
  ) );
#1275 = PCURVE('',#1276,#1281);
#1276 = PLANE('',#1277);
#1277 = AXIS2_PLACEMENT_3D('',#1278,#1279,#1280);
#1278 = CARTESIAN_POINT('',(-10.,38.55,0.));
#1279 = DIRECTION('',(0.,1.,0.));
#1280 = DIRECTION('',(0.,0.,1.));
#1281 = DEFINITIONAL_REPRESENTATION('',(#1282),#1286);
#1282 = LINE('',#1283,#1284);
#1283 = CARTESIAN_POINT('',(0.,0.));
#1284 = VECTOR('',#1285,1.);
#1285 = DIRECTION('',(0.,1.));
#1286 = ( GEOMETRIC_REPRESENTATION_CONTEXT(2) 
PARAMETRIC_REPRESENTATION_CONTEXT() REPRESENTATION_CONTEXT('2D SPACE',''
  ) );
#1287 = ORIENTED_EDGE('',*,*,#1288,.F.);
#1288 = EDGE_CURVE('',#1289,#1261,#1291,.T.);
#1289 = VERTEX_POINT('',#1290);
#1290 = CARTESIAN_POINT('',(-3.,53.55,0.));
#1291 = SURFACE_CURVE('',#1292,(#1296,#1303),.PCURVE_S1.);
#1292 = LINE('',#1293,#1294);
#1293 = CARTESIAN_POINT('',(-3.,53.55,0.));
#1294 = VECTOR('',#1295,1.);
#1295 = DIRECTION('',(0.,-1.,0.));
#1296 = PCURVE('',#231,#1297);
#1297 = DEFINITIONAL_REPRESENTATION('',(#1298),#1302);
#1298 = LINE('',#1299,#1300);
#1299 = CARTESIAN_POINT('',(-3.,53.55));
#1300 = VECTOR('',#1301,1.);
#1301 = DIRECTION('',(0.,-1.));
#1302 = ( GEOMETRIC_REPRESENTATION_CONTEXT(2) 
PARAMETRIC_REPRESENTATION_CONTEXT() REPRESENTATION_CONTEXT('2D SPACE',''
  ) );
#1303 = PCURVE('',#1304,#1309);
#1304 = PLANE('',#1305);
#1305 = AXIS2_PLACEMENT_3D('',#1306,#1307,#1308);
#1306 = CARTESIAN_POINT('',(-3.,-13.,-2.));
#1307 = DIRECTION('',(1.,0.,0.));
#1308 = DIRECTION('',(0.,0.,1.));
#1309 = DEFINITIONAL_REPRESENTATION('',(#1310),#1314);
#1310 = LINE('',#1311,#1312);
#1311 = CARTESIAN_POINT('',(2.,-66.55));
#1312 = VECTOR('',#1313,1.);
#1313 = DIRECTION('',(0.,1.));
#1314 = ( GEOMETRIC_REPRESENTATION_CONTEXT(2) 
PARAMETRIC_REPRESENTATION_CONTEXT() REPRESENTATION_CONTEXT('2D SPACE',''
  ) );
#1315 = ORIENTED_EDGE('',*,*,#1316,.F.);
#1316 = EDGE_CURVE('',#833,#1289,#1317,.T.);
#1317 = SURFACE_CURVE('',#1318,(#1322,#1329),.PCURVE_S1.);
#1318 = LINE('',#1319,#1320);
#1319 = CARTESIAN_POINT('',(-10.,53.55,0.));
#1320 = VECTOR('',#1321,1.);
#1321 = DIRECTION('',(1.,0.,0.));
#1322 = PCURVE('',#231,#1323);
#1323 = DEFINITIONAL_REPRESENTATION('',(#1324),#1328);
#1324 = LINE('',#1325,#1326);
#1325 = CARTESIAN_POINT('',(-10.,53.55));
#1326 = VECTOR('',#1327,1.);
#1327 = DIRECTION('',(1.,0.));
#1328 = ( GEOMETRIC_REPRESENTATION_CONTEXT(2) 
PARAMETRIC_REPRESENTATION_CONTEXT() REPRESENTATION_CONTEXT('2D SPACE',''
  ) );
#1329 = PCURVE('',#1330,#1335);
#1330 = PLANE('',#1331);
#1331 = AXIS2_PLACEMENT_3D('',#1332,#1333,#1334);
#1332 = CARTESIAN_POINT('',(-10.,53.55,0.));
#1333 = DIRECTION('',(0.,1.,0.));
#1334 = DIRECTION('',(0.,0.,1.));
#1335 = DEFINITIONAL_REPRESENTATION('',(#1336),#1340);
#1336 = LINE('',#1337,#1338);
#1337 = CARTESIAN_POINT('',(0.,0.));
#1338 = VECTOR('',#1339,1.);
#1339 = DIRECTION('',(0.,1.));
#1340 = ( GEOMETRIC_REPRESENTATION_CONTEXT(2) 
PARAMETRIC_REPRESENTATION_CONTEXT() REPRESENTATION_CONTEXT('2D SPACE',''
  ) );
#1341 = ADVANCED_FACE('',(#1342),#317,.T.);
#1342 = FACE_BOUND('',#1343,.T.);
#1343 = EDGE_LOOP('',(#1344,#1345,#1346,#1369));
#1344 = ORIENTED_EDGE('',*,*,#299,.F.);
#1345 = ORIENTED_EDGE('',*,*,#1101,.F.);
#1346 = ORIENTED_EDGE('',*,*,#1347,.T.);
#1347 = EDGE_CURVE('',#1102,#1348,#1350,.T.);
#1348 = VERTEX_POINT('',#1349);
#1349 = CARTESIAN_POINT('',(3.,53.55,28.5));
#1350 = SURFACE_CURVE('',#1351,(#1355,#1362),.PCURVE_S1.);
#1351 = LINE('',#1352,#1353);
#1352 = CARTESIAN_POINT('',(3.,53.55,0.));
#1353 = VECTOR('',#1354,1.);
#1354 = DIRECTION('',(0.,0.,1.));
#1355 = PCURVE('',#317,#1356);
#1356 = DEFINITIONAL_REPRESENTATION('',(#1357),#1361);
#1357 = LINE('',#1358,#1359);
#1358 = CARTESIAN_POINT('',(0.,0.));
#1359 = VECTOR('',#1360,1.);
#1360 = DIRECTION('',(1.,0.));
#1361 = ( GEOMETRIC_REPRESENTATION_CONTEXT(2) 
PARAMETRIC_REPRESENTATION_CONTEXT() REPRESENTATION_CONTEXT('2D SPACE',''
  ) );
#1362 = PCURVE('',#682,#1363);
#1363 = DEFINITIONAL_REPRESENTATION('',(#1364),#1368);
#1364 = LINE('',#1365,#1366);
#1365 = CARTESIAN_POINT('',(2.,-66.55));
#1366 = VECTOR('',#1367,1.);
#1367 = DIRECTION('',(1.,0.));
#1368 = ( GEOMETRIC_REPRESENTATION_CONTEXT(2) 
PARAMETRIC_REPRESENTATION_CONTEXT() REPRESENTATION_CONTEXT('2D SPACE',''
  ) );
#1369 = ORIENTED_EDGE('',*,*,#1370,.T.);
#1370 = EDGE_CURVE('',#1348,#302,#1371,.T.);
#1371 = SURFACE_CURVE('',#1372,(#1376,#1383),.PCURVE_S1.);
#1372 = LINE('',#1373,#1374);
#1373 = CARTESIAN_POINT('',(3.,53.55,28.5));
#1374 = VECTOR('',#1375,1.);
#1375 = DIRECTION('',(1.,0.,0.));
#1376 = PCURVE('',#317,#1377);
#1377 = DEFINITIONAL_REPRESENTATION('',(#1378),#1382);
#1378 = LINE('',#1379,#1380);
#1379 = CARTESIAN_POINT('',(28.5,0.));
#1380 = VECTOR('',#1381,1.);
#1381 = DIRECTION('',(0.,1.));
#1382 = ( GEOMETRIC_REPRESENTATION_CONTEXT(2) 
PARAMETRIC_REPRESENTATION_CONTEXT() REPRESENTATION_CONTEXT('2D SPACE',''
  ) );
#1383 = PCURVE('',#1384,#1389);
#1384 = CYLINDRICAL_SURFACE('',#1385,1.5);
#1385 = AXIS2_PLACEMENT_3D('',#1386,#1387,#1388);
#1386 = CARTESIAN_POINT('',(3.,52.05,28.5));
#1387 = DIRECTION('',(1.,0.,0.));
#1388 = DIRECTION('',(0.,0.,1.));
#1389 = DEFINITIONAL_REPRESENTATION('',(#1390),#1394);
#1390 = LINE('',#1391,#1392);
#1391 = CARTESIAN_POINT('',(-1.570796326795,0.));
#1392 = VECTOR('',#1393,1.);
#1393 = DIRECTION('',(-0.,1.));
#1394 = ( GEOMETRIC_REPRESENTATION_CONTEXT(2) 
PARAMETRIC_REPRESENTATION_CONTEXT() REPRESENTATION_CONTEXT('2D SPACE',''
  ) );
#1395 = ADVANCED_FACE('',(#1396),#343,.T.);
#1396 = FACE_BOUND('',#1397,.F.);
#1397 = EDGE_LOOP('',(#1398,#1399,#1422,#1454));
#1398 = ORIENTED_EDGE('',*,*,#435,.T.);
#1399 = ORIENTED_EDGE('',*,*,#1400,.T.);
#1400 = EDGE_CURVE('',#436,#1401,#1403,.T.);
#1401 = VERTEX_POINT('',#1402);
#1402 = CARTESIAN_POINT('',(8.5,52.05,30.));
#1403 = SURFACE_CURVE('',#1404,(#1408,#1415),.PCURVE_S1.);
#1404 = LINE('',#1405,#1406);
#1405 = CARTESIAN_POINT('',(8.5,45.975020391513,30.));
#1406 = VECTOR('',#1407,1.);
#1407 = DIRECTION('',(0.,1.,0.));
#1408 = PCURVE('',#343,#1409);
#1409 = DEFINITIONAL_REPRESENTATION('',(#1410),#1414);
#1410 = LINE('',#1411,#1412);
#1411 = CARTESIAN_POINT('',(-1.570796326795,0.));
#1412 = VECTOR('',#1413,1.);
#1413 = DIRECTION('',(-0.,1.));
#1414 = ( GEOMETRIC_REPRESENTATION_CONTEXT(2) 
PARAMETRIC_REPRESENTATION_CONTEXT() REPRESENTATION_CONTEXT('2D SPACE',''
  ) );
#1415 = PCURVE('',#646,#1416);
#1416 = DEFINITIONAL_REPRESENTATION('',(#1417),#1421);
#1417 = LINE('',#1418,#1419);
#1418 = CARTESIAN_POINT('',(8.5,45.975020391513));
#1419 = VECTOR('',#1420,1.);
#1420 = DIRECTION('',(0.,1.));
#1421 = ( GEOMETRIC_REPRESENTATION_CONTEXT(2) 
PARAMETRIC_REPRESENTATION_CONTEXT() REPRESENTATION_CONTEXT('2D SPACE',''
  ) );
#1422 = ORIENTED_EDGE('',*,*,#1423,.T.);
#1423 = EDGE_CURVE('',#1401,#302,#1424,.T.);
#1424 = SURFACE_CURVE('',#1425,(#1430,#1442),.PCURVE_S1.);
#1425 = ELLIPSE('',#1426,2.12132034356,1.5);
#1426 = AXIS2_PLACEMENT_3D('',#1427,#1428,#1429);
#1427 = CARTESIAN_POINT('',(8.5,52.05,28.5));
#1428 = DIRECTION('',(-0.707106781187,0.707106781187,0.));
#1429 = DIRECTION('',(0.707106781187,0.707106781187,0.));
#1430 = PCURVE('',#343,#1431);
#1431 = DEFINITIONAL_REPRESENTATION('',(#1432),#1441);
#1432 = B_SPLINE_CURVE_WITH_KNOTS('',7,(#1433,#1434,#1435,#1436,#1437,
    #1438,#1439,#1440),.UNSPECIFIED.,.F.,.F.,(8,8),(4.712388980385,
    6.28318530718),.PIECEWISE_BEZIER_KNOTS.);
#1433 = CARTESIAN_POINT('',(-1.570796326795,6.074979608487));
#1434 = CARTESIAN_POINT('',(-1.346396851538,6.411578821371));
#1435 = CARTESIAN_POINT('',(-1.121997376282,6.748176667466));
#1436 = CARTESIAN_POINT('',(-0.897597901026,7.057099847147));
#1437 = CARTESIAN_POINT('',(-0.673198425769,7.310623365424));
#1438 = CARTESIAN_POINT('',(-0.448798950513,7.486856599571));
#1439 = CARTESIAN_POINT('',(-0.224399475256,7.574979608487));
#1440 = CARTESIAN_POINT('',(0.,7.574979608487));
#1441 = ( GEOMETRIC_REPRESENTATION_CONTEXT(2) 
PARAMETRIC_REPRESENTATION_CONTEXT() REPRESENTATION_CONTEXT('2D SPACE',''
  ) );
#1442 = PCURVE('',#1384,#1443);
#1443 = DEFINITIONAL_REPRESENTATION('',(#1444),#1453);
#1444 = B_SPLINE_CURVE_WITH_KNOTS('',7,(#1445,#1446,#1447,#1448,#1449,
    #1450,#1451,#1452),.UNSPECIFIED.,.F.,.F.,(8,8),(4.712388980385,
    6.28318530718),.PIECEWISE_BEZIER_KNOTS.);
#1445 = CARTESIAN_POINT('',(0.,5.5));
#1446 = CARTESIAN_POINT('',(-0.224399475256,5.836599212885));
#1447 = CARTESIAN_POINT('',(-0.448798950513,6.173197058979));
#1448 = CARTESIAN_POINT('',(-0.673198425769,6.482120238657));
#1449 = CARTESIAN_POINT('',(-0.897597901026,6.735643756943));
#1450 = CARTESIAN_POINT('',(-1.121997376282,6.911876991084));
#1451 = CARTESIAN_POINT('',(-1.346396851538,7.));
#1452 = CARTESIAN_POINT('',(-1.570796326795,7.));
#1453 = ( GEOMETRIC_REPRESENTATION_CONTEXT(2) 
PARAMETRIC_REPRESENTATION_CONTEXT() REPRESENTATION_CONTEXT('2D SPACE',''
  ) );
#1454 = ORIENTED_EDGE('',*,*,#329,.F.);
#1455 = ADVANCED_FACE('',(#1456),#646,.T.);
#1456 = FACE_BOUND('',#1457,.T.);
#1457 = EDGE_LOOP('',(#1458,#1459,#1460,#1483,#1511,#1539,#1567,#1600,
    #1628,#1656,#1684,#1712,#1740,#1769));
#1458 = ORIENTED_EDGE('',*,*,#631,.F.);
#1459 = ORIENTED_EDGE('',*,*,#1400,.T.);
#1460 = ORIENTED_EDGE('',*,*,#1461,.F.);
#1461 = EDGE_CURVE('',#1462,#1401,#1464,.T.);
#1462 = VERTEX_POINT('',#1463);
#1463 = CARTESIAN_POINT('',(4.5,52.05,30.));
#1464 = SURFACE_CURVE('',#1465,(#1469,#1476),.PCURVE_S1.);
#1465 = LINE('',#1466,#1467);
#1466 = CARTESIAN_POINT('',(3.,52.05,30.));
#1467 = VECTOR('',#1468,1.);
#1468 = DIRECTION('',(1.,0.,0.));
#1469 = PCURVE('',#646,#1470);
#1470 = DEFINITIONAL_REPRESENTATION('',(#1471),#1475);
#1471 = LINE('',#1472,#1473);
#1472 = CARTESIAN_POINT('',(3.,52.05));
#1473 = VECTOR('',#1474,1.);
#1474 = DIRECTION('',(1.,0.));
#1475 = ( GEOMETRIC_REPRESENTATION_CONTEXT(2) 
PARAMETRIC_REPRESENTATION_CONTEXT() REPRESENTATION_CONTEXT('2D SPACE',''
  ) );
#1476 = PCURVE('',#1384,#1477);
#1477 = DEFINITIONAL_REPRESENTATION('',(#1478),#1482);
#1478 = LINE('',#1479,#1480);
#1479 = CARTESIAN_POINT('',(-0.,0.));
#1480 = VECTOR('',#1481,1.);
#1481 = DIRECTION('',(-0.,1.));
#1482 = ( GEOMETRIC_REPRESENTATION_CONTEXT(2) 
PARAMETRIC_REPRESENTATION_CONTEXT() REPRESENTATION_CONTEXT('2D SPACE',''
  ) );
#1483 = ORIENTED_EDGE('',*,*,#1484,.T.);
#1484 = EDGE_CURVE('',#1462,#1485,#1487,.T.);
#1485 = VERTEX_POINT('',#1486);
#1486 = CARTESIAN_POINT('',(4.5,40.05,30.));
#1487 = SURFACE_CURVE('',#1488,(#1492,#1499),.PCURVE_S1.);
#1488 = LINE('',#1489,#1490);
#1489 = CARTESIAN_POINT('',(4.5,53.55,30.));
#1490 = VECTOR('',#1491,1.);
#1491 = DIRECTION('',(0.,-1.,0.));
#1492 = PCURVE('',#646,#1493);
#1493 = DEFINITIONAL_REPRESENTATION('',(#1494),#1498);
#1494 = LINE('',#1495,#1496);
#1495 = CARTESIAN_POINT('',(4.5,53.55));
#1496 = VECTOR('',#1497,1.);
#1497 = DIRECTION('',(0.,-1.));
#1498 = ( GEOMETRIC_REPRESENTATION_CONTEXT(2) 
PARAMETRIC_REPRESENTATION_CONTEXT() REPRESENTATION_CONTEXT('2D SPACE',''
  ) );
#1499 = PCURVE('',#1500,#1505);
#1500 = CYLINDRICAL_SURFACE('',#1501,1.5);
#1501 = AXIS2_PLACEMENT_3D('',#1502,#1503,#1504);
#1502 = CARTESIAN_POINT('',(4.5,53.55,28.5));
#1503 = DIRECTION('',(0.,-1.,0.));
#1504 = DIRECTION('',(0.,0.,1.));
#1505 = DEFINITIONAL_REPRESENTATION('',(#1506),#1510);
#1506 = LINE('',#1507,#1508);
#1507 = CARTESIAN_POINT('',(0.,0.));
#1508 = VECTOR('',#1509,1.);
#1509 = DIRECTION('',(0.,1.));
#1510 = ( GEOMETRIC_REPRESENTATION_CONTEXT(2) 
PARAMETRIC_REPRESENTATION_CONTEXT() REPRESENTATION_CONTEXT('2D SPACE',''
  ) );
#1511 = ORIENTED_EDGE('',*,*,#1512,.T.);
#1512 = EDGE_CURVE('',#1485,#1513,#1515,.T.);
#1513 = VERTEX_POINT('',#1514);
#1514 = CARTESIAN_POINT('',(8.5,40.05,30.));
#1515 = SURFACE_CURVE('',#1516,(#1520,#1527),.PCURVE_S1.);
#1516 = LINE('',#1517,#1518);
#1517 = CARTESIAN_POINT('',(3.,40.05,30.));
#1518 = VECTOR('',#1519,1.);
#1519 = DIRECTION('',(1.,0.,0.));
#1520 = PCURVE('',#646,#1521);
#1521 = DEFINITIONAL_REPRESENTATION('',(#1522),#1526);
#1522 = LINE('',#1523,#1524);
#1523 = CARTESIAN_POINT('',(3.,40.05));
#1524 = VECTOR('',#1525,1.);
#1525 = DIRECTION('',(1.,0.));
#1526 = ( GEOMETRIC_REPRESENTATION_CONTEXT(2) 
PARAMETRIC_REPRESENTATION_CONTEXT() REPRESENTATION_CONTEXT('2D SPACE',''
  ) );
#1527 = PCURVE('',#1528,#1533);
#1528 = CYLINDRICAL_SURFACE('',#1529,1.5);
#1529 = AXIS2_PLACEMENT_3D('',#1530,#1531,#1532);
#1530 = CARTESIAN_POINT('',(3.,40.05,28.5));
#1531 = DIRECTION('',(1.,0.,0.));
#1532 = DIRECTION('',(0.,0.,1.));
#1533 = DEFINITIONAL_REPRESENTATION('',(#1534),#1538);
#1534 = LINE('',#1535,#1536);
#1535 = CARTESIAN_POINT('',(0.,0.));
#1536 = VECTOR('',#1537,1.);
#1537 = DIRECTION('',(0.,1.));
#1538 = ( GEOMETRIC_REPRESENTATION_CONTEXT(2) 
PARAMETRIC_REPRESENTATION_CONTEXT() REPRESENTATION_CONTEXT('2D SPACE',''
  ) );
#1539 = ORIENTED_EDGE('',*,*,#1540,.T.);
#1540 = EDGE_CURVE('',#1513,#1541,#1543,.T.);
#1541 = VERTEX_POINT('',#1542);
#1542 = CARTESIAN_POINT('',(8.5,41.692355414392,30.));
#1543 = SURFACE_CURVE('',#1544,(#1548,#1555),.PCURVE_S1.);
#1544 = LINE('',#1545,#1546);
#1545 = CARTESIAN_POINT('',(8.5,38.55,30.));
#1546 = VECTOR('',#1547,1.);
#1547 = DIRECTION('',(0.,1.,0.));
#1548 = PCURVE('',#646,#1549);
#1549 = DEFINITIONAL_REPRESENTATION('',(#1550),#1554);
#1550 = LINE('',#1551,#1552);
#1551 = CARTESIAN_POINT('',(8.5,38.55));
#1552 = VECTOR('',#1553,1.);
#1553 = DIRECTION('',(0.,1.));
#1554 = ( GEOMETRIC_REPRESENTATION_CONTEXT(2) 
PARAMETRIC_REPRESENTATION_CONTEXT() REPRESENTATION_CONTEXT('2D SPACE',''
  ) );
#1555 = PCURVE('',#1556,#1561);
#1556 = CYLINDRICAL_SURFACE('',#1557,1.5);
#1557 = AXIS2_PLACEMENT_3D('',#1558,#1559,#1560);
#1558 = CARTESIAN_POINT('',(8.5,38.55,28.5));
#1559 = DIRECTION('',(0.,1.,0.));
#1560 = DIRECTION('',(0.,-0.,1.));
#1561 = DEFINITIONAL_REPRESENTATION('',(#1562),#1566);
#1562 = LINE('',#1563,#1564);
#1563 = CARTESIAN_POINT('',(0.,0.));
#1564 = VECTOR('',#1565,1.);
#1565 = DIRECTION('',(0.,1.));
#1566 = ( GEOMETRIC_REPRESENTATION_CONTEXT(2) 
PARAMETRIC_REPRESENTATION_CONTEXT() REPRESENTATION_CONTEXT('2D SPACE',''
  ) );
#1567 = ORIENTED_EDGE('',*,*,#1568,.T.);
#1568 = EDGE_CURVE('',#1541,#1569,#1571,.T.);
#1569 = VERTEX_POINT('',#1570);
#1570 = CARTESIAN_POINT('',(-8.5,41.692355414392,30.));
#1571 = SURFACE_CURVE('',#1572,(#1577,#1588),.PCURVE_S1.);
#1572 = CIRCLE('',#1573,42.55);
#1573 = AXIS2_PLACEMENT_3D('',#1574,#1575,#1576);
#1574 = CARTESIAN_POINT('',(2.235075980712E-13,1.208149178763E-15,30.));
#1575 = DIRECTION('',(0.,-0.,-1.));
#1576 = DIRECTION('',(0.243605359318,0.969874439766,-0.));
#1577 = PCURVE('',#646,#1578);
#1578 = DEFINITIONAL_REPRESENTATION('',(#1579),#1587);
#1579 = ( BOUNDED_CURVE() B_SPLINE_CURVE(2,(#1580,#1581,#1582,#1583,
#1584,#1585,#1586),.UNSPECIFIED.,.T.,.F.) B_SPLINE_CURVE_WITH_KNOTS((1,2
    ,2,2,2,1),(-2.094395102393,0.,2.094395102393,4.188790204786,
6.28318530718,8.377580409573),.UNSPECIFIED.) CURVE() 
GEOMETRIC_REPRESENTATION_ITEM() RATIONAL_B_SPLINE_CURVE((1.,0.5,1.,0.5,
1.,0.5,1.)) REPRESENTATION_ITEM('') );
#1580 = CARTESIAN_POINT('',(10.365408038978,41.268157412047));
#1581 = CARTESIAN_POINT('',(81.843953411393,23.314744047356));
#1582 = CARTESIAN_POINT('',(30.55656866672,-29.61078538836));
#1583 = CARTESIAN_POINT('',(-20.73081607795,-82.53631482409));
#1584 = CARTESIAN_POINT('',(-40.92197670569,-11.65737202367));
#1585 = CARTESIAN_POINT('',(-61.11313733343,59.221570776739));
#1586 = CARTESIAN_POINT('',(10.365408038978,41.268157412047));
#1587 = ( GEOMETRIC_REPRESENTATION_CONTEXT(2) 
PARAMETRIC_REPRESENTATION_CONTEXT() REPRESENTATION_CONTEXT('2D SPACE',''
  ) );
#1588 = PCURVE('',#1589,#1594);
#1589 = TOROIDAL_SURFACE('',#1590,42.55,1.5);
#1590 = AXIS2_PLACEMENT_3D('',#1591,#1592,#1593);
#1591 = CARTESIAN_POINT('',(2.235075980712E-13,1.208149178763E-15,28.5)
  );
#1592 = DIRECTION('',(0.,0.,1.));
#1593 = DIRECTION('',(0.243605359318,0.969874439766,-0.));
#1594 = DEFINITIONAL_REPRESENTATION('',(#1595),#1599);
#1595 = LINE('',#1596,#1597);
#1596 = CARTESIAN_POINT('',(-0.,1.570796326795));
#1597 = VECTOR('',#1598,1.);
#1598 = DIRECTION('',(-1.,0.));
#1599 = ( GEOMETRIC_REPRESENTATION_CONTEXT(2) 
PARAMETRIC_REPRESENTATION_CONTEXT() REPRESENTATION_CONTEXT('2D SPACE',''
  ) );
#1600 = ORIENTED_EDGE('',*,*,#1601,.F.);
#1601 = EDGE_CURVE('',#1602,#1569,#1604,.T.);
#1602 = VERTEX_POINT('',#1603);
#1603 = CARTESIAN_POINT('',(-8.5,40.05,30.));
#1604 = SURFACE_CURVE('',#1605,(#1609,#1616),.PCURVE_S1.);
#1605 = LINE('',#1606,#1607);
#1606 = CARTESIAN_POINT('',(-8.5,38.55,30.));
#1607 = VECTOR('',#1608,1.);
#1608 = DIRECTION('',(0.,1.,0.));
#1609 = PCURVE('',#646,#1610);
#1610 = DEFINITIONAL_REPRESENTATION('',(#1611),#1615);
#1611 = LINE('',#1612,#1613);
#1612 = CARTESIAN_POINT('',(-8.5,38.55));
#1613 = VECTOR('',#1614,1.);
#1614 = DIRECTION('',(0.,1.));
#1615 = ( GEOMETRIC_REPRESENTATION_CONTEXT(2) 
PARAMETRIC_REPRESENTATION_CONTEXT() REPRESENTATION_CONTEXT('2D SPACE',''
  ) );
#1616 = PCURVE('',#1617,#1622);
#1617 = CYLINDRICAL_SURFACE('',#1618,1.5);
#1618 = AXIS2_PLACEMENT_3D('',#1619,#1620,#1621);
#1619 = CARTESIAN_POINT('',(-8.5,38.55,28.5));
#1620 = DIRECTION('',(0.,1.,0.));
#1621 = DIRECTION('',(0.,-0.,1.));
#1622 = DEFINITIONAL_REPRESENTATION('',(#1623),#1627);
#1623 = LINE('',#1624,#1625);
#1624 = CARTESIAN_POINT('',(-0.,0.));
#1625 = VECTOR('',#1626,1.);
#1626 = DIRECTION('',(-0.,1.));
#1627 = ( GEOMETRIC_REPRESENTATION_CONTEXT(2) 
PARAMETRIC_REPRESENTATION_CONTEXT() REPRESENTATION_CONTEXT('2D SPACE',''
  ) );
#1628 = ORIENTED_EDGE('',*,*,#1629,.T.);
#1629 = EDGE_CURVE('',#1602,#1630,#1632,.T.);
#1630 = VERTEX_POINT('',#1631);
#1631 = CARTESIAN_POINT('',(-4.5,40.05,30.));
#1632 = SURFACE_CURVE('',#1633,(#1637,#1644),.PCURVE_S1.);
#1633 = LINE('',#1634,#1635);
#1634 = CARTESIAN_POINT('',(-10.,40.05,30.));
#1635 = VECTOR('',#1636,1.);
#1636 = DIRECTION('',(1.,0.,0.));
#1637 = PCURVE('',#646,#1638);
#1638 = DEFINITIONAL_REPRESENTATION('',(#1639),#1643);
#1639 = LINE('',#1640,#1641);
#1640 = CARTESIAN_POINT('',(-10.,40.05));
#1641 = VECTOR('',#1642,1.);
#1642 = DIRECTION('',(1.,0.));
#1643 = ( GEOMETRIC_REPRESENTATION_CONTEXT(2) 
PARAMETRIC_REPRESENTATION_CONTEXT() REPRESENTATION_CONTEXT('2D SPACE',''
  ) );
#1644 = PCURVE('',#1645,#1650);
#1645 = CYLINDRICAL_SURFACE('',#1646,1.5);
#1646 = AXIS2_PLACEMENT_3D('',#1647,#1648,#1649);
#1647 = CARTESIAN_POINT('',(-10.,40.05,28.5));
#1648 = DIRECTION('',(1.,0.,0.));
#1649 = DIRECTION('',(0.,0.,1.));
#1650 = DEFINITIONAL_REPRESENTATION('',(#1651),#1655);
#1651 = LINE('',#1652,#1653);
#1652 = CARTESIAN_POINT('',(0.,0.));
#1653 = VECTOR('',#1654,1.);
#1654 = DIRECTION('',(0.,1.));
#1655 = ( GEOMETRIC_REPRESENTATION_CONTEXT(2) 
PARAMETRIC_REPRESENTATION_CONTEXT() REPRESENTATION_CONTEXT('2D SPACE',''
  ) );
#1656 = ORIENTED_EDGE('',*,*,#1657,.T.);
#1657 = EDGE_CURVE('',#1630,#1658,#1660,.T.);
#1658 = VERTEX_POINT('',#1659);
#1659 = CARTESIAN_POINT('',(-4.5,52.05,30.));
#1660 = SURFACE_CURVE('',#1661,(#1665,#1672),.PCURVE_S1.);
#1661 = LINE('',#1662,#1663);
#1662 = CARTESIAN_POINT('',(-4.5,38.55,30.));
#1663 = VECTOR('',#1664,1.);
#1664 = DIRECTION('',(0.,1.,0.));
#1665 = PCURVE('',#646,#1666);
#1666 = DEFINITIONAL_REPRESENTATION('',(#1667),#1671);
#1667 = LINE('',#1668,#1669);
#1668 = CARTESIAN_POINT('',(-4.5,38.55));
#1669 = VECTOR('',#1670,1.);
#1670 = DIRECTION('',(0.,1.));
#1671 = ( GEOMETRIC_REPRESENTATION_CONTEXT(2) 
PARAMETRIC_REPRESENTATION_CONTEXT() REPRESENTATION_CONTEXT('2D SPACE',''
  ) );
#1672 = PCURVE('',#1673,#1678);
#1673 = CYLINDRICAL_SURFACE('',#1674,1.5);
#1674 = AXIS2_PLACEMENT_3D('',#1675,#1676,#1677);
#1675 = CARTESIAN_POINT('',(-4.5,38.55,28.5));
#1676 = DIRECTION('',(0.,1.,0.));
#1677 = DIRECTION('',(0.,-0.,1.));
#1678 = DEFINITIONAL_REPRESENTATION('',(#1679),#1683);
#1679 = LINE('',#1680,#1681);
#1680 = CARTESIAN_POINT('',(0.,0.));
#1681 = VECTOR('',#1682,1.);
#1682 = DIRECTION('',(0.,1.));
#1683 = ( GEOMETRIC_REPRESENTATION_CONTEXT(2) 
PARAMETRIC_REPRESENTATION_CONTEXT() REPRESENTATION_CONTEXT('2D SPACE',''
  ) );
#1684 = ORIENTED_EDGE('',*,*,#1685,.F.);
#1685 = EDGE_CURVE('',#1686,#1658,#1688,.T.);
#1686 = VERTEX_POINT('',#1687);
#1687 = CARTESIAN_POINT('',(-8.5,52.05,30.));
#1688 = SURFACE_CURVE('',#1689,(#1693,#1700),.PCURVE_S1.);
#1689 = LINE('',#1690,#1691);
#1690 = CARTESIAN_POINT('',(-10.,52.05,30.));
#1691 = VECTOR('',#1692,1.);
#1692 = DIRECTION('',(1.,0.,0.));
#1693 = PCURVE('',#646,#1694);
#1694 = DEFINITIONAL_REPRESENTATION('',(#1695),#1699);
#1695 = LINE('',#1696,#1697);
#1696 = CARTESIAN_POINT('',(-10.,52.05));
#1697 = VECTOR('',#1698,1.);
#1698 = DIRECTION('',(1.,0.));
#1699 = ( GEOMETRIC_REPRESENTATION_CONTEXT(2) 
PARAMETRIC_REPRESENTATION_CONTEXT() REPRESENTATION_CONTEXT('2D SPACE',''
  ) );
#1700 = PCURVE('',#1701,#1706);
#1701 = CYLINDRICAL_SURFACE('',#1702,1.5);
#1702 = AXIS2_PLACEMENT_3D('',#1703,#1704,#1705);
#1703 = CARTESIAN_POINT('',(-10.,52.05,28.5));
#1704 = DIRECTION('',(1.,0.,0.));
#1705 = DIRECTION('',(0.,0.,1.));
#1706 = DEFINITIONAL_REPRESENTATION('',(#1707),#1711);
#1707 = LINE('',#1708,#1709);
#1708 = CARTESIAN_POINT('',(-0.,0.));
#1709 = VECTOR('',#1710,1.);
#1710 = DIRECTION('',(-0.,1.));
#1711 = ( GEOMETRIC_REPRESENTATION_CONTEXT(2) 
PARAMETRIC_REPRESENTATION_CONTEXT() REPRESENTATION_CONTEXT('2D SPACE',''
  ) );
#1712 = ORIENTED_EDGE('',*,*,#1713,.F.);
#1713 = EDGE_CURVE('',#1714,#1686,#1716,.T.);
#1714 = VERTEX_POINT('',#1715);
#1715 = CARTESIAN_POINT('',(-8.5,49.830236804575,30.));
#1716 = SURFACE_CURVE('',#1717,(#1721,#1728),.PCURVE_S1.);
#1717 = LINE('',#1718,#1719);
#1718 = CARTESIAN_POINT('',(-8.5,51.080353366044,30.));
#1719 = VECTOR('',#1720,1.);
#1720 = DIRECTION('',(0.,1.,0.));
#1721 = PCURVE('',#646,#1722);
#1722 = DEFINITIONAL_REPRESENTATION('',(#1723),#1727);
#1723 = LINE('',#1724,#1725);
#1724 = CARTESIAN_POINT('',(-8.5,51.080353366044));
#1725 = VECTOR('',#1726,1.);
#1726 = DIRECTION('',(0.,1.));
#1727 = ( GEOMETRIC_REPRESENTATION_CONTEXT(2) 
PARAMETRIC_REPRESENTATION_CONTEXT() REPRESENTATION_CONTEXT('2D SPACE',''
  ) );
#1728 = PCURVE('',#1729,#1734);
#1729 = CYLINDRICAL_SURFACE('',#1730,1.5);
#1730 = AXIS2_PLACEMENT_3D('',#1731,#1732,#1733);
#1731 = CARTESIAN_POINT('',(-8.5,51.080353366044,28.5));
#1732 = DIRECTION('',(0.,1.,0.));
#1733 = DIRECTION('',(0.,-0.,1.));
#1734 = DEFINITIONAL_REPRESENTATION('',(#1735),#1739);
#1735 = LINE('',#1736,#1737);
#1736 = CARTESIAN_POINT('',(-0.,0.));
#1737 = VECTOR('',#1738,1.);
#1738 = DIRECTION('',(-0.,1.));
#1739 = ( GEOMETRIC_REPRESENTATION_CONTEXT(2) 
PARAMETRIC_REPRESENTATION_CONTEXT() REPRESENTATION_CONTEXT('2D SPACE',''
  ) );
#1740 = ORIENTED_EDGE('',*,*,#1741,.T.);
#1741 = EDGE_CURVE('',#1714,#1742,#1744,.T.);
#1742 = VERTEX_POINT('',#1743);
#1743 = CARTESIAN_POINT('',(-1.5,-50.52773990591,30.));
#1744 = SURFACE_CURVE('',#1745,(#1750,#1757),.PCURVE_S1.);
#1745 = CIRCLE('',#1746,50.55);
#1746 = AXIS2_PLACEMENT_3D('',#1747,#1748,#1749);
#1747 = CARTESIAN_POINT('',(0.,0.,30.));
#1748 = DIRECTION('',(0.,0.,1.));
#1749 = DIRECTION('',(-0.192122958694,0.98137086198,0.));
#1750 = PCURVE('',#646,#1751);
#1751 = DEFINITIONAL_REPRESENTATION('',(#1752),#1756);
#1752 = CIRCLE('',#1753,50.55);
#1753 = AXIS2_PLACEMENT_2D('',#1754,#1755);
#1754 = CARTESIAN_POINT('',(3.720134685761E-15,6.058705378236E-17));
#1755 = DIRECTION('',(-0.192122958694,0.98137086198));
#1756 = ( GEOMETRIC_REPRESENTATION_CONTEXT(2) 
PARAMETRIC_REPRESENTATION_CONTEXT() REPRESENTATION_CONTEXT('2D SPACE',''
  ) );
#1757 = PCURVE('',#1758,#1763);
#1758 = TOROIDAL_SURFACE('',#1759,50.55,1.5);
#1759 = AXIS2_PLACEMENT_3D('',#1760,#1761,#1762);
#1760 = CARTESIAN_POINT('',(0.,0.,28.5));
#1761 = DIRECTION('',(-0.,-0.,-1.));
#1762 = DIRECTION('',(-0.192122958694,0.98137086198,0.));
#1763 = DEFINITIONAL_REPRESENTATION('',(#1764),#1768);
#1764 = LINE('',#1765,#1766);
#1765 = CARTESIAN_POINT('',(-0.,4.712388980385));
#1766 = VECTOR('',#1767,1.);
#1767 = DIRECTION('',(-1.,0.));
#1768 = ( GEOMETRIC_REPRESENTATION_CONTEXT(2) 
PARAMETRIC_REPRESENTATION_CONTEXT() REPRESENTATION_CONTEXT('2D SPACE',''
  ) );
#1769 = ORIENTED_EDGE('',*,*,#1770,.T.);
#1770 = EDGE_CURVE('',#1742,#532,#1771,.T.);
#1771 = SURFACE_CURVE('',#1772,(#1776,#1783),.PCURVE_S1.);
#1772 = LINE('',#1773,#1774);
#1773 = CARTESIAN_POINT('',(-1.5,-52.05,30.));
#1774 = VECTOR('',#1775,1.);
#1775 = DIRECTION('',(0.,1.,0.));
#1776 = PCURVE('',#646,#1777);
#1777 = DEFINITIONAL_REPRESENTATION('',(#1778),#1782);
#1778 = LINE('',#1779,#1780);
#1779 = CARTESIAN_POINT('',(-1.5,-52.05));
#1780 = VECTOR('',#1781,1.);
#1781 = DIRECTION('',(0.,1.));
#1782 = ( GEOMETRIC_REPRESENTATION_CONTEXT(2) 
PARAMETRIC_REPRESENTATION_CONTEXT() REPRESENTATION_CONTEXT('2D SPACE',''
  ) );
#1783 = PCURVE('',#595,#1784);
#1784 = DEFINITIONAL_REPRESENTATION('',(#1785),#1789);
#1785 = LINE('',#1786,#1787);
#1786 = CARTESIAN_POINT('',(0.,0.));
#1787 = VECTOR('',#1788,1.);
#1788 = DIRECTION('',(0.,1.));
#1789 = ( GEOMETRIC_REPRESENTATION_CONTEXT(2) 
PARAMETRIC_REPRESENTATION_CONTEXT() REPRESENTATION_CONTEXT('2D SPACE',''
  ) );
#1790 = ADVANCED_FACE('',(#1791),#595,.T.);
#1791 = FACE_BOUND('',#1792,.T.);
#1792 = EDGE_LOOP('',(#1793,#1886,#1887,#1888));
#1793 = ORIENTED_EDGE('',*,*,#1794,.T.);
#1794 = EDGE_CURVE('',#1742,#751,#1795,.T.);
#1795 = SURFACE_CURVE('',#1796,(#1824,#1855),.PCURVE_S1.);
#1796 = B_SPLINE_CURVE_WITH_KNOTS('',6,(#1797,#1798,#1799,#1800,#1801,
    #1802,#1803,#1804,#1805,#1806,#1807,#1808,#1809,#1810,#1811,#1812,
    #1813,#1814,#1815,#1816,#1817,#1818,#1819,#1820,#1821,#1822,#1823),
  .UNSPECIFIED.,.F.,.F.,(7,5,5,5,5,7),(0.,0.269418380731,0.52098195334,
    0.688168453337,0.810703347492,1.),.UNSPECIFIED.);
#1797 = CARTESIAN_POINT('',(-1.499999982476,-50.52773990643,30.));
#1798 = CARTESIAN_POINT('',(-1.410430247465,-50.62000819207,
    30.000000018654));
#1799 = CARTESIAN_POINT('',(-1.32076483861,-50.71217267084,
    29.993581723282));
#1800 = CARTESIAN_POINT('',(-1.231257679238,-50.80397301909,
    29.980719892617));
#1801 = CARTESIAN_POINT('',(-1.142195128799,-50.89511851211,
    29.96130312574));
#1802 = CARTESIAN_POINT('',(-1.05390526478,-50.98528068029,
    29.935161579185));
#1803 = CARTESIAN_POINT('',(-0.885424003537,-51.15698129271,
    29.871084269216));
#1804 = CARTESIAN_POINT('',(-0.805108206605,-51.23867026817,
    29.834054102174));
#1805 = CARTESIAN_POINT('',(-0.726128983519,-51.3188445366,
    29.79071502266));
#1806 = CARTESIAN_POINT('',(-0.648908110594,-51.39708678438,
    29.740787287973));
#1807 = CARTESIAN_POINT('',(-0.573993034166,-51.47285785654,
    29.683969755295));
#1808 = CARTESIAN_POINT('',(-0.454315094662,-51.59370723874,
    29.577329519793));
#1809 = CARTESIAN_POINT('',(-0.407878856322,-51.64054382637,
    29.53156319737));
#1810 = CARTESIAN_POINT('',(-0.362997042581,-51.68576247454,
    29.482506113821));
#1811 = CARTESIAN_POINT('',(-0.319941019603,-51.72909648596,
    29.430072332948));
#1812 = CARTESIAN_POINT('',(-0.279038970123,-51.7702233827,
    29.374209320183));
#1813 = CARTESIAN_POINT('',(-0.212549242051,-51.83702269696,
    29.271459565128));
#1814 = CARTESIAN_POINT('',(-0.185792218635,-51.86388582365,
    29.22616499663));
#1815 = CARTESIAN_POINT('',(-0.160549972516,-51.88921201745,
    29.179037683438));
#1816 = CARTESIAN_POINT('',(-0.136996454245,-51.91283035136,
    29.130110628489));
#1817 = CARTESIAN_POINT('',(-0.115317508577,-51.93455818284,
    29.079456659742));
#1818 = CARTESIAN_POINT('',(-6.539264660895E-02,-51.98457509087,
    28.946472012822));
#1819 = CARTESIAN_POINT('',(-3.998096924971E-02,-52.01001234063,
    28.861858662761));
#1820 = CARTESIAN_POINT('',(-2.020890880702E-02,-52.02979115393,
    28.773931087782));
#1821 = CARTESIAN_POINT('',(-6.732679939532E-03,-52.04326730441,
    28.683516263458));
#1822 = CARTESIAN_POINT('',(-8.348877145181E-14,-52.05,28.591737418315)
  );
#1823 = CARTESIAN_POINT('',(-8.348877145181E-14,-52.05,28.5));
#1824 = PCURVE('',#595,#1825);
#1825 = DEFINITIONAL_REPRESENTATION('',(#1826),#1854);
#1826 = B_SPLINE_CURVE_WITH_KNOTS('',6,(#1827,#1828,#1829,#1830,#1831,
    #1832,#1833,#1834,#1835,#1836,#1837,#1838,#1839,#1840,#1841,#1842,
    #1843,#1844,#1845,#1846,#1847,#1848,#1849,#1850,#1851,#1852,#1853),
  .UNSPECIFIED.,.F.,.F.,(7,5,5,5,5,7),(0.,0.269418380731,0.52098195334,
    0.688168453337,0.810703347492,1.),.UNSPECIFIED.);
#1827 = CARTESIAN_POINT('',(1.168291522783E-08,1.522260093563));
#1828 = CARTESIAN_POINT('',(5.971313331602E-02,1.429991807929));
#1829 = CARTESIAN_POINT('',(0.119490267704,1.337827329151));
#1830 = CARTESIAN_POINT('',(0.17954440435,1.24602698091));
#1831 = CARTESIAN_POINT('',(0.240074449767,1.15488148789));
#1832 = CARTESIAN_POINT('',(0.301285108527,1.064719319708));
#1833 = CARTESIAN_POINT('',(0.421455056782,0.893018707282));
#1834 = CARTESIAN_POINT('',(0.480277421601,0.811329731822));
#1835 = CARTESIAN_POINT('',(0.540113092554,0.731155463391));
#1836 = CARTESIAN_POINT('',(0.601168006445,0.652913215618));
#1837 = CARTESIAN_POINT('',(0.663655323022,0.57714214346));
#1838 = CARTESIAN_POINT('',(0.770519617094,0.456292761251));
#1839 = CARTESIAN_POINT('',(0.813930595355,0.409456173623));
#1840 = CARTESIAN_POINT('',(0.858166968889,0.364237525456));
#1841 = CARTESIAN_POINT('',(0.903296504039,0.320903514035));
#1842 = CARTESIAN_POINT('',(0.949377219084,0.279776617291));
#1843 = CARTESIAN_POINT('',(1.03096805763,0.212977303037));
#1844 = CARTESIAN_POINT('',(1.066010610732,0.186114176345));
#1845 = CARTESIAN_POINT('',(1.10160394418,0.160787982543));
#1846 = CARTESIAN_POINT('',(1.137752812363,0.137169648639));
#1847 = CARTESIAN_POINT('',(1.174447190177,0.11544181716));
#1848 = CARTESIAN_POINT('',(1.269145326164,6.542490912569E-02));
#1849 = CARTESIAN_POINT('',(1.327909474228,3.998765936576E-02));
#1850 = CARTESIAN_POINT('',(1.387763392065,2.020884606201E-02));
#1851 = CARTESIAN_POINT('',(1.448452265524,6.732695583392E-03));
#1852 = CARTESIAN_POINT('',(1.509638047918,-5.617296785081E-18));
#1853 = CARTESIAN_POINT('',(1.570796326795,0.));
#1854 = ( GEOMETRIC_REPRESENTATION_CONTEXT(2) 
PARAMETRIC_REPRESENTATION_CONTEXT() REPRESENTATION_CONTEXT('2D SPACE',''
  ) );
#1855 = PCURVE('',#1758,#1856);
#1856 = DEFINITIONAL_REPRESENTATION('',(#1857),#1885);
#1857 = B_SPLINE_CURVE_WITH_KNOTS('',6,(#1858,#1859,#1860,#1861,#1862,
    #1863,#1864,#1865,#1866,#1867,#1868,#1869,#1870,#1871,#1872,#1873,
    #1874,#1875,#1876,#1877,#1878,#1879,#1880,#1881,#1882,#1883,#1884),
  .UNSPECIFIED.,.F.,.F.,(7,5,5,5,5,7),(0.,0.269418380731,0.52098195334,
    0.688168453337,0.810703347492,1.),.UNSPECIFIED.);
#1858 = CARTESIAN_POINT('',(-2.918589758327,4.712388980385));
#1859 = CARTESIAN_POINT('',(-2.920415044644,4.772102144712));
#1860 = CARTESIAN_POINT('',(-2.922234399716,4.83187920483));
#1861 = CARTESIAN_POINT('',(-2.924042692331,4.891933417066));
#1862 = CARTESIAN_POINT('',(-2.925834278435,4.952463419413));
#1863 = CARTESIAN_POINT('',(-2.927602841222,5.013674088912));
#1864 = CARTESIAN_POINT('',(-2.930964035061,5.133844037167));
#1865 = CARTESIAN_POINT('',(-2.932560068496,5.192666401986));
#1866 = CARTESIAN_POINT('',(-2.93412352681,5.252502072939));
#1867 = CARTESIAN_POINT('',(-2.935646487437,5.31355698683));
#1868 = CARTESIAN_POINT('',(-2.937118760355,5.376044303407));
#1869 = CARTESIAN_POINT('',(-2.939463169621,5.482908597479));
#1870 = CARTESIAN_POINT('',(-2.940370731909,5.52631957574));
#1871 = CARTESIAN_POINT('',(-2.94124598067,5.570555949274));
#1872 = CARTESIAN_POINT('',(-2.942083883854,5.615685484424));
#1873 = CARTESIAN_POINT('',(-2.94287835733,5.661766199469));
#1874 = CARTESIAN_POINT('',(-2.944167687163,5.743357038015));
#1875 = CARTESIAN_POINT('',(-2.944685831892,5.778399591116));
#1876 = CARTESIAN_POINT('',(-2.945174021588,5.813992924565));
#1877 = CARTESIAN_POINT('',(-2.945629030882,5.850141792748));
#1878 = CARTESIAN_POINT('',(-2.94604741264,5.886836170562));
#1879 = CARTESIAN_POINT('',(-2.947010122319,5.981534306549));
#1880 = CARTESIAN_POINT('',(-2.947499321666,6.040298454612));
#1881 = CARTESIAN_POINT('',(-2.947879447784,6.10015237245));
#1882 = CARTESIAN_POINT('',(-2.948138354081,6.160841245908));
#1883 = CARTESIAN_POINT('',(-2.948267704919,6.222027028303));
#1884 = CARTESIAN_POINT('',(-2.948267704919,6.28318530718));
#1885 = ( GEOMETRIC_REPRESENTATION_CONTEXT(2) 
PARAMETRIC_REPRESENTATION_CONTEXT() REPRESENTATION_CONTEXT('2D SPACE',''
  ) );
#1886 = ORIENTED_EDGE('',*,*,#750,.T.);
#1887 = ORIENTED_EDGE('',*,*,#531,.T.);
#1888 = ORIENTED_EDGE('',*,*,#1770,.F.);
#1889 = ADVANCED_FACE('',(#1890,#1938),#682,.F.);
#1890 = FACE_BOUND('',#1891,.F.);
#1891 = EDGE_LOOP('',(#1892,#1893,#1916,#1937));
#1892 = ORIENTED_EDGE('',*,*,#1347,.T.);
#1893 = ORIENTED_EDGE('',*,*,#1894,.T.);
#1894 = EDGE_CURVE('',#1348,#1895,#1897,.T.);
#1895 = VERTEX_POINT('',#1896);
#1896 = CARTESIAN_POINT('',(3.,38.55,28.5));
#1897 = SURFACE_CURVE('',#1898,(#1902,#1909),.PCURVE_S1.);
#1898 = LINE('',#1899,#1900);
#1899 = CARTESIAN_POINT('',(3.,53.55,28.5));
#1900 = VECTOR('',#1901,1.);
#1901 = DIRECTION('',(0.,-1.,0.));
#1902 = PCURVE('',#682,#1903);
#1903 = DEFINITIONAL_REPRESENTATION('',(#1904),#1908);
#1904 = LINE('',#1905,#1906);
#1905 = CARTESIAN_POINT('',(30.5,-66.55));
#1906 = VECTOR('',#1907,1.);
#1907 = DIRECTION('',(0.,1.));
#1908 = ( GEOMETRIC_REPRESENTATION_CONTEXT(2) 
PARAMETRIC_REPRESENTATION_CONTEXT() REPRESENTATION_CONTEXT('2D SPACE',''
  ) );
#1909 = PCURVE('',#1500,#1910);
#1910 = DEFINITIONAL_REPRESENTATION('',(#1911),#1915);
#1911 = LINE('',#1912,#1913);
#1912 = CARTESIAN_POINT('',(1.570796326795,0.));
#1913 = VECTOR('',#1914,1.);
#1914 = DIRECTION('',(0.,1.));
#1915 = ( GEOMETRIC_REPRESENTATION_CONTEXT(2) 
PARAMETRIC_REPRESENTATION_CONTEXT() REPRESENTATION_CONTEXT('2D SPACE',''
  ) );
#1916 = ORIENTED_EDGE('',*,*,#1917,.F.);
#1917 = EDGE_CURVE('',#1125,#1895,#1918,.T.);
#1918 = SURFACE_CURVE('',#1919,(#1923,#1930),.PCURVE_S1.);
#1919 = LINE('',#1920,#1921);
#1920 = CARTESIAN_POINT('',(3.,38.55,0.));
#1921 = VECTOR('',#1922,1.);
#1922 = DIRECTION('',(0.,0.,1.));
#1923 = PCURVE('',#682,#1924);
#1924 = DEFINITIONAL_REPRESENTATION('',(#1925),#1929);
#1925 = LINE('',#1926,#1927);
#1926 = CARTESIAN_POINT('',(2.,-51.55));
#1927 = VECTOR('',#1928,1.);
#1928 = DIRECTION('',(1.,0.));
#1929 = ( GEOMETRIC_REPRESENTATION_CONTEXT(2) 
PARAMETRIC_REPRESENTATION_CONTEXT() REPRESENTATION_CONTEXT('2D SPACE',''
  ) );
#1930 = PCURVE('',#1163,#1931);
#1931 = DEFINITIONAL_REPRESENTATION('',(#1932),#1936);
#1932 = LINE('',#1933,#1934);
#1933 = CARTESIAN_POINT('',(0.,0.));
#1934 = VECTOR('',#1935,1.);
#1935 = DIRECTION('',(1.,0.));
#1936 = ( GEOMETRIC_REPRESENTATION_CONTEXT(2) 
PARAMETRIC_REPRESENTATION_CONTEXT() REPRESENTATION_CONTEXT('2D SPACE',''
  ) );
#1937 = ORIENTED_EDGE('',*,*,#1124,.T.);
#1938 = FACE_BOUND('',#1939,.F.);
#1939 = EDGE_LOOP('',(#1940));
#1940 = ORIENTED_EDGE('',*,*,#665,.T.);
#1941 = ADVANCED_FACE('',(#1942),#789,.T.);
#1942 = FACE_BOUND('',#1943,.F.);
#1943 = EDGE_LOOP('',(#1944,#1945,#1946,#1967,#1999,#2031,#2057,#2089,
    #2121,#2147,#2180,#2206,#2238,#2270,#2296,#2328,#2360,#2379,#2380,
    #2401));
#1944 = ORIENTED_EDGE('',*,*,#773,.F.);
#1945 = ORIENTED_EDGE('',*,*,#1076,.F.);
#1946 = ORIENTED_EDGE('',*,*,#1947,.F.);
#1947 = EDGE_CURVE('',#1948,#1049,#1950,.T.);
#1948 = VERTEX_POINT('',#1949);
#1949 = CARTESIAN_POINT('',(-48.45825523066,-19.,14.060303038033));
#1950 = SURFACE_CURVE('',#1951,(#1955,#1961),.PCURVE_S1.);
#1951 = LINE('',#1952,#1953);
#1952 = CARTESIAN_POINT('',(-48.45825523066,-19.,0.));
#1953 = VECTOR('',#1954,1.);
#1954 = DIRECTION('',(-0.,-0.,-1.));
#1955 = PCURVE('',#789,#1956);
#1956 = DEFINITIONAL_REPRESENTATION('',(#1957),#1960);
#1957 = B_SPLINE_CURVE_WITH_KNOTS('',1,(#1958,#1959),.UNSPECIFIED.,.F.,
  .F.,(2,2),(-18.7,6.E-07),.PIECEWISE_BEZIER_KNOTS.);
#1958 = CARTESIAN_POINT('',(-3.515261569967,-18.7));
#1959 = CARTESIAN_POINT('',(-3.515261569967,6.E-07));
#1960 = ( GEOMETRIC_REPRESENTATION_CONTEXT(2) 
PARAMETRIC_REPRESENTATION_CONTEXT() REPRESENTATION_CONTEXT('2D SPACE',''
  ) );
#1961 = PCURVE('',#1064,#1962);
#1962 = DEFINITIONAL_REPRESENTATION('',(#1963),#1966);
#1963 = B_SPLINE_CURVE_WITH_KNOTS('',1,(#1964,#1965),.UNSPECIFIED.,.F.,
  .F.,(2,2),(-18.7,6.E-07),.PIECEWISE_BEZIER_KNOTS.);
#1964 = CARTESIAN_POINT('',(18.7,63.541744769338));
#1965 = CARTESIAN_POINT('',(-6.E-07,63.541744769338));
#1966 = ( GEOMETRIC_REPRESENTATION_CONTEXT(2) 
PARAMETRIC_REPRESENTATION_CONTEXT() REPRESENTATION_CONTEXT('2D SPACE',''
  ) );
#1967 = ORIENTED_EDGE('',*,*,#1968,.F.);
#1968 = EDGE_CURVE('',#1969,#1948,#1971,.T.);
#1969 = VERTEX_POINT('',#1970);
#1970 = CARTESIAN_POINT('',(-45.89898458419,-24.54558441227,
    8.514718625761));
#1971 = SURFACE_CURVE('',#1972,(#1977,#1987),.PCURVE_S1.);
#1972 = ELLIPSE('',#1973,73.60981592152,52.05);
#1973 = AXIS2_PLACEMENT_3D('',#1974,#1975,#1976);
#1974 = CARTESIAN_POINT('',(0.,0.,33.060303038033));
#1975 = DIRECTION('',(0.,0.707106781187,-0.707106781187));
#1976 = DIRECTION('',(0.,-0.707106781187,-0.707106781187));
#1977 = PCURVE('',#789,#1978);
#1978 = DEFINITIONAL_REPRESENTATION('',(#1979),#1986);
#1979 = B_SPLINE_CURVE_WITH_KNOTS('',5,(#1980,#1981,#1982,#1983,#1984,
    #1985),.UNSPECIFIED.,.F.,.F.,(6,6),(1.061137795324,1.27421435458),
  .PIECEWISE_BEZIER_KNOTS.);
#1980 = CARTESIAN_POINT('',(-3.651251185061,-7.666190488338));
#1981 = CARTESIAN_POINT('',(-3.608635873209,-9.602418271628));
#1982 = CARTESIAN_POINT('',(-3.566020561358,-11.59629268776));
#1983 = CARTESIAN_POINT('',(-3.523405249507,-13.64048847754));
#1984 = CARTESIAN_POINT('',(-3.480789937656,-15.72724235507));
#1985 = CARTESIAN_POINT('',(-3.438174625805,-17.84852813742));
#1986 = ( GEOMETRIC_REPRESENTATION_CONTEXT(2) 
PARAMETRIC_REPRESENTATION_CONTEXT() REPRESENTATION_CONTEXT('2D SPACE',''
  ) );
#1987 = PCURVE('',#1988,#1993);
#1988 = PLANE('',#1989);
#1989 = AXIS2_PLACEMENT_3D('',#1990,#1991,#1992);
#1990 = CARTESIAN_POINT('',(-113.,-24.54558441227,8.514718625761));
#1991 = DIRECTION('',(0.,0.707106781187,-0.707106781187));
#1992 = DIRECTION('',(0.,0.707106781187,0.707106781187));
#1993 = DEFINITIONAL_REPRESENTATION('',(#1994),#1998);
#1994 = ELLIPSE('',#1995,73.60981592152,52.05);
#1995 = AXIS2_PLACEMENT_2D('',#1996,#1997);
#1996 = CARTESIAN_POINT('',(34.712698372208,113.));
#1997 = DIRECTION('',(-1.,0.));
#1998 = ( GEOMETRIC_REPRESENTATION_CONTEXT(2) 
PARAMETRIC_REPRESENTATION_CONTEXT() REPRESENTATION_CONTEXT('2D SPACE',''
  ) );
#1999 = ORIENTED_EDGE('',*,*,#2000,.T.);
#2000 = EDGE_CURVE('',#1969,#2001,#2003,.T.);
#2001 = VERTEX_POINT('',#2002);
#2002 = CARTESIAN_POINT('',(-44.05,-27.72724292099,11.696377134487));
#2003 = SURFACE_CURVE('',#2004,(#2009,#2019),.PCURVE_S1.);
#2004 = ELLIPSE('',#2005,73.60981592152,52.05);
#2005 = AXIS2_PLACEMENT_3D('',#2006,#2007,#2008);
#2006 = CARTESIAN_POINT('',(0.,0.,-16.03086578651));
#2007 = DIRECTION('',(0.,0.707106781187,0.707106781187));
#2008 = DIRECTION('',(0.,0.707106781187,-0.707106781187));
#2009 = PCURVE('',#789,#2010);
#2010 = DEFINITIONAL_REPRESENTATION('',(#2011),#2018);
#2011 = B_SPLINE_CURVE_WITH_KNOTS('',5,(#2012,#2013,#2014,#2015,#2016,
    #2017),.UNSPECIFIED.,.F.,.F.,(6,6),(2.043477222237,2.279566915432),
  .PIECEWISE_BEZIER_KNOTS.);
#2012 = CARTESIAN_POINT('',(-3.614273549032,-7.666190488338));
#2013 = CARTESIAN_POINT('',(-3.661491487671,-9.85440040197));
#2014 = CARTESIAN_POINT('',(-3.70870942631,-11.97656873228));
#2015 = CARTESIAN_POINT('',(-3.755927364949,-14.02253057437));
#2016 = CARTESIAN_POINT('',(-3.803145303588,-15.9827388103));
#2017 = CARTESIAN_POINT('',(-3.850363242227,-17.84852813742));
#2018 = ( GEOMETRIC_REPRESENTATION_CONTEXT(2) 
PARAMETRIC_REPRESENTATION_CONTEXT() REPRESENTATION_CONTEXT('2D SPACE',''
  ) );
#2019 = PCURVE('',#2020,#2025);
#2020 = PLANE('',#2021);
#2021 = AXIS2_PLACEMENT_3D('',#2022,#2023,#2024);
#2022 = CARTESIAN_POINT('',(-113.,-33.03086578651,17.));
#2023 = DIRECTION('',(0.,0.707106781187,0.707106781187));
#2024 = DIRECTION('',(1.,0.,0.));
#2025 = DEFINITIONAL_REPRESENTATION('',(#2026),#2030);
#2026 = ELLIPSE('',#2027,73.60981592152,52.05);
#2027 = AXIS2_PLACEMENT_2D('',#2028,#2029);
#2028 = CARTESIAN_POINT('',(113.,46.712698372208));
#2029 = DIRECTION('',(0.,1.));
#2030 = ( GEOMETRIC_REPRESENTATION_CONTEXT(2) 
PARAMETRIC_REPRESENTATION_CONTEXT() REPRESENTATION_CONTEXT('2D SPACE',''
  ) );
#2031 = ORIENTED_EDGE('',*,*,#2032,.F.);
#2032 = EDGE_CURVE('',#2033,#2001,#2035,.T.);
#2033 = VERTEX_POINT('',#2034);
#2034 = CARTESIAN_POINT('',(-44.05,-27.72724292099,22.303622865513));
#2035 = SURFACE_CURVE('',#2036,(#2040,#2046),.PCURVE_S1.);
#2036 = LINE('',#2037,#2038);
#2037 = CARTESIAN_POINT('',(-44.05,-27.72724292099,0.));
#2038 = VECTOR('',#2039,1.);
#2039 = DIRECTION('',(-0.,-0.,-1.));
#2040 = PCURVE('',#789,#2041);
#2041 = DEFINITIONAL_REPRESENTATION('',(#2042),#2045);
#2042 = B_SPLINE_CURVE_WITH_KNOTS('',1,(#2043,#2044),.UNSPECIFIED.,.F.,
  .F.,(2,2),(-24.00067914036,-9.99932085964),.PIECEWISE_BEZIER_KNOTS.);
#2043 = CARTESIAN_POINT('',(-3.703385089914,-24.00067914036));
#2044 = CARTESIAN_POINT('',(-3.703385089914,-9.99932085964));
#2045 = ( GEOMETRIC_REPRESENTATION_CONTEXT(2) 
PARAMETRIC_REPRESENTATION_CONTEXT() REPRESENTATION_CONTEXT('2D SPACE',''
  ) );
#2046 = PCURVE('',#2047,#2052);
#2047 = PLANE('',#2048);
#2048 = AXIS2_PLACEMENT_3D('',#2049,#2050,#2051);
#2049 = CARTESIAN_POINT('',(-44.05,-33.03086578651,17.));
#2050 = DIRECTION('',(1.,0.,0.));
#2051 = DIRECTION('',(0.,0.707106781187,0.707106781187));
#2052 = DEFINITIONAL_REPRESENTATION('',(#2053),#2056);
#2053 = B_SPLINE_CURVE_WITH_KNOTS('',1,(#2054,#2055),.UNSPECIFIED.,.F.,
  .F.,(2,2),(-24.00067914036,-9.99932085964),.PIECEWISE_BEZIER_KNOTS.);
#2054 = CARTESIAN_POINT('',(8.70045538612,1.2));
#2055 = CARTESIAN_POINT('',(-1.2,-8.70045538612));
#2056 = ( GEOMETRIC_REPRESENTATION_CONTEXT(2) 
PARAMETRIC_REPRESENTATION_CONTEXT() REPRESENTATION_CONTEXT('2D SPACE',''
  ) );
#2057 = ORIENTED_EDGE('',*,*,#2058,.T.);
#2058 = EDGE_CURVE('',#2033,#2059,#2061,.T.);
#2059 = VERTEX_POINT('',#2060);
#2060 = CARTESIAN_POINT('',(-45.89898458419,-24.54558441227,
    25.485281374239));
#2061 = SURFACE_CURVE('',#2062,(#2067,#2077),.PCURVE_S1.);
#2062 = ELLIPSE('',#2063,73.60981592152,52.05);
#2063 = AXIS2_PLACEMENT_3D('',#2064,#2065,#2066);
#2064 = CARTESIAN_POINT('',(0.,0.,50.03086578651));
#2065 = DIRECTION('',(0.,0.707106781187,-0.707106781187));
#2066 = DIRECTION('',(0.,-0.707106781187,-0.707106781187));
#2067 = PCURVE('',#789,#2068);
#2068 = DEFINITIONAL_REPRESENTATION('',(#2069),#2076);
#2069 = B_SPLINE_CURVE_WITH_KNOTS('',5,(#2070,#2071,#2072,#2073,#2074,
    #2075),.UNSPECIFIED.,.F.,.F.,(6,6),(0.862025738158,1.098115431352),
  .PIECEWISE_BEZIER_KNOTS.);
#2070 = CARTESIAN_POINT('',(-3.850363242227,-16.15147186257));
#2071 = CARTESIAN_POINT('',(-3.803145303588,-18.01726118969));
#2072 = CARTESIAN_POINT('',(-3.755927364949,-19.97746942562));
#2073 = CARTESIAN_POINT('',(-3.70870942631,-22.02343126771));
#2074 = CARTESIAN_POINT('',(-3.661491487671,-24.14559959803));
#2075 = CARTESIAN_POINT('',(-3.614273549032,-26.33380951166));
#2076 = ( GEOMETRIC_REPRESENTATION_CONTEXT(2) 
PARAMETRIC_REPRESENTATION_CONTEXT() REPRESENTATION_CONTEXT('2D SPACE',''
  ) );
#2077 = PCURVE('',#2078,#2083);
#2078 = PLANE('',#2079);
#2079 = AXIS2_PLACEMENT_3D('',#2080,#2081,#2082);
#2080 = CARTESIAN_POINT('',(-113.,-33.03086578651,17.));
#2081 = DIRECTION('',(0.,0.707106781187,-0.707106781187));
#2082 = DIRECTION('',(0.,0.707106781187,0.707106781187));
#2083 = DEFINITIONAL_REPRESENTATION('',(#2084),#2088);
#2084 = ELLIPSE('',#2085,73.60981592152,52.05);
#2085 = AXIS2_PLACEMENT_2D('',#2086,#2087);
#2086 = CARTESIAN_POINT('',(46.712698372208,113.));
#2087 = DIRECTION('',(-1.,0.));
#2088 = ( GEOMETRIC_REPRESENTATION_CONTEXT(2) 
PARAMETRIC_REPRESENTATION_CONTEXT() REPRESENTATION_CONTEXT('2D SPACE',''
  ) );
#2089 = ORIENTED_EDGE('',*,*,#2090,.F.);
#2090 = EDGE_CURVE('',#2091,#2059,#2093,.T.);
#2091 = VERTEX_POINT('',#2092);
#2092 = CARTESIAN_POINT('',(-47.17205210715,-22.,22.939696961967));
#2093 = SURFACE_CURVE('',#2094,(#2099,#2109),.PCURVE_S1.);
#2094 = ELLIPSE('',#2095,73.60981592152,52.05);
#2095 = AXIS2_PLACEMENT_3D('',#2096,#2097,#2098);
#2096 = CARTESIAN_POINT('',(0.,0.,0.939696961967));
#2097 = DIRECTION('',(0.,0.707106781187,0.707106781187));
#2098 = DIRECTION('',(0.,0.707106781187,-0.707106781187));
#2099 = PCURVE('',#789,#2100);
#2100 = DEFINITIONAL_REPRESENTATION('',(#2101),#2108);
#2101 = B_SPLINE_CURVE_WITH_KNOTS('',5,(#2102,#2103,#2104,#2105,#2106,
    #2107),.UNSPECIFIED.,.F.,.F.,(6,6),(1.86737829901,2.080454858266),
  .PIECEWISE_BEZIER_KNOTS.);
#2102 = CARTESIAN_POINT('',(-3.438174625805,-16.15147186257));
#2103 = CARTESIAN_POINT('',(-3.480789937656,-18.27275764493));
#2104 = CARTESIAN_POINT('',(-3.523405249507,-20.35951152245));
#2105 = CARTESIAN_POINT('',(-3.566020561358,-22.40370731223));
#2106 = CARTESIAN_POINT('',(-3.608635873209,-24.39758172837));
#2107 = CARTESIAN_POINT('',(-3.651251185061,-26.33380951166));
#2108 = ( GEOMETRIC_REPRESENTATION_CONTEXT(2) 
PARAMETRIC_REPRESENTATION_CONTEXT() REPRESENTATION_CONTEXT('2D SPACE',''
  ) );
#2109 = PCURVE('',#2110,#2115);
#2110 = PLANE('',#2111);
#2111 = AXIS2_PLACEMENT_3D('',#2112,#2113,#2114);
#2112 = CARTESIAN_POINT('',(-113.,-24.54558441227,25.485281374239));
#2113 = DIRECTION('',(0.,0.707106781187,0.707106781187));
#2114 = DIRECTION('',(1.,0.,0.));
#2115 = DEFINITIONAL_REPRESENTATION('',(#2116),#2120);
#2116 = ELLIPSE('',#2117,73.60981592152,52.05);
#2117 = AXIS2_PLACEMENT_2D('',#2118,#2119);
#2118 = CARTESIAN_POINT('',(113.,34.712698372208));
#2119 = DIRECTION('',(0.,1.));
#2120 = ( GEOMETRIC_REPRESENTATION_CONTEXT(2) 
PARAMETRIC_REPRESENTATION_CONTEXT() REPRESENTATION_CONTEXT('2D SPACE',''
  ) );
#2121 = ORIENTED_EDGE('',*,*,#2122,.F.);
#2122 = EDGE_CURVE('',#2123,#2091,#2125,.T.);
#2123 = VERTEX_POINT('',#2124);
#2124 = CARTESIAN_POINT('',(-47.17205210715,-22.,25.));
#2125 = SURFACE_CURVE('',#2126,(#2130,#2136),.PCURVE_S1.);
#2126 = LINE('',#2127,#2128);
#2127 = CARTESIAN_POINT('',(-47.17205210715,-22.,0.));
#2128 = VECTOR('',#2129,1.);
#2129 = DIRECTION('',(-0.,-0.,-1.));
#2130 = PCURVE('',#789,#2131);
#2131 = DEFINITIONAL_REPRESENTATION('',(#2132),#2135);
#2132 = B_SPLINE_CURVE_WITH_KNOTS('',1,(#2133,#2134),.UNSPECIFIED.,.F.,
  .F.,(2,2),(-25.8,-16.2),.PIECEWISE_BEZIER_KNOTS.);
#2133 = CARTESIAN_POINT('',(-3.577982615974,-25.8));
#2134 = CARTESIAN_POINT('',(-3.577982615974,-16.2));
#2135 = ( GEOMETRIC_REPRESENTATION_CONTEXT(2) 
PARAMETRIC_REPRESENTATION_CONTEXT() REPRESENTATION_CONTEXT('2D SPACE',''
  ) );
#2136 = PCURVE('',#2137,#2142);
#2137 = PLANE('',#2138);
#2138 = AXIS2_PLACEMENT_3D('',#2139,#2140,#2141);
#2139 = CARTESIAN_POINT('',(-112.,-22.,17.));
#2140 = DIRECTION('',(0.,1.,0.));
#2141 = DIRECTION('',(0.,0.,1.));
#2142 = DEFINITIONAL_REPRESENTATION('',(#2143),#2146);
#2143 = B_SPLINE_CURVE_WITH_KNOTS('',1,(#2144,#2145),.UNSPECIFIED.,.F.,
  .F.,(2,2),(-25.8,-16.2),.PIECEWISE_BEZIER_KNOTS.);
#2144 = CARTESIAN_POINT('',(8.8,64.827947892847));
#2145 = CARTESIAN_POINT('',(-0.8,64.827947892847));
#2146 = ( GEOMETRIC_REPRESENTATION_CONTEXT(2) 
PARAMETRIC_REPRESENTATION_CONTEXT() REPRESENTATION_CONTEXT('2D SPACE',''
  ) );
#2147 = ORIENTED_EDGE('',*,*,#2148,.T.);
#2148 = EDGE_CURVE('',#2123,#2149,#2151,.T.);
#2149 = VERTEX_POINT('',#2150);
#2150 = CARTESIAN_POINT('',(-47.17205210715,22.,25.));
#2151 = SURFACE_CURVE('',#2152,(#2157,#2164),.PCURVE_S1.);
#2152 = CIRCLE('',#2153,52.05);
#2153 = AXIS2_PLACEMENT_3D('',#2154,#2155,#2156);
#2154 = CARTESIAN_POINT('',(0.,0.,25.));
#2155 = DIRECTION('',(0.,0.,-1.));
#2156 = DIRECTION('',(1.,0.,0.));
#2157 = PCURVE('',#789,#2158);
#2158 = DEFINITIONAL_REPRESENTATION('',(#2159),#2163);
#2159 = LINE('',#2160,#2161);
#2160 = CARTESIAN_POINT('',(-6.28318530718,-25.));
#2161 = VECTOR('',#2162,1.);
#2162 = DIRECTION('',(1.,-0.));
#2163 = ( GEOMETRIC_REPRESENTATION_CONTEXT(2) 
PARAMETRIC_REPRESENTATION_CONTEXT() REPRESENTATION_CONTEXT('2D SPACE',''
  ) );
#2164 = PCURVE('',#2165,#2170);
#2165 = PLANE('',#2166);
#2166 = AXIS2_PLACEMENT_3D('',#2167,#2168,#2169);
#2167 = CARTESIAN_POINT('',(-112.,-22.,25.));
#2168 = DIRECTION('',(0.,0.,1.));
#2169 = DIRECTION('',(1.,0.,0.));
#2170 = DEFINITIONAL_REPRESENTATION('',(#2171),#2179);
#2171 = ( BOUNDED_CURVE() B_SPLINE_CURVE(2,(#2172,#2173,#2174,#2175,
#2176,#2177,#2178),.UNSPECIFIED.,.T.,.F.) B_SPLINE_CURVE_WITH_KNOTS((1,2
    ,2,2,2,1),(-2.094395102393,0.,2.094395102393,4.188790204786,
6.28318530718,8.377580409573),.UNSPECIFIED.) CURVE() 
GEOMETRIC_REPRESENTATION_ITEM() RATIONAL_B_SPLINE_CURVE((1.,0.5,1.,0.5,
1.,0.5,1.)) REPRESENTATION_ITEM('') );
#2172 = CARTESIAN_POINT('',(164.05,22.));
#2173 = CARTESIAN_POINT('',(164.05,-68.15324453396));
#2174 = CARTESIAN_POINT('',(85.975,-23.07662226698));
#2175 = CARTESIAN_POINT('',(7.9,22.));
#2176 = CARTESIAN_POINT('',(85.975,67.07662226698));
#2177 = CARTESIAN_POINT('',(164.05,112.15324453396));
#2178 = CARTESIAN_POINT('',(164.05,22.));
#2179 = ( GEOMETRIC_REPRESENTATION_CONTEXT(2) 
PARAMETRIC_REPRESENTATION_CONTEXT() REPRESENTATION_CONTEXT('2D SPACE',''
  ) );
#2180 = ORIENTED_EDGE('',*,*,#2181,.T.);
#2181 = EDGE_CURVE('',#2149,#2182,#2184,.T.);
#2182 = VERTEX_POINT('',#2183);
#2183 = CARTESIAN_POINT('',(-47.17205210715,22.,22.939696961967));
#2184 = SURFACE_CURVE('',#2185,(#2189,#2195),.PCURVE_S1.);
#2185 = LINE('',#2186,#2187);
#2186 = CARTESIAN_POINT('',(-47.17205210715,22.,0.));
#2187 = VECTOR('',#2188,1.);
#2188 = DIRECTION('',(-0.,-0.,-1.));
#2189 = PCURVE('',#789,#2190);
#2190 = DEFINITIONAL_REPRESENTATION('',(#2191),#2194);
#2191 = B_SPLINE_CURVE_WITH_KNOTS('',1,(#2192,#2193),.UNSPECIFIED.,.F.,
  .F.,(2,2),(-25.8,-16.2),.PIECEWISE_BEZIER_KNOTS.);
#2192 = CARTESIAN_POINT('',(-2.705202691205,-25.8));
#2193 = CARTESIAN_POINT('',(-2.705202691205,-16.2));
#2194 = ( GEOMETRIC_REPRESENTATION_CONTEXT(2) 
PARAMETRIC_REPRESENTATION_CONTEXT() REPRESENTATION_CONTEXT('2D SPACE',''
  ) );
#2195 = PCURVE('',#2196,#2201);
#2196 = PLANE('',#2197);
#2197 = AXIS2_PLACEMENT_3D('',#2198,#2199,#2200);
#2198 = CARTESIAN_POINT('',(-112.,22.,17.));
#2199 = DIRECTION('',(0.,1.,0.));
#2200 = DIRECTION('',(0.,0.,1.));
#2201 = DEFINITIONAL_REPRESENTATION('',(#2202),#2205);
#2202 = B_SPLINE_CURVE_WITH_KNOTS('',1,(#2203,#2204),.UNSPECIFIED.,.F.,
  .F.,(2,2),(-25.8,-16.2),.PIECEWISE_BEZIER_KNOTS.);
#2203 = CARTESIAN_POINT('',(8.8,64.827947892847));
#2204 = CARTESIAN_POINT('',(-0.8,64.827947892847));
#2205 = ( GEOMETRIC_REPRESENTATION_CONTEXT(2) 
PARAMETRIC_REPRESENTATION_CONTEXT() REPRESENTATION_CONTEXT('2D SPACE',''
  ) );
#2206 = ORIENTED_EDGE('',*,*,#2207,.F.);
#2207 = EDGE_CURVE('',#2208,#2182,#2210,.T.);
#2208 = VERTEX_POINT('',#2209);
#2209 = CARTESIAN_POINT('',(-45.89898458419,24.545584412272,
    25.485281374239));
#2210 = SURFACE_CURVE('',#2211,(#2216,#2226),.PCURVE_S1.);
#2211 = ELLIPSE('',#2212,73.60981592152,52.05);
#2212 = AXIS2_PLACEMENT_3D('',#2213,#2214,#2215);
#2213 = CARTESIAN_POINT('',(0.,0.,0.939696961967));
#2214 = DIRECTION('',(0.,-0.707106781187,0.707106781187));
#2215 = DIRECTION('',(0.,-0.707106781187,-0.707106781187));
#2216 = PCURVE('',#789,#2217);
#2217 = DEFINITIONAL_REPRESENTATION('',(#2218),#2225);
#2218 = B_SPLINE_CURVE_WITH_KNOTS('',5,(#2219,#2220,#2221,#2222,#2223,
    #2224),.UNSPECIFIED.,.F.,.F.,(6,6),(4.202730448914,4.41580700817),
  .PIECEWISE_BEZIER_KNOTS.);
#2219 = CARTESIAN_POINT('',(-2.631934122119,-26.33380951166));
#2220 = CARTESIAN_POINT('',(-2.67454943397,-24.39758172837));
#2221 = CARTESIAN_POINT('',(-2.717164745821,-22.40370731223));
#2222 = CARTESIAN_POINT('',(-2.759780057673,-20.35951152245));
#2223 = CARTESIAN_POINT('',(-2.802395369524,-18.27275764493));
#2224 = CARTESIAN_POINT('',(-2.845010681375,-16.15147186257));
#2225 = ( GEOMETRIC_REPRESENTATION_CONTEXT(2) 
PARAMETRIC_REPRESENTATION_CONTEXT() REPRESENTATION_CONTEXT('2D SPACE',''
  ) );
#2226 = PCURVE('',#2227,#2232);
#2227 = PLANE('',#2228);
#2228 = AXIS2_PLACEMENT_3D('',#2229,#2230,#2231);
#2229 = CARTESIAN_POINT('',(-113.,16.060303038033,17.));
#2230 = DIRECTION('',(0.,-0.707106781187,0.707106781187));
#2231 = DIRECTION('',(1.,0.,0.));
#2232 = DEFINITIONAL_REPRESENTATION('',(#2233),#2237);
#2233 = ELLIPSE('',#2234,73.60981592152,52.05);
#2234 = AXIS2_PLACEMENT_2D('',#2235,#2236);
#2235 = CARTESIAN_POINT('',(113.,-22.7126983722));
#2236 = DIRECTION('',(0.,-1.));
#2237 = ( GEOMETRIC_REPRESENTATION_CONTEXT(2) 
PARAMETRIC_REPRESENTATION_CONTEXT() REPRESENTATION_CONTEXT('2D SPACE',''
  ) );
#2238 = ORIENTED_EDGE('',*,*,#2239,.F.);
#2239 = EDGE_CURVE('',#2240,#2208,#2242,.T.);
#2240 = VERTEX_POINT('',#2241);
#2241 = CARTESIAN_POINT('',(-44.05,27.727242920997,22.303622865513));
#2242 = SURFACE_CURVE('',#2243,(#2248,#2258),.PCURVE_S1.);
#2243 = ELLIPSE('',#2244,73.60981592152,52.05);
#2244 = AXIS2_PLACEMENT_3D('',#2245,#2246,#2247);
#2245 = CARTESIAN_POINT('',(0.,0.,50.03086578651));
#2246 = DIRECTION('',(0.,0.707106781187,0.707106781187));
#2247 = DIRECTION('',(0.,0.707106781187,-0.707106781187));
#2248 = PCURVE('',#789,#2249);
#2249 = DEFINITIONAL_REPRESENTATION('',(#2250),#2257);
#2250 = B_SPLINE_CURVE_WITH_KNOTS('',5,(#2251,#2252,#2253,#2254,#2255,
    #2256),.UNSPECIFIED.,.F.,.F.,(6,6),(0.862025738158,1.098115431352),
  .PIECEWISE_BEZIER_KNOTS.);
#2251 = CARTESIAN_POINT('',(-2.432822064953,-16.15147186257));
#2252 = CARTESIAN_POINT('',(-2.480040003592,-18.01726118969));
#2253 = CARTESIAN_POINT('',(-2.527257942231,-19.97746942562));
#2254 = CARTESIAN_POINT('',(-2.574475880869,-22.02343126771));
#2255 = CARTESIAN_POINT('',(-2.621693819508,-24.14559959803));
#2256 = CARTESIAN_POINT('',(-2.668911758147,-26.33380951166));
#2257 = ( GEOMETRIC_REPRESENTATION_CONTEXT(2) 
PARAMETRIC_REPRESENTATION_CONTEXT() REPRESENTATION_CONTEXT('2D SPACE',''
  ) );
#2258 = PCURVE('',#2259,#2264);
#2259 = PLANE('',#2260);
#2260 = AXIS2_PLACEMENT_3D('',#2261,#2262,#2263);
#2261 = CARTESIAN_POINT('',(-113.,33.03086578651,17.));
#2262 = DIRECTION('',(0.,0.707106781187,0.707106781187));
#2263 = DIRECTION('',(0.,-0.707106781187,0.707106781187));
#2264 = DEFINITIONAL_REPRESENTATION('',(#2265),#2269);
#2265 = ELLIPSE('',#2266,73.60981592152,52.05);
#2266 = AXIS2_PLACEMENT_2D('',#2267,#2268);
#2267 = CARTESIAN_POINT('',(46.712698372208,113.));
#2268 = DIRECTION('',(-1.,0.));
#2269 = ( GEOMETRIC_REPRESENTATION_CONTEXT(2) 
PARAMETRIC_REPRESENTATION_CONTEXT() REPRESENTATION_CONTEXT('2D SPACE',''
  ) );
#2270 = ORIENTED_EDGE('',*,*,#2271,.T.);
#2271 = EDGE_CURVE('',#2240,#2272,#2274,.T.);
#2272 = VERTEX_POINT('',#2273);
#2273 = CARTESIAN_POINT('',(-44.05,27.727242920997,11.696377134487));
#2274 = SURFACE_CURVE('',#2275,(#2279,#2285),.PCURVE_S1.);
#2275 = LINE('',#2276,#2277);
#2276 = CARTESIAN_POINT('',(-44.05,27.727242920997,0.));
#2277 = VECTOR('',#2278,1.);
#2278 = DIRECTION('',(-0.,-0.,-1.));
#2279 = PCURVE('',#789,#2280);
#2280 = DEFINITIONAL_REPRESENTATION('',(#2281),#2284);
#2281 = B_SPLINE_CURVE_WITH_KNOTS('',1,(#2282,#2283),.UNSPECIFIED.,.F.,
  .F.,(2,2),(-24.00067914036,-9.99932085964),.PIECEWISE_BEZIER_KNOTS.);
#2282 = CARTESIAN_POINT('',(-2.579800217266,-24.00067914036));
#2283 = CARTESIAN_POINT('',(-2.579800217266,-9.99932085964));
#2284 = ( GEOMETRIC_REPRESENTATION_CONTEXT(2) 
PARAMETRIC_REPRESENTATION_CONTEXT() REPRESENTATION_CONTEXT('2D SPACE',''
  ) );
#2285 = PCURVE('',#2286,#2291);
#2286 = PLANE('',#2287);
#2287 = AXIS2_PLACEMENT_3D('',#2288,#2289,#2290);
#2288 = CARTESIAN_POINT('',(-44.05,24.545584412272,8.514718625761));
#2289 = DIRECTION('',(1.,0.,0.));
#2290 = DIRECTION('',(0.,-0.707106781187,0.707106781187));
#2291 = DEFINITIONAL_REPRESENTATION('',(#2292),#2295);
#2292 = B_SPLINE_CURVE_WITH_KNOTS('',1,(#2293,#2294),.UNSPECIFIED.,.F.,
  .F.,(2,2),(-24.00067914036,-9.99932085964),.PIECEWISE_BEZIER_KNOTS.);
#2293 = CARTESIAN_POINT('',(8.70045538612,-13.2));
#2294 = CARTESIAN_POINT('',(-1.2,-3.29954461388));
#2295 = ( GEOMETRIC_REPRESENTATION_CONTEXT(2) 
PARAMETRIC_REPRESENTATION_CONTEXT() REPRESENTATION_CONTEXT('2D SPACE',''
  ) );
#2296 = ORIENTED_EDGE('',*,*,#2297,.T.);
#2297 = EDGE_CURVE('',#2272,#2298,#2300,.T.);
#2298 = VERTEX_POINT('',#2299);
#2299 = CARTESIAN_POINT('',(-45.89898458419,24.545584412272,
    8.514718625761));
#2300 = SURFACE_CURVE('',#2301,(#2306,#2316),.PCURVE_S1.);
#2301 = ELLIPSE('',#2302,73.60981592152,52.05);
#2302 = AXIS2_PLACEMENT_3D('',#2303,#2304,#2305);
#2303 = CARTESIAN_POINT('',(0.,0.,-16.03086578651));
#2304 = DIRECTION('',(0.,-0.707106781187,0.707106781187));
#2305 = DIRECTION('',(0.,-0.707106781187,-0.707106781187));
#2306 = PCURVE('',#789,#2307);
#2307 = DEFINITIONAL_REPRESENTATION('',(#2308),#2315);
#2308 = B_SPLINE_CURVE_WITH_KNOTS('',5,(#2309,#2310,#2311,#2312,#2313,
    #2314),.UNSPECIFIED.,.F.,.F.,(6,6),(4.003618391748,4.239708084942),
  .PIECEWISE_BEZIER_KNOTS.);
#2309 = CARTESIAN_POINT('',(-2.432822064953,-17.84852813742));
#2310 = CARTESIAN_POINT('',(-2.480040003592,-15.9827388103));
#2311 = CARTESIAN_POINT('',(-2.527257942231,-14.02253057437));
#2312 = CARTESIAN_POINT('',(-2.574475880869,-11.97656873228));
#2313 = CARTESIAN_POINT('',(-2.621693819508,-9.85440040197));
#2314 = CARTESIAN_POINT('',(-2.668911758147,-7.666190488338));
#2315 = ( GEOMETRIC_REPRESENTATION_CONTEXT(2) 
PARAMETRIC_REPRESENTATION_CONTEXT() REPRESENTATION_CONTEXT('2D SPACE',''
  ) );
#2316 = PCURVE('',#2317,#2322);
#2317 = PLANE('',#2318);
#2318 = AXIS2_PLACEMENT_3D('',#2319,#2320,#2321);
#2319 = CARTESIAN_POINT('',(-113.,24.545584412272,8.514718625761));
#2320 = DIRECTION('',(0.,-0.707106781187,0.707106781187));
#2321 = DIRECTION('',(1.,0.,0.));
#2322 = DEFINITIONAL_REPRESENTATION('',(#2323),#2327);
#2323 = ELLIPSE('',#2324,73.60981592152,52.05);
#2324 = AXIS2_PLACEMENT_2D('',#2325,#2326);
#2325 = CARTESIAN_POINT('',(113.,-34.7126983722));
#2326 = DIRECTION('',(0.,-1.));
#2327 = ( GEOMETRIC_REPRESENTATION_CONTEXT(2) 
PARAMETRIC_REPRESENTATION_CONTEXT() REPRESENTATION_CONTEXT('2D SPACE',''
  ) );
#2328 = ORIENTED_EDGE('',*,*,#2329,.T.);
#2329 = EDGE_CURVE('',#2298,#2330,#2332,.T.);
#2330 = VERTEX_POINT('',#2331);
#2331 = CARTESIAN_POINT('',(-48.45825523066,19.,14.060303038033));
#2332 = SURFACE_CURVE('',#2333,(#2338,#2348),.PCURVE_S1.);
#2333 = ELLIPSE('',#2334,73.60981592152,52.05);
#2334 = AXIS2_PLACEMENT_3D('',#2335,#2336,#2337);
#2335 = CARTESIAN_POINT('',(0.,0.,33.060303038033));
#2336 = DIRECTION('',(0.,0.707106781187,0.707106781187));
#2337 = DIRECTION('',(0.,0.707106781187,-0.707106781187));
#2338 = PCURVE('',#789,#2339);
#2339 = DEFINITIONAL_REPRESENTATION('',(#2340),#2347);
#2340 = B_SPLINE_CURVE_WITH_KNOTS('',5,(#2341,#2342,#2343,#2344,#2345,
    #2346),.UNSPECIFIED.,.F.,.F.,(6,6),(1.061137795324,1.27421435458),
  .PIECEWISE_BEZIER_KNOTS.);
#2341 = CARTESIAN_POINT('',(-2.631934122119,-7.666190488338));
#2342 = CARTESIAN_POINT('',(-2.67454943397,-9.602418271628));
#2343 = CARTESIAN_POINT('',(-2.717164745821,-11.59629268776));
#2344 = CARTESIAN_POINT('',(-2.759780057673,-13.64048847754));
#2345 = CARTESIAN_POINT('',(-2.802395369524,-15.72724235507));
#2346 = CARTESIAN_POINT('',(-2.845010681375,-17.84852813742));
#2347 = ( GEOMETRIC_REPRESENTATION_CONTEXT(2) 
PARAMETRIC_REPRESENTATION_CONTEXT() REPRESENTATION_CONTEXT('2D SPACE',''
  ) );
#2348 = PCURVE('',#2349,#2354);
#2349 = PLANE('',#2350);
#2350 = AXIS2_PLACEMENT_3D('',#2351,#2352,#2353);
#2351 = CARTESIAN_POINT('',(-113.,24.545584412272,8.514718625761));
#2352 = DIRECTION('',(0.,0.707106781187,0.707106781187));
#2353 = DIRECTION('',(0.,-0.707106781187,0.707106781187));
#2354 = DEFINITIONAL_REPRESENTATION('',(#2355),#2359);
#2355 = ELLIPSE('',#2356,73.60981592152,52.05);
#2356 = AXIS2_PLACEMENT_2D('',#2357,#2358);
#2357 = CARTESIAN_POINT('',(34.712698372208,113.));
#2358 = DIRECTION('',(-1.,0.));
#2359 = ( GEOMETRIC_REPRESENTATION_CONTEXT(2) 
PARAMETRIC_REPRESENTATION_CONTEXT() REPRESENTATION_CONTEXT('2D SPACE',''
  ) );
#2360 = ORIENTED_EDGE('',*,*,#2361,.T.);
#2361 = EDGE_CURVE('',#2330,#861,#2362,.T.);
#2362 = SURFACE_CURVE('',#2363,(#2367,#2373),.PCURVE_S1.);
#2363 = LINE('',#2364,#2365);
#2364 = CARTESIAN_POINT('',(-48.45825523066,19.,0.));
#2365 = VECTOR('',#2366,1.);
#2366 = DIRECTION('',(-0.,-0.,-1.));
#2367 = PCURVE('',#789,#2368);
#2368 = DEFINITIONAL_REPRESENTATION('',(#2369),#2372);
#2369 = B_SPLINE_CURVE_WITH_KNOTS('',1,(#2370,#2371),.UNSPECIFIED.,.F.,
  .F.,(2,2),(-18.7,6.E-07),.PIECEWISE_BEZIER_KNOTS.);
#2370 = CARTESIAN_POINT('',(-2.767923737212,-18.7));
#2371 = CARTESIAN_POINT('',(-2.767923737212,6.E-07));
#2372 = ( GEOMETRIC_REPRESENTATION_CONTEXT(2) 
PARAMETRIC_REPRESENTATION_CONTEXT() REPRESENTATION_CONTEXT('2D SPACE',''
  ) );
#2373 = PCURVE('',#900,#2374);
#2374 = DEFINITIONAL_REPRESENTATION('',(#2375),#2378);
#2375 = B_SPLINE_CURVE_WITH_KNOTS('',1,(#2376,#2377),.UNSPECIFIED.,.F.,
  .F.,(2,2),(-18.7,6.E-07),.PIECEWISE_BEZIER_KNOTS.);
#2376 = CARTESIAN_POINT('',(18.7,63.541744769338));
#2377 = CARTESIAN_POINT('',(-6.E-07,63.541744769338));
#2378 = ( GEOMETRIC_REPRESENTATION_CONTEXT(2) 
PARAMETRIC_REPRESENTATION_CONTEXT() REPRESENTATION_CONTEXT('2D SPACE',''
  ) );
#2379 = ORIENTED_EDGE('',*,*,#860,.F.);
#2380 = ORIENTED_EDGE('',*,*,#2381,.F.);
#2381 = EDGE_CURVE('',#2382,#831,#2384,.T.);
#2382 = VERTEX_POINT('',#2383);
#2383 = CARTESIAN_POINT('',(-10.,51.080353366045,28.5));
#2384 = SURFACE_CURVE('',#2385,(#2389,#2395),.PCURVE_S1.);
#2385 = LINE('',#2386,#2387);
#2386 = CARTESIAN_POINT('',(-10.,51.080353366045,0.));
#2387 = VECTOR('',#2388,1.);
#2388 = DIRECTION('',(-0.,-0.,-1.));
#2389 = PCURVE('',#789,#2390);
#2390 = DEFINITIONAL_REPRESENTATION('',(#2391),#2394);
#2391 = B_SPLINE_CURVE_WITH_KNOTS('',1,(#2392,#2393),.UNSPECIFIED.,.F.,
  .F.,(2,2),(-30.0000006,6.E-07),.PIECEWISE_BEZIER_KNOTS.);
#2392 = CARTESIAN_POINT('',(-1.764121275466,-30.0000006));
#2393 = CARTESIAN_POINT('',(-1.764121275466,6.E-07));
#2394 = ( GEOMETRIC_REPRESENTATION_CONTEXT(2) 
PARAMETRIC_REPRESENTATION_CONTEXT() REPRESENTATION_CONTEXT('2D SPACE',''
  ) );
#2395 = PCURVE('',#848,#2396);
#2396 = DEFINITIONAL_REPRESENTATION('',(#2397),#2400);
#2397 = B_SPLINE_CURVE_WITH_KNOTS('',1,(#2398,#2399),.UNSPECIFIED.,.F.,
  .F.,(2,2),(-30.0000006,6.E-07),.PIECEWISE_BEZIER_KNOTS.);
#2398 = CARTESIAN_POINT('',(30.0000006,-12.53035336604));
#2399 = CARTESIAN_POINT('',(-6.E-07,-12.53035336604));
#2400 = ( GEOMETRIC_REPRESENTATION_CONTEXT(2) 
PARAMETRIC_REPRESENTATION_CONTEXT() REPRESENTATION_CONTEXT('2D SPACE',''
  ) );
#2401 = ORIENTED_EDGE('',*,*,#2402,.T.);
#2402 = EDGE_CURVE('',#2382,#751,#2403,.T.);
#2403 = SURFACE_CURVE('',#2404,(#2409,#2416),.PCURVE_S1.);
#2404 = CIRCLE('',#2405,52.05);
#2405 = AXIS2_PLACEMENT_3D('',#2406,#2407,#2408);
#2406 = CARTESIAN_POINT('',(0.,0.,28.5));
#2407 = DIRECTION('',(0.,0.,1.));
#2408 = DIRECTION('',(-0.192122958694,0.98137086198,0.));
#2409 = PCURVE('',#789,#2410);
#2410 = DEFINITIONAL_REPRESENTATION('',(#2411),#2415);
#2411 = LINE('',#2412,#2413);
#2412 = CARTESIAN_POINT('',(-1.764121275466,-28.5));
#2413 = VECTOR('',#2414,1.);
#2414 = DIRECTION('',(-1.,0.));
#2415 = ( GEOMETRIC_REPRESENTATION_CONTEXT(2) 
PARAMETRIC_REPRESENTATION_CONTEXT() REPRESENTATION_CONTEXT('2D SPACE',''
  ) );
#2416 = PCURVE('',#1758,#2417);
#2417 = DEFINITIONAL_REPRESENTATION('',(#2418),#2422);
#2418 = LINE('',#2419,#2420);
#2419 = CARTESIAN_POINT('',(-0.,6.28318530718));
#2420 = VECTOR('',#2421,1.);
#2421 = DIRECTION('',(-1.,0.));
#2422 = ( GEOMETRIC_REPRESENTATION_CONTEXT(2) 
PARAMETRIC_REPRESENTATION_CONTEXT() REPRESENTATION_CONTEXT('2D SPACE',''
  ) );
#2423 = ADVANCED_FACE('',(#2424),#848,.F.);
#2424 = FACE_BOUND('',#2425,.F.);
#2425 = EDGE_LOOP('',(#2426,#2449,#2470,#2471));
#2426 = ORIENTED_EDGE('',*,*,#2427,.T.);
#2427 = EDGE_CURVE('',#833,#2428,#2430,.T.);
#2428 = VERTEX_POINT('',#2429);
#2429 = CARTESIAN_POINT('',(-10.,53.55,28.5));
#2430 = SURFACE_CURVE('',#2431,(#2435,#2442),.PCURVE_S1.);
#2431 = LINE('',#2432,#2433);
#2432 = CARTESIAN_POINT('',(-10.,53.55,0.));
#2433 = VECTOR('',#2434,1.);
#2434 = DIRECTION('',(0.,0.,1.));
#2435 = PCURVE('',#848,#2436);
#2436 = DEFINITIONAL_REPRESENTATION('',(#2437),#2441);
#2437 = LINE('',#2438,#2439);
#2438 = CARTESIAN_POINT('',(0.,-15.));
#2439 = VECTOR('',#2440,1.);
#2440 = DIRECTION('',(1.,0.));
#2441 = ( GEOMETRIC_REPRESENTATION_CONTEXT(2) 
PARAMETRIC_REPRESENTATION_CONTEXT() REPRESENTATION_CONTEXT('2D SPACE',''
  ) );
#2442 = PCURVE('',#1330,#2443);
#2443 = DEFINITIONAL_REPRESENTATION('',(#2444),#2448);
#2444 = LINE('',#2445,#2446);
#2445 = CARTESIAN_POINT('',(0.,0.));
#2446 = VECTOR('',#2447,1.);
#2447 = DIRECTION('',(1.,0.));
#2448 = ( GEOMETRIC_REPRESENTATION_CONTEXT(2) 
PARAMETRIC_REPRESENTATION_CONTEXT() REPRESENTATION_CONTEXT('2D SPACE',''
  ) );
#2449 = ORIENTED_EDGE('',*,*,#2450,.F.);
#2450 = EDGE_CURVE('',#2382,#2428,#2451,.T.);
#2451 = SURFACE_CURVE('',#2452,(#2456,#2463),.PCURVE_S1.);
#2452 = LINE('',#2453,#2454);
#2453 = CARTESIAN_POINT('',(-10.,51.080353366044,28.5));
#2454 = VECTOR('',#2455,1.);
#2455 = DIRECTION('',(0.,1.,0.));
#2456 = PCURVE('',#848,#2457);
#2457 = DEFINITIONAL_REPRESENTATION('',(#2458),#2462);
#2458 = LINE('',#2459,#2460);
#2459 = CARTESIAN_POINT('',(28.5,-12.53035336604));
#2460 = VECTOR('',#2461,1.);
#2461 = DIRECTION('',(0.,-1.));
#2462 = ( GEOMETRIC_REPRESENTATION_CONTEXT(2) 
PARAMETRIC_REPRESENTATION_CONTEXT() REPRESENTATION_CONTEXT('2D SPACE',''
  ) );
#2463 = PCURVE('',#1729,#2464);
#2464 = DEFINITIONAL_REPRESENTATION('',(#2465),#2469);
#2465 = LINE('',#2466,#2467);
#2466 = CARTESIAN_POINT('',(-1.570796326795,0.));
#2467 = VECTOR('',#2468,1.);
#2468 = DIRECTION('',(-0.,1.));
#2469 = ( GEOMETRIC_REPRESENTATION_CONTEXT(2) 
PARAMETRIC_REPRESENTATION_CONTEXT() REPRESENTATION_CONTEXT('2D SPACE',''
  ) );
#2470 = ORIENTED_EDGE('',*,*,#2381,.T.);
#2471 = ORIENTED_EDGE('',*,*,#830,.T.);
#2472 = ADVANCED_FACE('',(#2473),#900,.T.);
#2473 = FACE_BOUND('',#2474,.T.);
#2474 = EDGE_LOOP('',(#2475,#2476,#2499,#2518));
#2475 = ORIENTED_EDGE('',*,*,#884,.F.);
#2476 = ORIENTED_EDGE('',*,*,#2477,.T.);
#2477 = EDGE_CURVE('',#885,#2478,#2480,.T.);
#2478 = VERTEX_POINT('',#2479);
#2479 = CARTESIAN_POINT('',(-112.,19.,14.060303038033));
#2480 = SURFACE_CURVE('',#2481,(#2485,#2492),.PCURVE_S1.);
#2481 = LINE('',#2482,#2483);
#2482 = CARTESIAN_POINT('',(-112.,19.,0.));
#2483 = VECTOR('',#2484,1.);
#2484 = DIRECTION('',(0.,0.,1.));
#2485 = PCURVE('',#900,#2486);
#2486 = DEFINITIONAL_REPRESENTATION('',(#2487),#2491);
#2487 = LINE('',#2488,#2489);
#2488 = CARTESIAN_POINT('',(0.,0.));
#2489 = VECTOR('',#2490,1.);
#2490 = DIRECTION('',(1.,0.));
#2491 = ( GEOMETRIC_REPRESENTATION_CONTEXT(2) 
PARAMETRIC_REPRESENTATION_CONTEXT() REPRESENTATION_CONTEXT('2D SPACE',''
  ) );
#2492 = PCURVE('',#928,#2493);
#2493 = DEFINITIONAL_REPRESENTATION('',(#2494),#2498);
#2494 = LINE('',#2495,#2496);
#2495 = CARTESIAN_POINT('',(0.,-6.));
#2496 = VECTOR('',#2497,1.);
#2497 = DIRECTION('',(1.,0.));
#2498 = ( GEOMETRIC_REPRESENTATION_CONTEXT(2) 
PARAMETRIC_REPRESENTATION_CONTEXT() REPRESENTATION_CONTEXT('2D SPACE',''
  ) );
#2499 = ORIENTED_EDGE('',*,*,#2500,.T.);
#2500 = EDGE_CURVE('',#2478,#2330,#2501,.T.);
#2501 = SURFACE_CURVE('',#2502,(#2506,#2512),.PCURVE_S1.);
#2502 = LINE('',#2503,#2504);
#2503 = CARTESIAN_POINT('',(-112.5,19.,14.060303038033));
#2504 = VECTOR('',#2505,1.);
#2505 = DIRECTION('',(1.,0.,0.));
#2506 = PCURVE('',#900,#2507);
#2507 = DEFINITIONAL_REPRESENTATION('',(#2508),#2511);
#2508 = B_SPLINE_CURVE_WITH_KNOTS('',1,(#2509,#2510),.UNSPECIFIED.,.F.,
  .F.,(2,2),(0.5,64.041744769338),.PIECEWISE_BEZIER_KNOTS.);
#2509 = CARTESIAN_POINT('',(14.060303038033,0.));
#2510 = CARTESIAN_POINT('',(14.060303038033,63.541744769338));
#2511 = ( GEOMETRIC_REPRESENTATION_CONTEXT(2) 
PARAMETRIC_REPRESENTATION_CONTEXT() REPRESENTATION_CONTEXT('2D SPACE',''
  ) );
#2512 = PCURVE('',#2349,#2513);
#2513 = DEFINITIONAL_REPRESENTATION('',(#2514),#2517);
#2514 = B_SPLINE_CURVE_WITH_KNOTS('',1,(#2515,#2516),.UNSPECIFIED.,.F.,
  .F.,(2,2),(0.5,64.041744769338),.PIECEWISE_BEZIER_KNOTS.);
#2515 = CARTESIAN_POINT('',(7.842640687119,1.));
#2516 = CARTESIAN_POINT('',(7.842640687119,64.541744769338));
#2517 = ( GEOMETRIC_REPRESENTATION_CONTEXT(2) 
PARAMETRIC_REPRESENTATION_CONTEXT() REPRESENTATION_CONTEXT('2D SPACE',''
  ) );
#2518 = ORIENTED_EDGE('',*,*,#2361,.T.);
#2519 = ADVANCED_FACE('',(#2520),#928,.F.);
#2520 = FACE_BOUND('',#2521,.F.);
#2521 = EDGE_LOOP('',(#2522,#2545,#2573,#2594,#2595,#2596,#2617,#2638,
    #2661,#2684,#2707,#2728,#2749,#2770));
#2522 = ORIENTED_EDGE('',*,*,#2523,.T.);
#2523 = EDGE_CURVE('',#998,#2524,#2526,.T.);
#2524 = VERTEX_POINT('',#2525);
#2525 = CARTESIAN_POINT('',(-112.,-13.,17.));
#2526 = SURFACE_CURVE('',#2527,(#2531,#2538),.PCURVE_S1.);
#2527 = LINE('',#2528,#2529);
#2528 = CARTESIAN_POINT('',(-112.,-13.,0.));
#2529 = VECTOR('',#2530,1.);
#2530 = DIRECTION('',(0.,0.,1.));
#2531 = PCURVE('',#928,#2532);
#2532 = DEFINITIONAL_REPRESENTATION('',(#2533),#2537);
#2533 = LINE('',#2534,#2535);
#2534 = CARTESIAN_POINT('',(0.,26.));
#2535 = VECTOR('',#2536,1.);
#2536 = DIRECTION('',(1.,0.));
#2537 = ( GEOMETRIC_REPRESENTATION_CONTEXT(2) 
PARAMETRIC_REPRESENTATION_CONTEXT() REPRESENTATION_CONTEXT('2D SPACE',''
  ) );
#2538 = PCURVE('',#1013,#2539);
#2539 = DEFINITIONAL_REPRESENTATION('',(#2540),#2544);
#2540 = LINE('',#2541,#2542);
#2541 = CARTESIAN_POINT('',(0.,0.));
#2542 = VECTOR('',#2543,1.);
#2543 = DIRECTION('',(1.,0.));
#2544 = ( GEOMETRIC_REPRESENTATION_CONTEXT(2) 
PARAMETRIC_REPRESENTATION_CONTEXT() REPRESENTATION_CONTEXT('2D SPACE',''
  ) );
#2545 = ORIENTED_EDGE('',*,*,#2546,.T.);
#2546 = EDGE_CURVE('',#2524,#2547,#2549,.T.);
#2547 = VERTEX_POINT('',#2548);
#2548 = CARTESIAN_POINT('',(-112.,13.,17.));
#2549 = SURFACE_CURVE('',#2550,(#2554,#2561),.PCURVE_S1.);
#2550 = LINE('',#2551,#2552);
#2551 = CARTESIAN_POINT('',(-112.,-22.,17.));
#2552 = VECTOR('',#2553,1.);
#2553 = DIRECTION('',(0.,1.,0.));
#2554 = PCURVE('',#928,#2555);
#2555 = DEFINITIONAL_REPRESENTATION('',(#2556),#2560);
#2556 = LINE('',#2557,#2558);
#2557 = CARTESIAN_POINT('',(17.,35.));
#2558 = VECTOR('',#2559,1.);
#2559 = DIRECTION('',(0.,-1.));
#2560 = ( GEOMETRIC_REPRESENTATION_CONTEXT(2) 
PARAMETRIC_REPRESENTATION_CONTEXT() REPRESENTATION_CONTEXT('2D SPACE',''
  ) );
#2561 = PCURVE('',#2562,#2567);
#2562 = PLANE('',#2563);
#2563 = AXIS2_PLACEMENT_3D('',#2564,#2565,#2566);
#2564 = CARTESIAN_POINT('',(-112.,-22.,17.));
#2565 = DIRECTION('',(0.,0.,1.));
#2566 = DIRECTION('',(1.,0.,0.));
#2567 = DEFINITIONAL_REPRESENTATION('',(#2568),#2572);
#2568 = LINE('',#2569,#2570);
#2569 = CARTESIAN_POINT('',(0.,0.));
#2570 = VECTOR('',#2571,1.);
#2571 = DIRECTION('',(0.,1.));
#2572 = ( GEOMETRIC_REPRESENTATION_CONTEXT(2) 
PARAMETRIC_REPRESENTATION_CONTEXT() REPRESENTATION_CONTEXT('2D SPACE',''
  ) );
#2573 = ORIENTED_EDGE('',*,*,#2574,.F.);
#2574 = EDGE_CURVE('',#913,#2547,#2575,.T.);
#2575 = SURFACE_CURVE('',#2576,(#2580,#2587),.PCURVE_S1.);
#2576 = LINE('',#2577,#2578);
#2577 = CARTESIAN_POINT('',(-112.,13.,0.));
#2578 = VECTOR('',#2579,1.);
#2579 = DIRECTION('',(0.,0.,1.));
#2580 = PCURVE('',#928,#2581);
#2581 = DEFINITIONAL_REPRESENTATION('',(#2582),#2586);
#2582 = LINE('',#2583,#2584);
#2583 = CARTESIAN_POINT('',(0.,0.));
#2584 = VECTOR('',#2585,1.);
#2585 = DIRECTION('',(1.,0.));
#2586 = ( GEOMETRIC_REPRESENTATION_CONTEXT(2) 
PARAMETRIC_REPRESENTATION_CONTEXT() REPRESENTATION_CONTEXT('2D SPACE',''
  ) );
#2587 = PCURVE('',#956,#2588);
#2588 = DEFINITIONAL_REPRESENTATION('',(#2589),#2593);
#2589 = LINE('',#2590,#2591);
#2590 = CARTESIAN_POINT('',(0.,0.));
#2591 = VECTOR('',#2592,1.);
#2592 = DIRECTION('',(1.,0.));
#2593 = ( GEOMETRIC_REPRESENTATION_CONTEXT(2) 
PARAMETRIC_REPRESENTATION_CONTEXT() REPRESENTATION_CONTEXT('2D SPACE',''
  ) );
#2594 = ORIENTED_EDGE('',*,*,#912,.T.);
#2595 = ORIENTED_EDGE('',*,*,#2477,.T.);
#2596 = ORIENTED_EDGE('',*,*,#2597,.T.);
#2597 = EDGE_CURVE('',#2478,#2598,#2600,.T.);
#2598 = VERTEX_POINT('',#2599);
#2599 = CARTESIAN_POINT('',(-112.,16.060303038033,17.));
#2600 = SURFACE_CURVE('',#2601,(#2605,#2611),.PCURVE_S1.);
#2601 = LINE('',#2602,#2603);
#2602 = CARTESIAN_POINT('',(-112.,23.787867965644,9.272435072389));
#2603 = VECTOR('',#2604,1.);
#2604 = DIRECTION('',(0.,-0.707106781187,0.707106781187));
#2605 = PCURVE('',#928,#2606);
#2606 = DEFINITIONAL_REPRESENTATION('',(#2607),#2610);
#2607 = B_SPLINE_CURVE_WITH_KNOTS('',1,(#2608,#2609),.UNSPECIFIED.,.F.,
  .F.,(2,2),(2.528427124746,10.928427124746),.PIECEWISE_BEZIER_KNOTS.);
#2608 = CARTESIAN_POINT('',(11.060303038033,-9.));
#2609 = CARTESIAN_POINT('',(17.,-3.060303038033));
#2610 = ( GEOMETRIC_REPRESENTATION_CONTEXT(2) 
PARAMETRIC_REPRESENTATION_CONTEXT() REPRESENTATION_CONTEXT('2D SPACE',''
  ) );
#2611 = PCURVE('',#2349,#2612);
#2612 = DEFINITIONAL_REPRESENTATION('',(#2613),#2616);
#2613 = B_SPLINE_CURVE_WITH_KNOTS('',1,(#2614,#2615),.UNSPECIFIED.,.F.,
  .F.,(2,2),(2.528427124746,10.928427124746),.PIECEWISE_BEZIER_KNOTS.);
#2614 = CARTESIAN_POINT('',(3.6,1.));
#2615 = CARTESIAN_POINT('',(12.,1.));
#2616 = ( GEOMETRIC_REPRESENTATION_CONTEXT(2) 
PARAMETRIC_REPRESENTATION_CONTEXT() REPRESENTATION_CONTEXT('2D SPACE',''
  ) );
#2617 = ORIENTED_EDGE('',*,*,#2618,.F.);
#2618 = EDGE_CURVE('',#2619,#2598,#2621,.T.);
#2619 = VERTEX_POINT('',#2620);
#2620 = CARTESIAN_POINT('',(-112.,22.,22.939696961967));
#2621 = SURFACE_CURVE('',#2622,(#2626,#2632),.PCURVE_S1.);
#2622 = LINE('',#2623,#2624);
#2623 = CARTESIAN_POINT('',(-112.,11.045227278525,11.984924240492));
#2624 = VECTOR('',#2625,1.);
#2625 = DIRECTION('',(0.,-0.707106781187,-0.707106781187));
#2626 = PCURVE('',#928,#2627);
#2627 = DEFINITIONAL_REPRESENTATION('',(#2628),#2631);
#2628 = B_SPLINE_CURVE_WITH_KNOTS('',1,(#2629,#2630),.UNSPECIFIED.,.F.,
  .F.,(2,2),(-15.49238815542,-7.092388155425),.PIECEWISE_BEZIER_KNOTS.);
#2629 = CARTESIAN_POINT('',(22.939696961967,-9.));
#2630 = CARTESIAN_POINT('',(17.,-3.060303038033));
#2631 = ( GEOMETRIC_REPRESENTATION_CONTEXT(2) 
PARAMETRIC_REPRESENTATION_CONTEXT() REPRESENTATION_CONTEXT('2D SPACE',''
  ) );
#2632 = PCURVE('',#2227,#2633);
#2633 = DEFINITIONAL_REPRESENTATION('',(#2634),#2637);
#2634 = B_SPLINE_CURVE_WITH_KNOTS('',1,(#2635,#2636),.UNSPECIFIED.,.F.,
  .F.,(2,2),(-15.49238815542,-7.092388155425),.PIECEWISE_BEZIER_KNOTS.);
#2635 = CARTESIAN_POINT('',(1.,8.4));
#2636 = CARTESIAN_POINT('',(1.,0.));
#2637 = ( GEOMETRIC_REPRESENTATION_CONTEXT(2) 
PARAMETRIC_REPRESENTATION_CONTEXT() REPRESENTATION_CONTEXT('2D SPACE',''
  ) );
#2638 = ORIENTED_EDGE('',*,*,#2639,.T.);
#2639 = EDGE_CURVE('',#2619,#2640,#2642,.T.);
#2640 = VERTEX_POINT('',#2641);
#2641 = CARTESIAN_POINT('',(-112.,22.,25.));
#2642 = SURFACE_CURVE('',#2643,(#2647,#2654),.PCURVE_S1.);
#2643 = LINE('',#2644,#2645);
#2644 = CARTESIAN_POINT('',(-112.,22.,17.));
#2645 = VECTOR('',#2646,1.);
#2646 = DIRECTION('',(0.,0.,1.));
#2647 = PCURVE('',#928,#2648);
#2648 = DEFINITIONAL_REPRESENTATION('',(#2649),#2653);
#2649 = LINE('',#2650,#2651);
#2650 = CARTESIAN_POINT('',(17.,-9.));
#2651 = VECTOR('',#2652,1.);
#2652 = DIRECTION('',(1.,0.));
#2653 = ( GEOMETRIC_REPRESENTATION_CONTEXT(2) 
PARAMETRIC_REPRESENTATION_CONTEXT() REPRESENTATION_CONTEXT('2D SPACE',''
  ) );
#2654 = PCURVE('',#2196,#2655);
#2655 = DEFINITIONAL_REPRESENTATION('',(#2656),#2660);
#2656 = LINE('',#2657,#2658);
#2657 = CARTESIAN_POINT('',(0.,0.));
#2658 = VECTOR('',#2659,1.);
#2659 = DIRECTION('',(1.,0.));
#2660 = ( GEOMETRIC_REPRESENTATION_CONTEXT(2) 
PARAMETRIC_REPRESENTATION_CONTEXT() REPRESENTATION_CONTEXT('2D SPACE',''
  ) );
#2661 = ORIENTED_EDGE('',*,*,#2662,.F.);
#2662 = EDGE_CURVE('',#2663,#2640,#2665,.T.);
#2663 = VERTEX_POINT('',#2664);
#2664 = CARTESIAN_POINT('',(-112.,-22.,25.));
#2665 = SURFACE_CURVE('',#2666,(#2670,#2677),.PCURVE_S1.);
#2666 = LINE('',#2667,#2668);
#2667 = CARTESIAN_POINT('',(-112.,-22.,25.));
#2668 = VECTOR('',#2669,1.);
#2669 = DIRECTION('',(0.,1.,0.));
#2670 = PCURVE('',#928,#2671);
#2671 = DEFINITIONAL_REPRESENTATION('',(#2672),#2676);
#2672 = LINE('',#2673,#2674);
#2673 = CARTESIAN_POINT('',(25.,35.));
#2674 = VECTOR('',#2675,1.);
#2675 = DIRECTION('',(0.,-1.));
#2676 = ( GEOMETRIC_REPRESENTATION_CONTEXT(2) 
PARAMETRIC_REPRESENTATION_CONTEXT() REPRESENTATION_CONTEXT('2D SPACE',''
  ) );
#2677 = PCURVE('',#2165,#2678);
#2678 = DEFINITIONAL_REPRESENTATION('',(#2679),#2683);
#2679 = LINE('',#2680,#2681);
#2680 = CARTESIAN_POINT('',(0.,0.));
#2681 = VECTOR('',#2682,1.);
#2682 = DIRECTION('',(0.,1.));
#2683 = ( GEOMETRIC_REPRESENTATION_CONTEXT(2) 
PARAMETRIC_REPRESENTATION_CONTEXT() REPRESENTATION_CONTEXT('2D SPACE',''
  ) );
#2684 = ORIENTED_EDGE('',*,*,#2685,.F.);
#2685 = EDGE_CURVE('',#2686,#2663,#2688,.T.);
#2686 = VERTEX_POINT('',#2687);
#2687 = CARTESIAN_POINT('',(-112.,-22.,22.939696961967));
#2688 = SURFACE_CURVE('',#2689,(#2693,#2700),.PCURVE_S1.);
#2689 = LINE('',#2690,#2691);
#2690 = CARTESIAN_POINT('',(-112.,-22.,17.));
#2691 = VECTOR('',#2692,1.);
#2692 = DIRECTION('',(0.,0.,1.));
#2693 = PCURVE('',#928,#2694);
#2694 = DEFINITIONAL_REPRESENTATION('',(#2695),#2699);
#2695 = LINE('',#2696,#2697);
#2696 = CARTESIAN_POINT('',(17.,35.));
#2697 = VECTOR('',#2698,1.);
#2698 = DIRECTION('',(1.,0.));
#2699 = ( GEOMETRIC_REPRESENTATION_CONTEXT(2) 
PARAMETRIC_REPRESENTATION_CONTEXT() REPRESENTATION_CONTEXT('2D SPACE',''
  ) );
#2700 = PCURVE('',#2137,#2701);
#2701 = DEFINITIONAL_REPRESENTATION('',(#2702),#2706);
#2702 = LINE('',#2703,#2704);
#2703 = CARTESIAN_POINT('',(0.,0.));
#2704 = VECTOR('',#2705,1.);
#2705 = DIRECTION('',(1.,0.));
#2706 = ( GEOMETRIC_REPRESENTATION_CONTEXT(2) 
PARAMETRIC_REPRESENTATION_CONTEXT() REPRESENTATION_CONTEXT('2D SPACE',''
  ) );
#2707 = ORIENTED_EDGE('',*,*,#2708,.F.);
#2708 = EDGE_CURVE('',#2709,#2686,#2711,.T.);
#2709 = VERTEX_POINT('',#2710);
#2710 = CARTESIAN_POINT('',(-112.,-16.06030303803,17.));
#2711 = SURFACE_CURVE('',#2712,(#2716,#2722),.PCURVE_S1.);
#2712 = LINE('',#2713,#2714);
#2713 = CARTESIAN_POINT('',(-112.,-8.787867965644,9.727564927611));
#2714 = VECTOR('',#2715,1.);
#2715 = DIRECTION('',(0.,-0.707106781187,0.707106781187));
#2716 = PCURVE('',#928,#2717);
#2717 = DEFINITIONAL_REPRESENTATION('',(#2718),#2721);
#2718 = B_SPLINE_CURVE_WITH_KNOTS('',1,(#2719,#2720),.UNSPECIFIED.,.F.,
  .F.,(2,2),(10.28477631085,18.68477631085),.PIECEWISE_BEZIER_KNOTS.);
#2719 = CARTESIAN_POINT('',(17.,29.060303038033));
#2720 = CARTESIAN_POINT('',(22.939696961967,35.));
#2721 = ( GEOMETRIC_REPRESENTATION_CONTEXT(2) 
PARAMETRIC_REPRESENTATION_CONTEXT() REPRESENTATION_CONTEXT('2D SPACE',''
  ) );
#2722 = PCURVE('',#2110,#2723);
#2723 = DEFINITIONAL_REPRESENTATION('',(#2724),#2727);
#2724 = B_SPLINE_CURVE_WITH_KNOTS('',1,(#2725,#2726),.UNSPECIFIED.,.F.,
  .F.,(2,2),(10.28477631085,18.68477631085),.PIECEWISE_BEZIER_KNOTS.);
#2725 = CARTESIAN_POINT('',(1.,12.));
#2726 = CARTESIAN_POINT('',(1.,3.6));
#2727 = ( GEOMETRIC_REPRESENTATION_CONTEXT(2) 
PARAMETRIC_REPRESENTATION_CONTEXT() REPRESENTATION_CONTEXT('2D SPACE',''
  ) );
#2728 = ORIENTED_EDGE('',*,*,#2729,.F.);
#2729 = EDGE_CURVE('',#2730,#2709,#2732,.T.);
#2730 = VERTEX_POINT('',#2731);
#2731 = CARTESIAN_POINT('',(-112.,-19.,14.060303038033));
#2732 = SURFACE_CURVE('',#2733,(#2737,#2743),.PCURVE_S1.);
#2733 = LINE('',#2734,#2735);
#2734 = CARTESIAN_POINT('',(-112.,-17.28786796564,15.772435072389));
#2735 = VECTOR('',#2736,1.);
#2736 = DIRECTION('',(-0.,0.707106781187,0.707106781187));
#2737 = PCURVE('',#928,#2738);
#2738 = DEFINITIONAL_REPRESENTATION('',(#2739),#2742);
#2739 = B_SPLINE_CURVE_WITH_KNOTS('',1,(#2740,#2741),.UNSPECIFIED.,.F.,
  .F.,(2,2),(-6.663961030679,1.736038969321),.PIECEWISE_BEZIER_KNOTS.);
#2740 = CARTESIAN_POINT('',(11.060303038033,35.));
#2741 = CARTESIAN_POINT('',(17.,29.060303038033));
#2742 = ( GEOMETRIC_REPRESENTATION_CONTEXT(2) 
PARAMETRIC_REPRESENTATION_CONTEXT() REPRESENTATION_CONTEXT('2D SPACE',''
  ) );
#2743 = PCURVE('',#1988,#2744);
#2744 = DEFINITIONAL_REPRESENTATION('',(#2745),#2748);
#2745 = B_SPLINE_CURVE_WITH_KNOTS('',1,(#2746,#2747),.UNSPECIFIED.,.F.,
  .F.,(2,2),(-6.663961030679,1.736038969321),.PIECEWISE_BEZIER_KNOTS.);
#2746 = CARTESIAN_POINT('',(3.6,1.));
#2747 = CARTESIAN_POINT('',(12.,1.));
#2748 = ( GEOMETRIC_REPRESENTATION_CONTEXT(2) 
PARAMETRIC_REPRESENTATION_CONTEXT() REPRESENTATION_CONTEXT('2D SPACE',''
  ) );
#2749 = ORIENTED_EDGE('',*,*,#2750,.F.);
#2750 = EDGE_CURVE('',#1026,#2730,#2751,.T.);
#2751 = SURFACE_CURVE('',#2752,(#2756,#2763),.PCURVE_S1.);
#2752 = LINE('',#2753,#2754);
#2753 = CARTESIAN_POINT('',(-112.,-19.,0.));
#2754 = VECTOR('',#2755,1.);
#2755 = DIRECTION('',(0.,0.,1.));
#2756 = PCURVE('',#928,#2757);
#2757 = DEFINITIONAL_REPRESENTATION('',(#2758),#2762);
#2758 = LINE('',#2759,#2760);
#2759 = CARTESIAN_POINT('',(0.,32.));
#2760 = VECTOR('',#2761,1.);
#2761 = DIRECTION('',(1.,0.));
#2762 = ( GEOMETRIC_REPRESENTATION_CONTEXT(2) 
PARAMETRIC_REPRESENTATION_CONTEXT() REPRESENTATION_CONTEXT('2D SPACE',''
  ) );
#2763 = PCURVE('',#1064,#2764);
#2764 = DEFINITIONAL_REPRESENTATION('',(#2765),#2769);
#2765 = LINE('',#2766,#2767);
#2766 = CARTESIAN_POINT('',(0.,0.));
#2767 = VECTOR('',#2768,1.);
#2768 = DIRECTION('',(1.,0.));
#2769 = ( GEOMETRIC_REPRESENTATION_CONTEXT(2) 
PARAMETRIC_REPRESENTATION_CONTEXT() REPRESENTATION_CONTEXT('2D SPACE',''
  ) );
#2770 = ORIENTED_EDGE('',*,*,#1025,.T.);
#2771 = ADVANCED_FACE('',(#2772),#956,.F.);
#2772 = FACE_BOUND('',#2773,.F.);
#2773 = EDGE_LOOP('',(#2774,#2775,#2776,#2799));
#2774 = ORIENTED_EDGE('',*,*,#940,.F.);
#2775 = ORIENTED_EDGE('',*,*,#2574,.T.);
#2776 = ORIENTED_EDGE('',*,*,#2777,.T.);
#2777 = EDGE_CURVE('',#2547,#2778,#2780,.T.);
#2778 = VERTEX_POINT('',#2779);
#2779 = CARTESIAN_POINT('',(-50.40042162522,13.,17.));
#2780 = SURFACE_CURVE('',#2781,(#2785,#2792),.PCURVE_S1.);
#2781 = LINE('',#2782,#2783);
#2782 = CARTESIAN_POINT('',(-112.,13.,17.));
#2783 = VECTOR('',#2784,1.);
#2784 = DIRECTION('',(1.,0.,0.));
#2785 = PCURVE('',#956,#2786);
#2786 = DEFINITIONAL_REPRESENTATION('',(#2787),#2791);
#2787 = LINE('',#2788,#2789);
#2788 = CARTESIAN_POINT('',(17.,0.));
#2789 = VECTOR('',#2790,1.);
#2790 = DIRECTION('',(0.,1.));
#2791 = ( GEOMETRIC_REPRESENTATION_CONTEXT(2) 
PARAMETRIC_REPRESENTATION_CONTEXT() REPRESENTATION_CONTEXT('2D SPACE',''
  ) );
#2792 = PCURVE('',#2562,#2793);
#2793 = DEFINITIONAL_REPRESENTATION('',(#2794),#2798);
#2794 = LINE('',#2795,#2796);
#2795 = CARTESIAN_POINT('',(0.,35.));
#2796 = VECTOR('',#2797,1.);
#2797 = DIRECTION('',(1.,0.));
#2798 = ( GEOMETRIC_REPRESENTATION_CONTEXT(2) 
PARAMETRIC_REPRESENTATION_CONTEXT() REPRESENTATION_CONTEXT('2D SPACE',''
  ) );
#2799 = ORIENTED_EDGE('',*,*,#2800,.T.);
#2800 = EDGE_CURVE('',#2778,#941,#2801,.T.);
#2801 = SURFACE_CURVE('',#2802,(#2806,#2812),.PCURVE_S1.);
#2802 = LINE('',#2803,#2804);
#2803 = CARTESIAN_POINT('',(-50.40042162522,13.,0.));
#2804 = VECTOR('',#2805,1.);
#2805 = DIRECTION('',(-0.,-0.,-1.));
#2806 = PCURVE('',#956,#2807);
#2807 = DEFINITIONAL_REPRESENTATION('',(#2808),#2811);
#2808 = B_SPLINE_CURVE_WITH_KNOTS('',1,(#2809,#2810),.UNSPECIFIED.,.F.,
  .F.,(2,2),(-18.7,6.E-07),.PIECEWISE_BEZIER_KNOTS.);
#2809 = CARTESIAN_POINT('',(18.7,61.599578374779));
#2810 = CARTESIAN_POINT('',(-6.E-07,61.599578374779));
#2811 = ( GEOMETRIC_REPRESENTATION_CONTEXT(2) 
PARAMETRIC_REPRESENTATION_CONTEXT() REPRESENTATION_CONTEXT('2D SPACE',''
  ) );
#2812 = PCURVE('',#985,#2813);
#2813 = DEFINITIONAL_REPRESENTATION('',(#2814),#2817);
#2814 = B_SPLINE_CURVE_WITH_KNOTS('',1,(#2815,#2816),.UNSPECIFIED.,.F.,
  .F.,(2,2),(-18.7,6.E-07),.PIECEWISE_BEZIER_KNOTS.);
#2815 = CARTESIAN_POINT('',(-2.889160420182,-18.7));
#2816 = CARTESIAN_POINT('',(-2.889160420182,6.E-07));
#2817 = ( GEOMETRIC_REPRESENTATION_CONTEXT(2) 
PARAMETRIC_REPRESENTATION_CONTEXT() REPRESENTATION_CONTEXT('2D SPACE',''
  ) );
#2818 = ADVANCED_FACE('',(#2819),#985,.T.);
#2819 = FACE_BOUND('',#2820,.F.);
#2820 = EDGE_LOOP('',(#2821,#2822,#2850,#2869));
#2821 = ORIENTED_EDGE('',*,*,#2800,.F.);
#2822 = ORIENTED_EDGE('',*,*,#2823,.F.);
#2823 = EDGE_CURVE('',#2824,#2778,#2826,.T.);
#2824 = VERTEX_POINT('',#2825);
#2825 = CARTESIAN_POINT('',(-50.40042162522,-13.,17.));
#2826 = SURFACE_CURVE('',#2827,(#2832,#2839),.PCURVE_S1.);
#2827 = CIRCLE('',#2828,52.05);
#2828 = AXIS2_PLACEMENT_3D('',#2829,#2830,#2831);
#2829 = CARTESIAN_POINT('',(0.,0.,17.));
#2830 = DIRECTION('',(0.,0.,-1.));
#2831 = DIRECTION('',(1.,0.,0.));
#2832 = PCURVE('',#985,#2833);
#2833 = DEFINITIONAL_REPRESENTATION('',(#2834),#2838);
#2834 = LINE('',#2835,#2836);
#2835 = CARTESIAN_POINT('',(-6.28318530718,-17.));
#2836 = VECTOR('',#2837,1.);
#2837 = DIRECTION('',(1.,-0.));
#2838 = ( GEOMETRIC_REPRESENTATION_CONTEXT(2) 
PARAMETRIC_REPRESENTATION_CONTEXT() REPRESENTATION_CONTEXT('2D SPACE',''
  ) );
#2839 = PCURVE('',#2562,#2840);
#2840 = DEFINITIONAL_REPRESENTATION('',(#2841),#2849);
#2841 = ( BOUNDED_CURVE() B_SPLINE_CURVE(2,(#2842,#2843,#2844,#2845,
#2846,#2847,#2848),.UNSPECIFIED.,.T.,.F.) B_SPLINE_CURVE_WITH_KNOTS((1,2
    ,2,2,2,1),(-2.094395102393,0.,2.094395102393,4.188790204786,
6.28318530718,8.377580409573),.UNSPECIFIED.) CURVE() 
GEOMETRIC_REPRESENTATION_ITEM() RATIONAL_B_SPLINE_CURVE((1.,0.5,1.,0.5,
1.,0.5,1.)) REPRESENTATION_ITEM('') );
#2842 = CARTESIAN_POINT('',(164.05,22.));
#2843 = CARTESIAN_POINT('',(164.05,-68.15324453396));
#2844 = CARTESIAN_POINT('',(85.975,-23.07662226698));
#2845 = CARTESIAN_POINT('',(7.9,22.));
#2846 = CARTESIAN_POINT('',(85.975,67.07662226698));
#2847 = CARTESIAN_POINT('',(164.05,112.15324453396));
#2848 = CARTESIAN_POINT('',(164.05,22.));
#2849 = ( GEOMETRIC_REPRESENTATION_CONTEXT(2) 
PARAMETRIC_REPRESENTATION_CONTEXT() REPRESENTATION_CONTEXT('2D SPACE',''
  ) );
#2850 = ORIENTED_EDGE('',*,*,#2851,.T.);
#2851 = EDGE_CURVE('',#2824,#969,#2852,.T.);
#2852 = SURFACE_CURVE('',#2853,(#2857,#2863),.PCURVE_S1.);
#2853 = LINE('',#2854,#2855);
#2854 = CARTESIAN_POINT('',(-50.40042162522,-13.,0.));
#2855 = VECTOR('',#2856,1.);
#2856 = DIRECTION('',(-0.,-0.,-1.));
#2857 = PCURVE('',#985,#2858);
#2858 = DEFINITIONAL_REPRESENTATION('',(#2859),#2862);
#2859 = B_SPLINE_CURVE_WITH_KNOTS('',1,(#2860,#2861),.UNSPECIFIED.,.F.,
  .F.,(2,2),(-18.7,6.E-07),.PIECEWISE_BEZIER_KNOTS.);
#2860 = CARTESIAN_POINT('',(-3.394024886998,-18.7));
#2861 = CARTESIAN_POINT('',(-3.394024886998,6.E-07));
#2862 = ( GEOMETRIC_REPRESENTATION_CONTEXT(2) 
PARAMETRIC_REPRESENTATION_CONTEXT() REPRESENTATION_CONTEXT('2D SPACE',''
  ) );
#2863 = PCURVE('',#1013,#2864);
#2864 = DEFINITIONAL_REPRESENTATION('',(#2865),#2868);
#2865 = B_SPLINE_CURVE_WITH_KNOTS('',1,(#2866,#2867),.UNSPECIFIED.,.F.,
  .F.,(2,2),(-18.7,6.E-07),.PIECEWISE_BEZIER_KNOTS.);
#2866 = CARTESIAN_POINT('',(18.7,61.599578374779));
#2867 = CARTESIAN_POINT('',(-6.E-07,61.599578374779));
#2868 = ( GEOMETRIC_REPRESENTATION_CONTEXT(2) 
PARAMETRIC_REPRESENTATION_CONTEXT() REPRESENTATION_CONTEXT('2D SPACE',''
  ) );
#2869 = ORIENTED_EDGE('',*,*,#968,.F.);
#2870 = ADVANCED_FACE('',(#2871),#1013,.T.);
#2871 = FACE_BOUND('',#2872,.T.);
#2872 = EDGE_LOOP('',(#2873,#2874,#2875,#2896));
#2873 = ORIENTED_EDGE('',*,*,#997,.F.);
#2874 = ORIENTED_EDGE('',*,*,#2523,.T.);
#2875 = ORIENTED_EDGE('',*,*,#2876,.T.);
#2876 = EDGE_CURVE('',#2524,#2824,#2877,.T.);
#2877 = SURFACE_CURVE('',#2878,(#2882,#2889),.PCURVE_S1.);
#2878 = LINE('',#2879,#2880);
#2879 = CARTESIAN_POINT('',(-112.,-13.,17.));
#2880 = VECTOR('',#2881,1.);
#2881 = DIRECTION('',(1.,0.,0.));
#2882 = PCURVE('',#1013,#2883);
#2883 = DEFINITIONAL_REPRESENTATION('',(#2884),#2888);
#2884 = LINE('',#2885,#2886);
#2885 = CARTESIAN_POINT('',(17.,0.));
#2886 = VECTOR('',#2887,1.);
#2887 = DIRECTION('',(0.,1.));
#2888 = ( GEOMETRIC_REPRESENTATION_CONTEXT(2) 
PARAMETRIC_REPRESENTATION_CONTEXT() REPRESENTATION_CONTEXT('2D SPACE',''
  ) );
#2889 = PCURVE('',#2562,#2890);
#2890 = DEFINITIONAL_REPRESENTATION('',(#2891),#2895);
#2891 = LINE('',#2892,#2893);
#2892 = CARTESIAN_POINT('',(0.,9.));
#2893 = VECTOR('',#2894,1.);
#2894 = DIRECTION('',(1.,0.));
#2895 = ( GEOMETRIC_REPRESENTATION_CONTEXT(2) 
PARAMETRIC_REPRESENTATION_CONTEXT() REPRESENTATION_CONTEXT('2D SPACE',''
  ) );
#2896 = ORIENTED_EDGE('',*,*,#2851,.T.);
#2897 = ADVANCED_FACE('',(#2898),#1064,.F.);
#2898 = FACE_BOUND('',#2899,.F.);
#2899 = EDGE_LOOP('',(#2900,#2901,#2902,#2921));
#2900 = ORIENTED_EDGE('',*,*,#1048,.F.);
#2901 = ORIENTED_EDGE('',*,*,#2750,.T.);
#2902 = ORIENTED_EDGE('',*,*,#2903,.F.);
#2903 = EDGE_CURVE('',#1948,#2730,#2904,.T.);
#2904 = SURFACE_CURVE('',#2905,(#2909,#2915),.PCURVE_S1.);
#2905 = LINE('',#2906,#2907);
#2906 = CARTESIAN_POINT('',(-112.5,-19.,14.060303038033));
#2907 = VECTOR('',#2908,1.);
#2908 = DIRECTION('',(-1.,0.,0.));
#2909 = PCURVE('',#1064,#2910);
#2910 = DEFINITIONAL_REPRESENTATION('',(#2911),#2914);
#2911 = B_SPLINE_CURVE_WITH_KNOTS('',1,(#2912,#2913),.UNSPECIFIED.,.F.,
  .F.,(2,2),(-64.04174476933,-0.5),.PIECEWISE_BEZIER_KNOTS.);
#2912 = CARTESIAN_POINT('',(14.060303038033,63.541744769338));
#2913 = CARTESIAN_POINT('',(14.060303038033,0.));
#2914 = ( GEOMETRIC_REPRESENTATION_CONTEXT(2) 
PARAMETRIC_REPRESENTATION_CONTEXT() REPRESENTATION_CONTEXT('2D SPACE',''
  ) );
#2915 = PCURVE('',#1988,#2916);
#2916 = DEFINITIONAL_REPRESENTATION('',(#2917),#2920);
#2917 = B_SPLINE_CURVE_WITH_KNOTS('',1,(#2918,#2919),.UNSPECIFIED.,.F.,
  .F.,(2,2),(-64.04174476933,-0.5),.PIECEWISE_BEZIER_KNOTS.);
#2918 = CARTESIAN_POINT('',(7.842640687119,64.541744769338));
#2919 = CARTESIAN_POINT('',(7.842640687119,1.));
#2920 = ( GEOMETRIC_REPRESENTATION_CONTEXT(2) 
PARAMETRIC_REPRESENTATION_CONTEXT() REPRESENTATION_CONTEXT('2D SPACE',''
  ) );
#2921 = ORIENTED_EDGE('',*,*,#1947,.T.);
#2922 = ADVANCED_FACE('',(#2923),#1163,.F.);
#2923 = FACE_BOUND('',#2924,.F.);
#2924 = EDGE_LOOP('',(#2925,#2948,#2949,#2950));
#2925 = ORIENTED_EDGE('',*,*,#2926,.F.);
#2926 = EDGE_CURVE('',#1148,#2927,#2929,.T.);
#2927 = VERTEX_POINT('',#2928);
#2928 = CARTESIAN_POINT('',(10.,38.55,28.5));
#2929 = SURFACE_CURVE('',#2930,(#2934,#2941),.PCURVE_S1.);
#2930 = LINE('',#2931,#2932);
#2931 = CARTESIAN_POINT('',(10.,38.55,0.));
#2932 = VECTOR('',#2933,1.);
#2933 = DIRECTION('',(0.,0.,1.));
#2934 = PCURVE('',#1163,#2935);
#2935 = DEFINITIONAL_REPRESENTATION('',(#2936),#2940);
#2936 = LINE('',#2937,#2938);
#2937 = CARTESIAN_POINT('',(0.,7.));
#2938 = VECTOR('',#2939,1.);
#2939 = DIRECTION('',(1.,0.));
#2940 = ( GEOMETRIC_REPRESENTATION_CONTEXT(2) 
PARAMETRIC_REPRESENTATION_CONTEXT() REPRESENTATION_CONTEXT('2D SPACE',''
  ) );
#2941 = PCURVE('',#1191,#2942);
#2942 = DEFINITIONAL_REPRESENTATION('',(#2943),#2947);
#2943 = LINE('',#2944,#2945);
#2944 = CARTESIAN_POINT('',(0.,0.));
#2945 = VECTOR('',#2946,1.);
#2946 = DIRECTION('',(1.,0.));
#2947 = ( GEOMETRIC_REPRESENTATION_CONTEXT(2) 
PARAMETRIC_REPRESENTATION_CONTEXT() REPRESENTATION_CONTEXT('2D SPACE',''
  ) );
#2948 = ORIENTED_EDGE('',*,*,#1147,.F.);
#2949 = ORIENTED_EDGE('',*,*,#1917,.T.);
#2950 = ORIENTED_EDGE('',*,*,#2951,.T.);
#2951 = EDGE_CURVE('',#1895,#2927,#2952,.T.);
#2952 = SURFACE_CURVE('',#2953,(#2957,#2964),.PCURVE_S1.);
#2953 = LINE('',#2954,#2955);
#2954 = CARTESIAN_POINT('',(3.,38.55,28.5));
#2955 = VECTOR('',#2956,1.);
#2956 = DIRECTION('',(1.,0.,0.));
#2957 = PCURVE('',#1163,#2958);
#2958 = DEFINITIONAL_REPRESENTATION('',(#2959),#2963);
#2959 = LINE('',#2960,#2961);
#2960 = CARTESIAN_POINT('',(28.5,0.));
#2961 = VECTOR('',#2962,1.);
#2962 = DIRECTION('',(0.,1.));
#2963 = ( GEOMETRIC_REPRESENTATION_CONTEXT(2) 
PARAMETRIC_REPRESENTATION_CONTEXT() REPRESENTATION_CONTEXT('2D SPACE',''
  ) );
#2964 = PCURVE('',#1528,#2965);
#2965 = DEFINITIONAL_REPRESENTATION('',(#2966),#2970);
#2966 = LINE('',#2967,#2968);
#2967 = CARTESIAN_POINT('',(1.570796326795,0.));
#2968 = VECTOR('',#2969,1.);
#2969 = DIRECTION('',(0.,1.));
#2970 = ( GEOMETRIC_REPRESENTATION_CONTEXT(2) 
PARAMETRIC_REPRESENTATION_CONTEXT() REPRESENTATION_CONTEXT('2D SPACE',''
  ) );
#2971 = ADVANCED_FACE('',(#2972),#1191,.T.);
#2972 = FACE_BOUND('',#2973,.T.);
#2973 = EDGE_LOOP('',(#2974,#2995,#3016,#3017));
#2974 = ORIENTED_EDGE('',*,*,#2975,.F.);
#2975 = EDGE_CURVE('',#2976,#1176,#2978,.T.);
#2976 = VERTEX_POINT('',#2977);
#2977 = CARTESIAN_POINT('',(10.,39.813345752398,28.5));
#2978 = SURFACE_CURVE('',#2979,(#2983,#2989),.PCURVE_S1.);
#2979 = LINE('',#2980,#2981);
#2980 = CARTESIAN_POINT('',(10.,39.813345752398,0.));
#2981 = VECTOR('',#2982,1.);
#2982 = DIRECTION('',(-0.,-0.,-1.));
#2983 = PCURVE('',#1191,#2984);
#2984 = DEFINITIONAL_REPRESENTATION('',(#2985),#2988);
#2985 = B_SPLINE_CURVE_WITH_KNOTS('',1,(#2986,#2987),.UNSPECIFIED.,.F.,
  .F.,(2,2),(-30.0000006,6.E-07),.PIECEWISE_BEZIER_KNOTS.);
#2986 = CARTESIAN_POINT('',(30.0000006,-1.263345752398));
#2987 = CARTESIAN_POINT('',(-6.E-07,-1.263345752398));
#2988 = ( GEOMETRIC_REPRESENTATION_CONTEXT(2) 
PARAMETRIC_REPRESENTATION_CONTEXT() REPRESENTATION_CONTEXT('2D SPACE',''
  ) );
#2989 = PCURVE('',#1220,#2990);
#2990 = DEFINITIONAL_REPRESENTATION('',(#2991),#2994);
#2991 = B_SPLINE_CURVE_WITH_KNOTS('',1,(#2992,#2993),.UNSPECIFIED.,.F.,
  .F.,(2,2),(-30.0000006,6.E-07),.PIECEWISE_BEZIER_KNOTS.);
#2992 = CARTESIAN_POINT('',(-7.607900161742,-30.0000006));
#2993 = CARTESIAN_POINT('',(-7.607900161742,6.E-07));
#2994 = ( GEOMETRIC_REPRESENTATION_CONTEXT(2) 
PARAMETRIC_REPRESENTATION_CONTEXT() REPRESENTATION_CONTEXT('2D SPACE',''
  ) );
#2995 = ORIENTED_EDGE('',*,*,#2996,.F.);
#2996 = EDGE_CURVE('',#2927,#2976,#2997,.T.);
#2997 = SURFACE_CURVE('',#2998,(#3002,#3009),.PCURVE_S1.);
#2998 = LINE('',#2999,#3000);
#2999 = CARTESIAN_POINT('',(10.,38.55,28.5));
#3000 = VECTOR('',#3001,1.);
#3001 = DIRECTION('',(0.,1.,0.));
#3002 = PCURVE('',#1191,#3003);
#3003 = DEFINITIONAL_REPRESENTATION('',(#3004),#3008);
#3004 = LINE('',#3005,#3006);
#3005 = CARTESIAN_POINT('',(28.5,0.));
#3006 = VECTOR('',#3007,1.);
#3007 = DIRECTION('',(0.,-1.));
#3008 = ( GEOMETRIC_REPRESENTATION_CONTEXT(2) 
PARAMETRIC_REPRESENTATION_CONTEXT() REPRESENTATION_CONTEXT('2D SPACE',''
  ) );
#3009 = PCURVE('',#1556,#3010);
#3010 = DEFINITIONAL_REPRESENTATION('',(#3011),#3015);
#3011 = LINE('',#3012,#3013);
#3012 = CARTESIAN_POINT('',(1.570796326795,0.));
#3013 = VECTOR('',#3014,1.);
#3014 = DIRECTION('',(0.,1.));
#3015 = ( GEOMETRIC_REPRESENTATION_CONTEXT(2) 
PARAMETRIC_REPRESENTATION_CONTEXT() REPRESENTATION_CONTEXT('2D SPACE',''
  ) );
#3016 = ORIENTED_EDGE('',*,*,#2926,.F.);
#3017 = ORIENTED_EDGE('',*,*,#1175,.T.);
#3018 = ADVANCED_FACE('',(#3019),#1220,.F.);
#3019 = FACE_BOUND('',#3020,.T.);
#3020 = EDGE_LOOP('',(#3021,#3042,#3064,#3065));
#3021 = ORIENTED_EDGE('',*,*,#3022,.F.);
#3022 = EDGE_CURVE('',#3023,#1204,#3025,.T.);
#3023 = VERTEX_POINT('',#3024);
#3024 = CARTESIAN_POINT('',(-10.,39.813345752398,28.5));
#3025 = SURFACE_CURVE('',#3026,(#3030,#3036),.PCURVE_S1.);
#3026 = LINE('',#3027,#3028);
#3027 = CARTESIAN_POINT('',(-10.,39.813345752398,0.));
#3028 = VECTOR('',#3029,1.);
#3029 = DIRECTION('',(-0.,-0.,-1.));
#3030 = PCURVE('',#1220,#3031);
#3031 = DEFINITIONAL_REPRESENTATION('',(#3032),#3035);
#3032 = B_SPLINE_CURVE_WITH_KNOTS('',1,(#3033,#3034),.UNSPECIFIED.,.F.,
  .F.,(2,2),(-30.,-0.),.PIECEWISE_BEZIER_KNOTS.);
#3033 = CARTESIAN_POINT('',(-1.816877799027,-30.));
#3034 = CARTESIAN_POINT('',(-1.816877799027,0.));
#3035 = ( GEOMETRIC_REPRESENTATION_CONTEXT(2) 
PARAMETRIC_REPRESENTATION_CONTEXT() REPRESENTATION_CONTEXT('2D SPACE',''
  ) );
#3036 = PCURVE('',#1248,#3037);
#3037 = DEFINITIONAL_REPRESENTATION('',(#3038),#3041);
#3038 = B_SPLINE_CURVE_WITH_KNOTS('',1,(#3039,#3040),.UNSPECIFIED.,.F.,
  .F.,(2,2),(-30.0000006,6.E-07),.PIECEWISE_BEZIER_KNOTS.);
#3039 = CARTESIAN_POINT('',(30.0000006,-1.263345752398));
#3040 = CARTESIAN_POINT('',(-6.E-07,-1.263345752398));
#3041 = ( GEOMETRIC_REPRESENTATION_CONTEXT(2) 
PARAMETRIC_REPRESENTATION_CONTEXT() REPRESENTATION_CONTEXT('2D SPACE',''
  ) );
#3042 = ORIENTED_EDGE('',*,*,#3043,.F.);
#3043 = EDGE_CURVE('',#2976,#3023,#3044,.T.);
#3044 = SURFACE_CURVE('',#3045,(#3050,#3057),.PCURVE_S1.);
#3045 = CIRCLE('',#3046,41.05);
#3046 = AXIS2_PLACEMENT_3D('',#3047,#3048,#3049);
#3047 = CARTESIAN_POINT('',(2.235075980712E-13,1.208149178763E-15,28.5)
  );
#3048 = DIRECTION('',(0.,-0.,-1.));
#3049 = DIRECTION('',(0.243605359318,0.969874439766,-0.));
#3050 = PCURVE('',#1220,#3051);
#3051 = DEFINITIONAL_REPRESENTATION('',(#3052),#3056);
#3052 = LINE('',#3053,#3054);
#3053 = CARTESIAN_POINT('',(-7.607900161742,-28.5));
#3054 = VECTOR('',#3055,1.);
#3055 = DIRECTION('',(1.,-0.));
#3056 = ( GEOMETRIC_REPRESENTATION_CONTEXT(2) 
PARAMETRIC_REPRESENTATION_CONTEXT() REPRESENTATION_CONTEXT('2D SPACE',''
  ) );
#3057 = PCURVE('',#1589,#3058);
#3058 = DEFINITIONAL_REPRESENTATION('',(#3059),#3063);
#3059 = LINE('',#3060,#3061);
#3060 = CARTESIAN_POINT('',(-0.,3.14159265359));
#3061 = VECTOR('',#3062,1.);
#3062 = DIRECTION('',(-1.,0.));
#3063 = ( GEOMETRIC_REPRESENTATION_CONTEXT(2) 
PARAMETRIC_REPRESENTATION_CONTEXT() REPRESENTATION_CONTEXT('2D SPACE',''
  ) );
#3064 = ORIENTED_EDGE('',*,*,#2975,.T.);
#3065 = ORIENTED_EDGE('',*,*,#1203,.F.);
#3066 = ADVANCED_FACE('',(#3067),#1248,.F.);
#3067 = FACE_BOUND('',#3068,.F.);
#3068 = EDGE_LOOP('',(#3069,#3070,#3093,#3114));
#3069 = ORIENTED_EDGE('',*,*,#3022,.F.);
#3070 = ORIENTED_EDGE('',*,*,#3071,.F.);
#3071 = EDGE_CURVE('',#3072,#3023,#3074,.T.);
#3072 = VERTEX_POINT('',#3073);
#3073 = CARTESIAN_POINT('',(-10.,38.55,28.5));
#3074 = SURFACE_CURVE('',#3075,(#3079,#3086),.PCURVE_S1.);
#3075 = LINE('',#3076,#3077);
#3076 = CARTESIAN_POINT('',(-10.,38.55,28.5));
#3077 = VECTOR('',#3078,1.);
#3078 = DIRECTION('',(0.,1.,0.));
#3079 = PCURVE('',#1248,#3080);
#3080 = DEFINITIONAL_REPRESENTATION('',(#3081),#3085);
#3081 = LINE('',#3082,#3083);
#3082 = CARTESIAN_POINT('',(28.5,0.));
#3083 = VECTOR('',#3084,1.);
#3084 = DIRECTION('',(0.,-1.));
#3085 = ( GEOMETRIC_REPRESENTATION_CONTEXT(2) 
PARAMETRIC_REPRESENTATION_CONTEXT() REPRESENTATION_CONTEXT('2D SPACE',''
  ) );
#3086 = PCURVE('',#1617,#3087);
#3087 = DEFINITIONAL_REPRESENTATION('',(#3088),#3092);
#3088 = LINE('',#3089,#3090);
#3089 = CARTESIAN_POINT('',(-1.570796326795,0.));
#3090 = VECTOR('',#3091,1.);
#3091 = DIRECTION('',(-0.,1.));
#3092 = ( GEOMETRIC_REPRESENTATION_CONTEXT(2) 
PARAMETRIC_REPRESENTATION_CONTEXT() REPRESENTATION_CONTEXT('2D SPACE',''
  ) );
#3093 = ORIENTED_EDGE('',*,*,#3094,.F.);
#3094 = EDGE_CURVE('',#1233,#3072,#3095,.T.);
#3095 = SURFACE_CURVE('',#3096,(#3100,#3107),.PCURVE_S1.);
#3096 = LINE('',#3097,#3098);
#3097 = CARTESIAN_POINT('',(-10.,38.55,0.));
#3098 = VECTOR('',#3099,1.);
#3099 = DIRECTION('',(0.,0.,1.));
#3100 = PCURVE('',#1248,#3101);
#3101 = DEFINITIONAL_REPRESENTATION('',(#3102),#3106);
#3102 = LINE('',#3103,#3104);
#3103 = CARTESIAN_POINT('',(0.,0.));
#3104 = VECTOR('',#3105,1.);
#3105 = DIRECTION('',(1.,0.));
#3106 = ( GEOMETRIC_REPRESENTATION_CONTEXT(2) 
PARAMETRIC_REPRESENTATION_CONTEXT() REPRESENTATION_CONTEXT('2D SPACE',''
  ) );
#3107 = PCURVE('',#1276,#3108);
#3108 = DEFINITIONAL_REPRESENTATION('',(#3109),#3113);
#3109 = LINE('',#3110,#3111);
#3110 = CARTESIAN_POINT('',(0.,0.));
#3111 = VECTOR('',#3112,1.);
#3112 = DIRECTION('',(1.,0.));
#3113 = ( GEOMETRIC_REPRESENTATION_CONTEXT(2) 
PARAMETRIC_REPRESENTATION_CONTEXT() REPRESENTATION_CONTEXT('2D SPACE',''
  ) );
#3114 = ORIENTED_EDGE('',*,*,#1232,.T.);
#3115 = ADVANCED_FACE('',(#3116),#1276,.F.);
#3116 = FACE_BOUND('',#3117,.F.);
#3117 = EDGE_LOOP('',(#3118,#3141,#3142,#3143));
#3118 = ORIENTED_EDGE('',*,*,#3119,.F.);
#3119 = EDGE_CURVE('',#1261,#3120,#3122,.T.);
#3120 = VERTEX_POINT('',#3121);
#3121 = CARTESIAN_POINT('',(-3.,38.55,28.5));
#3122 = SURFACE_CURVE('',#3123,(#3127,#3134),.PCURVE_S1.);
#3123 = LINE('',#3124,#3125);
#3124 = CARTESIAN_POINT('',(-3.,38.55,0.));
#3125 = VECTOR('',#3126,1.);
#3126 = DIRECTION('',(0.,0.,1.));
#3127 = PCURVE('',#1276,#3128);
#3128 = DEFINITIONAL_REPRESENTATION('',(#3129),#3133);
#3129 = LINE('',#3130,#3131);
#3130 = CARTESIAN_POINT('',(0.,7.));
#3131 = VECTOR('',#3132,1.);
#3132 = DIRECTION('',(1.,0.));
#3133 = ( GEOMETRIC_REPRESENTATION_CONTEXT(2) 
PARAMETRIC_REPRESENTATION_CONTEXT() REPRESENTATION_CONTEXT('2D SPACE',''
  ) );
#3134 = PCURVE('',#1304,#3135);
#3135 = DEFINITIONAL_REPRESENTATION('',(#3136),#3140);
#3136 = LINE('',#3137,#3138);
#3137 = CARTESIAN_POINT('',(2.,-51.55));
#3138 = VECTOR('',#3139,1.);
#3139 = DIRECTION('',(1.,0.));
#3140 = ( GEOMETRIC_REPRESENTATION_CONTEXT(2) 
PARAMETRIC_REPRESENTATION_CONTEXT() REPRESENTATION_CONTEXT('2D SPACE',''
  ) );
#3141 = ORIENTED_EDGE('',*,*,#1260,.F.);
#3142 = ORIENTED_EDGE('',*,*,#3094,.T.);
#3143 = ORIENTED_EDGE('',*,*,#3144,.T.);
#3144 = EDGE_CURVE('',#3072,#3120,#3145,.T.);
#3145 = SURFACE_CURVE('',#3146,(#3150,#3157),.PCURVE_S1.);
#3146 = LINE('',#3147,#3148);
#3147 = CARTESIAN_POINT('',(-10.,38.55,28.5));
#3148 = VECTOR('',#3149,1.);
#3149 = DIRECTION('',(1.,0.,0.));
#3150 = PCURVE('',#1276,#3151);
#3151 = DEFINITIONAL_REPRESENTATION('',(#3152),#3156);
#3152 = LINE('',#3153,#3154);
#3153 = CARTESIAN_POINT('',(28.5,0.));
#3154 = VECTOR('',#3155,1.);
#3155 = DIRECTION('',(0.,1.));
#3156 = ( GEOMETRIC_REPRESENTATION_CONTEXT(2) 
PARAMETRIC_REPRESENTATION_CONTEXT() REPRESENTATION_CONTEXT('2D SPACE',''
  ) );
#3157 = PCURVE('',#1645,#3158);
#3158 = DEFINITIONAL_REPRESENTATION('',(#3159),#3163);
#3159 = LINE('',#3160,#3161);
#3160 = CARTESIAN_POINT('',(1.570796326795,0.));
#3161 = VECTOR('',#3162,1.);
#3162 = DIRECTION('',(0.,1.));
#3163 = ( GEOMETRIC_REPRESENTATION_CONTEXT(2) 
PARAMETRIC_REPRESENTATION_CONTEXT() REPRESENTATION_CONTEXT('2D SPACE',''
  ) );
#3164 = ADVANCED_FACE('',(#3165,#3213),#1304,.T.);
#3165 = FACE_BOUND('',#3166,.T.);
#3166 = EDGE_LOOP('',(#3167,#3190,#3211,#3212));
#3167 = ORIENTED_EDGE('',*,*,#3168,.T.);
#3168 = EDGE_CURVE('',#1289,#3169,#3171,.T.);
#3169 = VERTEX_POINT('',#3170);
#3170 = CARTESIAN_POINT('',(-3.,53.55,28.5));
#3171 = SURFACE_CURVE('',#3172,(#3176,#3183),.PCURVE_S1.);
#3172 = LINE('',#3173,#3174);
#3173 = CARTESIAN_POINT('',(-3.,53.55,0.));
#3174 = VECTOR('',#3175,1.);
#3175 = DIRECTION('',(0.,0.,1.));
#3176 = PCURVE('',#1304,#3177);
#3177 = DEFINITIONAL_REPRESENTATION('',(#3178),#3182);
#3178 = LINE('',#3179,#3180);
#3179 = CARTESIAN_POINT('',(2.,-66.55));
#3180 = VECTOR('',#3181,1.);
#3181 = DIRECTION('',(1.,0.));
#3182 = ( GEOMETRIC_REPRESENTATION_CONTEXT(2) 
PARAMETRIC_REPRESENTATION_CONTEXT() REPRESENTATION_CONTEXT('2D SPACE',''
  ) );
#3183 = PCURVE('',#1330,#3184);
#3184 = DEFINITIONAL_REPRESENTATION('',(#3185),#3189);
#3185 = LINE('',#3186,#3187);
#3186 = CARTESIAN_POINT('',(0.,7.));
#3187 = VECTOR('',#3188,1.);
#3188 = DIRECTION('',(1.,0.));
#3189 = ( GEOMETRIC_REPRESENTATION_CONTEXT(2) 
PARAMETRIC_REPRESENTATION_CONTEXT() REPRESENTATION_CONTEXT('2D SPACE',''
  ) );
#3190 = ORIENTED_EDGE('',*,*,#3191,.F.);
#3191 = EDGE_CURVE('',#3120,#3169,#3192,.T.);
#3192 = SURFACE_CURVE('',#3193,(#3197,#3204),.PCURVE_S1.);
#3193 = LINE('',#3194,#3195);
#3194 = CARTESIAN_POINT('',(-3.,38.55,28.5));
#3195 = VECTOR('',#3196,1.);
#3196 = DIRECTION('',(0.,1.,0.));
#3197 = PCURVE('',#1304,#3198);
#3198 = DEFINITIONAL_REPRESENTATION('',(#3199),#3203);
#3199 = LINE('',#3200,#3201);
#3200 = CARTESIAN_POINT('',(30.5,-51.55));
#3201 = VECTOR('',#3202,1.);
#3202 = DIRECTION('',(0.,-1.));
#3203 = ( GEOMETRIC_REPRESENTATION_CONTEXT(2) 
PARAMETRIC_REPRESENTATION_CONTEXT() REPRESENTATION_CONTEXT('2D SPACE',''
  ) );
#3204 = PCURVE('',#1673,#3205);
#3205 = DEFINITIONAL_REPRESENTATION('',(#3206),#3210);
#3206 = LINE('',#3207,#3208);
#3207 = CARTESIAN_POINT('',(1.570796326795,0.));
#3208 = VECTOR('',#3209,1.);
#3209 = DIRECTION('',(0.,1.));
#3210 = ( GEOMETRIC_REPRESENTATION_CONTEXT(2) 
PARAMETRIC_REPRESENTATION_CONTEXT() REPRESENTATION_CONTEXT('2D SPACE',''
  ) );
#3211 = ORIENTED_EDGE('',*,*,#3119,.F.);
#3212 = ORIENTED_EDGE('',*,*,#1288,.F.);
#3213 = FACE_BOUND('',#3214,.T.);
#3214 = EDGE_LOOP('',(#3215));
#3215 = ORIENTED_EDGE('',*,*,#3216,.T.);
#3216 = EDGE_CURVE('',#3217,#3217,#3219,.T.);
#3217 = VERTEX_POINT('',#3218);
#3218 = CARTESIAN_POINT('',(-3.,48.25,15.));
#3219 = SURFACE_CURVE('',#3220,(#3225,#3236),.PCURVE_S1.);
#3220 = CIRCLE('',#3221,2.2);
#3221 = AXIS2_PLACEMENT_3D('',#3222,#3223,#3224);
#3222 = CARTESIAN_POINT('',(-3.,46.05,15.));
#3223 = DIRECTION('',(-1.,0.,0.));
#3224 = DIRECTION('',(0.,1.,0.));
#3225 = PCURVE('',#1304,#3226);
#3226 = DEFINITIONAL_REPRESENTATION('',(#3227),#3235);
#3227 = ( BOUNDED_CURVE() B_SPLINE_CURVE(2,(#3228,#3229,#3230,#3231,
#3232,#3233,#3234),.UNSPECIFIED.,.T.,.F.) B_SPLINE_CURVE_WITH_KNOTS((1,2
    ,2,2,2,1),(-2.094395102393,0.,2.094395102393,4.188790204786,
6.28318530718,8.377580409573),.UNSPECIFIED.) CURVE() 
GEOMETRIC_REPRESENTATION_ITEM() RATIONAL_B_SPLINE_CURVE((1.,0.5,1.,0.5,
1.,0.5,1.)) REPRESENTATION_ITEM('') );
#3228 = CARTESIAN_POINT('',(17.,-61.25));
#3229 = CARTESIAN_POINT('',(13.189488223348,-61.25));
#3230 = CARTESIAN_POINT('',(15.094744111674,-57.95));
#3231 = CARTESIAN_POINT('',(17.,-54.65));
#3232 = CARTESIAN_POINT('',(18.905255888326,-57.95));
#3233 = CARTESIAN_POINT('',(20.810511776652,-61.25));
#3234 = CARTESIAN_POINT('',(17.,-61.25));
#3235 = ( GEOMETRIC_REPRESENTATION_CONTEXT(2) 
PARAMETRIC_REPRESENTATION_CONTEXT() REPRESENTATION_CONTEXT('2D SPACE',''
  ) );
#3236 = PCURVE('',#3237,#3242);
#3237 = CYLINDRICAL_SURFACE('',#3238,2.2);
#3238 = AXIS2_PLACEMENT_3D('',#3239,#3240,#3241);
#3239 = CARTESIAN_POINT('',(-13.,46.05,15.));
#3240 = DIRECTION('',(-1.,-0.,-0.));
#3241 = DIRECTION('',(0.,1.,0.));
#3242 = DEFINITIONAL_REPRESENTATION('',(#3243),#3247);
#3243 = LINE('',#3244,#3245);
#3244 = CARTESIAN_POINT('',(-6.28318530718,-10.));
#3245 = VECTOR('',#3246,1.);
#3246 = DIRECTION('',(1.,-0.));
#3247 = ( GEOMETRIC_REPRESENTATION_CONTEXT(2) 
PARAMETRIC_REPRESENTATION_CONTEXT() REPRESENTATION_CONTEXT('2D SPACE',''
  ) );
#3248 = ADVANCED_FACE('',(#3249),#1330,.T.);
#3249 = FACE_BOUND('',#3250,.T.);
#3250 = EDGE_LOOP('',(#3251,#3252,#3253,#3254));
#3251 = ORIENTED_EDGE('',*,*,#3168,.F.);
#3252 = ORIENTED_EDGE('',*,*,#1316,.F.);
#3253 = ORIENTED_EDGE('',*,*,#2427,.T.);
#3254 = ORIENTED_EDGE('',*,*,#3255,.T.);
#3255 = EDGE_CURVE('',#2428,#3169,#3256,.T.);
#3256 = SURFACE_CURVE('',#3257,(#3261,#3268),.PCURVE_S1.);
#3257 = LINE('',#3258,#3259);
#3258 = CARTESIAN_POINT('',(-10.,53.55,28.5));
#3259 = VECTOR('',#3260,1.);
#3260 = DIRECTION('',(1.,0.,0.));
#3261 = PCURVE('',#1330,#3262);
#3262 = DEFINITIONAL_REPRESENTATION('',(#3263),#3267);
#3263 = LINE('',#3264,#3265);
#3264 = CARTESIAN_POINT('',(28.5,0.));
#3265 = VECTOR('',#3266,1.);
#3266 = DIRECTION('',(0.,1.));
#3267 = ( GEOMETRIC_REPRESENTATION_CONTEXT(2) 
PARAMETRIC_REPRESENTATION_CONTEXT() REPRESENTATION_CONTEXT('2D SPACE',''
  ) );
#3268 = PCURVE('',#1701,#3269);
#3269 = DEFINITIONAL_REPRESENTATION('',(#3270),#3274);
#3270 = LINE('',#3271,#3272);
#3271 = CARTESIAN_POINT('',(-1.570796326795,0.));
#3272 = VECTOR('',#3273,1.);
#3273 = DIRECTION('',(-0.,1.));
#3274 = ( GEOMETRIC_REPRESENTATION_CONTEXT(2) 
PARAMETRIC_REPRESENTATION_CONTEXT() REPRESENTATION_CONTEXT('2D SPACE',''
  ) );
#3275 = ADVANCED_FACE('',(#3276),#1384,.T.);
#3276 = FACE_BOUND('',#3277,.F.);
#3277 = EDGE_LOOP('',(#3278,#3310,#3311,#3312));
#3278 = ORIENTED_EDGE('',*,*,#3279,.T.);
#3279 = EDGE_CURVE('',#1462,#1348,#3280,.T.);
#3280 = SURFACE_CURVE('',#3281,(#3286,#3298),.PCURVE_S1.);
#3281 = ELLIPSE('',#3282,2.12132034356,1.5);
#3282 = AXIS2_PLACEMENT_3D('',#3283,#3284,#3285);
#3283 = CARTESIAN_POINT('',(4.5,52.05,28.5));
#3284 = DIRECTION('',(-0.707106781187,-0.707106781187,0.));
#3285 = DIRECTION('',(0.707106781187,-0.707106781187,0.));
#3286 = PCURVE('',#1384,#3287);
#3287 = DEFINITIONAL_REPRESENTATION('',(#3288),#3297);
#3288 = B_SPLINE_CURVE_WITH_KNOTS('',7,(#3289,#3290,#3291,#3292,#3293,
    #3294,#3295,#3296),.UNSPECIFIED.,.F.,.F.,(8,8),(1.570796326795,
    3.14159265359),.PIECEWISE_BEZIER_KNOTS.);
#3289 = CARTESIAN_POINT('',(0.,1.5));
#3290 = CARTESIAN_POINT('',(-0.224399475256,1.163400787115));
#3291 = CARTESIAN_POINT('',(-0.448798950513,0.826802941021));
#3292 = CARTESIAN_POINT('',(-0.673198425769,0.517879761339));
#3293 = CARTESIAN_POINT('',(-0.897597901026,0.264356243062));
#3294 = CARTESIAN_POINT('',(-1.121997376282,8.812300891495E-02));
#3295 = CARTESIAN_POINT('',(-1.346396851538,-4.122151486547E-17));
#3296 = CARTESIAN_POINT('',(-1.570796326795,0.));
#3297 = ( GEOMETRIC_REPRESENTATION_CONTEXT(2) 
PARAMETRIC_REPRESENTATION_CONTEXT() REPRESENTATION_CONTEXT('2D SPACE',''
  ) );
#3298 = PCURVE('',#1500,#3299);
#3299 = DEFINITIONAL_REPRESENTATION('',(#3300),#3309);
#3300 = B_SPLINE_CURVE_WITH_KNOTS('',7,(#3301,#3302,#3303,#3304,#3305,
    #3306,#3307,#3308),.UNSPECIFIED.,.F.,.F.,(8,8),(1.570796326795,
    3.14159265359),.PIECEWISE_BEZIER_KNOTS.);
#3301 = CARTESIAN_POINT('',(0.,1.5));
#3302 = CARTESIAN_POINT('',(0.224399475256,1.163400787115));
#3303 = CARTESIAN_POINT('',(0.448798950513,0.826802941022));
#3304 = CARTESIAN_POINT('',(0.673198425769,0.517879761339));
#3305 = CARTESIAN_POINT('',(0.897597901026,0.264356243062));
#3306 = CARTESIAN_POINT('',(1.121997376282,8.812300891488E-02));
#3307 = CARTESIAN_POINT('',(1.346396851538,-4.122151486547E-17));
#3308 = CARTESIAN_POINT('',(1.570796326795,0.));
#3309 = ( GEOMETRIC_REPRESENTATION_CONTEXT(2) 
PARAMETRIC_REPRESENTATION_CONTEXT() REPRESENTATION_CONTEXT('2D SPACE',''
  ) );
#3310 = ORIENTED_EDGE('',*,*,#1370,.T.);
#3311 = ORIENTED_EDGE('',*,*,#1423,.F.);
#3312 = ORIENTED_EDGE('',*,*,#1461,.F.);
#3313 = ADVANCED_FACE('',(#3314),#1758,.T.);
#3314 = FACE_BOUND('',#3315,.F.);
#3315 = EDGE_LOOP('',(#3316,#3406,#3407,#3408));
#3316 = ORIENTED_EDGE('',*,*,#3317,.F.);
#3317 = EDGE_CURVE('',#1714,#2382,#3318,.T.);
#3318 = SURFACE_CURVE('',#3319,(#3346,#3376),.PCURVE_S1.);
#3319 = B_SPLINE_CURVE_WITH_KNOTS('',7,(#3320,#3321,#3322,#3323,#3324,
    #3325,#3326,#3327,#3328,#3329,#3330,#3331,#3332,#3333,#3334,#3335,
    #3336,#3337,#3338,#3339,#3340,#3341,#3342,#3343,#3344,#3345),
  .UNSPECIFIED.,.F.,.F.,(8,6,6,6,8),(0.,0.468977384748,0.642444393775,
    0.77924673271,1.),.UNSPECIFIED.);
#3320 = CARTESIAN_POINT('',(-8.500000011456,49.830236802621,30.));
#3321 = CARTESIAN_POINT('',(-8.638814292388,49.947377386457,
    29.999999807385));
#3322 = CARTESIAN_POINT('',(-8.777664309547,50.064226693596,
    29.985013659927));
#3323 = CARTESIAN_POINT('',(-8.915650484086,50.180028925057,
    29.955021608444));
#3324 = CARTESIAN_POINT('',(-9.051638094658,50.29384118222,
    29.90966447972));
#3325 = CARTESIAN_POINT('',(-9.184160288254,50.404459152299,
    29.848426751985));
#3326 = CARTESIAN_POINT('',(-9.3114358599,50.510436071295,29.770785345)
  );
#3327 = CARTESIAN_POINT('',(-9.475453127987,50.646712252758,
    29.64091287084));
#3328 = CARTESIAN_POINT('',(-9.518686240153,50.682601920652,
    29.603514157491));
#3329 = CARTESIAN_POINT('',(-9.560741416046,50.717484421032,
    29.563757213653));
#3330 = CARTESIAN_POINT('',(-9.60147408183,50.751242839877,
    29.521623085516));
#3331 = CARTESIAN_POINT('',(-9.640721624626,50.7837457328,
    29.477105061277));
#3332 = CARTESIAN_POINT('',(-9.67830533416,50.814848731969,
    29.430213362145));
#3333 = CARTESIAN_POINT('',(-9.742207953087,50.867698314799,
    29.342152497031));
#3334 = CARTESIAN_POINT('',(-9.769227266662,50.890031726005,
    29.301870719248));
#3335 = CARTESIAN_POINT('',(-9.794995055394,50.911319481012,
    29.260152305773));
#3336 = CARTESIAN_POINT('',(-9.819408082792,50.93147821028,
    29.217027228611));
#3337 = CARTESIAN_POINT('',(-9.842358266602,50.950420633904,
    29.17254046344));
#3338 = CARTESIAN_POINT('',(-9.863735839795,50.968058115157,
    29.126754827086));
#3339 = CARTESIAN_POINT('',(-9.915216358802,51.010517375906,
    29.003909885206));
#3340 = CARTESIAN_POINT('',(-9.942641250192,51.033120713281,
    28.924859082092));
#3341 = CARTESIAN_POINT('',(-9.965217038292,51.05171672168,
    28.84301194514));
#3342 = CARTESIAN_POINT('',(-9.982509288279,51.065954812884,
    28.7588941393));
#3343 = CARTESIAN_POINT('',(-9.994172047785,51.075555711905,
    28.673154106882));
#3344 = CARTESIAN_POINT('',(-10.,51.080353366045,28.586562015209));
#3345 = CARTESIAN_POINT('',(-10.,51.080353366045,28.5));
#3346 = PCURVE('',#1758,#3347);
#3347 = DEFINITIONAL_REPRESENTATION('',(#3348),#3375);
#3348 = B_SPLINE_CURVE_WITH_KNOTS('',7,(#3349,#3350,#3351,#3352,#3353,
    #3354,#3355,#3356,#3357,#3358,#3359,#3360,#3361,#3362,#3363,#3364,
    #3365,#3366,#3367,#3368,#3369,#3370,#3371,#3372,#3373,#3374),
  .UNSPECIFIED.,.F.,.F.,(8,6,6,6,8),(0.,0.468977384748,0.642444393775,
    0.77924673271,1.),.UNSPECIFIED.);
#3349 = CARTESIAN_POINT('',(2.437195179872E-02,4.712388980385));
#3350 = CARTESIAN_POINT('',(2.205463173973E-02,4.804931999619));
#3351 = CARTESIAN_POINT('',(1.975049477156E-02,4.897497821032));
#3352 = CARTESIAN_POINT('',(1.747440086213E-02,4.990785465264));
#3353 = CARTESIAN_POINT('',(1.524461028833E-02,5.085326213871));
#3354 = CARTESIAN_POINT('',(1.308416548948E-02,5.181655944967));
#3355 = CARTESIAN_POINT('',(1.102036497847E-02,5.280309720581));
#3356 = CARTESIAN_POINT('',(8.373257496838E-03,5.419782575407));
#3357 = CARTESIAN_POINT('',(7.676832988918E-03,5.457856282057));
#3358 = CARTESIAN_POINT('',(7.000625421552E-03,5.496377356548));
#3359 = CARTESIAN_POINT('',(6.346831317145E-03,5.53537422114));
#3360 = CARTESIAN_POINT('',(5.717919188269E-03,5.574871083472));
#3361 = CARTESIAN_POINT('',(5.116598497728E-03,5.614888156285));
#3362 = CARTESIAN_POINT('',(4.095627363216E-03,5.687424003883));
#3363 = CARTESIAN_POINT('',(3.664466644296E-03,5.719738227222));
#3364 = CARTESIAN_POINT('',(3.253749397974E-03,5.752390832611));
#3365 = CARTESIAN_POINT('',(2.865039912387E-03,5.78538393593));
#3366 = CARTESIAN_POINT('',(2.499975878989E-03,5.818714723675));
#3367 = CARTESIAN_POINT('',(2.160220443884E-03,5.852374693144));
#3368 = CARTESIAN_POINT('',(1.342649590288E-03,5.941171899263));
#3369 = CARTESIAN_POINT('',(9.077730758964E-04,5.996843409905));
#3370 = CARTESIAN_POINT('',(5.502415389467E-04,6.053254407472));
#3371 = CARTESIAN_POINT('',(2.766289427605E-04,6.110275065154));
#3372 = CARTESIAN_POINT('',(9.217439208964E-05,6.16774933318));
#3373 = CARTESIAN_POINT('',(2.299094248315E-10,6.225477297041));
#3374 = CARTESIAN_POINT('',(2.299094248315E-10,6.28318530718));
#3375 = ( GEOMETRIC_REPRESENTATION_CONTEXT(2) 
PARAMETRIC_REPRESENTATION_CONTEXT() REPRESENTATION_CONTEXT('2D SPACE',''
  ) );
#3376 = PCURVE('',#1729,#3377);
#3377 = DEFINITIONAL_REPRESENTATION('',(#3378),#3405);
#3378 = B_SPLINE_CURVE_WITH_KNOTS('',7,(#3379,#3380,#3381,#3382,#3383,
    #3384,#3385,#3386,#3387,#3388,#3389,#3390,#3391,#3392,#3393,#3394,
    #3395,#3396,#3397,#3398,#3399,#3400,#3401,#3402,#3403,#3404),
  .UNSPECIFIED.,.F.,.F.,(8,6,6,6,8),(0.,0.468977384748,0.642444393775,
    0.77924673271,1.),.UNSPECIFIED.);
#3379 = CARTESIAN_POINT('',(-7.637051879783E-09,-1.250116563424));
#3380 = CARTESIAN_POINT('',(-9.254299481436E-02,-1.132975979588));
#3381 = CARTESIAN_POINT('',(-0.185108883834,-1.016126672448));
#3382 = CARTESIAN_POINT('',(-0.278396439791,-0.900324440987));
#3383 = CARTESIAN_POINT('',(-0.37293726037,-0.786512183825));
#3384 = CARTESIAN_POINT('',(-0.469266957166,-0.675894213746));
#3385 = CARTESIAN_POINT('',(-0.567920740196,-0.569917294749));
#3386 = CARTESIAN_POINT('',(-0.707393595022,-0.433641113287));
#3387 = CARTESIAN_POINT('',(-0.745467301672,-0.397751445393));
#3388 = CARTESIAN_POINT('',(-0.783988376163,-0.362868945012));
#3389 = CARTESIAN_POINT('',(-0.822985240755,-0.329110526168));
#3390 = CARTESIAN_POINT('',(-0.862482103087,-0.296607633244));
#3391 = CARTESIAN_POINT('',(-0.9024991759,-0.265504634075));
#3392 = CARTESIAN_POINT('',(-0.975035023499,-0.212655051246));
#3393 = CARTESIAN_POINT('',(-1.007349246838,-0.190321640039));
#3394 = CARTESIAN_POINT('',(-1.040001852227,-0.169033885033));
#3395 = CARTESIAN_POINT('',(-1.072994955545,-0.148875155764));
#3396 = CARTESIAN_POINT('',(-1.106325743291,-0.12993273214));
#3397 = CARTESIAN_POINT('',(-1.139985712759,-0.112295250887));
#3398 = CARTESIAN_POINT('',(-1.228782918878,-6.983599013875E-02));
#3399 = CARTESIAN_POINT('',(-1.284454429521,-4.723265276359E-02));
#3400 = CARTESIAN_POINT('',(-1.340865427087,-2.863664436464E-02));
#3401 = CARTESIAN_POINT('',(-1.39788608477,-1.439855316063E-02));
#3402 = CARTESIAN_POINT('',(-1.455360352795,-4.79765413926E-03));
#3403 = CARTESIAN_POINT('',(-1.513088316656,3.623767952377E-13));
#3404 = CARTESIAN_POINT('',(-1.570796326795,3.623767952377E-13));
#3405 = ( GEOMETRIC_REPRESENTATION_CONTEXT(2) 
PARAMETRIC_REPRESENTATION_CONTEXT() REPRESENTATION_CONTEXT('2D SPACE',''
  ) );
#3406 = ORIENTED_EDGE('',*,*,#1741,.T.);
#3407 = ORIENTED_EDGE('',*,*,#1794,.T.);
#3408 = ORIENTED_EDGE('',*,*,#2402,.F.);
#3409 = ADVANCED_FACE('',(#3410),#1500,.T.);
#3410 = FACE_BOUND('',#3411,.T.);
#3411 = EDGE_LOOP('',(#3412,#3413,#3414,#3446));
#3412 = ORIENTED_EDGE('',*,*,#3279,.T.);
#3413 = ORIENTED_EDGE('',*,*,#1894,.T.);
#3414 = ORIENTED_EDGE('',*,*,#3415,.F.);
#3415 = EDGE_CURVE('',#1485,#1895,#3416,.T.);
#3416 = SURFACE_CURVE('',#3417,(#3422,#3434),.PCURVE_S1.);
#3417 = ELLIPSE('',#3418,2.12132034356,1.5);
#3418 = AXIS2_PLACEMENT_3D('',#3419,#3420,#3421);
#3419 = CARTESIAN_POINT('',(4.5,40.05,28.5));
#3420 = DIRECTION('',(0.707106781187,-0.707106781187,0.));
#3421 = DIRECTION('',(-0.707106781187,-0.707106781187,0.));
#3422 = PCURVE('',#1500,#3423);
#3423 = DEFINITIONAL_REPRESENTATION('',(#3424),#3433);
#3424 = B_SPLINE_CURVE_WITH_KNOTS('',7,(#3425,#3426,#3427,#3428,#3429,
    #3430,#3431,#3432),.UNSPECIFIED.,.F.,.F.,(8,8),(4.712388980385,
    6.28318530718),.PIECEWISE_BEZIER_KNOTS.);
#3425 = CARTESIAN_POINT('',(0.,13.5));
#3426 = CARTESIAN_POINT('',(0.224399475256,13.836599212885));
#3427 = CARTESIAN_POINT('',(0.448798950513,14.17319705898));
#3428 = CARTESIAN_POINT('',(0.673198425769,14.482120238659));
#3429 = CARTESIAN_POINT('',(0.897597901026,14.735643756941));
#3430 = CARTESIAN_POINT('',(1.121997376282,14.911876991085));
#3431 = CARTESIAN_POINT('',(1.346396851538,15.));
#3432 = CARTESIAN_POINT('',(1.570796326795,15.));
#3433 = ( GEOMETRIC_REPRESENTATION_CONTEXT(2) 
PARAMETRIC_REPRESENTATION_CONTEXT() REPRESENTATION_CONTEXT('2D SPACE',''
  ) );
#3434 = PCURVE('',#1528,#3435);
#3435 = DEFINITIONAL_REPRESENTATION('',(#3436),#3445);
#3436 = B_SPLINE_CURVE_WITH_KNOTS('',7,(#3437,#3438,#3439,#3440,#3441,
    #3442,#3443,#3444),.UNSPECIFIED.,.F.,.F.,(8,8),(4.712388980385,
    6.28318530718),.PIECEWISE_BEZIER_KNOTS.);
#3437 = CARTESIAN_POINT('',(0.,1.5));
#3438 = CARTESIAN_POINT('',(0.224399475256,1.163400787115));
#3439 = CARTESIAN_POINT('',(0.448798950513,0.826802941022));
#3440 = CARTESIAN_POINT('',(0.673198425769,0.517879761339));
#3441 = CARTESIAN_POINT('',(0.897597901026,0.264356243063));
#3442 = CARTESIAN_POINT('',(1.121997376282,8.812300891488E-02));
#3443 = CARTESIAN_POINT('',(1.346396851538,8.244302973093E-17));
#3444 = CARTESIAN_POINT('',(1.570796326795,0.));
#3445 = ( GEOMETRIC_REPRESENTATION_CONTEXT(2) 
PARAMETRIC_REPRESENTATION_CONTEXT() REPRESENTATION_CONTEXT('2D SPACE',''
  ) );
#3446 = ORIENTED_EDGE('',*,*,#1484,.F.);
#3447 = ADVANCED_FACE('',(#3448),#1729,.T.);
#3448 = FACE_BOUND('',#3449,.F.);
#3449 = EDGE_LOOP('',(#3450,#3451,#3452,#3484));
#3450 = ORIENTED_EDGE('',*,*,#3317,.T.);
#3451 = ORIENTED_EDGE('',*,*,#2450,.T.);
#3452 = ORIENTED_EDGE('',*,*,#3453,.F.);
#3453 = EDGE_CURVE('',#1686,#2428,#3454,.T.);
#3454 = SURFACE_CURVE('',#3455,(#3460,#3472),.PCURVE_S1.);
#3455 = ELLIPSE('',#3456,2.12132034356,1.5);
#3456 = AXIS2_PLACEMENT_3D('',#3457,#3458,#3459);
#3457 = CARTESIAN_POINT('',(-8.5,52.05,28.5));
#3458 = DIRECTION('',(-0.707106781187,-0.707106781187,0.));
#3459 = DIRECTION('',(0.707106781187,-0.707106781187,0.));
#3460 = PCURVE('',#1729,#3461);
#3461 = DEFINITIONAL_REPRESENTATION('',(#3462),#3471);
#3462 = B_SPLINE_CURVE_WITH_KNOTS('',7,(#3463,#3464,#3465,#3466,#3467,
    #3468,#3469,#3470),.UNSPECIFIED.,.F.,.F.,(8,8),(1.570796326795,
    3.14159265359),.PIECEWISE_BEZIER_KNOTS.);
#3463 = CARTESIAN_POINT('',(0.,0.969646633956));
#3464 = CARTESIAN_POINT('',(-0.224399475256,1.30624584684));
#3465 = CARTESIAN_POINT('',(-0.448798950513,1.642843692934));
#3466 = CARTESIAN_POINT('',(-0.673198425769,1.951766872616));
#3467 = CARTESIAN_POINT('',(-0.897597901026,2.205290390893));
#3468 = CARTESIAN_POINT('',(-1.121997376282,2.381523625041));
#3469 = CARTESIAN_POINT('',(-1.346396851538,2.469646633956));
#3470 = CARTESIAN_POINT('',(-1.570796326795,2.469646633956));
#3471 = ( GEOMETRIC_REPRESENTATION_CONTEXT(2) 
PARAMETRIC_REPRESENTATION_CONTEXT() REPRESENTATION_CONTEXT('2D SPACE',''
  ) );
#3472 = PCURVE('',#1701,#3473);
#3473 = DEFINITIONAL_REPRESENTATION('',(#3474),#3483);
#3474 = B_SPLINE_CURVE_WITH_KNOTS('',7,(#3475,#3476,#3477,#3478,#3479,
    #3480,#3481,#3482),.UNSPECIFIED.,.F.,.F.,(8,8),(1.570796326795,
    3.14159265359),.PIECEWISE_BEZIER_KNOTS.);
#3475 = CARTESIAN_POINT('',(0.,1.5));
#3476 = CARTESIAN_POINT('',(-0.224399475256,1.163400787115));
#3477 = CARTESIAN_POINT('',(-0.448798950513,0.826802941021));
#3478 = CARTESIAN_POINT('',(-0.673198425769,0.517879761339));
#3479 = CARTESIAN_POINT('',(-0.897597901026,0.264356243062));
#3480 = CARTESIAN_POINT('',(-1.121997376282,8.812300891501E-02));
#3481 = CARTESIAN_POINT('',(-1.346396851538,-4.122151486547E-17));
#3482 = CARTESIAN_POINT('',(-1.570796326795,0.));
#3483 = ( GEOMETRIC_REPRESENTATION_CONTEXT(2) 
PARAMETRIC_REPRESENTATION_CONTEXT() REPRESENTATION_CONTEXT('2D SPACE',''
  ) );
#3484 = ORIENTED_EDGE('',*,*,#1713,.F.);
#3485 = ADVANCED_FACE('',(#3486),#1528,.T.);
#3486 = FACE_BOUND('',#3487,.T.);
#3487 = EDGE_LOOP('',(#3488,#3489,#3490,#3522));
#3488 = ORIENTED_EDGE('',*,*,#3415,.T.);
#3489 = ORIENTED_EDGE('',*,*,#2951,.T.);
#3490 = ORIENTED_EDGE('',*,*,#3491,.F.);
#3491 = EDGE_CURVE('',#1513,#2927,#3492,.T.);
#3492 = SURFACE_CURVE('',#3493,(#3498,#3510),.PCURVE_S1.);
#3493 = ELLIPSE('',#3494,2.12132034356,1.5);
#3494 = AXIS2_PLACEMENT_3D('',#3495,#3496,#3497);
#3495 = CARTESIAN_POINT('',(8.5,40.05,28.5));
#3496 = DIRECTION('',(0.707106781187,0.707106781187,0.));
#3497 = DIRECTION('',(0.707106781187,-0.707106781187,0.));
#3498 = PCURVE('',#1528,#3499);
#3499 = DEFINITIONAL_REPRESENTATION('',(#3500),#3509);
#3500 = B_SPLINE_CURVE_WITH_KNOTS('',7,(#3501,#3502,#3503,#3504,#3505,
    #3506,#3507,#3508),.UNSPECIFIED.,.F.,.F.,(8,8),(4.712388980385,
    6.28318530718),.PIECEWISE_BEZIER_KNOTS.);
#3501 = CARTESIAN_POINT('',(0.,5.5));
#3502 = CARTESIAN_POINT('',(0.224399475256,5.836599212885));
#3503 = CARTESIAN_POINT('',(0.448798950513,6.173197058977));
#3504 = CARTESIAN_POINT('',(0.673198425769,6.482120238662));
#3505 = CARTESIAN_POINT('',(0.897597901026,6.735643756937));
#3506 = CARTESIAN_POINT('',(1.121997376282,6.911876991086));
#3507 = CARTESIAN_POINT('',(1.346396851538,7.));
#3508 = CARTESIAN_POINT('',(1.570796326795,7.));
#3509 = ( GEOMETRIC_REPRESENTATION_CONTEXT(2) 
PARAMETRIC_REPRESENTATION_CONTEXT() REPRESENTATION_CONTEXT('2D SPACE',''
  ) );
#3510 = PCURVE('',#1556,#3511);
#3511 = DEFINITIONAL_REPRESENTATION('',(#3512),#3521);
#3512 = B_SPLINE_CURVE_WITH_KNOTS('',7,(#3513,#3514,#3515,#3516,#3517,
    #3518,#3519,#3520),.UNSPECIFIED.,.F.,.F.,(8,8),(4.712388980385,
    6.28318530718),.PIECEWISE_BEZIER_KNOTS.);
#3513 = CARTESIAN_POINT('',(0.,1.5));
#3514 = CARTESIAN_POINT('',(0.224399475256,1.163400787115));
#3515 = CARTESIAN_POINT('',(0.448798950513,0.826802941021));
#3516 = CARTESIAN_POINT('',(0.673198425769,0.51787976134));
#3517 = CARTESIAN_POINT('',(0.897597901026,0.264356243062));
#3518 = CARTESIAN_POINT('',(1.121997376282,8.812300891503E-02));
#3519 = CARTESIAN_POINT('',(1.346396851538,8.244302973093E-17));
#3520 = CARTESIAN_POINT('',(1.570796326795,0.));
#3521 = ( GEOMETRIC_REPRESENTATION_CONTEXT(2) 
PARAMETRIC_REPRESENTATION_CONTEXT() REPRESENTATION_CONTEXT('2D SPACE',''
  ) );
#3522 = ORIENTED_EDGE('',*,*,#1512,.F.);
#3523 = ADVANCED_FACE('',(#3524),#1701,.T.);
#3524 = FACE_BOUND('',#3525,.F.);
#3525 = EDGE_LOOP('',(#3526,#3527,#3528,#3560));
#3526 = ORIENTED_EDGE('',*,*,#3453,.T.);
#3527 = ORIENTED_EDGE('',*,*,#3255,.T.);
#3528 = ORIENTED_EDGE('',*,*,#3529,.F.);
#3529 = EDGE_CURVE('',#1658,#3169,#3530,.T.);
#3530 = SURFACE_CURVE('',#3531,(#3536,#3548),.PCURVE_S1.);
#3531 = ELLIPSE('',#3532,2.12132034356,1.5);
#3532 = AXIS2_PLACEMENT_3D('',#3533,#3534,#3535);
#3533 = CARTESIAN_POINT('',(-4.5,52.05,28.5));
#3534 = DIRECTION('',(-0.707106781187,0.707106781187,0.));
#3535 = DIRECTION('',(0.707106781187,0.707106781187,0.));
#3536 = PCURVE('',#1701,#3537);
#3537 = DEFINITIONAL_REPRESENTATION('',(#3538),#3547);
#3538 = B_SPLINE_CURVE_WITH_KNOTS('',7,(#3539,#3540,#3541,#3542,#3543,
    #3544,#3545,#3546),.UNSPECIFIED.,.F.,.F.,(8,8),(4.712388980385,
    6.28318530718),.PIECEWISE_BEZIER_KNOTS.);
#3539 = CARTESIAN_POINT('',(0.,5.5));
#3540 = CARTESIAN_POINT('',(-0.224399475256,5.836599212885));
#3541 = CARTESIAN_POINT('',(-0.448798950513,6.173197058977));
#3542 = CARTESIAN_POINT('',(-0.673198425769,6.482120238662));
#3543 = CARTESIAN_POINT('',(-0.897597901026,6.735643756937));
#3544 = CARTESIAN_POINT('',(-1.121997376282,6.911876991086));
#3545 = CARTESIAN_POINT('',(-1.346396851538,7.));
#3546 = CARTESIAN_POINT('',(-1.570796326795,7.));
#3547 = ( GEOMETRIC_REPRESENTATION_CONTEXT(2) 
PARAMETRIC_REPRESENTATION_CONTEXT() REPRESENTATION_CONTEXT('2D SPACE',''
  ) );
#3548 = PCURVE('',#1673,#3549);
#3549 = DEFINITIONAL_REPRESENTATION('',(#3550),#3559);
#3550 = B_SPLINE_CURVE_WITH_KNOTS('',7,(#3551,#3552,#3553,#3554,#3555,
    #3556,#3557,#3558),.UNSPECIFIED.,.F.,.F.,(8,8),(4.712388980385,
    6.28318530718),.PIECEWISE_BEZIER_KNOTS.);
#3551 = CARTESIAN_POINT('',(0.,13.5));
#3552 = CARTESIAN_POINT('',(0.224399475256,13.836599212885));
#3553 = CARTESIAN_POINT('',(0.448798950513,14.17319705898));
#3554 = CARTESIAN_POINT('',(0.673198425769,14.482120238659));
#3555 = CARTESIAN_POINT('',(0.897597901026,14.735643756941));
#3556 = CARTESIAN_POINT('',(1.121997376282,14.911876991085));
#3557 = CARTESIAN_POINT('',(1.346396851538,15.));
#3558 = CARTESIAN_POINT('',(1.570796326795,15.));
#3559 = ( GEOMETRIC_REPRESENTATION_CONTEXT(2) 
PARAMETRIC_REPRESENTATION_CONTEXT() REPRESENTATION_CONTEXT('2D SPACE',''
  ) );
#3560 = ORIENTED_EDGE('',*,*,#1685,.F.);
#3561 = ADVANCED_FACE('',(#3562),#1556,.T.);
#3562 = FACE_BOUND('',#3563,.T.);
#3563 = EDGE_LOOP('',(#3564,#3565,#3566,#3692));
#3564 = ORIENTED_EDGE('',*,*,#3491,.T.);
#3565 = ORIENTED_EDGE('',*,*,#2996,.T.);
#3566 = ORIENTED_EDGE('',*,*,#3567,.F.);
#3567 = EDGE_CURVE('',#1541,#2976,#3568,.T.);
#3568 = SURFACE_CURVE('',#3569,(#3608,#3650),.PCURVE_S1.);
#3569 = B_SPLINE_CURVE_WITH_KNOTS('',7,(#3570,#3571,#3572,#3573,#3574,
    #3575,#3576,#3577,#3578,#3579,#3580,#3581,#3582,#3583,#3584,#3585,
    #3586,#3587,#3588,#3589,#3590,#3591,#3592,#3593,#3594,#3595,#3596,
    #3597,#3598,#3599,#3600,#3601,#3602,#3603,#3604,#3605,#3606,#3607),
  .UNSPECIFIED.,.F.,.F.,(8,6,6,6,6,6,8),(0.,3.423135871176E-02,
    0.338130675586,0.613341968959,0.7570370812,0.855137410355,1.),
  .UNSPECIFIED.);
#3570 = CARTESIAN_POINT('',(8.5,41.692355412429,30.));
#3571 = CARTESIAN_POINT('',(8.509551977242,41.68065954351,
    29.999999999998));
#3572 = CARTESIAN_POINT('',(8.519102033977,41.668962195667,
    29.999929035355));
#3573 = CARTESIAN_POINT('',(8.528649926068,41.65726366782,
    29.999787157403));
#3574 = CARTESIAN_POINT('',(8.53819540948,41.645564258703,
    29.999574407246));
#3575 = CARTESIAN_POINT('',(8.547738240278,41.633864266864,
    29.999290815756));
#3576 = CARTESIAN_POINT('',(8.557278174631,41.622163990671,
    29.998936403577));
#3577 = CARTESIAN_POINT('',(8.651480764895,41.506591084194,
    29.994736139201));
#3578 = CARTESIAN_POINT('',(8.735887842092,41.402733338668,
    29.985380504222));
#3579 = CARTESIAN_POINT('',(8.819884057591,41.299077289408,
    29.970454178095));
#3580 = CARTESIAN_POINT('',(8.903298160111,41.195836494782,
    29.949894809925));
#3581 = CARTESIAN_POINT('',(8.985937610446,41.093254581633,
    29.923583055595));
#3582 = CARTESIAN_POINT('',(9.067580696973,40.991615988296,
    29.891328773483));
#3583 = CARTESIAN_POINT('',(9.220757129975,40.800385487879,
    29.817961988249));
#3584 = CARTESIAN_POINT('',(9.292476008821,40.71061364264,
    29.777992805145));
#3585 = CARTESIAN_POINT('',(9.362958806835,40.622159665945,
    29.732687425623));
#3586 = CARTESIAN_POINT('',(9.431948982415,40.535357221809,29.6817540251
    ));
#3587 = CARTESIAN_POINT('',(9.499083366042,40.450679308149,
    29.624841597022));
#3588 = CARTESIAN_POINT('',(9.563892277571,40.368740862936,
    29.56155092388));
#3589 = CARTESIAN_POINT('',(9.658028044008,40.249465967616,
    29.454650924265));
#3590 = CARTESIAN_POINT('',(9.689498712472,40.209542542651,
    29.416103402976));
#3591 = CARTESIAN_POINT('',(9.720057822013,40.170729821114,
    29.375601861605));
#3592 = CARTESIAN_POINT('',(9.749587314565,40.133182378728,
    29.333075259495));
#3593 = CARTESIAN_POINT('',(9.777943104562,40.097088722736,
    29.288461145483));
#3594 = CARTESIAN_POINT('',(9.804955745531,40.062670578453,
    29.241709482618));
#3595 = CARTESIAN_POINT('',(9.847823061468,40.008002416589,
    29.15938684442));
#3596 = CARTESIAN_POINT('',(9.864496076857,39.986725193131,
    29.124979713718));
#3597 = CARTESIAN_POINT('',(9.880387798294,39.966432090274,
    29.089557391908));
#3598 = CARTESIAN_POINT('',(9.895426798199,39.947216515292,
    29.053122398125));
#3599 = CARTESIAN_POINT('',(9.909535220303,39.929180245131,
    29.015690470718));
#3600 = CARTESIAN_POINT('',(9.922631433997,39.912429973621,
    28.977293578477));
#3601 = CARTESIAN_POINT('',(9.952354676411,39.874397822927,
    28.879933768131));
#3602 = CARTESIAN_POINT('',(9.967700392614,39.854747303014,
    28.819855679384));
#3603 = CARTESIAN_POINT('',(9.980380208248,39.838500050259,
    28.757971455828));
#3604 = CARTESIAN_POINT('',(9.990124262462,39.826008786122,
    28.694588479639));
#3605 = CARTESIAN_POINT('',(9.996709528388,39.817564891957,
    28.630110106915));
#3606 = CARTESIAN_POINT('',(10.,39.813345752398,28.565042941403));
#3607 = CARTESIAN_POINT('',(10.,39.813345752398,28.5));
#3608 = PCURVE('',#1556,#3609);
#3609 = DEFINITIONAL_REPRESENTATION('',(#3610),#3649);
#3610 = B_SPLINE_CURVE_WITH_KNOTS('',7,(#3611,#3612,#3613,#3614,#3615,
    #3616,#3617,#3618,#3619,#3620,#3621,#3622,#3623,#3624,#3625,#3626,
    #3627,#3628,#3629,#3630,#3631,#3632,#3633,#3634,#3635,#3636,#3637,
    #3638,#3639,#3640,#3641,#3642,#3643,#3644,#3645,#3646,#3647,#3648),
  .UNSPECIFIED.,.F.,.F.,(8,6,6,6,6,6,8),(0.,3.423135871176E-02,
    0.338130675586,0.613341968959,0.7570370812,0.855137410355,1.),
  .UNSPECIFIED.);
#3611 = CARTESIAN_POINT('',(0.,3.142355412429));
#3612 = CARTESIAN_POINT('',(6.367984684166E-03,3.13065954351));
#3613 = CARTESIAN_POINT('',(1.273468941308E-02,3.118962195667));
#3614 = CARTESIAN_POINT('',(1.910037261585E-02,3.10726366782));
#3615 = CARTESIAN_POINT('',(2.546529262848E-02,3.095564258703));
#3616 = CARTESIAN_POINT('',(3.182970769382E-02,3.083864266864));
#3617 = CARTESIAN_POINT('',(3.819387596161E-02,3.072163990671));
#3618 = CARTESIAN_POINT('',(0.101057998332,2.956591084194));
#3619 = CARTESIAN_POINT('',(0.157551552264,2.852733338668));
#3620 = CARTESIAN_POINT('',(0.214230608898,2.749077289408));
#3621 = CARTESIAN_POINT('',(0.271279669487,2.645836494782));
#3622 = CARTESIAN_POINT('',(0.328886532345,2.543254581633));
#3623 = CARTESIAN_POINT('',(0.387263887378,2.441615988296));
#3624 = CARTESIAN_POINT('',(0.50049070949,2.250385487879));
#3625 = CARTESIAN_POINT('',(0.555122585412,2.16061364264));
#3626 = CARTESIAN_POINT('',(0.610802866469,2.072159665945));
#3627 = CARTESIAN_POINT('',(0.6677492546,1.985357221809));
#3628 = CARTESIAN_POINT('',(0.726198924429,1.900679308149));
#3629 = CARTESIAN_POINT('',(0.786418997911,1.818740862936));
#3630 = CARTESIAN_POINT('',(0.881378995197,1.699465967616));
#3631 = CARTESIAN_POINT('',(0.914530938031,1.659542542651));
#3632 = CARTESIAN_POINT('',(0.948315379539,1.620729821114));
#3633 = CARTESIAN_POINT('',(0.982781300398,1.583182378728));
#3634 = CARTESIAN_POINT('',(1.017973828387,1.547088722736));
#3635 = CARTESIAN_POINT('',(1.053935555338,1.512670578453));
#3636 = CARTESIAN_POINT('',(1.115812219528,1.458002416589));
#3637 = CARTESIAN_POINT('',(1.141291003863,1.436725193131));
#3638 = CARTESIAN_POINT('',(1.167155219733,1.416432090274));
#3639 = CARTESIAN_POINT('',(1.193410892841,1.397216515292));
#3640 = CARTESIAN_POINT('',(1.220058052818,1.379180245131));
#3641 = CARTESIAN_POINT('',(1.247089724076,1.362429973621));
#3642 = CARTESIAN_POINT('',(1.314953652673,1.324397822927));
#3643 = CARTESIAN_POINT('',(1.356247447221,1.304747303014));
#3644 = CARTESIAN_POINT('',(1.398282348811,1.288500050259));
#3645 = CARTESIAN_POINT('',(1.440937387965,1.276008786122));
#3646 = CARTESIAN_POINT('',(1.484056302105,1.267564891957));
#3647 = CARTESIAN_POINT('',(1.52743436586,1.263345752398));
#3648 = CARTESIAN_POINT('',(1.570796326795,1.263345752398));
#3649 = ( GEOMETRIC_REPRESENTATION_CONTEXT(2) 
PARAMETRIC_REPRESENTATION_CONTEXT() REPRESENTATION_CONTEXT('2D SPACE',''
  ) );
#3650 = PCURVE('',#1589,#3651);
#3651 = DEFINITIONAL_REPRESENTATION('',(#3652),#3691);
#3652 = B_SPLINE_CURVE_WITH_KNOTS('',7,(#3653,#3654,#3655,#3656,#3657,
    #3658,#3659,#3660,#3661,#3662,#3663,#3664,#3665,#3666,#3667,#3668,
    #3669,#3670,#3671,#3672,#3673,#3674,#3675,#3676,#3677,#3678,#3679,
    #3680,#3681,#3682,#3683,#3684,#3685,#3686,#3687,#3688,#3689,#3690),
  .UNSPECIFIED.,.F.,.F.,(8,6,6,6,6,6,8),(0.,3.423135871176E-02,
    0.338130675586,0.613341968959,0.7570370812,0.855137410355,1.),
  .UNSPECIFIED.);
#3653 = CARTESIAN_POINT('',(4.496340943304E-02,1.570796326795));
#3654 = CARTESIAN_POINT('',(4.468853584633E-02,1.577164309687));
#3655 = CARTESIAN_POINT('',(4.441355556148E-02,1.583531014339));
#3656 = CARTESIAN_POINT('',(4.413847552135E-02,1.589896698049));
#3657 = CARTESIAN_POINT('',(4.386330268767E-02,1.596261618449));
#3658 = CARTESIAN_POINT('',(4.358804404098E-02,1.602626033495));
#3659 = CARTESIAN_POINT('',(4.331270658068E-02,1.608990201474));
#3660 = CARTESIAN_POINT('',(4.059226774371E-02,1.671854323844));
#3661 = CARTESIAN_POINT('',(3.814190402328E-02,1.728347877776));
#3662 = CARTESIAN_POINT('',(3.569059392499E-02,1.78502693441));
#3663 = CARTESIAN_POINT('',(3.324341757432E-02,1.842075994999));
#3664 = CARTESIAN_POINT('',(3.080623774086E-02,1.899682857857));
#3665 = CARTESIAN_POINT('',(2.838597359118E-02,1.95806021289));
#3666 = CARTESIAN_POINT('',(2.382222171031E-02,2.071287035002));
#3667 = CARTESIAN_POINT('',(2.167540393383E-02,2.125918910925));
#3668 = CARTESIAN_POINT('',(1.955582674761E-02,2.181599191981));
#3669 = CARTESIAN_POINT('',(1.74716960755E-02,2.238545580113));
#3670 = CARTESIAN_POINT('',(1.543466030272E-02,2.296995249941));
#3671 = CARTESIAN_POINT('',(1.345992493698E-02,2.357215323423));
#3672 = CARTESIAN_POINT('',(1.058057628472E-02,2.45217532071));
#3673 = CARTESIAN_POINT('',(9.615909223379E-03,2.485327263543));
#3674 = CARTESIAN_POINT('',(8.677233632434E-03,2.519111705051));
#3675 = CARTESIAN_POINT('',(7.768372975934E-03,2.55357762591));
#3676 = CARTESIAN_POINT('',(6.893987693835E-03,2.5887701539));
#3677 = CARTESIAN_POINT('',(6.059560444381E-03,2.62473188085));
#3678 = CARTESIAN_POINT('',(4.733293253381E-03,2.68660854504));
#3679 = CARTESIAN_POINT('',(4.2168362003E-03,2.712087329376));
#3680 = CARTESIAN_POINT('',(3.724027734563E-03,2.737951545245));
#3681 = CARTESIAN_POINT('',(3.25717667805E-03,2.764207218354));
#3682 = CARTESIAN_POINT('',(2.818798107159E-03,2.79085437833));
#3683 = CARTESIAN_POINT('',(2.411528332754E-03,2.817886049588));
#3684 = CARTESIAN_POINT('',(1.486517730112E-03,2.885749978185));
#3685 = CARTESIAN_POINT('',(1.008304466434E-03,2.927043772733));
#3686 = CARTESIAN_POINT('',(6.12719602981E-04,2.969078674324));
#3687 = CARTESIAN_POINT('',(3.084789194219E-04,3.011733713477));
#3688 = CARTESIAN_POINT('',(1.027802712033E-04,3.054852627618));
#3689 = CARTESIAN_POINT('',(9.232614672783E-12,3.098230691372));
#3690 = CARTESIAN_POINT('',(9.232614672783E-12,3.141592652307));
#3691 = ( GEOMETRIC_REPRESENTATION_CONTEXT(2) 
PARAMETRIC_REPRESENTATION_CONTEXT() REPRESENTATION_CONTEXT('2D SPACE',''
  ) );
#3692 = ORIENTED_EDGE('',*,*,#1540,.F.);
#3693 = ADVANCED_FACE('',(#3694),#1673,.T.);
#3694 = FACE_BOUND('',#3695,.T.);
#3695 = EDGE_LOOP('',(#3696,#3728,#3729,#3730));
#3696 = ORIENTED_EDGE('',*,*,#3697,.T.);
#3697 = EDGE_CURVE('',#1630,#3120,#3698,.T.);
#3698 = SURFACE_CURVE('',#3699,(#3704,#3716),.PCURVE_S1.);
#3699 = ELLIPSE('',#3700,2.12132034356,1.5);
#3700 = AXIS2_PLACEMENT_3D('',#3701,#3702,#3703);
#3701 = CARTESIAN_POINT('',(-4.5,40.05,28.5));
#3702 = DIRECTION('',(0.707106781187,0.707106781187,0.));
#3703 = DIRECTION('',(0.707106781187,-0.707106781187,0.));
#3704 = PCURVE('',#1673,#3705);
#3705 = DEFINITIONAL_REPRESENTATION('',(#3706),#3715);
#3706 = B_SPLINE_CURVE_WITH_KNOTS('',7,(#3707,#3708,#3709,#3710,#3711,
    #3712,#3713,#3714),.UNSPECIFIED.,.F.,.F.,(8,8),(4.712388980385,
    6.28318530718),.PIECEWISE_BEZIER_KNOTS.);
#3707 = CARTESIAN_POINT('',(0.,1.5));
#3708 = CARTESIAN_POINT('',(0.224399475256,1.163400787115));
#3709 = CARTESIAN_POINT('',(0.448798950513,0.826802941021));
#3710 = CARTESIAN_POINT('',(0.673198425769,0.51787976134));
#3711 = CARTESIAN_POINT('',(0.897597901026,0.264356243062));
#3712 = CARTESIAN_POINT('',(1.121997376282,8.812300891503E-02));
#3713 = CARTESIAN_POINT('',(1.346396851538,8.244302973093E-17));
#3714 = CARTESIAN_POINT('',(1.570796326795,0.));
#3715 = ( GEOMETRIC_REPRESENTATION_CONTEXT(2) 
PARAMETRIC_REPRESENTATION_CONTEXT() REPRESENTATION_CONTEXT('2D SPACE',''
  ) );
#3716 = PCURVE('',#1645,#3717);
#3717 = DEFINITIONAL_REPRESENTATION('',(#3718),#3727);
#3718 = B_SPLINE_CURVE_WITH_KNOTS('',7,(#3719,#3720,#3721,#3722,#3723,
    #3724,#3725,#3726),.UNSPECIFIED.,.F.,.F.,(8,8),(4.712388980385,
    6.28318530718),.PIECEWISE_BEZIER_KNOTS.);
#3719 = CARTESIAN_POINT('',(0.,5.5));
#3720 = CARTESIAN_POINT('',(0.224399475256,5.836599212885));
#3721 = CARTESIAN_POINT('',(0.448798950513,6.173197058977));
#3722 = CARTESIAN_POINT('',(0.673198425769,6.482120238662));
#3723 = CARTESIAN_POINT('',(0.897597901026,6.735643756937));
#3724 = CARTESIAN_POINT('',(1.121997376282,6.911876991086));
#3725 = CARTESIAN_POINT('',(1.346396851538,7.));
#3726 = CARTESIAN_POINT('',(1.570796326795,7.));
#3727 = ( GEOMETRIC_REPRESENTATION_CONTEXT(2) 
PARAMETRIC_REPRESENTATION_CONTEXT() REPRESENTATION_CONTEXT('2D SPACE',''
  ) );
#3728 = ORIENTED_EDGE('',*,*,#3191,.T.);
#3729 = ORIENTED_EDGE('',*,*,#3529,.F.);
#3730 = ORIENTED_EDGE('',*,*,#1657,.F.);
#3731 = ADVANCED_FACE('',(#3732),#1589,.T.);
#3732 = FACE_BOUND('',#3733,.F.);
#3733 = EDGE_LOOP('',(#3734,#3735,#3736,#3862));
#3734 = ORIENTED_EDGE('',*,*,#3567,.F.);
#3735 = ORIENTED_EDGE('',*,*,#1568,.T.);
#3736 = ORIENTED_EDGE('',*,*,#3737,.T.);
#3737 = EDGE_CURVE('',#1569,#3023,#3738,.T.);
#3738 = SURFACE_CURVE('',#3739,(#3778,#3820),.PCURVE_S1.);
#3739 = B_SPLINE_CURVE_WITH_KNOTS('',7,(#3740,#3741,#3742,#3743,#3744,
    #3745,#3746,#3747,#3748,#3749,#3750,#3751,#3752,#3753,#3754,#3755,
    #3756,#3757,#3758,#3759,#3760,#3761,#3762,#3763,#3764,#3765,#3766,
    #3767,#3768,#3769,#3770,#3771,#3772,#3773,#3774,#3775,#3776,#3777),
  .UNSPECIFIED.,.F.,.F.,(8,6,6,6,6,6,8),(0.,3.42313587523E-02,
    0.338130675624,0.613341968992,0.757037081229,0.855137410381,1.),
  .UNSPECIFIED.);
#3740 = CARTESIAN_POINT('',(-8.5,41.692355412435,30.));
#3741 = CARTESIAN_POINT('',(-8.509551977248,41.680659543499,
    29.999999999998));
#3742 = CARTESIAN_POINT('',(-8.519102033994,41.668962195643,
    29.999929035355));
#3743 = CARTESIAN_POINT('',(-8.528649926098,41.657263667783,
    29.999787157403));
#3744 = CARTESIAN_POINT('',(-8.538195409522,41.645564258652,
    29.999574407245));
#3745 = CARTESIAN_POINT('',(-8.547738240332,41.6338642668,
    29.999290815755));
#3746 = CARTESIAN_POINT('',(-8.557278174696,41.622163990592,
    29.998936403575));
#3747 = CARTESIAN_POINT('',(-8.651480764969,41.506591084102,
    29.994736139194));
#3748 = CARTESIAN_POINT('',(-8.735887842166,41.402733338577,
    29.98538050421));
#3749 = CARTESIAN_POINT('',(-8.819884057664,41.299077289317,
    29.97045417808));
#3750 = CARTESIAN_POINT('',(-8.903298160182,41.195836494693,
    29.949894809905));
#3751 = CARTESIAN_POINT('',(-8.985937610517,41.093254581545,
    29.923583055571));
#3752 = CARTESIAN_POINT('',(-9.067580697043,40.991615988209,
    29.891328773455));
#3753 = CARTESIAN_POINT('',(-9.220757130041,40.800385487796,
    29.817961988213));
#3754 = CARTESIAN_POINT('',(-9.292476008884,40.71061364256,
    29.777992805106));
#3755 = CARTESIAN_POINT('',(-9.362958806897,40.622159665867,
    29.732687425579));
#3756 = CARTESIAN_POINT('',(-9.431948982473,40.535357221736,
    29.681754025054));
#3757 = CARTESIAN_POINT('',(-9.499083366099,40.450679308078,
    29.624841596972));
#3758 = CARTESIAN_POINT('',(-9.563892277624,40.368740862869,
    29.561550923827));
#3759 = CARTESIAN_POINT('',(-9.658028044056,40.249465967555,
    29.454650924206));
#3760 = CARTESIAN_POINT('',(-9.689498712518,40.209542542592,
    29.416103402916));
#3761 = CARTESIAN_POINT('',(-9.720057822057,40.170729821058,
    29.375601861544));
#3762 = CARTESIAN_POINT('',(-9.749587314606,40.133182378674,
    29.333075259432));
#3763 = CARTESIAN_POINT('',(-9.777943104601,40.097088722685,
    29.288461145419));
#3764 = CARTESIAN_POINT('',(-9.804955745568,40.062670578405,
    29.241709482552));
#3765 = CARTESIAN_POINT('',(-9.847823061502,40.008002416547,
    29.159386844352));
#3766 = CARTESIAN_POINT('',(-9.864496076888,39.986725193091,
    29.124979713649));
#3767 = CARTESIAN_POINT('',(-9.880387798324,39.966432090235,
    29.089557391839));
#3768 = CARTESIAN_POINT('',(-9.895426798227,39.947216515257,
    29.053122398055));
#3769 = CARTESIAN_POINT('',(-9.909535220329,39.929180245097,
    29.015690470647));
#3770 = CARTESIAN_POINT('',(-9.922631434021,39.91242997359,
    28.977293578406));
#3771 = CARTESIAN_POINT('',(-9.952354676427,39.874397822906,
    28.879933768067));
#3772 = CARTESIAN_POINT('',(-9.967700392625,39.854747303,28.819855679329
    ));
#3773 = CARTESIAN_POINT('',(-9.980380208255,39.83850005025,
    28.757971455783));
#3774 = CARTESIAN_POINT('',(-9.990124262465,39.826008786117,
    28.694588479605));
#3775 = CARTESIAN_POINT('',(-9.99670952839,39.817564891955,
    28.630110106892));
#3776 = CARTESIAN_POINT('',(-10.,39.813345752398,28.565042941391));
#3777 = CARTESIAN_POINT('',(-10.,39.813345752398,28.5));
#3778 = PCURVE('',#1589,#3779);
#3779 = DEFINITIONAL_REPRESENTATION('',(#3780),#3819);
#3780 = B_SPLINE_CURVE_WITH_KNOTS('',7,(#3781,#3782,#3783,#3784,#3785,
    #3786,#3787,#3788,#3789,#3790,#3791,#3792,#3793,#3794,#3795,#3796,
    #3797,#3798,#3799,#3800,#3801,#3802,#3803,#3804,#3805,#3806,#3807,
    #3808,#3809,#3810,#3811,#3812,#3813,#3814,#3815,#3816,#3817,#3818),
  .UNSPECIFIED.,.F.,.F.,(8,6,6,6,6,6,8),(0.,3.42313587523E-02,
    0.338130675624,0.613341968992,0.757037081229,0.855137410381,1.),
  .UNSPECIFIED.);
#3781 = CARTESIAN_POINT('',(-5.835985772139,1.570796328073));
#3782 = CARTESIAN_POINT('',(-5.835710898552,1.577164310976));
#3783 = CARTESIAN_POINT('',(-5.835435918266,1.583531015635));
#3784 = CARTESIAN_POINT('',(-5.835160838226,1.589896699352));
#3785 = CARTESIAN_POINT('',(-5.834885665392,1.596261619759));
#3786 = CARTESIAN_POINT('',(-5.834610406745,1.602626034812));
#3787 = CARTESIAN_POINT('',(-5.834335069284,1.608990202799));
#3788 = CARTESIAN_POINT('',(-5.831614630447,1.671854325177));
#3789 = CARTESIAN_POINT('',(-5.829164266727,1.728347879109));
#3790 = CARTESIAN_POINT('',(-5.826712956628,1.785026935743));
#3791 = CARTESIAN_POINT('',(-5.824265780278,1.842075996331));
#3792 = CARTESIAN_POINT('',(-5.821828600444,1.89968285919));
#3793 = CARTESIAN_POINT('',(-5.819408336295,1.958060214223));
#3794 = CARTESIAN_POINT('',(-5.814844584414,2.071287036335));
#3795 = CARTESIAN_POINT('',(-5.812697766637,2.125918912257));
#3796 = CARTESIAN_POINT('',(-5.810578189451,2.181599193314));
#3797 = CARTESIAN_POINT('',(-5.808494058779,2.238545581444));
#3798 = CARTESIAN_POINT('',(-5.806457023006,2.296995251274));
#3799 = CARTESIAN_POINT('',(-5.804482287641,2.357215324756));
#3800 = CARTESIAN_POINT('',(-5.801602938989,2.452175322042));
#3801 = CARTESIAN_POINT('',(-5.800638271927,2.485327264876));
#3802 = CARTESIAN_POINT('',(-5.799699596337,2.519111706384));
#3803 = CARTESIAN_POINT('',(-5.79879073568,2.553577627243));
#3804 = CARTESIAN_POINT('',(-5.797916350398,2.588770155233));
#3805 = CARTESIAN_POINT('',(-5.797081923149,2.624731882183));
#3806 = CARTESIAN_POINT('',(-5.795755655958,2.686608546373));
#3807 = CARTESIAN_POINT('',(-5.795239198905,2.712087330709));
#3808 = CARTESIAN_POINT('',(-5.794746390439,2.737951546578));
#3809 = CARTESIAN_POINT('',(-5.794279539383,2.764207219687));
#3810 = CARTESIAN_POINT('',(-5.793841160812,2.790854379663));
#3811 = CARTESIAN_POINT('',(-5.793433891037,2.817886050921));
#3812 = CARTESIAN_POINT('',(-5.792508880435,2.885749979511));
#3813 = CARTESIAN_POINT('',(-5.792030667172,2.927043774053));
#3814 = CARTESIAN_POINT('',(-5.791635082308,2.969078675636));
#3815 = CARTESIAN_POINT('',(-5.791330841625,3.011733714783));
#3816 = CARTESIAN_POINT('',(-5.791125142977,3.054852628916));
#3817 = CARTESIAN_POINT('',(-5.791022362715,3.098230692662));
#3818 = CARTESIAN_POINT('',(-5.791022362715,3.14159265359));
#3819 = ( GEOMETRIC_REPRESENTATION_CONTEXT(2) 
PARAMETRIC_REPRESENTATION_CONTEXT() REPRESENTATION_CONTEXT('2D SPACE',''
  ) );
#3820 = PCURVE('',#1617,#3821);
#3821 = DEFINITIONAL_REPRESENTATION('',(#3822),#3861);
#3822 = B_SPLINE_CURVE_WITH_KNOTS('',7,(#3823,#3824,#3825,#3826,#3827,
    #3828,#3829,#3830,#3831,#3832,#3833,#3834,#3835,#3836,#3837,#3838,
    #3839,#3840,#3841,#3842,#3843,#3844,#3845,#3846,#3847,#3848,#3849,
    #3850,#3851,#3852,#3853,#3854,#3855,#3856,#3857,#3858,#3859,#3860),
  .UNSPECIFIED.,.F.,.F.,(8,6,6,6,6,6,8),(0.,3.42313587523E-02,
    0.338130675624,0.613341968992,0.757037081229,0.855137410381,1.),
  .UNSPECIFIED.);
#3823 = CARTESIAN_POINT('',(0.,3.142355412435));
#3824 = CARTESIAN_POINT('',(-6.367984688238E-03,3.130659543499));
#3825 = CARTESIAN_POINT('',(-1.273468942458E-02,3.118962195643));
#3826 = CARTESIAN_POINT('',(-1.910037263592E-02,3.107263667783));
#3827 = CARTESIAN_POINT('',(-2.546529265684E-02,3.095564258652));
#3828 = CARTESIAN_POINT('',(-3.182970772966E-02,3.0838642668));
#3829 = CARTESIAN_POINT('',(-3.819387600438E-02,3.072163990592));
#3830 = CARTESIAN_POINT('',(-0.101057998382,2.956591084102));
#3831 = CARTESIAN_POINT('',(-0.157551552314,2.852733338577));
#3832 = CARTESIAN_POINT('',(-0.214230608948,2.749077289317));
#3833 = CARTESIAN_POINT('',(-0.271279669536,2.645836494693));
#3834 = CARTESIAN_POINT('',(-0.328886532395,2.543254581545));
#3835 = CARTESIAN_POINT('',(-0.387263887428,2.441615988209));
#3836 = CARTESIAN_POINT('',(-0.50049070954,2.250385487796));
#3837 = CARTESIAN_POINT('',(-0.555122585462,2.16061364256));
#3838 = CARTESIAN_POINT('',(-0.61080286652,2.072159665867));
#3839 = CARTESIAN_POINT('',(-0.667749254649,1.985357221736));
#3840 = CARTESIAN_POINT('',(-0.726198924479,1.900679308078));
#3841 = CARTESIAN_POINT('',(-0.786418997961,1.818740862869));
#3842 = CARTESIAN_POINT('',(-0.881378995248,1.699465967555));
#3843 = CARTESIAN_POINT('',(-0.914530938081,1.659542542592));
#3844 = CARTESIAN_POINT('',(-0.948315379589,1.620729821058));
#3845 = CARTESIAN_POINT('',(-0.982781300448,1.583182378674));
#3846 = CARTESIAN_POINT('',(-1.017973828438,1.547088722685));
#3847 = CARTESIAN_POINT('',(-1.053935555388,1.512670578405));
#3848 = CARTESIAN_POINT('',(-1.115812219579,1.458002416547));
#3849 = CARTESIAN_POINT('',(-1.141291003914,1.436725193091));
#3850 = CARTESIAN_POINT('',(-1.167155219783,1.416432090235));
#3851 = CARTESIAN_POINT('',(-1.193410892892,1.397216515257));
#3852 = CARTESIAN_POINT('',(-1.220058052868,1.379180245097));
#3853 = CARTESIAN_POINT('',(-1.247089724126,1.36242997359));
#3854 = CARTESIAN_POINT('',(-1.314953652717,1.324397822906));
#3855 = CARTESIAN_POINT('',(-1.356247447258,1.304747303));
#3856 = CARTESIAN_POINT('',(-1.398282348842,1.28850005025));
#3857 = CARTESIAN_POINT('',(-1.440937387988,1.276008786117));
#3858 = CARTESIAN_POINT('',(-1.484056302121,1.267564891955));
#3859 = CARTESIAN_POINT('',(-1.527434365867,1.263345752398));
#3860 = CARTESIAN_POINT('',(-1.570796326795,1.263345752398));
#3861 = ( GEOMETRIC_REPRESENTATION_CONTEXT(2) 
PARAMETRIC_REPRESENTATION_CONTEXT() REPRESENTATION_CONTEXT('2D SPACE',''
  ) );
#3862 = ORIENTED_EDGE('',*,*,#3043,.F.);
#3863 = ADVANCED_FACE('',(#3864),#1645,.T.);
#3864 = FACE_BOUND('',#3865,.T.);
#3865 = EDGE_LOOP('',(#3866,#3898,#3899,#3900));
#3866 = ORIENTED_EDGE('',*,*,#3867,.T.);
#3867 = EDGE_CURVE('',#1602,#3072,#3868,.T.);
#3868 = SURFACE_CURVE('',#3869,(#3874,#3886),.PCURVE_S1.);
#3869 = ELLIPSE('',#3870,2.12132034356,1.5);
#3870 = AXIS2_PLACEMENT_3D('',#3871,#3872,#3873);
#3871 = CARTESIAN_POINT('',(-8.5,40.05,28.5));
#3872 = DIRECTION('',(0.707106781187,-0.707106781187,-0.));
#3873 = DIRECTION('',(0.707106781187,0.707106781187,0.));
#3874 = PCURVE('',#1645,#3875);
#3875 = DEFINITIONAL_REPRESENTATION('',(#3876),#3885);
#3876 = B_SPLINE_CURVE_WITH_KNOTS('',7,(#3877,#3878,#3879,#3880,#3881,
    #3882,#3883,#3884),.UNSPECIFIED.,.F.,.F.,(8,8),(1.570796326795,
    3.14159265359),.PIECEWISE_BEZIER_KNOTS.);
#3877 = CARTESIAN_POINT('',(0.,1.5));
#3878 = CARTESIAN_POINT('',(0.224399475256,1.163400787115));
#3879 = CARTESIAN_POINT('',(0.448798950513,0.826802941021));
#3880 = CARTESIAN_POINT('',(0.673198425769,0.517879761339));
#3881 = CARTESIAN_POINT('',(0.897597901026,0.264356243062));
#3882 = CARTESIAN_POINT('',(1.121997376282,8.812300891501E-02));
#3883 = CARTESIAN_POINT('',(1.346396851538,-4.122151486547E-17));
#3884 = CARTESIAN_POINT('',(1.570796326795,0.));
#3885 = ( GEOMETRIC_REPRESENTATION_CONTEXT(2) 
PARAMETRIC_REPRESENTATION_CONTEXT() REPRESENTATION_CONTEXT('2D SPACE',''
  ) );
#3886 = PCURVE('',#1617,#3887);
#3887 = DEFINITIONAL_REPRESENTATION('',(#3888),#3897);
#3888 = B_SPLINE_CURVE_WITH_KNOTS('',7,(#3889,#3890,#3891,#3892,#3893,
    #3894,#3895,#3896),.UNSPECIFIED.,.F.,.F.,(8,8),(1.570796326795,
    3.14159265359),.PIECEWISE_BEZIER_KNOTS.);
#3889 = CARTESIAN_POINT('',(0.,1.5));
#3890 = CARTESIAN_POINT('',(-0.224399475256,1.163400787115));
#3891 = CARTESIAN_POINT('',(-0.448798950513,0.826802941022));
#3892 = CARTESIAN_POINT('',(-0.673198425769,0.517879761339));
#3893 = CARTESIAN_POINT('',(-0.897597901026,0.264356243062));
#3894 = CARTESIAN_POINT('',(-1.121997376282,8.812300891488E-02));
#3895 = CARTESIAN_POINT('',(-1.346396851538,-4.122151486547E-17));
#3896 = CARTESIAN_POINT('',(-1.570796326795,0.));
#3897 = ( GEOMETRIC_REPRESENTATION_CONTEXT(2) 
PARAMETRIC_REPRESENTATION_CONTEXT() REPRESENTATION_CONTEXT('2D SPACE',''
  ) );
#3898 = ORIENTED_EDGE('',*,*,#3144,.T.);
#3899 = ORIENTED_EDGE('',*,*,#3697,.F.);
#3900 = ORIENTED_EDGE('',*,*,#1629,.F.);
#3901 = ADVANCED_FACE('',(#3902),#1617,.T.);
#3902 = FACE_BOUND('',#3903,.F.);
#3903 = EDGE_LOOP('',(#3904,#3905,#3906,#3907));
#3904 = ORIENTED_EDGE('',*,*,#3867,.T.);
#3905 = ORIENTED_EDGE('',*,*,#3071,.T.);
#3906 = ORIENTED_EDGE('',*,*,#3737,.F.);
#3907 = ORIENTED_EDGE('',*,*,#1601,.F.);
#3908 = ADVANCED_FACE('',(#3909),#1988,.F.);
#3909 = FACE_BOUND('',#3910,.F.);
#3910 = EDGE_LOOP('',(#3911,#3934,#3935,#3936,#3937,#3960));
#3911 = ORIENTED_EDGE('',*,*,#3912,.F.);
#3912 = EDGE_CURVE('',#1969,#3913,#3915,.T.);
#3913 = VERTEX_POINT('',#3914);
#3914 = CARTESIAN_POINT('',(-44.05,-24.54558441227,8.514718625761));
#3915 = SURFACE_CURVE('',#3916,(#3920,#3927),.PCURVE_S1.);
#3916 = LINE('',#3917,#3918);
#3917 = CARTESIAN_POINT('',(-113.,-24.54558441227,8.514718625761));
#3918 = VECTOR('',#3919,1.);
#3919 = DIRECTION('',(1.,0.,0.));
#3920 = PCURVE('',#1988,#3921);
#3921 = DEFINITIONAL_REPRESENTATION('',(#3922),#3926);
#3922 = LINE('',#3923,#3924);
#3923 = CARTESIAN_POINT('',(0.,0.));
#3924 = VECTOR('',#3925,1.);
#3925 = DIRECTION('',(0.,1.));
#3926 = ( GEOMETRIC_REPRESENTATION_CONTEXT(2) 
PARAMETRIC_REPRESENTATION_CONTEXT() REPRESENTATION_CONTEXT('2D SPACE',''
  ) );
#3927 = PCURVE('',#2020,#3928);
#3928 = DEFINITIONAL_REPRESENTATION('',(#3929),#3933);
#3929 = LINE('',#3930,#3931);
#3930 = CARTESIAN_POINT('',(0.,12.));
#3931 = VECTOR('',#3932,1.);
#3932 = DIRECTION('',(1.,0.));
#3933 = ( GEOMETRIC_REPRESENTATION_CONTEXT(2) 
PARAMETRIC_REPRESENTATION_CONTEXT() REPRESENTATION_CONTEXT('2D SPACE',''
  ) );
#3934 = ORIENTED_EDGE('',*,*,#1968,.T.);
#3935 = ORIENTED_EDGE('',*,*,#2903,.T.);
#3936 = ORIENTED_EDGE('',*,*,#2729,.T.);
#3937 = ORIENTED_EDGE('',*,*,#3938,.T.);
#3938 = EDGE_CURVE('',#2709,#3939,#3941,.T.);
#3939 = VERTEX_POINT('',#3940);
#3940 = CARTESIAN_POINT('',(-44.05,-16.06030303803,17.));
#3941 = SURFACE_CURVE('',#3942,(#3946,#3953),.PCURVE_S1.);
#3942 = LINE('',#3943,#3944);
#3943 = CARTESIAN_POINT('',(-113.,-16.06030303803,17.));
#3944 = VECTOR('',#3945,1.);
#3945 = DIRECTION('',(1.,0.,0.));
#3946 = PCURVE('',#1988,#3947);
#3947 = DEFINITIONAL_REPRESENTATION('',(#3948),#3952);
#3948 = LINE('',#3949,#3950);
#3949 = CARTESIAN_POINT('',(12.,0.));
#3950 = VECTOR('',#3951,1.);
#3951 = DIRECTION('',(0.,1.));
#3952 = ( GEOMETRIC_REPRESENTATION_CONTEXT(2) 
PARAMETRIC_REPRESENTATION_CONTEXT() REPRESENTATION_CONTEXT('2D SPACE',''
  ) );
#3953 = PCURVE('',#2110,#3954);
#3954 = DEFINITIONAL_REPRESENTATION('',(#3955),#3959);
#3955 = LINE('',#3956,#3957);
#3956 = CARTESIAN_POINT('',(0.,12.));
#3957 = VECTOR('',#3958,1.);
#3958 = DIRECTION('',(1.,0.));
#3959 = ( GEOMETRIC_REPRESENTATION_CONTEXT(2) 
PARAMETRIC_REPRESENTATION_CONTEXT() REPRESENTATION_CONTEXT('2D SPACE',''
  ) );
#3960 = ORIENTED_EDGE('',*,*,#3961,.F.);
#3961 = EDGE_CURVE('',#3913,#3939,#3962,.T.);
#3962 = SURFACE_CURVE('',#3963,(#3967,#3974),.PCURVE_S1.);
#3963 = LINE('',#3964,#3965);
#3964 = CARTESIAN_POINT('',(-44.05,-24.54558441227,8.514718625761));
#3965 = VECTOR('',#3966,1.);
#3966 = DIRECTION('',(0.,0.707106781187,0.707106781187));
#3967 = PCURVE('',#1988,#3968);
#3968 = DEFINITIONAL_REPRESENTATION('',(#3969),#3973);
#3969 = LINE('',#3970,#3971);
#3970 = CARTESIAN_POINT('',(0.,68.95));
#3971 = VECTOR('',#3972,1.);
#3972 = DIRECTION('',(1.,0.));
#3973 = ( GEOMETRIC_REPRESENTATION_CONTEXT(2) 
PARAMETRIC_REPRESENTATION_CONTEXT() REPRESENTATION_CONTEXT('2D SPACE',''
  ) );
#3974 = PCURVE('',#2047,#3975);
#3975 = DEFINITIONAL_REPRESENTATION('',(#3976),#3980);
#3976 = LINE('',#3977,#3978);
#3977 = CARTESIAN_POINT('',(4.440892098501E-15,-12.));
#3978 = VECTOR('',#3979,1.);
#3979 = DIRECTION('',(1.,0.));
#3980 = ( GEOMETRIC_REPRESENTATION_CONTEXT(2) 
PARAMETRIC_REPRESENTATION_CONTEXT() REPRESENTATION_CONTEXT('2D SPACE',''
  ) );
#3981 = ADVANCED_FACE('',(#3982),#2020,.T.);
#3982 = FACE_BOUND('',#3983,.T.);
#3983 = EDGE_LOOP('',(#3984,#3985,#3986));
#3984 = ORIENTED_EDGE('',*,*,#3912,.F.);
#3985 = ORIENTED_EDGE('',*,*,#2000,.T.);
#3986 = ORIENTED_EDGE('',*,*,#3987,.T.);
#3987 = EDGE_CURVE('',#2001,#3913,#3988,.T.);
#3988 = SURFACE_CURVE('',#3989,(#3993,#4000),.PCURVE_S1.);
#3989 = LINE('',#3990,#3991);
#3990 = CARTESIAN_POINT('',(-44.05,-33.03086578651,17.));
#3991 = VECTOR('',#3992,1.);
#3992 = DIRECTION('',(0.,0.707106781187,-0.707106781187));
#3993 = PCURVE('',#2020,#3994);
#3994 = DEFINITIONAL_REPRESENTATION('',(#3995),#3999);
#3995 = LINE('',#3996,#3997);
#3996 = CARTESIAN_POINT('',(68.95,0.));
#3997 = VECTOR('',#3998,1.);
#3998 = DIRECTION('',(0.,1.));
#3999 = ( GEOMETRIC_REPRESENTATION_CONTEXT(2) 
PARAMETRIC_REPRESENTATION_CONTEXT() REPRESENTATION_CONTEXT('2D SPACE',''
  ) );
#4000 = PCURVE('',#2047,#4001);
#4001 = DEFINITIONAL_REPRESENTATION('',(#4002),#4006);
#4002 = LINE('',#4003,#4004);
#4003 = CARTESIAN_POINT('',(0.,0.));
#4004 = VECTOR('',#4005,1.);
#4005 = DIRECTION('',(0.,-1.));
#4006 = ( GEOMETRIC_REPRESENTATION_CONTEXT(2) 
PARAMETRIC_REPRESENTATION_CONTEXT() REPRESENTATION_CONTEXT('2D SPACE',''
  ) );
#4007 = ADVANCED_FACE('',(#4008),#2349,.T.);
#4008 = FACE_BOUND('',#4009,.T.);
#4009 = EDGE_LOOP('',(#4010,#4033,#4034,#4035,#4036,#4059));
#4010 = ORIENTED_EDGE('',*,*,#4011,.F.);
#4011 = EDGE_CURVE('',#2298,#4012,#4014,.T.);
#4012 = VERTEX_POINT('',#4013);
#4013 = CARTESIAN_POINT('',(-44.05,24.545584412272,8.514718625761));
#4014 = SURFACE_CURVE('',#4015,(#4019,#4026),.PCURVE_S1.);
#4015 = LINE('',#4016,#4017);
#4016 = CARTESIAN_POINT('',(-113.,24.545584412272,8.514718625761));
#4017 = VECTOR('',#4018,1.);
#4018 = DIRECTION('',(1.,0.,0.));
#4019 = PCURVE('',#2349,#4020);
#4020 = DEFINITIONAL_REPRESENTATION('',(#4021),#4025);
#4021 = LINE('',#4022,#4023);
#4022 = CARTESIAN_POINT('',(0.,0.));
#4023 = VECTOR('',#4024,1.);
#4024 = DIRECTION('',(0.,1.));
#4025 = ( GEOMETRIC_REPRESENTATION_CONTEXT(2) 
PARAMETRIC_REPRESENTATION_CONTEXT() REPRESENTATION_CONTEXT('2D SPACE',''
  ) );
#4026 = PCURVE('',#2317,#4027);
#4027 = DEFINITIONAL_REPRESENTATION('',(#4028),#4032);
#4028 = LINE('',#4029,#4030);
#4029 = CARTESIAN_POINT('',(0.,0.));
#4030 = VECTOR('',#4031,1.);
#4031 = DIRECTION('',(1.,0.));
#4032 = ( GEOMETRIC_REPRESENTATION_CONTEXT(2) 
PARAMETRIC_REPRESENTATION_CONTEXT() REPRESENTATION_CONTEXT('2D SPACE',''
  ) );
#4033 = ORIENTED_EDGE('',*,*,#2329,.T.);
#4034 = ORIENTED_EDGE('',*,*,#2500,.F.);
#4035 = ORIENTED_EDGE('',*,*,#2597,.T.);
#4036 = ORIENTED_EDGE('',*,*,#4037,.T.);
#4037 = EDGE_CURVE('',#2598,#4038,#4040,.T.);
#4038 = VERTEX_POINT('',#4039);
#4039 = CARTESIAN_POINT('',(-44.05,16.060303038033,17.));
#4040 = SURFACE_CURVE('',#4041,(#4045,#4052),.PCURVE_S1.);
#4041 = LINE('',#4042,#4043);
#4042 = CARTESIAN_POINT('',(-113.,16.060303038033,17.));
#4043 = VECTOR('',#4044,1.);
#4044 = DIRECTION('',(1.,0.,0.));
#4045 = PCURVE('',#2349,#4046);
#4046 = DEFINITIONAL_REPRESENTATION('',(#4047),#4051);
#4047 = LINE('',#4048,#4049);
#4048 = CARTESIAN_POINT('',(12.,0.));
#4049 = VECTOR('',#4050,1.);
#4050 = DIRECTION('',(0.,1.));
#4051 = ( GEOMETRIC_REPRESENTATION_CONTEXT(2) 
PARAMETRIC_REPRESENTATION_CONTEXT() REPRESENTATION_CONTEXT('2D SPACE',''
  ) );
#4052 = PCURVE('',#2227,#4053);
#4053 = DEFINITIONAL_REPRESENTATION('',(#4054),#4058);
#4054 = LINE('',#4055,#4056);
#4055 = CARTESIAN_POINT('',(0.,0.));
#4056 = VECTOR('',#4057,1.);
#4057 = DIRECTION('',(1.,0.));
#4058 = ( GEOMETRIC_REPRESENTATION_CONTEXT(2) 
PARAMETRIC_REPRESENTATION_CONTEXT() REPRESENTATION_CONTEXT('2D SPACE',''
  ) );
#4059 = ORIENTED_EDGE('',*,*,#4060,.F.);
#4060 = EDGE_CURVE('',#4012,#4038,#4061,.T.);
#4061 = SURFACE_CURVE('',#4062,(#4066,#4073),.PCURVE_S1.);
#4062 = LINE('',#4063,#4064);
#4063 = CARTESIAN_POINT('',(-44.05,24.545584412272,8.514718625761));
#4064 = VECTOR('',#4065,1.);
#4065 = DIRECTION('',(0.,-0.707106781187,0.707106781187));
#4066 = PCURVE('',#2349,#4067);
#4067 = DEFINITIONAL_REPRESENTATION('',(#4068),#4072);
#4068 = LINE('',#4069,#4070);
#4069 = CARTESIAN_POINT('',(0.,68.95));
#4070 = VECTOR('',#4071,1.);
#4071 = DIRECTION('',(1.,0.));
#4072 = ( GEOMETRIC_REPRESENTATION_CONTEXT(2) 
PARAMETRIC_REPRESENTATION_CONTEXT() REPRESENTATION_CONTEXT('2D SPACE',''
  ) );
#4073 = PCURVE('',#2286,#4074);
#4074 = DEFINITIONAL_REPRESENTATION('',(#4075),#4079);
#4075 = LINE('',#4076,#4077);
#4076 = CARTESIAN_POINT('',(0.,0.));
#4077 = VECTOR('',#4078,1.);
#4078 = DIRECTION('',(1.,0.));
#4079 = ( GEOMETRIC_REPRESENTATION_CONTEXT(2) 
PARAMETRIC_REPRESENTATION_CONTEXT() REPRESENTATION_CONTEXT('2D SPACE',''
  ) );
#4080 = ADVANCED_FACE('',(#4081),#2047,.F.);
#4081 = FACE_BOUND('',#4082,.F.);
#4082 = EDGE_LOOP('',(#4083,#4106,#4107,#4108,#4109));
#4083 = ORIENTED_EDGE('',*,*,#4084,.F.);
#4084 = EDGE_CURVE('',#2033,#4085,#4087,.T.);
#4085 = VERTEX_POINT('',#4086);
#4086 = CARTESIAN_POINT('',(-44.05,-24.54558441227,25.485281374239));
#4087 = SURFACE_CURVE('',#4088,(#4092,#4099),.PCURVE_S1.);
#4088 = LINE('',#4089,#4090);
#4089 = CARTESIAN_POINT('',(-44.05,-33.03086578651,17.));
#4090 = VECTOR('',#4091,1.);
#4091 = DIRECTION('',(0.,0.707106781187,0.707106781187));
#4092 = PCURVE('',#2047,#4093);
#4093 = DEFINITIONAL_REPRESENTATION('',(#4094),#4098);
#4094 = LINE('',#4095,#4096);
#4095 = CARTESIAN_POINT('',(0.,0.));
#4096 = VECTOR('',#4097,1.);
#4097 = DIRECTION('',(1.,0.));
#4098 = ( GEOMETRIC_REPRESENTATION_CONTEXT(2) 
PARAMETRIC_REPRESENTATION_CONTEXT() REPRESENTATION_CONTEXT('2D SPACE',''
  ) );
#4099 = PCURVE('',#2078,#4100);
#4100 = DEFINITIONAL_REPRESENTATION('',(#4101),#4105);
#4101 = LINE('',#4102,#4103);
#4102 = CARTESIAN_POINT('',(0.,68.95));
#4103 = VECTOR('',#4104,1.);
#4104 = DIRECTION('',(1.,0.));
#4105 = ( GEOMETRIC_REPRESENTATION_CONTEXT(2) 
PARAMETRIC_REPRESENTATION_CONTEXT() REPRESENTATION_CONTEXT('2D SPACE',''
  ) );
#4106 = ORIENTED_EDGE('',*,*,#2032,.T.);
#4107 = ORIENTED_EDGE('',*,*,#3987,.T.);
#4108 = ORIENTED_EDGE('',*,*,#3961,.T.);
#4109 = ORIENTED_EDGE('',*,*,#4110,.F.);
#4110 = EDGE_CURVE('',#4085,#3939,#4111,.T.);
#4111 = SURFACE_CURVE('',#4112,(#4116,#4123),.PCURVE_S1.);
#4112 = LINE('',#4113,#4114);
#4113 = CARTESIAN_POINT('',(-44.05,-24.54558441227,25.485281374239));
#4114 = VECTOR('',#4115,1.);
#4115 = DIRECTION('',(0.,0.707106781187,-0.707106781187));
#4116 = PCURVE('',#2047,#4117);
#4117 = DEFINITIONAL_REPRESENTATION('',(#4118),#4122);
#4118 = LINE('',#4119,#4120);
#4119 = CARTESIAN_POINT('',(12.,-8.881784197001E-16));
#4120 = VECTOR('',#4121,1.);
#4121 = DIRECTION('',(0.,-1.));
#4122 = ( GEOMETRIC_REPRESENTATION_CONTEXT(2) 
PARAMETRIC_REPRESENTATION_CONTEXT() REPRESENTATION_CONTEXT('2D SPACE',''
  ) );
#4123 = PCURVE('',#2110,#4124);
#4124 = DEFINITIONAL_REPRESENTATION('',(#4125),#4129);
#4125 = LINE('',#4126,#4127);
#4126 = CARTESIAN_POINT('',(68.95,0.));
#4127 = VECTOR('',#4128,1.);
#4128 = DIRECTION('',(0.,1.));
#4129 = ( GEOMETRIC_REPRESENTATION_CONTEXT(2) 
PARAMETRIC_REPRESENTATION_CONTEXT() REPRESENTATION_CONTEXT('2D SPACE',''
  ) );
#4130 = ADVANCED_FACE('',(#4131),#2317,.T.);
#4131 = FACE_BOUND('',#4132,.T.);
#4132 = EDGE_LOOP('',(#4133,#4134,#4135));
#4133 = ORIENTED_EDGE('',*,*,#2297,.T.);
#4134 = ORIENTED_EDGE('',*,*,#4011,.T.);
#4135 = ORIENTED_EDGE('',*,*,#4136,.T.);
#4136 = EDGE_CURVE('',#4012,#2272,#4137,.T.);
#4137 = SURFACE_CURVE('',#4138,(#4142,#4149),.PCURVE_S1.);
#4138 = LINE('',#4139,#4140);
#4139 = CARTESIAN_POINT('',(-44.05,24.545584412272,8.514718625761));
#4140 = VECTOR('',#4141,1.);
#4141 = DIRECTION('',(0.,0.707106781187,0.707106781187));
#4142 = PCURVE('',#2317,#4143);
#4143 = DEFINITIONAL_REPRESENTATION('',(#4144),#4148);
#4144 = LINE('',#4145,#4146);
#4145 = CARTESIAN_POINT('',(68.95,0.));
#4146 = VECTOR('',#4147,1.);
#4147 = DIRECTION('',(0.,1.));
#4148 = ( GEOMETRIC_REPRESENTATION_CONTEXT(2) 
PARAMETRIC_REPRESENTATION_CONTEXT() REPRESENTATION_CONTEXT('2D SPACE',''
  ) );
#4149 = PCURVE('',#2286,#4150);
#4150 = DEFINITIONAL_REPRESENTATION('',(#4151),#4155);
#4151 = LINE('',#4152,#4153);
#4152 = CARTESIAN_POINT('',(0.,0.));
#4153 = VECTOR('',#4154,1.);
#4154 = DIRECTION('',(0.,-1.));
#4155 = ( GEOMETRIC_REPRESENTATION_CONTEXT(2) 
PARAMETRIC_REPRESENTATION_CONTEXT() REPRESENTATION_CONTEXT('2D SPACE',''
  ) );
#4156 = ADVANCED_FACE('',(#4157),#2078,.T.);
#4157 = FACE_BOUND('',#4158,.T.);
#4158 = EDGE_LOOP('',(#4159,#4160,#4161));
#4159 = ORIENTED_EDGE('',*,*,#4084,.F.);
#4160 = ORIENTED_EDGE('',*,*,#2058,.T.);
#4161 = ORIENTED_EDGE('',*,*,#4162,.T.);
#4162 = EDGE_CURVE('',#2059,#4085,#4163,.T.);
#4163 = SURFACE_CURVE('',#4164,(#4168,#4175),.PCURVE_S1.);
#4164 = LINE('',#4165,#4166);
#4165 = CARTESIAN_POINT('',(-113.,-24.54558441227,25.485281374239));
#4166 = VECTOR('',#4167,1.);
#4167 = DIRECTION('',(1.,0.,0.));
#4168 = PCURVE('',#2078,#4169);
#4169 = DEFINITIONAL_REPRESENTATION('',(#4170),#4174);
#4170 = LINE('',#4171,#4172);
#4171 = CARTESIAN_POINT('',(12.,0.));
#4172 = VECTOR('',#4173,1.);
#4173 = DIRECTION('',(0.,1.));
#4174 = ( GEOMETRIC_REPRESENTATION_CONTEXT(2) 
PARAMETRIC_REPRESENTATION_CONTEXT() REPRESENTATION_CONTEXT('2D SPACE',''
  ) );
#4175 = PCURVE('',#2110,#4176);
#4176 = DEFINITIONAL_REPRESENTATION('',(#4177),#4181);
#4177 = LINE('',#4178,#4179);
#4178 = CARTESIAN_POINT('',(0.,0.));
#4179 = VECTOR('',#4180,1.);
#4180 = DIRECTION('',(1.,0.));
#4181 = ( GEOMETRIC_REPRESENTATION_CONTEXT(2) 
PARAMETRIC_REPRESENTATION_CONTEXT() REPRESENTATION_CONTEXT('2D SPACE',''
  ) );
#4182 = ADVANCED_FACE('',(#4183),#2286,.F.);
#4183 = FACE_BOUND('',#4184,.F.);
#4184 = EDGE_LOOP('',(#4185,#4208,#4209,#4210,#4211));
#4185 = ORIENTED_EDGE('',*,*,#4186,.F.);
#4186 = EDGE_CURVE('',#4038,#4187,#4189,.T.);
#4187 = VERTEX_POINT('',#4188);
#4188 = CARTESIAN_POINT('',(-44.05,24.545584412272,25.485281374239));
#4189 = SURFACE_CURVE('',#4190,(#4194,#4201),.PCURVE_S1.);
#4190 = LINE('',#4191,#4192);
#4191 = CARTESIAN_POINT('',(-44.05,16.060303038033,17.));
#4192 = VECTOR('',#4193,1.);
#4193 = DIRECTION('',(0.,0.707106781187,0.707106781187));
#4194 = PCURVE('',#2286,#4195);
#4195 = DEFINITIONAL_REPRESENTATION('',(#4196),#4200);
#4196 = LINE('',#4197,#4198);
#4197 = CARTESIAN_POINT('',(12.,-4.440892098501E-15));
#4198 = VECTOR('',#4199,1.);
#4199 = DIRECTION('',(0.,-1.));
#4200 = ( GEOMETRIC_REPRESENTATION_CONTEXT(2) 
PARAMETRIC_REPRESENTATION_CONTEXT() REPRESENTATION_CONTEXT('2D SPACE',''
  ) );
#4201 = PCURVE('',#2227,#4202);
#4202 = DEFINITIONAL_REPRESENTATION('',(#4203),#4207);
#4203 = LINE('',#4204,#4205);
#4204 = CARTESIAN_POINT('',(68.95,0.));
#4205 = VECTOR('',#4206,1.);
#4206 = DIRECTION('',(0.,1.));
#4207 = ( GEOMETRIC_REPRESENTATION_CONTEXT(2) 
PARAMETRIC_REPRESENTATION_CONTEXT() REPRESENTATION_CONTEXT('2D SPACE',''
  ) );
#4208 = ORIENTED_EDGE('',*,*,#4060,.F.);
#4209 = ORIENTED_EDGE('',*,*,#4136,.T.);
#4210 = ORIENTED_EDGE('',*,*,#2271,.F.);
#4211 = ORIENTED_EDGE('',*,*,#4212,.T.);
#4212 = EDGE_CURVE('',#2240,#4187,#4213,.T.);
#4213 = SURFACE_CURVE('',#4214,(#4218,#4225),.PCURVE_S1.);
#4214 = LINE('',#4215,#4216);
#4215 = CARTESIAN_POINT('',(-44.05,33.03086578651,17.));
#4216 = VECTOR('',#4217,1.);
#4217 = DIRECTION('',(0.,-0.707106781187,0.707106781187));
#4218 = PCURVE('',#2286,#4219);
#4219 = DEFINITIONAL_REPRESENTATION('',(#4220),#4224);
#4220 = LINE('',#4221,#4222);
#4221 = CARTESIAN_POINT('',(-4.440892098501E-15,-12.));
#4222 = VECTOR('',#4223,1.);
#4223 = DIRECTION('',(1.,0.));
#4224 = ( GEOMETRIC_REPRESENTATION_CONTEXT(2) 
PARAMETRIC_REPRESENTATION_CONTEXT() REPRESENTATION_CONTEXT('2D SPACE',''
  ) );
#4225 = PCURVE('',#2259,#4226);
#4226 = DEFINITIONAL_REPRESENTATION('',(#4227),#4231);
#4227 = LINE('',#4228,#4229);
#4228 = CARTESIAN_POINT('',(0.,68.95));
#4229 = VECTOR('',#4230,1.);
#4230 = DIRECTION('',(1.,0.));
#4231 = ( GEOMETRIC_REPRESENTATION_CONTEXT(2) 
PARAMETRIC_REPRESENTATION_CONTEXT() REPRESENTATION_CONTEXT('2D SPACE',''
  ) );
#4232 = ADVANCED_FACE('',(#4233),#2110,.F.);
#4233 = FACE_BOUND('',#4234,.F.);
#4234 = EDGE_LOOP('',(#4235,#4236,#4237,#4256,#4257,#4258));
#4235 = ORIENTED_EDGE('',*,*,#3938,.F.);
#4236 = ORIENTED_EDGE('',*,*,#2708,.T.);
#4237 = ORIENTED_EDGE('',*,*,#4238,.T.);
#4238 = EDGE_CURVE('',#2686,#2091,#4239,.T.);
#4239 = SURFACE_CURVE('',#4240,(#4244,#4250),.PCURVE_S1.);
#4240 = LINE('',#4241,#4242);
#4241 = CARTESIAN_POINT('',(-112.5,-22.,22.939696961967));
#4242 = VECTOR('',#4243,1.);
#4243 = DIRECTION('',(1.,0.,0.));
#4244 = PCURVE('',#2110,#4245);
#4245 = DEFINITIONAL_REPRESENTATION('',(#4246),#4249);
#4246 = B_SPLINE_CURVE_WITH_KNOTS('',1,(#4247,#4248),.UNSPECIFIED.,.F.,
  .F.,(2,2),(0.5,65.327947892847),.PIECEWISE_BEZIER_KNOTS.);
#4247 = CARTESIAN_POINT('',(1.,3.6));
#4248 = CARTESIAN_POINT('',(65.827947892847,3.6));
#4249 = ( GEOMETRIC_REPRESENTATION_CONTEXT(2) 
PARAMETRIC_REPRESENTATION_CONTEXT() REPRESENTATION_CONTEXT('2D SPACE',''
  ) );
#4250 = PCURVE('',#2137,#4251);
#4251 = DEFINITIONAL_REPRESENTATION('',(#4252),#4255);
#4252 = B_SPLINE_CURVE_WITH_KNOTS('',1,(#4253,#4254),.UNSPECIFIED.,.F.,
  .F.,(2,2),(0.5,65.327947892847),.PIECEWISE_BEZIER_KNOTS.);
#4253 = CARTESIAN_POINT('',(5.939696961967,0.));
#4254 = CARTESIAN_POINT('',(5.939696961967,64.827947892847));
#4255 = ( GEOMETRIC_REPRESENTATION_CONTEXT(2) 
PARAMETRIC_REPRESENTATION_CONTEXT() REPRESENTATION_CONTEXT('2D SPACE',''
  ) );
#4256 = ORIENTED_EDGE('',*,*,#2090,.T.);
#4257 = ORIENTED_EDGE('',*,*,#4162,.T.);
#4258 = ORIENTED_EDGE('',*,*,#4110,.T.);
#4259 = ADVANCED_FACE('',(#4260),#2259,.F.);
#4260 = FACE_BOUND('',#4261,.F.);
#4261 = EDGE_LOOP('',(#4262,#4263,#4264));
#4262 = ORIENTED_EDGE('',*,*,#4212,.F.);
#4263 = ORIENTED_EDGE('',*,*,#2239,.T.);
#4264 = ORIENTED_EDGE('',*,*,#4265,.T.);
#4265 = EDGE_CURVE('',#2208,#4187,#4266,.T.);
#4266 = SURFACE_CURVE('',#4267,(#4271,#4278),.PCURVE_S1.);
#4267 = LINE('',#4268,#4269);
#4268 = CARTESIAN_POINT('',(-113.,24.545584412272,25.485281374239));
#4269 = VECTOR('',#4270,1.);
#4270 = DIRECTION('',(1.,0.,0.));
#4271 = PCURVE('',#2259,#4272);
#4272 = DEFINITIONAL_REPRESENTATION('',(#4273),#4277);
#4273 = LINE('',#4274,#4275);
#4274 = CARTESIAN_POINT('',(12.,0.));
#4275 = VECTOR('',#4276,1.);
#4276 = DIRECTION('',(0.,1.));
#4277 = ( GEOMETRIC_REPRESENTATION_CONTEXT(2) 
PARAMETRIC_REPRESENTATION_CONTEXT() REPRESENTATION_CONTEXT('2D SPACE',''
  ) );
#4278 = PCURVE('',#2227,#4279);
#4279 = DEFINITIONAL_REPRESENTATION('',(#4280),#4284);
#4280 = LINE('',#4281,#4282);
#4281 = CARTESIAN_POINT('',(0.,12.));
#4282 = VECTOR('',#4283,1.);
#4283 = DIRECTION('',(1.,0.));
#4284 = ( GEOMETRIC_REPRESENTATION_CONTEXT(2) 
PARAMETRIC_REPRESENTATION_CONTEXT() REPRESENTATION_CONTEXT('2D SPACE',''
  ) );
#4285 = ADVANCED_FACE('',(#4286),#2137,.F.);
#4286 = FACE_BOUND('',#4287,.F.);
#4287 = EDGE_LOOP('',(#4288,#4289,#4290,#4311));
#4288 = ORIENTED_EDGE('',*,*,#4238,.F.);
#4289 = ORIENTED_EDGE('',*,*,#2685,.T.);
#4290 = ORIENTED_EDGE('',*,*,#4291,.T.);
#4291 = EDGE_CURVE('',#2663,#2123,#4292,.T.);
#4292 = SURFACE_CURVE('',#4293,(#4297,#4304),.PCURVE_S1.);
#4293 = LINE('',#4294,#4295);
#4294 = CARTESIAN_POINT('',(-112.,-22.,25.));
#4295 = VECTOR('',#4296,1.);
#4296 = DIRECTION('',(1.,0.,0.));
#4297 = PCURVE('',#2137,#4298);
#4298 = DEFINITIONAL_REPRESENTATION('',(#4299),#4303);
#4299 = LINE('',#4300,#4301);
#4300 = CARTESIAN_POINT('',(8.,0.));
#4301 = VECTOR('',#4302,1.);
#4302 = DIRECTION('',(0.,1.));
#4303 = ( GEOMETRIC_REPRESENTATION_CONTEXT(2) 
PARAMETRIC_REPRESENTATION_CONTEXT() REPRESENTATION_CONTEXT('2D SPACE',''
  ) );
#4304 = PCURVE('',#2165,#4305);
#4305 = DEFINITIONAL_REPRESENTATION('',(#4306),#4310);
#4306 = LINE('',#4307,#4308);
#4307 = CARTESIAN_POINT('',(0.,0.));
#4308 = VECTOR('',#4309,1.);
#4309 = DIRECTION('',(1.,0.));
#4310 = ( GEOMETRIC_REPRESENTATION_CONTEXT(2) 
PARAMETRIC_REPRESENTATION_CONTEXT() REPRESENTATION_CONTEXT('2D SPACE',''
  ) );
#4311 = ORIENTED_EDGE('',*,*,#2122,.T.);
#4312 = ADVANCED_FACE('',(#4313),#2227,.F.);
#4313 = FACE_BOUND('',#4314,.F.);
#4314 = EDGE_LOOP('',(#4315,#4316,#4317,#4336,#4337,#4338));
#4315 = ORIENTED_EDGE('',*,*,#4265,.F.);
#4316 = ORIENTED_EDGE('',*,*,#2207,.T.);
#4317 = ORIENTED_EDGE('',*,*,#4318,.F.);
#4318 = EDGE_CURVE('',#2619,#2182,#4319,.T.);
#4319 = SURFACE_CURVE('',#4320,(#4324,#4330),.PCURVE_S1.);
#4320 = LINE('',#4321,#4322);
#4321 = CARTESIAN_POINT('',(-112.5,22.,22.939696961967));
#4322 = VECTOR('',#4323,1.);
#4323 = DIRECTION('',(1.,0.,-0.));
#4324 = PCURVE('',#2227,#4325);
#4325 = DEFINITIONAL_REPRESENTATION('',(#4326),#4329);
#4326 = B_SPLINE_CURVE_WITH_KNOTS('',1,(#4327,#4328),.UNSPECIFIED.,.F.,
  .F.,(2,2),(0.5,65.327947892847),.PIECEWISE_BEZIER_KNOTS.);
#4327 = CARTESIAN_POINT('',(1.,8.4));
#4328 = CARTESIAN_POINT('',(65.827947892847,8.4));
#4329 = ( GEOMETRIC_REPRESENTATION_CONTEXT(2) 
PARAMETRIC_REPRESENTATION_CONTEXT() REPRESENTATION_CONTEXT('2D SPACE',''
  ) );
#4330 = PCURVE('',#2196,#4331);
#4331 = DEFINITIONAL_REPRESENTATION('',(#4332),#4335);
#4332 = B_SPLINE_CURVE_WITH_KNOTS('',1,(#4333,#4334),.UNSPECIFIED.,.F.,
  .F.,(2,2),(0.5,65.327947892847),.PIECEWISE_BEZIER_KNOTS.);
#4333 = CARTESIAN_POINT('',(5.939696961967,0.));
#4334 = CARTESIAN_POINT('',(5.939696961967,64.827947892847));
#4335 = ( GEOMETRIC_REPRESENTATION_CONTEXT(2) 
PARAMETRIC_REPRESENTATION_CONTEXT() REPRESENTATION_CONTEXT('2D SPACE',''
  ) );
#4336 = ORIENTED_EDGE('',*,*,#2618,.T.);
#4337 = ORIENTED_EDGE('',*,*,#4037,.T.);
#4338 = ORIENTED_EDGE('',*,*,#4186,.T.);
#4339 = ADVANCED_FACE('',(#4340,#4366,#4397,#4428,#4534,#4565),#2165,.T.
  );
#4340 = FACE_BOUND('',#4341,.T.);
#4341 = EDGE_LOOP('',(#4342,#4363,#4364,#4365));
#4342 = ORIENTED_EDGE('',*,*,#4343,.F.);
#4343 = EDGE_CURVE('',#2640,#2149,#4344,.T.);
#4344 = SURFACE_CURVE('',#4345,(#4349,#4356),.PCURVE_S1.);
#4345 = LINE('',#4346,#4347);
#4346 = CARTESIAN_POINT('',(-112.,22.,25.));
#4347 = VECTOR('',#4348,1.);
#4348 = DIRECTION('',(1.,0.,0.));
#4349 = PCURVE('',#2165,#4350);
#4350 = DEFINITIONAL_REPRESENTATION('',(#4351),#4355);
#4351 = LINE('',#4352,#4353);
#4352 = CARTESIAN_POINT('',(0.,44.));
#4353 = VECTOR('',#4354,1.);
#4354 = DIRECTION('',(1.,0.));
#4355 = ( GEOMETRIC_REPRESENTATION_CONTEXT(2) 
PARAMETRIC_REPRESENTATION_CONTEXT() REPRESENTATION_CONTEXT('2D SPACE',''
  ) );
#4356 = PCURVE('',#2196,#4357);
#4357 = DEFINITIONAL_REPRESENTATION('',(#4358),#4362);
#4358 = LINE('',#4359,#4360);
#4359 = CARTESIAN_POINT('',(8.,0.));
#4360 = VECTOR('',#4361,1.);
#4361 = DIRECTION('',(0.,1.));
#4362 = ( GEOMETRIC_REPRESENTATION_CONTEXT(2) 
PARAMETRIC_REPRESENTATION_CONTEXT() REPRESENTATION_CONTEXT('2D SPACE',''
  ) );
#4363 = ORIENTED_EDGE('',*,*,#2662,.F.);
#4364 = ORIENTED_EDGE('',*,*,#4291,.T.);
#4365 = ORIENTED_EDGE('',*,*,#2148,.T.);
#4366 = FACE_BOUND('',#4367,.T.);
#4367 = EDGE_LOOP('',(#4368));
#4368 = ORIENTED_EDGE('',*,*,#4369,.F.);
#4369 = EDGE_CURVE('',#4370,#4370,#4372,.T.);
#4370 = VERTEX_POINT('',#4371);
#4371 = CARTESIAN_POINT('',(-101.9,-16.,25.));
#4372 = SURFACE_CURVE('',#4373,(#4378,#4385),.PCURVE_S1.);
#4373 = CIRCLE('',#4374,2.1);
#4374 = AXIS2_PLACEMENT_3D('',#4375,#4376,#4377);
#4375 = CARTESIAN_POINT('',(-104.,-16.,25.));
#4376 = DIRECTION('',(0.,0.,1.));
#4377 = DIRECTION('',(1.,0.,0.));
#4378 = PCURVE('',#2165,#4379);
#4379 = DEFINITIONAL_REPRESENTATION('',(#4380),#4384);
#4380 = CIRCLE('',#4381,2.1);
#4381 = AXIS2_PLACEMENT_2D('',#4382,#4383);
#4382 = CARTESIAN_POINT('',(8.,6.));
#4383 = DIRECTION('',(1.,0.));
#4384 = ( GEOMETRIC_REPRESENTATION_CONTEXT(2) 
PARAMETRIC_REPRESENTATION_CONTEXT() REPRESENTATION_CONTEXT('2D SPACE',''
  ) );
#4385 = PCURVE('',#4386,#4391);
#4386 = CYLINDRICAL_SURFACE('',#4387,2.1);
#4387 = AXIS2_PLACEMENT_3D('',#4388,#4389,#4390);
#4388 = CARTESIAN_POINT('',(-104.,-16.,25.));
#4389 = DIRECTION('',(0.,0.,1.));
#4390 = DIRECTION('',(1.,0.,0.));
#4391 = DEFINITIONAL_REPRESENTATION('',(#4392),#4396);
#4392 = LINE('',#4393,#4394);
#4393 = CARTESIAN_POINT('',(0.,0.));
#4394 = VECTOR('',#4395,1.);
#4395 = DIRECTION('',(1.,0.));
#4396 = ( GEOMETRIC_REPRESENTATION_CONTEXT(2) 
PARAMETRIC_REPRESENTATION_CONTEXT() REPRESENTATION_CONTEXT('2D SPACE',''
  ) );
#4397 = FACE_BOUND('',#4398,.T.);
#4398 = EDGE_LOOP('',(#4399));
#4399 = ORIENTED_EDGE('',*,*,#4400,.F.);
#4400 = EDGE_CURVE('',#4401,#4401,#4403,.T.);
#4401 = VERTEX_POINT('',#4402);
#4402 = CARTESIAN_POINT('',(-57.9,-16.,25.));
#4403 = SURFACE_CURVE('',#4404,(#4409,#4416),.PCURVE_S1.);
#4404 = CIRCLE('',#4405,2.1);
#4405 = AXIS2_PLACEMENT_3D('',#4406,#4407,#4408);
#4406 = CARTESIAN_POINT('',(-60.,-16.,25.));
#4407 = DIRECTION('',(0.,0.,1.));
#4408 = DIRECTION('',(1.,0.,0.));
#4409 = PCURVE('',#2165,#4410);
#4410 = DEFINITIONAL_REPRESENTATION('',(#4411),#4415);
#4411 = CIRCLE('',#4412,2.1);
#4412 = AXIS2_PLACEMENT_2D('',#4413,#4414);
#4413 = CARTESIAN_POINT('',(52.,6.));
#4414 = DIRECTION('',(1.,0.));
#4415 = ( GEOMETRIC_REPRESENTATION_CONTEXT(2) 
PARAMETRIC_REPRESENTATION_CONTEXT() REPRESENTATION_CONTEXT('2D SPACE',''
  ) );
#4416 = PCURVE('',#4417,#4422);
#4417 = CYLINDRICAL_SURFACE('',#4418,2.1);
#4418 = AXIS2_PLACEMENT_3D('',#4419,#4420,#4421);
#4419 = CARTESIAN_POINT('',(-60.,-16.,25.));
#4420 = DIRECTION('',(0.,0.,1.));
#4421 = DIRECTION('',(1.,0.,0.));
#4422 = DEFINITIONAL_REPRESENTATION('',(#4423),#4427);
#4423 = LINE('',#4424,#4425);
#4424 = CARTESIAN_POINT('',(0.,0.));
#4425 = VECTOR('',#4426,1.);
#4426 = DIRECTION('',(1.,0.));
#4427 = ( GEOMETRIC_REPRESENTATION_CONTEXT(2) 
PARAMETRIC_REPRESENTATION_CONTEXT() REPRESENTATION_CONTEXT('2D SPACE',''
  ) );
#4428 = FACE_BOUND('',#4429,.T.);
#4429 = EDGE_LOOP('',(#4430,#4458,#4484,#4510));
#4430 = ORIENTED_EDGE('',*,*,#4431,.T.);
#4431 = EDGE_CURVE('',#4432,#4434,#4436,.T.);
#4432 = VERTEX_POINT('',#4433);
#4433 = CARTESIAN_POINT('',(-60.,-12.,25.));
#4434 = VERTEX_POINT('',#4435);
#4435 = CARTESIAN_POINT('',(-104.,-12.,25.));
#4436 = SURFACE_CURVE('',#4437,(#4441,#4447),.PCURVE_S1.);
#4437 = LINE('',#4438,#4439);
#4438 = CARTESIAN_POINT('',(-108.,-12.,25.));
#4439 = VECTOR('',#4440,1.);
#4440 = DIRECTION('',(-1.,0.,0.));
#4441 = PCURVE('',#2165,#4442);
#4442 = DEFINITIONAL_REPRESENTATION('',(#4443),#4446);
#4443 = B_SPLINE_CURVE_WITH_KNOTS('',1,(#4444,#4445),.UNSPECIFIED.,.F.,
  .F.,(2,2),(-48.,-4.),.PIECEWISE_BEZIER_KNOTS.);
#4444 = CARTESIAN_POINT('',(52.,10.));
#4445 = CARTESIAN_POINT('',(8.,10.));
#4446 = ( GEOMETRIC_REPRESENTATION_CONTEXT(2) 
PARAMETRIC_REPRESENTATION_CONTEXT() REPRESENTATION_CONTEXT('2D SPACE',''
  ) );
#4447 = PCURVE('',#4448,#4453);
#4448 = PLANE('',#4449);
#4449 = AXIS2_PLACEMENT_3D('',#4450,#4451,#4452);
#4450 = CARTESIAN_POINT('',(-104.,-12.,5.));
#4451 = DIRECTION('',(0.,1.,0.));
#4452 = DIRECTION('',(0.,0.,1.));
#4453 = DEFINITIONAL_REPRESENTATION('',(#4454),#4457);
#4454 = B_SPLINE_CURVE_WITH_KNOTS('',1,(#4455,#4456),.UNSPECIFIED.,.F.,
  .F.,(2,2),(-48.,-4.),.PIECEWISE_BEZIER_KNOTS.);
#4455 = CARTESIAN_POINT('',(20.,44.));
#4456 = CARTESIAN_POINT('',(20.,0.));
#4457 = ( GEOMETRIC_REPRESENTATION_CONTEXT(2) 
PARAMETRIC_REPRESENTATION_CONTEXT() REPRESENTATION_CONTEXT('2D SPACE',''
  ) );
#4458 = ORIENTED_EDGE('',*,*,#4459,.T.);
#4459 = EDGE_CURVE('',#4434,#4460,#4462,.T.);
#4460 = VERTEX_POINT('',#4461);
#4461 = CARTESIAN_POINT('',(-104.,12.,25.));
#4462 = SURFACE_CURVE('',#4463,(#4467,#4473),.PCURVE_S1.);
#4463 = LINE('',#4464,#4465);
#4464 = CARTESIAN_POINT('',(-104.,-17.,25.));
#4465 = VECTOR('',#4466,1.);
#4466 = DIRECTION('',(0.,1.,0.));
#4467 = PCURVE('',#2165,#4468);
#4468 = DEFINITIONAL_REPRESENTATION('',(#4469),#4472);
#4469 = B_SPLINE_CURVE_WITH_KNOTS('',1,(#4470,#4471),.UNSPECIFIED.,.F.,
  .F.,(2,2),(5.,29.),.PIECEWISE_BEZIER_KNOTS.);
#4470 = CARTESIAN_POINT('',(8.,10.));
#4471 = CARTESIAN_POINT('',(8.,34.));
#4472 = ( GEOMETRIC_REPRESENTATION_CONTEXT(2) 
PARAMETRIC_REPRESENTATION_CONTEXT() REPRESENTATION_CONTEXT('2D SPACE',''
  ) );
#4473 = PCURVE('',#4474,#4479);
#4474 = PLANE('',#4475);
#4475 = AXIS2_PLACEMENT_3D('',#4476,#4477,#4478);
#4476 = CARTESIAN_POINT('',(-104.,-12.,5.));
#4477 = DIRECTION('',(1.,0.,0.));
#4478 = DIRECTION('',(0.,0.,1.));
#4479 = DEFINITIONAL_REPRESENTATION('',(#4480),#4483);
#4480 = B_SPLINE_CURVE_WITH_KNOTS('',1,(#4481,#4482),.UNSPECIFIED.,.F.,
  .F.,(2,2),(5.,29.),.PIECEWISE_BEZIER_KNOTS.);
#4481 = CARTESIAN_POINT('',(20.,0.));
#4482 = CARTESIAN_POINT('',(20.,-24.));
#4483 = ( GEOMETRIC_REPRESENTATION_CONTEXT(2) 
PARAMETRIC_REPRESENTATION_CONTEXT() REPRESENTATION_CONTEXT('2D SPACE',''
  ) );
#4484 = ORIENTED_EDGE('',*,*,#4485,.F.);
#4485 = EDGE_CURVE('',#4486,#4460,#4488,.T.);
#4486 = VERTEX_POINT('',#4487);
#4487 = CARTESIAN_POINT('',(-60.,12.,25.));
#4488 = SURFACE_CURVE('',#4489,(#4493,#4499),.PCURVE_S1.);
#4489 = LINE('',#4490,#4491);
#4490 = CARTESIAN_POINT('',(-108.,12.,25.));
#4491 = VECTOR('',#4492,1.);
#4492 = DIRECTION('',(-1.,0.,0.));
#4493 = PCURVE('',#2165,#4494);
#4494 = DEFINITIONAL_REPRESENTATION('',(#4495),#4498);
#4495 = B_SPLINE_CURVE_WITH_KNOTS('',1,(#4496,#4497),.UNSPECIFIED.,.F.,
  .F.,(2,2),(-48.,-4.),.PIECEWISE_BEZIER_KNOTS.);
#4496 = CARTESIAN_POINT('',(52.,34.));
#4497 = CARTESIAN_POINT('',(8.,34.));
#4498 = ( GEOMETRIC_REPRESENTATION_CONTEXT(2) 
PARAMETRIC_REPRESENTATION_CONTEXT() REPRESENTATION_CONTEXT('2D SPACE',''
  ) );
#4499 = PCURVE('',#4500,#4505);
#4500 = PLANE('',#4501);
#4501 = AXIS2_PLACEMENT_3D('',#4502,#4503,#4504);
#4502 = CARTESIAN_POINT('',(-104.,12.,5.));
#4503 = DIRECTION('',(0.,1.,0.));
#4504 = DIRECTION('',(0.,0.,1.));
#4505 = DEFINITIONAL_REPRESENTATION('',(#4506),#4509);
#4506 = B_SPLINE_CURVE_WITH_KNOTS('',1,(#4507,#4508),.UNSPECIFIED.,.F.,
  .F.,(2,2),(-48.,-4.),.PIECEWISE_BEZIER_KNOTS.);
#4507 = CARTESIAN_POINT('',(20.,44.));
#4508 = CARTESIAN_POINT('',(20.,0.));
#4509 = ( GEOMETRIC_REPRESENTATION_CONTEXT(2) 
PARAMETRIC_REPRESENTATION_CONTEXT() REPRESENTATION_CONTEXT('2D SPACE',''
  ) );
#4510 = ORIENTED_EDGE('',*,*,#4511,.F.);
#4511 = EDGE_CURVE('',#4432,#4486,#4512,.T.);
#4512 = SURFACE_CURVE('',#4513,(#4517,#4523),.PCURVE_S1.);
#4513 = LINE('',#4514,#4515);
#4514 = CARTESIAN_POINT('',(-60.,-17.,25.));
#4515 = VECTOR('',#4516,1.);
#4516 = DIRECTION('',(0.,1.,0.));
#4517 = PCURVE('',#2165,#4518);
#4518 = DEFINITIONAL_REPRESENTATION('',(#4519),#4522);
#4519 = B_SPLINE_CURVE_WITH_KNOTS('',1,(#4520,#4521),.UNSPECIFIED.,.F.,
  .F.,(2,2),(5.,29.),.PIECEWISE_BEZIER_KNOTS.);
#4520 = CARTESIAN_POINT('',(52.,10.));
#4521 = CARTESIAN_POINT('',(52.,34.));
#4522 = ( GEOMETRIC_REPRESENTATION_CONTEXT(2) 
PARAMETRIC_REPRESENTATION_CONTEXT() REPRESENTATION_CONTEXT('2D SPACE',''
  ) );
#4523 = PCURVE('',#4524,#4529);
#4524 = PLANE('',#4525);
#4525 = AXIS2_PLACEMENT_3D('',#4526,#4527,#4528);
#4526 = CARTESIAN_POINT('',(-60.,-12.,5.));
#4527 = DIRECTION('',(1.,0.,0.));
#4528 = DIRECTION('',(0.,0.,1.));
#4529 = DEFINITIONAL_REPRESENTATION('',(#4530),#4533);
#4530 = B_SPLINE_CURVE_WITH_KNOTS('',1,(#4531,#4532),.UNSPECIFIED.,.F.,
  .F.,(2,2),(5.,29.),.PIECEWISE_BEZIER_KNOTS.);
#4531 = CARTESIAN_POINT('',(20.,0.));
#4532 = CARTESIAN_POINT('',(20.,-24.));
#4533 = ( GEOMETRIC_REPRESENTATION_CONTEXT(2) 
PARAMETRIC_REPRESENTATION_CONTEXT() REPRESENTATION_CONTEXT('2D SPACE',''
  ) );
#4534 = FACE_BOUND('',#4535,.T.);
#4535 = EDGE_LOOP('',(#4536));
#4536 = ORIENTED_EDGE('',*,*,#4537,.F.);
#4537 = EDGE_CURVE('',#4538,#4538,#4540,.T.);
#4538 = VERTEX_POINT('',#4539);
#4539 = CARTESIAN_POINT('',(-101.9,16.,25.));
#4540 = SURFACE_CURVE('',#4541,(#4546,#4553),.PCURVE_S1.);
#4541 = CIRCLE('',#4542,2.1);
#4542 = AXIS2_PLACEMENT_3D('',#4543,#4544,#4545);
#4543 = CARTESIAN_POINT('',(-104.,16.,25.));
#4544 = DIRECTION('',(0.,0.,1.));
#4545 = DIRECTION('',(1.,0.,0.));
#4546 = PCURVE('',#2165,#4547);
#4547 = DEFINITIONAL_REPRESENTATION('',(#4548),#4552);
#4548 = CIRCLE('',#4549,2.1);
#4549 = AXIS2_PLACEMENT_2D('',#4550,#4551);
#4550 = CARTESIAN_POINT('',(8.,38.));
#4551 = DIRECTION('',(1.,0.));
#4552 = ( GEOMETRIC_REPRESENTATION_CONTEXT(2) 
PARAMETRIC_REPRESENTATION_CONTEXT() REPRESENTATION_CONTEXT('2D SPACE',''
  ) );
#4553 = PCURVE('',#4554,#4559);
#4554 = CYLINDRICAL_SURFACE('',#4555,2.1);
#4555 = AXIS2_PLACEMENT_3D('',#4556,#4557,#4558);
#4556 = CARTESIAN_POINT('',(-104.,16.,25.));
#4557 = DIRECTION('',(0.,0.,1.));
#4558 = DIRECTION('',(1.,0.,0.));
#4559 = DEFINITIONAL_REPRESENTATION('',(#4560),#4564);
#4560 = LINE('',#4561,#4562);
#4561 = CARTESIAN_POINT('',(0.,0.));
#4562 = VECTOR('',#4563,1.);
#4563 = DIRECTION('',(1.,0.));
#4564 = ( GEOMETRIC_REPRESENTATION_CONTEXT(2) 
PARAMETRIC_REPRESENTATION_CONTEXT() REPRESENTATION_CONTEXT('2D SPACE',''
  ) );
#4565 = FACE_BOUND('',#4566,.T.);
#4566 = EDGE_LOOP('',(#4567));
#4567 = ORIENTED_EDGE('',*,*,#4568,.F.);
#4568 = EDGE_CURVE('',#4569,#4569,#4571,.T.);
#4569 = VERTEX_POINT('',#4570);
#4570 = CARTESIAN_POINT('',(-57.9,16.,25.));
#4571 = SURFACE_CURVE('',#4572,(#4577,#4584),.PCURVE_S1.);
#4572 = CIRCLE('',#4573,2.1);
#4573 = AXIS2_PLACEMENT_3D('',#4574,#4575,#4576);
#4574 = CARTESIAN_POINT('',(-60.,16.,25.));
#4575 = DIRECTION('',(0.,0.,1.));
#4576 = DIRECTION('',(1.,0.,0.));
#4577 = PCURVE('',#2165,#4578);
#4578 = DEFINITIONAL_REPRESENTATION('',(#4579),#4583);
#4579 = CIRCLE('',#4580,2.1);
#4580 = AXIS2_PLACEMENT_2D('',#4581,#4582);
#4581 = CARTESIAN_POINT('',(52.,38.));
#4582 = DIRECTION('',(1.,0.));
#4583 = ( GEOMETRIC_REPRESENTATION_CONTEXT(2) 
PARAMETRIC_REPRESENTATION_CONTEXT() REPRESENTATION_CONTEXT('2D SPACE',''
  ) );
#4584 = PCURVE('',#4585,#4590);
#4585 = CYLINDRICAL_SURFACE('',#4586,2.1);
#4586 = AXIS2_PLACEMENT_3D('',#4587,#4588,#4589);
#4587 = CARTESIAN_POINT('',(-60.,16.,25.));
#4588 = DIRECTION('',(0.,0.,1.));
#4589 = DIRECTION('',(1.,0.,0.));
#4590 = DEFINITIONAL_REPRESENTATION('',(#4591),#4595);
#4591 = LINE('',#4592,#4593);
#4592 = CARTESIAN_POINT('',(0.,0.));
#4593 = VECTOR('',#4594,1.);
#4594 = DIRECTION('',(1.,0.));
#4595 = ( GEOMETRIC_REPRESENTATION_CONTEXT(2) 
PARAMETRIC_REPRESENTATION_CONTEXT() REPRESENTATION_CONTEXT('2D SPACE',''
  ) );
#4596 = ADVANCED_FACE('',(#4597),#2196,.T.);
#4597 = FACE_BOUND('',#4598,.T.);
#4598 = EDGE_LOOP('',(#4599,#4600,#4601,#4602));
#4599 = ORIENTED_EDGE('',*,*,#4318,.F.);
#4600 = ORIENTED_EDGE('',*,*,#2639,.T.);
#4601 = ORIENTED_EDGE('',*,*,#4343,.T.);
#4602 = ORIENTED_EDGE('',*,*,#2181,.T.);
#4603 = ADVANCED_FACE('',(#4604,#4610),#2562,.F.);
#4604 = FACE_BOUND('',#4605,.F.);
#4605 = EDGE_LOOP('',(#4606,#4607,#4608,#4609));
#4606 = ORIENTED_EDGE('',*,*,#2546,.F.);
#4607 = ORIENTED_EDGE('',*,*,#2876,.T.);
#4608 = ORIENTED_EDGE('',*,*,#2823,.T.);
#4609 = ORIENTED_EDGE('',*,*,#2777,.F.);
#4610 = FACE_BOUND('',#4611,.F.);
#4611 = EDGE_LOOP('',(#4612,#4635,#4656,#4677));
#4612 = ORIENTED_EDGE('',*,*,#4613,.T.);
#4613 = EDGE_CURVE('',#4614,#4616,#4618,.T.);
#4614 = VERTEX_POINT('',#4615);
#4615 = CARTESIAN_POINT('',(-60.,-12.,17.));
#4616 = VERTEX_POINT('',#4617);
#4617 = CARTESIAN_POINT('',(-104.,-12.,17.));
#4618 = SURFACE_CURVE('',#4619,(#4623,#4629),.PCURVE_S1.);
#4619 = LINE('',#4620,#4621);
#4620 = CARTESIAN_POINT('',(-108.,-12.,17.));
#4621 = VECTOR('',#4622,1.);
#4622 = DIRECTION('',(-1.,0.,0.));
#4623 = PCURVE('',#2562,#4624);
#4624 = DEFINITIONAL_REPRESENTATION('',(#4625),#4628);
#4625 = B_SPLINE_CURVE_WITH_KNOTS('',1,(#4626,#4627),.UNSPECIFIED.,.F.,
  .F.,(2,2),(-48.,-4.),.PIECEWISE_BEZIER_KNOTS.);
#4626 = CARTESIAN_POINT('',(52.,10.));
#4627 = CARTESIAN_POINT('',(8.,10.));
#4628 = ( GEOMETRIC_REPRESENTATION_CONTEXT(2) 
PARAMETRIC_REPRESENTATION_CONTEXT() REPRESENTATION_CONTEXT('2D SPACE',''
  ) );
#4629 = PCURVE('',#4448,#4630);
#4630 = DEFINITIONAL_REPRESENTATION('',(#4631),#4634);
#4631 = B_SPLINE_CURVE_WITH_KNOTS('',1,(#4632,#4633),.UNSPECIFIED.,.F.,
  .F.,(2,2),(-48.,-4.),.PIECEWISE_BEZIER_KNOTS.);
#4632 = CARTESIAN_POINT('',(12.,44.));
#4633 = CARTESIAN_POINT('',(12.,0.));
#4634 = ( GEOMETRIC_REPRESENTATION_CONTEXT(2) 
PARAMETRIC_REPRESENTATION_CONTEXT() REPRESENTATION_CONTEXT('2D SPACE',''
  ) );
#4635 = ORIENTED_EDGE('',*,*,#4636,.T.);
#4636 = EDGE_CURVE('',#4616,#4637,#4639,.T.);
#4637 = VERTEX_POINT('',#4638);
#4638 = CARTESIAN_POINT('',(-104.,12.,17.));
#4639 = SURFACE_CURVE('',#4640,(#4644,#4650),.PCURVE_S1.);
#4640 = LINE('',#4641,#4642);
#4641 = CARTESIAN_POINT('',(-104.,-17.,17.));
#4642 = VECTOR('',#4643,1.);
#4643 = DIRECTION('',(0.,1.,0.));
#4644 = PCURVE('',#2562,#4645);
#4645 = DEFINITIONAL_REPRESENTATION('',(#4646),#4649);
#4646 = B_SPLINE_CURVE_WITH_KNOTS('',1,(#4647,#4648),.UNSPECIFIED.,.F.,
  .F.,(2,2),(5.,29.),.PIECEWISE_BEZIER_KNOTS.);
#4647 = CARTESIAN_POINT('',(8.,10.));
#4648 = CARTESIAN_POINT('',(8.,34.));
#4649 = ( GEOMETRIC_REPRESENTATION_CONTEXT(2) 
PARAMETRIC_REPRESENTATION_CONTEXT() REPRESENTATION_CONTEXT('2D SPACE',''
  ) );
#4650 = PCURVE('',#4474,#4651);
#4651 = DEFINITIONAL_REPRESENTATION('',(#4652),#4655);
#4652 = B_SPLINE_CURVE_WITH_KNOTS('',1,(#4653,#4654),.UNSPECIFIED.,.F.,
  .F.,(2,2),(5.,29.),.PIECEWISE_BEZIER_KNOTS.);
#4653 = CARTESIAN_POINT('',(12.,0.));
#4654 = CARTESIAN_POINT('',(12.,-24.));
#4655 = ( GEOMETRIC_REPRESENTATION_CONTEXT(2) 
PARAMETRIC_REPRESENTATION_CONTEXT() REPRESENTATION_CONTEXT('2D SPACE',''
  ) );
#4656 = ORIENTED_EDGE('',*,*,#4657,.F.);
#4657 = EDGE_CURVE('',#4658,#4637,#4660,.T.);
#4658 = VERTEX_POINT('',#4659);
#4659 = CARTESIAN_POINT('',(-60.,12.,17.));
#4660 = SURFACE_CURVE('',#4661,(#4665,#4671),.PCURVE_S1.);
#4661 = LINE('',#4662,#4663);
#4662 = CARTESIAN_POINT('',(-108.,12.,17.));
#4663 = VECTOR('',#4664,1.);
#4664 = DIRECTION('',(-1.,0.,0.));
#4665 = PCURVE('',#2562,#4666);
#4666 = DEFINITIONAL_REPRESENTATION('',(#4667),#4670);
#4667 = B_SPLINE_CURVE_WITH_KNOTS('',1,(#4668,#4669),.UNSPECIFIED.,.F.,
  .F.,(2,2),(-48.,-4.),.PIECEWISE_BEZIER_KNOTS.);
#4668 = CARTESIAN_POINT('',(52.,34.));
#4669 = CARTESIAN_POINT('',(8.,34.));
#4670 = ( GEOMETRIC_REPRESENTATION_CONTEXT(2) 
PARAMETRIC_REPRESENTATION_CONTEXT() REPRESENTATION_CONTEXT('2D SPACE',''
  ) );
#4671 = PCURVE('',#4500,#4672);
#4672 = DEFINITIONAL_REPRESENTATION('',(#4673),#4676);
#4673 = B_SPLINE_CURVE_WITH_KNOTS('',1,(#4674,#4675),.UNSPECIFIED.,.F.,
  .F.,(2,2),(-48.,-4.),.PIECEWISE_BEZIER_KNOTS.);
#4674 = CARTESIAN_POINT('',(12.,44.));
#4675 = CARTESIAN_POINT('',(12.,0.));
#4676 = ( GEOMETRIC_REPRESENTATION_CONTEXT(2) 
PARAMETRIC_REPRESENTATION_CONTEXT() REPRESENTATION_CONTEXT('2D SPACE',''
  ) );
#4677 = ORIENTED_EDGE('',*,*,#4678,.F.);
#4678 = EDGE_CURVE('',#4614,#4658,#4679,.T.);
#4679 = SURFACE_CURVE('',#4680,(#4684,#4690),.PCURVE_S1.);
#4680 = LINE('',#4681,#4682);
#4681 = CARTESIAN_POINT('',(-60.,-17.,17.));
#4682 = VECTOR('',#4683,1.);
#4683 = DIRECTION('',(0.,1.,0.));
#4684 = PCURVE('',#2562,#4685);
#4685 = DEFINITIONAL_REPRESENTATION('',(#4686),#4689);
#4686 = B_SPLINE_CURVE_WITH_KNOTS('',1,(#4687,#4688),.UNSPECIFIED.,.F.,
  .F.,(2,2),(5.,29.),.PIECEWISE_BEZIER_KNOTS.);
#4687 = CARTESIAN_POINT('',(52.,10.));
#4688 = CARTESIAN_POINT('',(52.,34.));
#4689 = ( GEOMETRIC_REPRESENTATION_CONTEXT(2) 
PARAMETRIC_REPRESENTATION_CONTEXT() REPRESENTATION_CONTEXT('2D SPACE',''
  ) );
#4690 = PCURVE('',#4524,#4691);
#4691 = DEFINITIONAL_REPRESENTATION('',(#4692),#4695);
#4692 = B_SPLINE_CURVE_WITH_KNOTS('',1,(#4693,#4694),.UNSPECIFIED.,.F.,
  .F.,(2,2),(5.,29.),.PIECEWISE_BEZIER_KNOTS.);
#4693 = CARTESIAN_POINT('',(12.,0.));
#4694 = CARTESIAN_POINT('',(12.,-24.));
#4695 = ( GEOMETRIC_REPRESENTATION_CONTEXT(2) 
PARAMETRIC_REPRESENTATION_CONTEXT() REPRESENTATION_CONTEXT('2D SPACE',''
  ) );
#4696 = ADVANCED_FACE('',(#4697),#3237,.F.);
#4697 = FACE_BOUND('',#4698,.T.);
#4698 = EDGE_LOOP('',(#4699,#4728,#4749,#4750));
#4699 = ORIENTED_EDGE('',*,*,#4700,.F.);
#4700 = EDGE_CURVE('',#4701,#4701,#4703,.T.);
#4701 = VERTEX_POINT('',#4702);
#4702 = CARTESIAN_POINT('',(-13.,48.25,15.));
#4703 = SURFACE_CURVE('',#4704,(#4709,#4716),.PCURVE_S1.);
#4704 = CIRCLE('',#4705,2.2);
#4705 = AXIS2_PLACEMENT_3D('',#4706,#4707,#4708);
#4706 = CARTESIAN_POINT('',(-13.,46.05,15.));
#4707 = DIRECTION('',(1.,0.,0.));
#4708 = DIRECTION('',(0.,1.,0.));
#4709 = PCURVE('',#3237,#4710);
#4710 = DEFINITIONAL_REPRESENTATION('',(#4711),#4715);
#4711 = LINE('',#4712,#4713);
#4712 = CARTESIAN_POINT('',(-0.,0.));
#4713 = VECTOR('',#4714,1.);
#4714 = DIRECTION('',(-1.,0.));
#4715 = ( GEOMETRIC_REPRESENTATION_CONTEXT(2) 
PARAMETRIC_REPRESENTATION_CONTEXT() REPRESENTATION_CONTEXT('2D SPACE',''
  ) );
#4716 = PCURVE('',#4717,#4722);
#4717 = PLANE('',#4718);
#4718 = AXIS2_PLACEMENT_3D('',#4719,#4720,#4721);
#4719 = CARTESIAN_POINT('',(-13.,46.05,15.));
#4720 = DIRECTION('',(1.,0.,0.));
#4721 = DIRECTION('',(-0.,0.,1.));
#4722 = DEFINITIONAL_REPRESENTATION('',(#4723),#4727);
#4723 = CIRCLE('',#4724,2.2);
#4724 = AXIS2_PLACEMENT_2D('',#4725,#4726);
#4725 = CARTESIAN_POINT('',(1.7763568394E-15,0.));
#4726 = DIRECTION('',(0.,-1.));
#4727 = ( GEOMETRIC_REPRESENTATION_CONTEXT(2) 
PARAMETRIC_REPRESENTATION_CONTEXT() REPRESENTATION_CONTEXT('2D SPACE',''
  ) );
#4728 = ORIENTED_EDGE('',*,*,#4729,.T.);
#4729 = EDGE_CURVE('',#4701,#3217,#4730,.T.);
#4730 = SEAM_CURVE('',#4731,(#4735,#4742),.PCURVE_S1.);
#4731 = LINE('',#4732,#4733);
#4732 = CARTESIAN_POINT('',(-13.,48.25,15.));
#4733 = VECTOR('',#4734,1.);
#4734 = DIRECTION('',(1.,0.,0.));
#4735 = PCURVE('',#3237,#4736);
#4736 = DEFINITIONAL_REPRESENTATION('',(#4737),#4741);
#4737 = LINE('',#4738,#4739);
#4738 = CARTESIAN_POINT('',(-6.28318530718,0.));
#4739 = VECTOR('',#4740,1.);
#4740 = DIRECTION('',(-0.,-1.));
#4741 = ( GEOMETRIC_REPRESENTATION_CONTEXT(2) 
PARAMETRIC_REPRESENTATION_CONTEXT() REPRESENTATION_CONTEXT('2D SPACE',''
  ) );
#4742 = PCURVE('',#3237,#4743);
#4743 = DEFINITIONAL_REPRESENTATION('',(#4744),#4748);
#4744 = LINE('',#4745,#4746);
#4745 = CARTESIAN_POINT('',(-0.,0.));
#4746 = VECTOR('',#4747,1.);
#4747 = DIRECTION('',(-0.,-1.));
#4748 = ( GEOMETRIC_REPRESENTATION_CONTEXT(2) 
PARAMETRIC_REPRESENTATION_CONTEXT() REPRESENTATION_CONTEXT('2D SPACE',''
  ) );
#4749 = ORIENTED_EDGE('',*,*,#3216,.F.);
#4750 = ORIENTED_EDGE('',*,*,#4729,.F.);
#4751 = ADVANCED_FACE('',(#4752),#4386,.F.);
#4752 = FACE_BOUND('',#4753,.F.);
#4753 = EDGE_LOOP('',(#4754,#4777,#4804,#4805));
#4754 = ORIENTED_EDGE('',*,*,#4755,.T.);
#4755 = EDGE_CURVE('',#4370,#4756,#4758,.T.);
#4756 = VERTEX_POINT('',#4757);
#4757 = CARTESIAN_POINT('',(-101.9,-16.,19.5));
#4758 = SEAM_CURVE('',#4759,(#4763,#4770),.PCURVE_S1.);
#4759 = LINE('',#4760,#4761);
#4760 = CARTESIAN_POINT('',(-101.9,-16.,25.));
#4761 = VECTOR('',#4762,1.);
#4762 = DIRECTION('',(-0.,-0.,-1.));
#4763 = PCURVE('',#4386,#4764);
#4764 = DEFINITIONAL_REPRESENTATION('',(#4765),#4769);
#4765 = LINE('',#4766,#4767);
#4766 = CARTESIAN_POINT('',(0.,0.));
#4767 = VECTOR('',#4768,1.);
#4768 = DIRECTION('',(0.,-1.));
#4769 = ( GEOMETRIC_REPRESENTATION_CONTEXT(2) 
PARAMETRIC_REPRESENTATION_CONTEXT() REPRESENTATION_CONTEXT('2D SPACE',''
  ) );
#4770 = PCURVE('',#4386,#4771);
#4771 = DEFINITIONAL_REPRESENTATION('',(#4772),#4776);
#4772 = LINE('',#4773,#4774);
#4773 = CARTESIAN_POINT('',(6.28318530718,0.));
#4774 = VECTOR('',#4775,1.);
#4775 = DIRECTION('',(0.,-1.));
#4776 = ( GEOMETRIC_REPRESENTATION_CONTEXT(2) 
PARAMETRIC_REPRESENTATION_CONTEXT() REPRESENTATION_CONTEXT('2D SPACE',''
  ) );
#4777 = ORIENTED_EDGE('',*,*,#4778,.T.);
#4778 = EDGE_CURVE('',#4756,#4756,#4779,.T.);
#4779 = SURFACE_CURVE('',#4780,(#4785,#4792),.PCURVE_S1.);
#4780 = CIRCLE('',#4781,2.1);
#4781 = AXIS2_PLACEMENT_3D('',#4782,#4783,#4784);
#4782 = CARTESIAN_POINT('',(-104.,-16.,19.5));
#4783 = DIRECTION('',(0.,0.,1.));
#4784 = DIRECTION('',(1.,0.,0.));
#4785 = PCURVE('',#4386,#4786);
#4786 = DEFINITIONAL_REPRESENTATION('',(#4787),#4791);
#4787 = LINE('',#4788,#4789);
#4788 = CARTESIAN_POINT('',(0.,-5.5));
#4789 = VECTOR('',#4790,1.);
#4790 = DIRECTION('',(1.,0.));
#4791 = ( GEOMETRIC_REPRESENTATION_CONTEXT(2) 
PARAMETRIC_REPRESENTATION_CONTEXT() REPRESENTATION_CONTEXT('2D SPACE',''
  ) );
#4792 = PCURVE('',#4793,#4798);
#4793 = PLANE('',#4794);
#4794 = AXIS2_PLACEMENT_3D('',#4795,#4796,#4797);
#4795 = CARTESIAN_POINT('',(-104.,-16.,19.5));
#4796 = DIRECTION('',(0.,0.,1.));
#4797 = DIRECTION('',(1.,0.,-0.));
#4798 = DEFINITIONAL_REPRESENTATION('',(#4799),#4803);
#4799 = CIRCLE('',#4800,2.1);
#4800 = AXIS2_PLACEMENT_2D('',#4801,#4802);
#4801 = CARTESIAN_POINT('',(1.42108547152E-14,0.));
#4802 = DIRECTION('',(1.,0.));
#4803 = ( GEOMETRIC_REPRESENTATION_CONTEXT(2) 
PARAMETRIC_REPRESENTATION_CONTEXT() REPRESENTATION_CONTEXT('2D SPACE',''
  ) );
#4804 = ORIENTED_EDGE('',*,*,#4755,.F.);
#4805 = ORIENTED_EDGE('',*,*,#4369,.F.);
#4806 = ADVANCED_FACE('',(#4807),#4417,.F.);
#4807 = FACE_BOUND('',#4808,.F.);
#4808 = EDGE_LOOP('',(#4809,#4832,#4859,#4860));
#4809 = ORIENTED_EDGE('',*,*,#4810,.T.);
#4810 = EDGE_CURVE('',#4401,#4811,#4813,.T.);
#4811 = VERTEX_POINT('',#4812);
#4812 = CARTESIAN_POINT('',(-57.9,-16.,19.5));
#4813 = SEAM_CURVE('',#4814,(#4818,#4825),.PCURVE_S1.);
#4814 = LINE('',#4815,#4816);
#4815 = CARTESIAN_POINT('',(-57.9,-16.,25.));
#4816 = VECTOR('',#4817,1.);
#4817 = DIRECTION('',(-0.,-0.,-1.));
#4818 = PCURVE('',#4417,#4819);
#4819 = DEFINITIONAL_REPRESENTATION('',(#4820),#4824);
#4820 = LINE('',#4821,#4822);
#4821 = CARTESIAN_POINT('',(0.,0.));
#4822 = VECTOR('',#4823,1.);
#4823 = DIRECTION('',(0.,-1.));
#4824 = ( GEOMETRIC_REPRESENTATION_CONTEXT(2) 
PARAMETRIC_REPRESENTATION_CONTEXT() REPRESENTATION_CONTEXT('2D SPACE',''
  ) );
#4825 = PCURVE('',#4417,#4826);
#4826 = DEFINITIONAL_REPRESENTATION('',(#4827),#4831);
#4827 = LINE('',#4828,#4829);
#4828 = CARTESIAN_POINT('',(6.28318530718,0.));
#4829 = VECTOR('',#4830,1.);
#4830 = DIRECTION('',(0.,-1.));
#4831 = ( GEOMETRIC_REPRESENTATION_CONTEXT(2) 
PARAMETRIC_REPRESENTATION_CONTEXT() REPRESENTATION_CONTEXT('2D SPACE',''
  ) );
#4832 = ORIENTED_EDGE('',*,*,#4833,.T.);
#4833 = EDGE_CURVE('',#4811,#4811,#4834,.T.);
#4834 = SURFACE_CURVE('',#4835,(#4840,#4847),.PCURVE_S1.);
#4835 = CIRCLE('',#4836,2.1);
#4836 = AXIS2_PLACEMENT_3D('',#4837,#4838,#4839);
#4837 = CARTESIAN_POINT('',(-60.,-16.,19.5));
#4838 = DIRECTION('',(0.,0.,1.));
#4839 = DIRECTION('',(1.,0.,0.));
#4840 = PCURVE('',#4417,#4841);
#4841 = DEFINITIONAL_REPRESENTATION('',(#4842),#4846);
#4842 = LINE('',#4843,#4844);
#4843 = CARTESIAN_POINT('',(0.,-5.5));
#4844 = VECTOR('',#4845,1.);
#4845 = DIRECTION('',(1.,0.));
#4846 = ( GEOMETRIC_REPRESENTATION_CONTEXT(2) 
PARAMETRIC_REPRESENTATION_CONTEXT() REPRESENTATION_CONTEXT('2D SPACE',''
  ) );
#4847 = PCURVE('',#4848,#4853);
#4848 = PLANE('',#4849);
#4849 = AXIS2_PLACEMENT_3D('',#4850,#4851,#4852);
#4850 = CARTESIAN_POINT('',(-60.,-16.,19.5));
#4851 = DIRECTION('',(0.,0.,1.));
#4852 = DIRECTION('',(1.,0.,-0.));
#4853 = DEFINITIONAL_REPRESENTATION('',(#4854),#4858);
#4854 = CIRCLE('',#4855,2.1);
#4855 = AXIS2_PLACEMENT_2D('',#4856,#4857);
#4856 = CARTESIAN_POINT('',(7.105427357601E-15,0.));
#4857 = DIRECTION('',(1.,0.));
#4858 = ( GEOMETRIC_REPRESENTATION_CONTEXT(2) 
PARAMETRIC_REPRESENTATION_CONTEXT() REPRESENTATION_CONTEXT('2D SPACE',''
  ) );
#4859 = ORIENTED_EDGE('',*,*,#4810,.F.);
#4860 = ORIENTED_EDGE('',*,*,#4400,.F.);
#4861 = ADVANCED_FACE('',(#4862),#4448,.T.);
#4862 = FACE_BOUND('',#4863,.T.);
#4863 = EDGE_LOOP('',(#4864,#4885,#4886,#4907));
#4864 = ORIENTED_EDGE('',*,*,#4865,.F.);
#4865 = EDGE_CURVE('',#4614,#4432,#4866,.T.);
#4866 = SURFACE_CURVE('',#4867,(#4871,#4878),.PCURVE_S1.);
#4867 = LINE('',#4868,#4869);
#4868 = CARTESIAN_POINT('',(-60.,-12.,5.));
#4869 = VECTOR('',#4870,1.);
#4870 = DIRECTION('',(0.,0.,1.));
#4871 = PCURVE('',#4448,#4872);
#4872 = DEFINITIONAL_REPRESENTATION('',(#4873),#4877);
#4873 = LINE('',#4874,#4875);
#4874 = CARTESIAN_POINT('',(0.,44.));
#4875 = VECTOR('',#4876,1.);
#4876 = DIRECTION('',(1.,0.));
#4877 = ( GEOMETRIC_REPRESENTATION_CONTEXT(2) 
PARAMETRIC_REPRESENTATION_CONTEXT() REPRESENTATION_CONTEXT('2D SPACE',''
  ) );
#4878 = PCURVE('',#4524,#4879);
#4879 = DEFINITIONAL_REPRESENTATION('',(#4880),#4884);
#4880 = LINE('',#4881,#4882);
#4881 = CARTESIAN_POINT('',(0.,0.));
#4882 = VECTOR('',#4883,1.);
#4883 = DIRECTION('',(1.,0.));
#4884 = ( GEOMETRIC_REPRESENTATION_CONTEXT(2) 
PARAMETRIC_REPRESENTATION_CONTEXT() REPRESENTATION_CONTEXT('2D SPACE',''
  ) );
#4885 = ORIENTED_EDGE('',*,*,#4613,.T.);
#4886 = ORIENTED_EDGE('',*,*,#4887,.T.);
#4887 = EDGE_CURVE('',#4616,#4434,#4888,.T.);
#4888 = SURFACE_CURVE('',#4889,(#4893,#4900),.PCURVE_S1.);
#4889 = LINE('',#4890,#4891);
#4890 = CARTESIAN_POINT('',(-104.,-12.,5.));
#4891 = VECTOR('',#4892,1.);
#4892 = DIRECTION('',(0.,0.,1.));
#4893 = PCURVE('',#4448,#4894);
#4894 = DEFINITIONAL_REPRESENTATION('',(#4895),#4899);
#4895 = LINE('',#4896,#4897);
#4896 = CARTESIAN_POINT('',(0.,0.));
#4897 = VECTOR('',#4898,1.);
#4898 = DIRECTION('',(1.,0.));
#4899 = ( GEOMETRIC_REPRESENTATION_CONTEXT(2) 
PARAMETRIC_REPRESENTATION_CONTEXT() REPRESENTATION_CONTEXT('2D SPACE',''
  ) );
#4900 = PCURVE('',#4474,#4901);
#4901 = DEFINITIONAL_REPRESENTATION('',(#4902),#4906);
#4902 = LINE('',#4903,#4904);
#4903 = CARTESIAN_POINT('',(0.,0.));
#4904 = VECTOR('',#4905,1.);
#4905 = DIRECTION('',(1.,0.));
#4906 = ( GEOMETRIC_REPRESENTATION_CONTEXT(2) 
PARAMETRIC_REPRESENTATION_CONTEXT() REPRESENTATION_CONTEXT('2D SPACE',''
  ) );
#4907 = ORIENTED_EDGE('',*,*,#4431,.F.);
#4908 = ADVANCED_FACE('',(#4909),#4524,.F.);
#4909 = FACE_BOUND('',#4910,.F.);
#4910 = EDGE_LOOP('',(#4911,#4912,#4913,#4934));
#4911 = ORIENTED_EDGE('',*,*,#4865,.F.);
#4912 = ORIENTED_EDGE('',*,*,#4678,.T.);
#4913 = ORIENTED_EDGE('',*,*,#4914,.T.);
#4914 = EDGE_CURVE('',#4658,#4486,#4915,.T.);
#4915 = SURFACE_CURVE('',#4916,(#4920,#4927),.PCURVE_S1.);
#4916 = LINE('',#4917,#4918);
#4917 = CARTESIAN_POINT('',(-60.,12.,5.));
#4918 = VECTOR('',#4919,1.);
#4919 = DIRECTION('',(0.,0.,1.));
#4920 = PCURVE('',#4524,#4921);
#4921 = DEFINITIONAL_REPRESENTATION('',(#4922),#4926);
#4922 = LINE('',#4923,#4924);
#4923 = CARTESIAN_POINT('',(0.,-24.));
#4924 = VECTOR('',#4925,1.);
#4925 = DIRECTION('',(1.,0.));
#4926 = ( GEOMETRIC_REPRESENTATION_CONTEXT(2) 
PARAMETRIC_REPRESENTATION_CONTEXT() REPRESENTATION_CONTEXT('2D SPACE',''
  ) );
#4927 = PCURVE('',#4500,#4928);
#4928 = DEFINITIONAL_REPRESENTATION('',(#4929),#4933);
#4929 = LINE('',#4930,#4931);
#4930 = CARTESIAN_POINT('',(0.,44.));
#4931 = VECTOR('',#4932,1.);
#4932 = DIRECTION('',(1.,0.));
#4933 = ( GEOMETRIC_REPRESENTATION_CONTEXT(2) 
PARAMETRIC_REPRESENTATION_CONTEXT() REPRESENTATION_CONTEXT('2D SPACE',''
  ) );
#4934 = ORIENTED_EDGE('',*,*,#4511,.F.);
#4935 = ADVANCED_FACE('',(#4936),#4474,.T.);
#4936 = FACE_BOUND('',#4937,.T.);
#4937 = EDGE_LOOP('',(#4938,#4939,#4940,#4961));
#4938 = ORIENTED_EDGE('',*,*,#4887,.F.);
#4939 = ORIENTED_EDGE('',*,*,#4636,.T.);
#4940 = ORIENTED_EDGE('',*,*,#4941,.T.);
#4941 = EDGE_CURVE('',#4637,#4460,#4942,.T.);
#4942 = SURFACE_CURVE('',#4943,(#4947,#4954),.PCURVE_S1.);
#4943 = LINE('',#4944,#4945);
#4944 = CARTESIAN_POINT('',(-104.,12.,5.));
#4945 = VECTOR('',#4946,1.);
#4946 = DIRECTION('',(0.,0.,1.));
#4947 = PCURVE('',#4474,#4948);
#4948 = DEFINITIONAL_REPRESENTATION('',(#4949),#4953);
#4949 = LINE('',#4950,#4951);
#4950 = CARTESIAN_POINT('',(0.,-24.));
#4951 = VECTOR('',#4952,1.);
#4952 = DIRECTION('',(1.,0.));
#4953 = ( GEOMETRIC_REPRESENTATION_CONTEXT(2) 
PARAMETRIC_REPRESENTATION_CONTEXT() REPRESENTATION_CONTEXT('2D SPACE',''
  ) );
#4954 = PCURVE('',#4500,#4955);
#4955 = DEFINITIONAL_REPRESENTATION('',(#4956),#4960);
#4956 = LINE('',#4957,#4958);
#4957 = CARTESIAN_POINT('',(0.,0.));
#4958 = VECTOR('',#4959,1.);
#4959 = DIRECTION('',(1.,0.));
#4960 = ( GEOMETRIC_REPRESENTATION_CONTEXT(2) 
PARAMETRIC_REPRESENTATION_CONTEXT() REPRESENTATION_CONTEXT('2D SPACE',''
  ) );
#4961 = ORIENTED_EDGE('',*,*,#4459,.F.);
#4962 = ADVANCED_FACE('',(#4963),#4500,.F.);
#4963 = FACE_BOUND('',#4964,.F.);
#4964 = EDGE_LOOP('',(#4965,#4966,#4967,#4968));
#4965 = ORIENTED_EDGE('',*,*,#4914,.F.);
#4966 = ORIENTED_EDGE('',*,*,#4657,.T.);
#4967 = ORIENTED_EDGE('',*,*,#4941,.T.);
#4968 = ORIENTED_EDGE('',*,*,#4485,.F.);
#4969 = ADVANCED_FACE('',(#4970),#4554,.F.);
#4970 = FACE_BOUND('',#4971,.F.);
#4971 = EDGE_LOOP('',(#4972,#4995,#5022,#5023));
#4972 = ORIENTED_EDGE('',*,*,#4973,.T.);
#4973 = EDGE_CURVE('',#4538,#4974,#4976,.T.);
#4974 = VERTEX_POINT('',#4975);
#4975 = CARTESIAN_POINT('',(-101.9,16.,19.5));
#4976 = SEAM_CURVE('',#4977,(#4981,#4988),.PCURVE_S1.);
#4977 = LINE('',#4978,#4979);
#4978 = CARTESIAN_POINT('',(-101.9,16.,25.));
#4979 = VECTOR('',#4980,1.);
#4980 = DIRECTION('',(-0.,-0.,-1.));
#4981 = PCURVE('',#4554,#4982);
#4982 = DEFINITIONAL_REPRESENTATION('',(#4983),#4987);
#4983 = LINE('',#4984,#4985);
#4984 = CARTESIAN_POINT('',(0.,0.));
#4985 = VECTOR('',#4986,1.);
#4986 = DIRECTION('',(0.,-1.));
#4987 = ( GEOMETRIC_REPRESENTATION_CONTEXT(2) 
PARAMETRIC_REPRESENTATION_CONTEXT() REPRESENTATION_CONTEXT('2D SPACE',''
  ) );
#4988 = PCURVE('',#4554,#4989);
#4989 = DEFINITIONAL_REPRESENTATION('',(#4990),#4994);
#4990 = LINE('',#4991,#4992);
#4991 = CARTESIAN_POINT('',(6.28318530718,0.));
#4992 = VECTOR('',#4993,1.);
#4993 = DIRECTION('',(0.,-1.));
#4994 = ( GEOMETRIC_REPRESENTATION_CONTEXT(2) 
PARAMETRIC_REPRESENTATION_CONTEXT() REPRESENTATION_CONTEXT('2D SPACE',''
  ) );
#4995 = ORIENTED_EDGE('',*,*,#4996,.T.);
#4996 = EDGE_CURVE('',#4974,#4974,#4997,.T.);
#4997 = SURFACE_CURVE('',#4998,(#5003,#5010),.PCURVE_S1.);
#4998 = CIRCLE('',#4999,2.1);
#4999 = AXIS2_PLACEMENT_3D('',#5000,#5001,#5002);
#5000 = CARTESIAN_POINT('',(-104.,16.,19.5));
#5001 = DIRECTION('',(0.,0.,1.));
#5002 = DIRECTION('',(1.,0.,0.));
#5003 = PCURVE('',#4554,#5004);
#5004 = DEFINITIONAL_REPRESENTATION('',(#5005),#5009);
#5005 = LINE('',#5006,#5007);
#5006 = CARTESIAN_POINT('',(0.,-5.5));
#5007 = VECTOR('',#5008,1.);
#5008 = DIRECTION('',(1.,0.));
#5009 = ( GEOMETRIC_REPRESENTATION_CONTEXT(2) 
PARAMETRIC_REPRESENTATION_CONTEXT() REPRESENTATION_CONTEXT('2D SPACE',''
  ) );
#5010 = PCURVE('',#5011,#5016);
#5011 = PLANE('',#5012);
#5012 = AXIS2_PLACEMENT_3D('',#5013,#5014,#5015);
#5013 = CARTESIAN_POINT('',(-104.,16.,19.5));
#5014 = DIRECTION('',(0.,0.,1.));
#5015 = DIRECTION('',(1.,0.,-0.));
#5016 = DEFINITIONAL_REPRESENTATION('',(#5017),#5021);
#5017 = CIRCLE('',#5018,2.1);
#5018 = AXIS2_PLACEMENT_2D('',#5019,#5020);
#5019 = CARTESIAN_POINT('',(0.,0.));
#5020 = DIRECTION('',(1.,0.));
#5021 = ( GEOMETRIC_REPRESENTATION_CONTEXT(2) 
PARAMETRIC_REPRESENTATION_CONTEXT() REPRESENTATION_CONTEXT('2D SPACE',''
  ) );
#5022 = ORIENTED_EDGE('',*,*,#4973,.F.);
#5023 = ORIENTED_EDGE('',*,*,#4537,.F.);
#5024 = ADVANCED_FACE('',(#5025),#4585,.F.);
#5025 = FACE_BOUND('',#5026,.F.);
#5026 = EDGE_LOOP('',(#5027,#5050,#5077,#5078));
#5027 = ORIENTED_EDGE('',*,*,#5028,.T.);
#5028 = EDGE_CURVE('',#4569,#5029,#5031,.T.);
#5029 = VERTEX_POINT('',#5030);
#5030 = CARTESIAN_POINT('',(-57.9,16.,19.5));
#5031 = SEAM_CURVE('',#5032,(#5036,#5043),.PCURVE_S1.);
#5032 = LINE('',#5033,#5034);
#5033 = CARTESIAN_POINT('',(-57.9,16.,25.));
#5034 = VECTOR('',#5035,1.);
#5035 = DIRECTION('',(-0.,-0.,-1.));
#5036 = PCURVE('',#4585,#5037);
#5037 = DEFINITIONAL_REPRESENTATION('',(#5038),#5042);
#5038 = LINE('',#5039,#5040);
#5039 = CARTESIAN_POINT('',(0.,0.));
#5040 = VECTOR('',#5041,1.);
#5041 = DIRECTION('',(0.,-1.));
#5042 = ( GEOMETRIC_REPRESENTATION_CONTEXT(2) 
PARAMETRIC_REPRESENTATION_CONTEXT() REPRESENTATION_CONTEXT('2D SPACE',''
  ) );
#5043 = PCURVE('',#4585,#5044);
#5044 = DEFINITIONAL_REPRESENTATION('',(#5045),#5049);
#5045 = LINE('',#5046,#5047);
#5046 = CARTESIAN_POINT('',(6.28318530718,0.));
#5047 = VECTOR('',#5048,1.);
#5048 = DIRECTION('',(0.,-1.));
#5049 = ( GEOMETRIC_REPRESENTATION_CONTEXT(2) 
PARAMETRIC_REPRESENTATION_CONTEXT() REPRESENTATION_CONTEXT('2D SPACE',''
  ) );
#5050 = ORIENTED_EDGE('',*,*,#5051,.T.);
#5051 = EDGE_CURVE('',#5029,#5029,#5052,.T.);
#5052 = SURFACE_CURVE('',#5053,(#5058,#5065),.PCURVE_S1.);
#5053 = CIRCLE('',#5054,2.1);
#5054 = AXIS2_PLACEMENT_3D('',#5055,#5056,#5057);
#5055 = CARTESIAN_POINT('',(-60.,16.,19.5));
#5056 = DIRECTION('',(0.,0.,1.));
#5057 = DIRECTION('',(1.,0.,0.));
#5058 = PCURVE('',#4585,#5059);
#5059 = DEFINITIONAL_REPRESENTATION('',(#5060),#5064);
#5060 = LINE('',#5061,#5062);
#5061 = CARTESIAN_POINT('',(0.,-5.5));
#5062 = VECTOR('',#5063,1.);
#5063 = DIRECTION('',(1.,0.));
#5064 = ( GEOMETRIC_REPRESENTATION_CONTEXT(2) 
PARAMETRIC_REPRESENTATION_CONTEXT() REPRESENTATION_CONTEXT('2D SPACE',''
  ) );
#5065 = PCURVE('',#5066,#5071);
#5066 = PLANE('',#5067);
#5067 = AXIS2_PLACEMENT_3D('',#5068,#5069,#5070);
#5068 = CARTESIAN_POINT('',(-60.,16.,19.5));
#5069 = DIRECTION('',(0.,0.,1.));
#5070 = DIRECTION('',(1.,0.,-0.));
#5071 = DEFINITIONAL_REPRESENTATION('',(#5072),#5076);
#5072 = CIRCLE('',#5073,2.1);
#5073 = AXIS2_PLACEMENT_2D('',#5074,#5075);
#5074 = CARTESIAN_POINT('',(-1.42108547152E-14,0.));
#5075 = DIRECTION('',(1.,0.));
#5076 = ( GEOMETRIC_REPRESENTATION_CONTEXT(2) 
PARAMETRIC_REPRESENTATION_CONTEXT() REPRESENTATION_CONTEXT('2D SPACE',''
  ) );
#5077 = ORIENTED_EDGE('',*,*,#5028,.F.);
#5078 = ORIENTED_EDGE('',*,*,#4568,.F.);
#5079 = ADVANCED_FACE('',(#5080),#4717,.T.);
#5080 = FACE_BOUND('',#5081,.T.);
#5081 = EDGE_LOOP('',(#5082));
#5082 = ORIENTED_EDGE('',*,*,#4700,.T.);
#5083 = ADVANCED_FACE('',(#5084),#4793,.T.);
#5084 = FACE_BOUND('',#5085,.T.);
#5085 = EDGE_LOOP('',(#5086));
#5086 = ORIENTED_EDGE('',*,*,#4778,.T.);
#5087 = ADVANCED_FACE('',(#5088),#4848,.T.);
#5088 = FACE_BOUND('',#5089,.T.);
#5089 = EDGE_LOOP('',(#5090));
#5090 = ORIENTED_EDGE('',*,*,#4833,.T.);
#5091 = ADVANCED_FACE('',(#5092),#5011,.T.);
#5092 = FACE_BOUND('',#5093,.T.);
#5093 = EDGE_LOOP('',(#5094));
#5094 = ORIENTED_EDGE('',*,*,#4996,.T.);
#5095 = ADVANCED_FACE('',(#5096),#5066,.T.);
#5096 = FACE_BOUND('',#5097,.T.);
#5097 = EDGE_LOOP('',(#5098));
#5098 = ORIENTED_EDGE('',*,*,#5051,.T.);
#5099 = ( GEOMETRIC_REPRESENTATION_CONTEXT(3) 
GLOBAL_UNCERTAINTY_ASSIGNED_CONTEXT((#5103)) 
GLOBAL_UNIT_ASSIGNED_CONTEXT((#5100,#5101,#5102)) REPRESENTATION_CONTEXT
('Context #1','3D Context with UNIT and UNCERTAINTY') );
#5100 = ( LENGTH_UNIT() NAMED_UNIT(*) SI_UNIT(.MILLI.,.METRE.) );
#5101 = ( NAMED_UNIT(*) PLANE_ANGLE_UNIT() SI_UNIT($,.RADIAN.) );
#5102 = ( NAMED_UNIT(*) SI_UNIT($,.STERADIAN.) SOLID_ANGLE_UNIT() );
#5103 = UNCERTAINTY_MEASURE_WITH_UNIT(LENGTH_MEASURE(1.E-07),#5100,
  'distance_accuracy_value','confusion accuracy');
#5104 = CONTEXT_DEPENDENT_SHAPE_REPRESENTATION(#5105,#5107);
#5105 = ( REPRESENTATION_RELATIONSHIP('','',#52,#10) 
REPRESENTATION_RELATIONSHIP_WITH_TRANSFORMATION(#5106) 
SHAPE_REPRESENTATION_RELATIONSHIP() );
#5106 = ITEM_DEFINED_TRANSFORMATION('','',#11,#15);
#5107 = PRODUCT_DEFINITION_SHAPE('Placement','Placement of an item',
  #5108);
#5108 = NEXT_ASSEMBLY_USAGE_OCCURRENCE('1','clamp','',#5,#47,$);
#5109 = PRODUCT_RELATED_PRODUCT_CATEGORY('part',$,(#49));
#5110 = SHAPE_DEFINITION_REPRESENTATION(#5111,#5117);
#5111 = PRODUCT_DEFINITION_SHAPE('','',#5112);
#5112 = PRODUCT_DEFINITION('design','',#5113,#5116);
#5113 = PRODUCT_DEFINITION_FORMATION('','',#5114);
#5114 = PRODUCT('servo_plate','servo_plate','',(#5115));
#5115 = PRODUCT_CONTEXT('',#2,'mechanical');
#5116 = PRODUCT_DEFINITION_CONTEXT('part definition',#2,'design');
#5117 = ADVANCED_BREP_SHAPE_REPRESENTATION('',(#11,#5118),#8100);
#5118 = MANIFOLD_SOLID_BREP('',#5119);
#5119 = CLOSED_SHELL('',(#5120,#5240,#6290,#6340,#6394,#7229,#7256,#7283
    ,#7310,#7337,#7344,#7391,#7418,#7445,#7452,#7479,#7526,#7553,#7580,
    #7587,#7614,#7641,#7688,#7715,#7742,#7749,#7776,#7823,#7850,#7877,
    #7884,#7931,#7958,#7985,#8012,#8039,#8066,#8093));
#5120 = ADVANCED_FACE('',(#5121),#5135,.F.);
#5121 = FACE_BOUND('',#5122,.F.);
#5122 = EDGE_LOOP('',(#5123,#5158,#5186,#5214));
#5123 = ORIENTED_EDGE('',*,*,#5124,.F.);
#5124 = EDGE_CURVE('',#5125,#5127,#5129,.T.);
#5125 = VERTEX_POINT('',#5126);
#5126 = CARTESIAN_POINT('',(-110.,-21.,29.));
#5127 = VERTEX_POINT('',#5128);
#5128 = CARTESIAN_POINT('',(-110.,21.,29.));
#5129 = SURFACE_CURVE('',#5130,(#5134,#5146),.PCURVE_S1.);
#5130 = LINE('',#5131,#5132);
#5131 = CARTESIAN_POINT('',(-110.,-22.,29.));
#5132 = VECTOR('',#5133,1.);
#5133 = DIRECTION('',(0.,1.,0.));
#5134 = PCURVE('',#5135,#5140);
#5135 = PLANE('',#5136);
#5136 = AXIS2_PLACEMENT_3D('',#5137,#5138,#5139);
#5137 = CARTESIAN_POINT('',(-110.,-22.,25.));
#5138 = DIRECTION('',(1.,0.,0.));
#5139 = DIRECTION('',(0.,0.,1.));
#5140 = DEFINITIONAL_REPRESENTATION('',(#5141),#5145);
#5141 = LINE('',#5142,#5143);
#5142 = CARTESIAN_POINT('',(4.,0.));
#5143 = VECTOR('',#5144,1.);
#5144 = DIRECTION('',(0.,-1.));
#5145 = ( GEOMETRIC_REPRESENTATION_CONTEXT(2) 
PARAMETRIC_REPRESENTATION_CONTEXT() REPRESENTATION_CONTEXT('2D SPACE',''
  ) );
#5146 = PCURVE('',#5147,#5152);
#5147 = PLANE('',#5148);
#5148 = AXIS2_PLACEMENT_3D('',#5149,#5150,#5151);
#5149 = CARTESIAN_POINT('',(-110.,-22.,29.));
#5150 = DIRECTION('',(0.,0.,1.));
#5151 = DIRECTION('',(1.,0.,0.));
#5152 = DEFINITIONAL_REPRESENTATION('',(#5153),#5157);
#5153 = LINE('',#5154,#5155);
#5154 = CARTESIAN_POINT('',(0.,0.));
#5155 = VECTOR('',#5156,1.);
#5156 = DIRECTION('',(0.,1.));
#5157 = ( GEOMETRIC_REPRESENTATION_CONTEXT(2) 
PARAMETRIC_REPRESENTATION_CONTEXT() REPRESENTATION_CONTEXT('2D SPACE',''
  ) );
#5158 = ORIENTED_EDGE('',*,*,#5159,.F.);
#5159 = EDGE_CURVE('',#5160,#5125,#5162,.T.);
#5160 = VERTEX_POINT('',#5161);
#5161 = CARTESIAN_POINT('',(-110.,-21.,25.));
#5162 = SURFACE_CURVE('',#5163,(#5167,#5174),.PCURVE_S1.);
#5163 = LINE('',#5164,#5165);
#5164 = CARTESIAN_POINT('',(-110.,-21.,25.));
#5165 = VECTOR('',#5166,1.);
#5166 = DIRECTION('',(0.,0.,1.));
#5167 = PCURVE('',#5135,#5168);
#5168 = DEFINITIONAL_REPRESENTATION('',(#5169),#5173);
#5169 = LINE('',#5170,#5171);
#5170 = CARTESIAN_POINT('',(0.,-1.));
#5171 = VECTOR('',#5172,1.);
#5172 = DIRECTION('',(1.,0.));
#5173 = ( GEOMETRIC_REPRESENTATION_CONTEXT(2) 
PARAMETRIC_REPRESENTATION_CONTEXT() REPRESENTATION_CONTEXT('2D SPACE',''
  ) );
#5174 = PCURVE('',#5175,#5180);
#5175 = CYLINDRICAL_SURFACE('',#5176,1.);
#5176 = AXIS2_PLACEMENT_3D('',#5177,#5178,#5179);
#5177 = CARTESIAN_POINT('',(-109.,-21.,25.));
#5178 = DIRECTION('',(0.,0.,1.));
#5179 = DIRECTION('',(-1.,-0.,0.));
#5180 = DEFINITIONAL_REPRESENTATION('',(#5181),#5185);
#5181 = LINE('',#5182,#5183);
#5182 = CARTESIAN_POINT('',(0.,0.));
#5183 = VECTOR('',#5184,1.);
#5184 = DIRECTION('',(0.,1.));
#5185 = ( GEOMETRIC_REPRESENTATION_CONTEXT(2) 
PARAMETRIC_REPRESENTATION_CONTEXT() REPRESENTATION_CONTEXT('2D SPACE',''
  ) );
#5186 = ORIENTED_EDGE('',*,*,#5187,.T.);
#5187 = EDGE_CURVE('',#5160,#5188,#5190,.T.);
#5188 = VERTEX_POINT('',#5189);
#5189 = CARTESIAN_POINT('',(-110.,21.,25.));
#5190 = SURFACE_CURVE('',#5191,(#5195,#5202),.PCURVE_S1.);
#5191 = LINE('',#5192,#5193);
#5192 = CARTESIAN_POINT('',(-110.,-22.,25.));
#5193 = VECTOR('',#5194,1.);
#5194 = DIRECTION('',(0.,1.,0.));
#5195 = PCURVE('',#5135,#5196);
#5196 = DEFINITIONAL_REPRESENTATION('',(#5197),#5201);
#5197 = LINE('',#5198,#5199);
#5198 = CARTESIAN_POINT('',(0.,0.));
#5199 = VECTOR('',#5200,1.);
#5200 = DIRECTION('',(0.,-1.));
#5201 = ( GEOMETRIC_REPRESENTATION_CONTEXT(2) 
PARAMETRIC_REPRESENTATION_CONTEXT() REPRESENTATION_CONTEXT('2D SPACE',''
  ) );
#5202 = PCURVE('',#5203,#5208);
#5203 = PLANE('',#5204);
#5204 = AXIS2_PLACEMENT_3D('',#5205,#5206,#5207);
#5205 = CARTESIAN_POINT('',(-110.,-22.,25.));
#5206 = DIRECTION('',(0.,0.,1.));
#5207 = DIRECTION('',(1.,0.,0.));
#5208 = DEFINITIONAL_REPRESENTATION('',(#5209),#5213);
#5209 = LINE('',#5210,#5211);
#5210 = CARTESIAN_POINT('',(0.,0.));
#5211 = VECTOR('',#5212,1.);
#5212 = DIRECTION('',(0.,1.));
#5213 = ( GEOMETRIC_REPRESENTATION_CONTEXT(2) 
PARAMETRIC_REPRESENTATION_CONTEXT() REPRESENTATION_CONTEXT('2D SPACE',''
  ) );
#5214 = ORIENTED_EDGE('',*,*,#5215,.T.);
#5215 = EDGE_CURVE('',#5188,#5127,#5216,.T.);
#5216 = SURFACE_CURVE('',#5217,(#5221,#5228),.PCURVE_S1.);
#5217 = LINE('',#5218,#5219);
#5218 = CARTESIAN_POINT('',(-110.,21.,25.));
#5219 = VECTOR('',#5220,1.);
#5220 = DIRECTION('',(0.,0.,1.));
#5221 = PCURVE('',#5135,#5222);
#5222 = DEFINITIONAL_REPRESENTATION('',(#5223),#5227);
#5223 = LINE('',#5224,#5225);
#5224 = CARTESIAN_POINT('',(0.,-43.));
#5225 = VECTOR('',#5226,1.);
#5226 = DIRECTION('',(1.,0.));
#5227 = ( GEOMETRIC_REPRESENTATION_CONTEXT(2) 
PARAMETRIC_REPRESENTATION_CONTEXT() REPRESENTATION_CONTEXT('2D SPACE',''
  ) );
#5228 = PCURVE('',#5229,#5234);
#5229 = CYLINDRICAL_SURFACE('',#5230,1.);
#5230 = AXIS2_PLACEMENT_3D('',#5231,#5232,#5233);
#5231 = CARTESIAN_POINT('',(-109.,21.,25.));
#5232 = DIRECTION('',(0.,0.,1.));
#5233 = DIRECTION('',(-1.,-0.,0.));
#5234 = DEFINITIONAL_REPRESENTATION('',(#5235),#5239);
#5235 = LINE('',#5236,#5237);
#5236 = CARTESIAN_POINT('',(-0.,0.));
#5237 = VECTOR('',#5238,1.);
#5238 = DIRECTION('',(-0.,1.));
#5239 = ( GEOMETRIC_REPRESENTATION_CONTEXT(2) 
PARAMETRIC_REPRESENTATION_CONTEXT() REPRESENTATION_CONTEXT('2D SPACE',''
  ) );
#5240 = ADVANCED_FACE('',(#5241,#5440,#5560,#5595,#5715,#5750,#5785,
    #5905,#5940,#6060),#5147,.T.);
#5241 = FACE_BOUND('',#5242,.T.);
#5242 = EDGE_LOOP('',(#5243,#5244,#5268,#5296,#5325,#5353,#5386,#5414));
#5243 = ORIENTED_EDGE('',*,*,#5124,.F.);
#5244 = ORIENTED_EDGE('',*,*,#5245,.T.);
#5245 = EDGE_CURVE('',#5125,#5246,#5248,.T.);
#5246 = VERTEX_POINT('',#5247);
#5247 = CARTESIAN_POINT('',(-109.,-22.,29.));
#5248 = SURFACE_CURVE('',#5249,(#5254,#5261),.PCURVE_S1.);
#5249 = CIRCLE('',#5250,1.);
#5250 = AXIS2_PLACEMENT_3D('',#5251,#5252,#5253);
#5251 = CARTESIAN_POINT('',(-109.,-21.,29.));
#5252 = DIRECTION('',(0.,0.,1.));
#5253 = DIRECTION('',(0.,-1.,0.));
#5254 = PCURVE('',#5147,#5255);
#5255 = DEFINITIONAL_REPRESENTATION('',(#5256),#5260);
#5256 = CIRCLE('',#5257,1.);
#5257 = AXIS2_PLACEMENT_2D('',#5258,#5259);
#5258 = CARTESIAN_POINT('',(1.,1.));
#5259 = DIRECTION('',(0.,-1.));
#5260 = ( GEOMETRIC_REPRESENTATION_CONTEXT(2) 
PARAMETRIC_REPRESENTATION_CONTEXT() REPRESENTATION_CONTEXT('2D SPACE',''
  ) );
#5261 = PCURVE('',#5175,#5262);
#5262 = DEFINITIONAL_REPRESENTATION('',(#5263),#5267);
#5263 = LINE('',#5264,#5265);
#5264 = CARTESIAN_POINT('',(-4.712388980385,4.));
#5265 = VECTOR('',#5266,1.);
#5266 = DIRECTION('',(1.,0.));
#5267 = ( GEOMETRIC_REPRESENTATION_CONTEXT(2) 
PARAMETRIC_REPRESENTATION_CONTEXT() REPRESENTATION_CONTEXT('2D SPACE',''
  ) );
#5268 = ORIENTED_EDGE('',*,*,#5269,.T.);
#5269 = EDGE_CURVE('',#5246,#5270,#5272,.T.);
#5270 = VERTEX_POINT('',#5271);
#5271 = CARTESIAN_POINT('',(-52.05,-22.,29.));
#5272 = SURFACE_CURVE('',#5273,(#5277,#5284),.PCURVE_S1.);
#5273 = LINE('',#5274,#5275);
#5274 = CARTESIAN_POINT('',(-110.,-22.,29.));
#5275 = VECTOR('',#5276,1.);
#5276 = DIRECTION('',(1.,0.,0.));
#5277 = PCURVE('',#5147,#5278);
#5278 = DEFINITIONAL_REPRESENTATION('',(#5279),#5283);
#5279 = LINE('',#5280,#5281);
#5280 = CARTESIAN_POINT('',(0.,0.));
#5281 = VECTOR('',#5282,1.);
#5282 = DIRECTION('',(1.,0.));
#5283 = ( GEOMETRIC_REPRESENTATION_CONTEXT(2) 
PARAMETRIC_REPRESENTATION_CONTEXT() REPRESENTATION_CONTEXT('2D SPACE',''
  ) );
#5284 = PCURVE('',#5285,#5290);
#5285 = PLANE('',#5286);
#5286 = AXIS2_PLACEMENT_3D('',#5287,#5288,#5289);
#5287 = CARTESIAN_POINT('',(-110.,-22.,25.));
#5288 = DIRECTION('',(0.,1.,0.));
#5289 = DIRECTION('',(0.,0.,1.));
#5290 = DEFINITIONAL_REPRESENTATION('',(#5291),#5295);
#5291 = LINE('',#5292,#5293);
#5292 = CARTESIAN_POINT('',(4.,0.));
#5293 = VECTOR('',#5294,1.);
#5294 = DIRECTION('',(0.,1.));
#5295 = ( GEOMETRIC_REPRESENTATION_CONTEXT(2) 
PARAMETRIC_REPRESENTATION_CONTEXT() REPRESENTATION_CONTEXT('2D SPACE',''
  ) );
#5296 = ORIENTED_EDGE('',*,*,#5297,.T.);
#5297 = EDGE_CURVE('',#5270,#5298,#5300,.T.);
#5298 = VERTEX_POINT('',#5299);
#5299 = CARTESIAN_POINT('',(-51.05,-21.,29.));
#5300 = SURFACE_CURVE('',#5301,(#5306,#5313),.PCURVE_S1.);
#5301 = CIRCLE('',#5302,1.);
#5302 = AXIS2_PLACEMENT_3D('',#5303,#5304,#5305);
#5303 = CARTESIAN_POINT('',(-52.05,-21.,29.));
#5304 = DIRECTION('',(0.,0.,1.));
#5305 = DIRECTION('',(0.,-1.,0.));
#5306 = PCURVE('',#5147,#5307);
#5307 = DEFINITIONAL_REPRESENTATION('',(#5308),#5312);
#5308 = CIRCLE('',#5309,1.);
#5309 = AXIS2_PLACEMENT_2D('',#5310,#5311);
#5310 = CARTESIAN_POINT('',(57.95,1.));
#5311 = DIRECTION('',(0.,-1.));
#5312 = ( GEOMETRIC_REPRESENTATION_CONTEXT(2) 
PARAMETRIC_REPRESENTATION_CONTEXT() REPRESENTATION_CONTEXT('2D SPACE',''
  ) );
#5313 = PCURVE('',#5314,#5319);
#5314 = CYLINDRICAL_SURFACE('',#5315,1.);
#5315 = AXIS2_PLACEMENT_3D('',#5316,#5317,#5318);
#5316 = CARTESIAN_POINT('',(-52.05,-21.,25.));
#5317 = DIRECTION('',(0.,0.,1.));
#5318 = DIRECTION('',(0.,-1.,0.));
#5319 = DEFINITIONAL_REPRESENTATION('',(#5320),#5324);
#5320 = LINE('',#5321,#5322);
#5321 = CARTESIAN_POINT('',(0.,4.));
#5322 = VECTOR('',#5323,1.);
#5323 = DIRECTION('',(1.,0.));
#5324 = ( GEOMETRIC_REPRESENTATION_CONTEXT(2) 
PARAMETRIC_REPRESENTATION_CONTEXT() REPRESENTATION_CONTEXT('2D SPACE',''
  ) );
#5325 = ORIENTED_EDGE('',*,*,#5326,.T.);
#5326 = EDGE_CURVE('',#5298,#5327,#5329,.T.);
#5327 = VERTEX_POINT('',#5328);
#5328 = CARTESIAN_POINT('',(-51.05,21.,29.));
#5329 = SURFACE_CURVE('',#5330,(#5334,#5341),.PCURVE_S1.);
#5330 = LINE('',#5331,#5332);
#5331 = CARTESIAN_POINT('',(-51.05,-22.,29.));
#5332 = VECTOR('',#5333,1.);
#5333 = DIRECTION('',(0.,1.,0.));
#5334 = PCURVE('',#5147,#5335);
#5335 = DEFINITIONAL_REPRESENTATION('',(#5336),#5340);
#5336 = LINE('',#5337,#5338);
#5337 = CARTESIAN_POINT('',(58.95,0.));
#5338 = VECTOR('',#5339,1.);
#5339 = DIRECTION('',(0.,1.));
#5340 = ( GEOMETRIC_REPRESENTATION_CONTEXT(2) 
PARAMETRIC_REPRESENTATION_CONTEXT() REPRESENTATION_CONTEXT('2D SPACE',''
  ) );
#5341 = PCURVE('',#5342,#5347);
#5342 = PLANE('',#5343);
#5343 = AXIS2_PLACEMENT_3D('',#5344,#5345,#5346);
#5344 = CARTESIAN_POINT('',(-51.05,-22.,25.));
#5345 = DIRECTION('',(1.,0.,0.));
#5346 = DIRECTION('',(0.,0.,1.));
#5347 = DEFINITIONAL_REPRESENTATION('',(#5348),#5352);
#5348 = LINE('',#5349,#5350);
#5349 = CARTESIAN_POINT('',(4.,0.));
#5350 = VECTOR('',#5351,1.);
#5351 = DIRECTION('',(0.,-1.));
#5352 = ( GEOMETRIC_REPRESENTATION_CONTEXT(2) 
PARAMETRIC_REPRESENTATION_CONTEXT() REPRESENTATION_CONTEXT('2D SPACE',''
  ) );
#5353 = ORIENTED_EDGE('',*,*,#5354,.F.);
#5354 = EDGE_CURVE('',#5355,#5327,#5357,.T.);
#5355 = VERTEX_POINT('',#5356);
#5356 = CARTESIAN_POINT('',(-52.05,22.,29.));
#5357 = SURFACE_CURVE('',#5358,(#5363,#5374),.PCURVE_S1.);
#5358 = CIRCLE('',#5359,1.);
#5359 = AXIS2_PLACEMENT_3D('',#5360,#5361,#5362);
#5360 = CARTESIAN_POINT('',(-52.05,21.,29.));
#5361 = DIRECTION('',(-0.,-0.,-1.));
#5362 = DIRECTION('',(0.,-1.,0.));
#5363 = PCURVE('',#5147,#5364);
#5364 = DEFINITIONAL_REPRESENTATION('',(#5365),#5373);
#5365 = ( BOUNDED_CURVE() B_SPLINE_CURVE(2,(#5366,#5367,#5368,#5369,
#5370,#5371,#5372),.UNSPECIFIED.,.T.,.F.) B_SPLINE_CURVE_WITH_KNOTS((1,2
    ,2,2,2,1),(-2.094395102393,0.,2.094395102393,4.188790204786,
6.28318530718,8.377580409573),.UNSPECIFIED.) CURVE() 
GEOMETRIC_REPRESENTATION_ITEM() RATIONAL_B_SPLINE_CURVE((1.,0.5,1.,0.5,
1.,0.5,1.)) REPRESENTATION_ITEM('') );
#5366 = CARTESIAN_POINT('',(57.95,42.));
#5367 = CARTESIAN_POINT('',(56.217949192431,42.));
#5368 = CARTESIAN_POINT('',(57.083974596216,43.5));
#5369 = CARTESIAN_POINT('',(57.95,45.));
#5370 = CARTESIAN_POINT('',(58.816025403784,43.5));
#5371 = CARTESIAN_POINT('',(59.682050807569,42.));
#5372 = CARTESIAN_POINT('',(57.95,42.));
#5373 = ( GEOMETRIC_REPRESENTATION_CONTEXT(2) 
PARAMETRIC_REPRESENTATION_CONTEXT() REPRESENTATION_CONTEXT('2D SPACE',''
  ) );
#5374 = PCURVE('',#5375,#5380);
#5375 = CYLINDRICAL_SURFACE('',#5376,1.);
#5376 = AXIS2_PLACEMENT_3D('',#5377,#5378,#5379);
#5377 = CARTESIAN_POINT('',(-52.05,21.,25.));
#5378 = DIRECTION('',(0.,0.,1.));
#5379 = DIRECTION('',(0.,1.,0.));
#5380 = DEFINITIONAL_REPRESENTATION('',(#5381),#5385);
#5381 = LINE('',#5382,#5383);
#5382 = CARTESIAN_POINT('',(3.14159265359,4.));
#5383 = VECTOR('',#5384,1.);
#5384 = DIRECTION('',(-1.,0.));
#5385 = ( GEOMETRIC_REPRESENTATION_CONTEXT(2) 
PARAMETRIC_REPRESENTATION_CONTEXT() REPRESENTATION_CONTEXT('2D SPACE',''
  ) );
#5386 = ORIENTED_EDGE('',*,*,#5387,.F.);
#5387 = EDGE_CURVE('',#5388,#5355,#5390,.T.);
#5388 = VERTEX_POINT('',#5389);
#5389 = CARTESIAN_POINT('',(-109.,22.,29.));
#5390 = SURFACE_CURVE('',#5391,(#5395,#5402),.PCURVE_S1.);
#5391 = LINE('',#5392,#5393);
#5392 = CARTESIAN_POINT('',(-110.,22.,29.));
#5393 = VECTOR('',#5394,1.);
#5394 = DIRECTION('',(1.,0.,0.));
#5395 = PCURVE('',#5147,#5396);
#5396 = DEFINITIONAL_REPRESENTATION('',(#5397),#5401);
#5397 = LINE('',#5398,#5399);
#5398 = CARTESIAN_POINT('',(0.,44.));
#5399 = VECTOR('',#5400,1.);
#5400 = DIRECTION('',(1.,0.));
#5401 = ( GEOMETRIC_REPRESENTATION_CONTEXT(2) 
PARAMETRIC_REPRESENTATION_CONTEXT() REPRESENTATION_CONTEXT('2D SPACE',''
  ) );
#5402 = PCURVE('',#5403,#5408);
#5403 = PLANE('',#5404);
#5404 = AXIS2_PLACEMENT_3D('',#5405,#5406,#5407);
#5405 = CARTESIAN_POINT('',(-110.,22.,25.));
#5406 = DIRECTION('',(0.,1.,0.));
#5407 = DIRECTION('',(0.,0.,1.));
#5408 = DEFINITIONAL_REPRESENTATION('',(#5409),#5413);
#5409 = LINE('',#5410,#5411);
#5410 = CARTESIAN_POINT('',(4.,0.));
#5411 = VECTOR('',#5412,1.);
#5412 = DIRECTION('',(0.,1.));
#5413 = ( GEOMETRIC_REPRESENTATION_CONTEXT(2) 
PARAMETRIC_REPRESENTATION_CONTEXT() REPRESENTATION_CONTEXT('2D SPACE',''
  ) );
#5414 = ORIENTED_EDGE('',*,*,#5415,.F.);
#5415 = EDGE_CURVE('',#5127,#5388,#5416,.T.);
#5416 = SURFACE_CURVE('',#5417,(#5422,#5433),.PCURVE_S1.);
#5417 = CIRCLE('',#5418,1.);
#5418 = AXIS2_PLACEMENT_3D('',#5419,#5420,#5421);
#5419 = CARTESIAN_POINT('',(-109.,21.,29.));
#5420 = DIRECTION('',(-0.,-0.,-1.));
#5421 = DIRECTION('',(0.,-1.,0.));
#5422 = PCURVE('',#5147,#5423);
#5423 = DEFINITIONAL_REPRESENTATION('',(#5424),#5432);
#5424 = ( BOUNDED_CURVE() B_SPLINE_CURVE(2,(#5425,#5426,#5427,#5428,
#5429,#5430,#5431),.UNSPECIFIED.,.T.,.F.) B_SPLINE_CURVE_WITH_KNOTS((1,2
    ,2,2,2,1),(-2.094395102393,0.,2.094395102393,4.188790204786,
6.28318530718,8.377580409573),.UNSPECIFIED.) CURVE() 
GEOMETRIC_REPRESENTATION_ITEM() RATIONAL_B_SPLINE_CURVE((1.,0.5,1.,0.5,
1.,0.5,1.)) REPRESENTATION_ITEM('') );
#5425 = CARTESIAN_POINT('',(1.,42.));
#5426 = CARTESIAN_POINT('',(-0.732050807569,42.));
#5427 = CARTESIAN_POINT('',(0.133974596216,43.5));
#5428 = CARTESIAN_POINT('',(1.,45.));
#5429 = CARTESIAN_POINT('',(1.866025403784,43.5));
#5430 = CARTESIAN_POINT('',(2.732050807569,42.));
#5431 = CARTESIAN_POINT('',(1.,42.));
#5432 = ( GEOMETRIC_REPRESENTATION_CONTEXT(2) 
PARAMETRIC_REPRESENTATION_CONTEXT() REPRESENTATION_CONTEXT('2D SPACE',''
  ) );
#5433 = PCURVE('',#5229,#5434);
#5434 = DEFINITIONAL_REPRESENTATION('',(#5435),#5439);
#5435 = LINE('',#5436,#5437);
#5436 = CARTESIAN_POINT('',(1.570796326795,4.));
#5437 = VECTOR('',#5438,1.);
#5438 = DIRECTION('',(-1.,0.));
#5439 = ( GEOMETRIC_REPRESENTATION_CONTEXT(2) 
PARAMETRIC_REPRESENTATION_CONTEXT() REPRESENTATION_CONTEXT('2D SPACE',''
  ) );
#5440 = FACE_BOUND('',#5441,.T.);
#5441 = EDGE_LOOP('',(#5442,#5470,#5503,#5529));
#5442 = ORIENTED_EDGE('',*,*,#5443,.F.);
#5443 = EDGE_CURVE('',#5444,#5446,#5448,.T.);
#5444 = VERTEX_POINT('',#5445);
#5445 = CARTESIAN_POINT('',(-100.,-14.3,29.));
#5446 = VERTEX_POINT('',#5447);
#5447 = CARTESIAN_POINT('',(-108.,-14.3,29.));
#5448 = SURFACE_CURVE('',#5449,(#5453,#5459),.PCURVE_S1.);
#5449 = LINE('',#5450,#5451);
#5450 = CARTESIAN_POINT('',(-109.,-14.3,29.));
#5451 = VECTOR('',#5452,1.);
#5452 = DIRECTION('',(-1.,0.,0.));
#5453 = PCURVE('',#5147,#5454);
#5454 = DEFINITIONAL_REPRESENTATION('',(#5455),#5458);
#5455 = B_SPLINE_CURVE_WITH_KNOTS('',1,(#5456,#5457),.UNSPECIFIED.,.F.,
  .F.,(2,2),(-9.,-1.),.PIECEWISE_BEZIER_KNOTS.);
#5456 = CARTESIAN_POINT('',(10.,7.7));
#5457 = CARTESIAN_POINT('',(2.,7.7));
#5458 = ( GEOMETRIC_REPRESENTATION_CONTEXT(2) 
PARAMETRIC_REPRESENTATION_CONTEXT() REPRESENTATION_CONTEXT('2D SPACE',''
  ) );
#5459 = PCURVE('',#5460,#5465);
#5460 = PLANE('',#5461);
#5461 = AXIS2_PLACEMENT_3D('',#5462,#5463,#5464);
#5462 = CARTESIAN_POINT('',(-108.,-14.3,20.));
#5463 = DIRECTION('',(0.,1.,0.));
#5464 = DIRECTION('',(1.,0.,0.));
#5465 = DEFINITIONAL_REPRESENTATION('',(#5466),#5469);
#5466 = B_SPLINE_CURVE_WITH_KNOTS('',1,(#5467,#5468),.UNSPECIFIED.,.F.,
  .F.,(2,2),(-9.,-1.),.PIECEWISE_BEZIER_KNOTS.);
#5467 = CARTESIAN_POINT('',(8.,-9.));
#5468 = CARTESIAN_POINT('',(0.,-9.));
#5469 = ( GEOMETRIC_REPRESENTATION_CONTEXT(2) 
PARAMETRIC_REPRESENTATION_CONTEXT() REPRESENTATION_CONTEXT('2D SPACE',''
  ) );
#5470 = ORIENTED_EDGE('',*,*,#5471,.T.);
#5471 = EDGE_CURVE('',#5444,#5472,#5474,.T.);
#5472 = VERTEX_POINT('',#5473);
#5473 = CARTESIAN_POINT('',(-100.,-17.7,29.));
#5474 = SURFACE_CURVE('',#5475,(#5480,#5491),.PCURVE_S1.);
#5475 = CIRCLE('',#5476,1.7);
#5476 = AXIS2_PLACEMENT_3D('',#5477,#5478,#5479);
#5477 = CARTESIAN_POINT('',(-100.,-16.,29.));
#5478 = DIRECTION('',(0.,0.,-1.));
#5479 = DIRECTION('',(0.,1.,0.));
#5480 = PCURVE('',#5147,#5481);
#5481 = DEFINITIONAL_REPRESENTATION('',(#5482),#5490);
#5482 = ( BOUNDED_CURVE() B_SPLINE_CURVE(2,(#5483,#5484,#5485,#5486,
#5487,#5488,#5489),.UNSPECIFIED.,.T.,.F.) B_SPLINE_CURVE_WITH_KNOTS((1,2
    ,2,2,2,1),(-2.094395102393,0.,2.094395102393,4.188790204786,
6.28318530718,8.377580409573),.UNSPECIFIED.) CURVE() 
GEOMETRIC_REPRESENTATION_ITEM() RATIONAL_B_SPLINE_CURVE((1.,0.5,1.,0.5,
1.,0.5,1.)) REPRESENTATION_ITEM('') );
#5483 = CARTESIAN_POINT('',(10.,7.7));
#5484 = CARTESIAN_POINT('',(12.944486372867,7.7));
#5485 = CARTESIAN_POINT('',(11.472243186434,5.15));
#5486 = CARTESIAN_POINT('',(10.,2.6));
#5487 = CARTESIAN_POINT('',(8.527756813566,5.15));
#5488 = CARTESIAN_POINT('',(7.055513627133,7.7));
#5489 = CARTESIAN_POINT('',(10.,7.7));
#5490 = ( GEOMETRIC_REPRESENTATION_CONTEXT(2) 
PARAMETRIC_REPRESENTATION_CONTEXT() REPRESENTATION_CONTEXT('2D SPACE',''
  ) );
#5491 = PCURVE('',#5492,#5497);
#5492 = CYLINDRICAL_SURFACE('',#5493,1.7);
#5493 = AXIS2_PLACEMENT_3D('',#5494,#5495,#5496);
#5494 = CARTESIAN_POINT('',(-100.,-16.,20.));
#5495 = DIRECTION('',(0.,0.,-1.));
#5496 = DIRECTION('',(0.,1.,0.));
#5497 = DEFINITIONAL_REPRESENTATION('',(#5498),#5502);
#5498 = LINE('',#5499,#5500);
#5499 = CARTESIAN_POINT('',(0.,-9.));
#5500 = VECTOR('',#5501,1.);
#5501 = DIRECTION('',(1.,0.));
#5502 = ( GEOMETRIC_REPRESENTATION_CONTEXT(2) 
PARAMETRIC_REPRESENTATION_CONTEXT() REPRESENTATION_CONTEXT('2D SPACE',''
  ) );
#5503 = ORIENTED_EDGE('',*,*,#5504,.F.);
#5504 = EDGE_CURVE('',#5505,#5472,#5507,.T.);
#5505 = VERTEX_POINT('',#5506);
#5506 = CARTESIAN_POINT('',(-108.,-17.7,29.));
#5507 = SURFACE_CURVE('',#5508,(#5512,#5518),.PCURVE_S1.);
#5508 = LINE('',#5509,#5510);
#5509 = CARTESIAN_POINT('',(-105.,-17.7,29.));
#5510 = VECTOR('',#5511,1.);
#5511 = DIRECTION('',(1.,0.,-0.));
#5512 = PCURVE('',#5147,#5513);
#5513 = DEFINITIONAL_REPRESENTATION('',(#5514),#5517);
#5514 = B_SPLINE_CURVE_WITH_KNOTS('',1,(#5515,#5516),.UNSPECIFIED.,.F.,
  .F.,(2,2),(-3.,5.),.PIECEWISE_BEZIER_KNOTS.);
#5515 = CARTESIAN_POINT('',(2.,4.3));
#5516 = CARTESIAN_POINT('',(10.,4.3));
#5517 = ( GEOMETRIC_REPRESENTATION_CONTEXT(2) 
PARAMETRIC_REPRESENTATION_CONTEXT() REPRESENTATION_CONTEXT('2D SPACE',''
  ) );
#5518 = PCURVE('',#5519,#5524);
#5519 = PLANE('',#5520);
#5520 = AXIS2_PLACEMENT_3D('',#5521,#5522,#5523);
#5521 = CARTESIAN_POINT('',(-100.,-17.7,20.));
#5522 = DIRECTION('',(0.,-1.,0.));
#5523 = DIRECTION('',(-1.,0.,0.));
#5524 = DEFINITIONAL_REPRESENTATION('',(#5525),#5528);
#5525 = B_SPLINE_CURVE_WITH_KNOTS('',1,(#5526,#5527),.UNSPECIFIED.,.F.,
  .F.,(2,2),(-3.,5.),.PIECEWISE_BEZIER_KNOTS.);
#5526 = CARTESIAN_POINT('',(8.,-9.));
#5527 = CARTESIAN_POINT('',(0.,-9.));
#5528 = ( GEOMETRIC_REPRESENTATION_CONTEXT(2) 
PARAMETRIC_REPRESENTATION_CONTEXT() REPRESENTATION_CONTEXT('2D SPACE',''
  ) );
#5529 = ORIENTED_EDGE('',*,*,#5530,.T.);
#5530 = EDGE_CURVE('',#5505,#5446,#5531,.T.);
#5531 = SURFACE_CURVE('',#5532,(#5537,#5548),.PCURVE_S1.);
#5532 = CIRCLE('',#5533,1.7);
#5533 = AXIS2_PLACEMENT_3D('',#5534,#5535,#5536);
#5534 = CARTESIAN_POINT('',(-108.,-16.,29.));
#5535 = DIRECTION('',(0.,-0.,-1.));
#5536 = DIRECTION('',(0.,-1.,0.));
#5537 = PCURVE('',#5147,#5538);
#5538 = DEFINITIONAL_REPRESENTATION('',(#5539),#5547);
#5539 = ( BOUNDED_CURVE() B_SPLINE_CURVE(2,(#5540,#5541,#5542,#5543,
#5544,#5545,#5546),.UNSPECIFIED.,.T.,.F.) B_SPLINE_CURVE_WITH_KNOTS((1,2
    ,2,2,2,1),(-2.094395102393,0.,2.094395102393,4.188790204786,
6.28318530718,8.377580409573),.UNSPECIFIED.) CURVE() 
GEOMETRIC_REPRESENTATION_ITEM() RATIONAL_B_SPLINE_CURVE((1.,0.5,1.,0.5,
1.,0.5,1.)) REPRESENTATION_ITEM('') );
#5540 = CARTESIAN_POINT('',(2.,4.3));
#5541 = CARTESIAN_POINT('',(-0.944486372867,4.3));
#5542 = CARTESIAN_POINT('',(0.527756813566,6.85));
#5543 = CARTESIAN_POINT('',(2.,9.4));
#5544 = CARTESIAN_POINT('',(3.472243186434,6.85));
#5545 = CARTESIAN_POINT('',(4.944486372867,4.3));
#5546 = CARTESIAN_POINT('',(2.,4.3));
#5547 = ( GEOMETRIC_REPRESENTATION_CONTEXT(2) 
PARAMETRIC_REPRESENTATION_CONTEXT() REPRESENTATION_CONTEXT('2D SPACE',''
  ) );
#5548 = PCURVE('',#5549,#5554);
#5549 = CYLINDRICAL_SURFACE('',#5550,1.7);
#5550 = AXIS2_PLACEMENT_3D('',#5551,#5552,#5553);
#5551 = CARTESIAN_POINT('',(-108.,-16.,20.));
#5552 = DIRECTION('',(0.,-0.,-1.));
#5553 = DIRECTION('',(0.,-1.,0.));
#5554 = DEFINITIONAL_REPRESENTATION('',(#5555),#5559);
#5555 = LINE('',#5556,#5557);
#5556 = CARTESIAN_POINT('',(0.,-9.));
#5557 = VECTOR('',#5558,1.);
#5558 = DIRECTION('',(1.,0.));
#5559 = ( GEOMETRIC_REPRESENTATION_CONTEXT(2) 
PARAMETRIC_REPRESENTATION_CONTEXT() REPRESENTATION_CONTEXT('2D SPACE',''
  ) );
#5560 = FACE_BOUND('',#5561,.T.);
#5561 = EDGE_LOOP('',(#5562));
#5562 = ORIENTED_EDGE('',*,*,#5563,.T.);
#5563 = EDGE_CURVE('',#5564,#5564,#5566,.T.);
#5564 = VERTEX_POINT('',#5565);
#5565 = CARTESIAN_POINT('',(-105.05,-5.,29.));
#5566 = SURFACE_CURVE('',#5567,(#5572,#5583),.PCURVE_S1.);
#5567 = CIRCLE('',#5568,1.7);
#5568 = AXIS2_PLACEMENT_3D('',#5569,#5570,#5571);
#5569 = CARTESIAN_POINT('',(-106.75,-5.,29.));
#5570 = DIRECTION('',(0.,0.,-1.));
#5571 = DIRECTION('',(1.,0.,0.));
#5572 = PCURVE('',#5147,#5573);
#5573 = DEFINITIONAL_REPRESENTATION('',(#5574),#5582);
#5574 = ( BOUNDED_CURVE() B_SPLINE_CURVE(2,(#5575,#5576,#5577,#5578,
#5579,#5580,#5581),.UNSPECIFIED.,.T.,.F.) B_SPLINE_CURVE_WITH_KNOTS((1,2
    ,2,2,2,1),(-2.094395102393,0.,2.094395102393,4.188790204786,
6.28318530718,8.377580409573),.UNSPECIFIED.) CURVE() 
GEOMETRIC_REPRESENTATION_ITEM() RATIONAL_B_SPLINE_CURVE((1.,0.5,1.,0.5,
1.,0.5,1.)) REPRESENTATION_ITEM('') );
#5575 = CARTESIAN_POINT('',(4.95,17.));
#5576 = CARTESIAN_POINT('',(4.95,14.055513627133));
#5577 = CARTESIAN_POINT('',(2.4,15.527756813566));
#5578 = CARTESIAN_POINT('',(-0.15,17.));
#5579 = CARTESIAN_POINT('',(2.4,18.472243186434));
#5580 = CARTESIAN_POINT('',(4.95,19.944486372867));
#5581 = CARTESIAN_POINT('',(4.95,17.));
#5582 = ( GEOMETRIC_REPRESENTATION_CONTEXT(2) 
PARAMETRIC_REPRESENTATION_CONTEXT() REPRESENTATION_CONTEXT('2D SPACE',''
  ) );
#5583 = PCURVE('',#5584,#5589);
#5584 = CYLINDRICAL_SURFACE('',#5585,1.7);
#5585 = AXIS2_PLACEMENT_3D('',#5586,#5587,#5588);
#5586 = CARTESIAN_POINT('',(-106.75,-5.,20.));
#5587 = DIRECTION('',(-0.,-0.,-1.));
#5588 = DIRECTION('',(1.,0.,0.));
#5589 = DEFINITIONAL_REPRESENTATION('',(#5590),#5594);
#5590 = LINE('',#5591,#5592);
#5591 = CARTESIAN_POINT('',(-6.28318530718,-9.));
#5592 = VECTOR('',#5593,1.);
#5593 = DIRECTION('',(1.,-0.));
#5594 = ( GEOMETRIC_REPRESENTATION_CONTEXT(2) 
PARAMETRIC_REPRESENTATION_CONTEXT() REPRESENTATION_CONTEXT('2D SPACE',''
  ) );
#5595 = FACE_BOUND('',#5596,.T.);
#5596 = EDGE_LOOP('',(#5597,#5625,#5658,#5684));
#5597 = ORIENTED_EDGE('',*,*,#5598,.F.);
#5598 = EDGE_CURVE('',#5599,#5601,#5603,.T.);
#5599 = VERTEX_POINT('',#5600);
#5600 = CARTESIAN_POINT('',(-56.,-14.3,29.));
#5601 = VERTEX_POINT('',#5602);
#5602 = CARTESIAN_POINT('',(-64.,-14.3,29.));
#5603 = SURFACE_CURVE('',#5604,(#5608,#5614),.PCURVE_S1.);
#5604 = LINE('',#5605,#5606);
#5605 = CARTESIAN_POINT('',(-87.,-14.3,29.));
#5606 = VECTOR('',#5607,1.);
#5607 = DIRECTION('',(-1.,0.,0.));
#5608 = PCURVE('',#5147,#5609);
#5609 = DEFINITIONAL_REPRESENTATION('',(#5610),#5613);
#5610 = B_SPLINE_CURVE_WITH_KNOTS('',1,(#5611,#5612),.UNSPECIFIED.,.F.,
  .F.,(2,2),(-31.,-23.),.PIECEWISE_BEZIER_KNOTS.);
#5611 = CARTESIAN_POINT('',(54.,7.7));
#5612 = CARTESIAN_POINT('',(46.,7.7));
#5613 = ( GEOMETRIC_REPRESENTATION_CONTEXT(2) 
PARAMETRIC_REPRESENTATION_CONTEXT() REPRESENTATION_CONTEXT('2D SPACE',''
  ) );
#5614 = PCURVE('',#5615,#5620);
#5615 = PLANE('',#5616);
#5616 = AXIS2_PLACEMENT_3D('',#5617,#5618,#5619);
#5617 = CARTESIAN_POINT('',(-64.,-14.3,20.));
#5618 = DIRECTION('',(0.,1.,0.));
#5619 = DIRECTION('',(1.,0.,0.));
#5620 = DEFINITIONAL_REPRESENTATION('',(#5621),#5624);
#5621 = B_SPLINE_CURVE_WITH_KNOTS('',1,(#5622,#5623),.UNSPECIFIED.,.F.,
  .F.,(2,2),(-31.,-23.),.PIECEWISE_BEZIER_KNOTS.);
#5622 = CARTESIAN_POINT('',(8.,-9.));
#5623 = CARTESIAN_POINT('',(0.,-9.));
#5624 = ( GEOMETRIC_REPRESENTATION_CONTEXT(2) 
PARAMETRIC_REPRESENTATION_CONTEXT() REPRESENTATION_CONTEXT('2D SPACE',''
  ) );
#5625 = ORIENTED_EDGE('',*,*,#5626,.T.);
#5626 = EDGE_CURVE('',#5599,#5627,#5629,.T.);
#5627 = VERTEX_POINT('',#5628);
#5628 = CARTESIAN_POINT('',(-56.,-17.7,29.));
#5629 = SURFACE_CURVE('',#5630,(#5635,#5646),.PCURVE_S1.);
#5630 = CIRCLE('',#5631,1.7);
#5631 = AXIS2_PLACEMENT_3D('',#5632,#5633,#5634);
#5632 = CARTESIAN_POINT('',(-56.,-16.,29.));
#5633 = DIRECTION('',(0.,0.,-1.));
#5634 = DIRECTION('',(0.,1.,0.));
#5635 = PCURVE('',#5147,#5636);
#5636 = DEFINITIONAL_REPRESENTATION('',(#5637),#5645);
#5637 = ( BOUNDED_CURVE() B_SPLINE_CURVE(2,(#5638,#5639,#5640,#5641,
#5642,#5643,#5644),.UNSPECIFIED.,.T.,.F.) B_SPLINE_CURVE_WITH_KNOTS((1,2
    ,2,2,2,1),(-2.094395102393,0.,2.094395102393,4.188790204786,
6.28318530718,8.377580409573),.UNSPECIFIED.) CURVE() 
GEOMETRIC_REPRESENTATION_ITEM() RATIONAL_B_SPLINE_CURVE((1.,0.5,1.,0.5,
1.,0.5,1.)) REPRESENTATION_ITEM('') );
#5638 = CARTESIAN_POINT('',(54.,7.7));
#5639 = CARTESIAN_POINT('',(56.944486372867,7.7));
#5640 = CARTESIAN_POINT('',(55.472243186434,5.15));
#5641 = CARTESIAN_POINT('',(54.,2.6));
#5642 = CARTESIAN_POINT('',(52.527756813566,5.15));
#5643 = CARTESIAN_POINT('',(51.055513627133,7.7));
#5644 = CARTESIAN_POINT('',(54.,7.7));
#5645 = ( GEOMETRIC_REPRESENTATION_CONTEXT(2) 
PARAMETRIC_REPRESENTATION_CONTEXT() REPRESENTATION_CONTEXT('2D SPACE',''
  ) );
#5646 = PCURVE('',#5647,#5652);
#5647 = CYLINDRICAL_SURFACE('',#5648,1.7);
#5648 = AXIS2_PLACEMENT_3D('',#5649,#5650,#5651);
#5649 = CARTESIAN_POINT('',(-56.,-16.,20.));
#5650 = DIRECTION('',(0.,0.,-1.));
#5651 = DIRECTION('',(0.,1.,0.));
#5652 = DEFINITIONAL_REPRESENTATION('',(#5653),#5657);
#5653 = LINE('',#5654,#5655);
#5654 = CARTESIAN_POINT('',(0.,-9.));
#5655 = VECTOR('',#5656,1.);
#5656 = DIRECTION('',(1.,0.));
#5657 = ( GEOMETRIC_REPRESENTATION_CONTEXT(2) 
PARAMETRIC_REPRESENTATION_CONTEXT() REPRESENTATION_CONTEXT('2D SPACE',''
  ) );
#5658 = ORIENTED_EDGE('',*,*,#5659,.F.);
#5659 = EDGE_CURVE('',#5660,#5627,#5662,.T.);
#5660 = VERTEX_POINT('',#5661);
#5661 = CARTESIAN_POINT('',(-64.,-17.7,29.));
#5662 = SURFACE_CURVE('',#5663,(#5667,#5673),.PCURVE_S1.);
#5663 = LINE('',#5664,#5665);
#5664 = CARTESIAN_POINT('',(-83.,-17.7,29.));
#5665 = VECTOR('',#5666,1.);
#5666 = DIRECTION('',(1.,0.,-0.));
#5667 = PCURVE('',#5147,#5668);
#5668 = DEFINITIONAL_REPRESENTATION('',(#5669),#5672);
#5669 = B_SPLINE_CURVE_WITH_KNOTS('',1,(#5670,#5671),.UNSPECIFIED.,.F.,
  .F.,(2,2),(19.,27.),.PIECEWISE_BEZIER_KNOTS.);
#5670 = CARTESIAN_POINT('',(46.,4.3));
#5671 = CARTESIAN_POINT('',(54.,4.3));
#5672 = ( GEOMETRIC_REPRESENTATION_CONTEXT(2) 
PARAMETRIC_REPRESENTATION_CONTEXT() REPRESENTATION_CONTEXT('2D SPACE',''
  ) );
#5673 = PCURVE('',#5674,#5679);
#5674 = PLANE('',#5675);
#5675 = AXIS2_PLACEMENT_3D('',#5676,#5677,#5678);
#5676 = CARTESIAN_POINT('',(-56.,-17.7,20.));
#5677 = DIRECTION('',(0.,-1.,0.));
#5678 = DIRECTION('',(-1.,0.,0.));
#5679 = DEFINITIONAL_REPRESENTATION('',(#5680),#5683);
#5680 = B_SPLINE_CURVE_WITH_KNOTS('',1,(#5681,#5682),.UNSPECIFIED.,.F.,
  .F.,(2,2),(19.,27.),.PIECEWISE_BEZIER_KNOTS.);
#5681 = CARTESIAN_POINT('',(8.,-9.));
#5682 = CARTESIAN_POINT('',(0.,-9.));
#5683 = ( GEOMETRIC_REPRESENTATION_CONTEXT(2) 
PARAMETRIC_REPRESENTATION_CONTEXT() REPRESENTATION_CONTEXT('2D SPACE',''
  ) );
#5684 = ORIENTED_EDGE('',*,*,#5685,.T.);
#5685 = EDGE_CURVE('',#5660,#5601,#5686,.T.);
#5686 = SURFACE_CURVE('',#5687,(#5692,#5703),.PCURVE_S1.);
#5687 = CIRCLE('',#5688,1.7);
#5688 = AXIS2_PLACEMENT_3D('',#5689,#5690,#5691);
#5689 = CARTESIAN_POINT('',(-64.,-16.,29.));
#5690 = DIRECTION('',(0.,-0.,-1.));
#5691 = DIRECTION('',(0.,-1.,0.));
#5692 = PCURVE('',#5147,#5693);
#5693 = DEFINITIONAL_REPRESENTATION('',(#5694),#5702);
#5694 = ( BOUNDED_CURVE() B_SPLINE_CURVE(2,(#5695,#5696,#5697,#5698,
#5699,#5700,#5701),.UNSPECIFIED.,.T.,.F.) B_SPLINE_CURVE_WITH_KNOTS((1,2
    ,2,2,2,1),(-2.094395102393,0.,2.094395102393,4.188790204786,
6.28318530718,8.377580409573),.UNSPECIFIED.) CURVE() 
GEOMETRIC_REPRESENTATION_ITEM() RATIONAL_B_SPLINE_CURVE((1.,0.5,1.,0.5,
1.,0.5,1.)) REPRESENTATION_ITEM('') );
#5695 = CARTESIAN_POINT('',(46.,4.3));
#5696 = CARTESIAN_POINT('',(43.055513627133,4.3));
#5697 = CARTESIAN_POINT('',(44.527756813566,6.85));
#5698 = CARTESIAN_POINT('',(46.,9.4));
#5699 = CARTESIAN_POINT('',(47.472243186434,6.85));
#5700 = CARTESIAN_POINT('',(48.944486372867,4.3));
#5701 = CARTESIAN_POINT('',(46.,4.3));
#5702 = ( GEOMETRIC_REPRESENTATION_CONTEXT(2) 
PARAMETRIC_REPRESENTATION_CONTEXT() REPRESENTATION_CONTEXT('2D SPACE',''
  ) );
#5703 = PCURVE('',#5704,#5709);
#5704 = CYLINDRICAL_SURFACE('',#5705,1.7);
#5705 = AXIS2_PLACEMENT_3D('',#5706,#5707,#5708);
#5706 = CARTESIAN_POINT('',(-64.,-16.,20.));
#5707 = DIRECTION('',(0.,-0.,-1.));
#5708 = DIRECTION('',(0.,-1.,0.));
#5709 = DEFINITIONAL_REPRESENTATION('',(#5710),#5714);
#5710 = LINE('',#5711,#5712);
#5711 = CARTESIAN_POINT('',(0.,-9.));
#5712 = VECTOR('',#5713,1.);
#5713 = DIRECTION('',(1.,0.));
#5714 = ( GEOMETRIC_REPRESENTATION_CONTEXT(2) 
PARAMETRIC_REPRESENTATION_CONTEXT() REPRESENTATION_CONTEXT('2D SPACE',''
  ) );
#5715 = FACE_BOUND('',#5716,.T.);
#5716 = EDGE_LOOP('',(#5717));
#5717 = ORIENTED_EDGE('',*,*,#5718,.T.);
#5718 = EDGE_CURVE('',#5719,#5719,#5721,.T.);
#5719 = VERTEX_POINT('',#5720);
#5720 = CARTESIAN_POINT('',(-55.55,-5.,29.));
#5721 = SURFACE_CURVE('',#5722,(#5727,#5738),.PCURVE_S1.);
#5722 = CIRCLE('',#5723,1.7);
#5723 = AXIS2_PLACEMENT_3D('',#5724,#5725,#5726);
#5724 = CARTESIAN_POINT('',(-57.25,-5.,29.));
#5725 = DIRECTION('',(0.,0.,-1.));
#5726 = DIRECTION('',(1.,0.,0.));
#5727 = PCURVE('',#5147,#5728);
#5728 = DEFINITIONAL_REPRESENTATION('',(#5729),#5737);
#5729 = ( BOUNDED_CURVE() B_SPLINE_CURVE(2,(#5730,#5731,#5732,#5733,
#5734,#5735,#5736),.UNSPECIFIED.,.T.,.F.) B_SPLINE_CURVE_WITH_KNOTS((1,2
    ,2,2,2,1),(-2.094395102393,0.,2.094395102393,4.188790204786,
6.28318530718,8.377580409573),.UNSPECIFIED.) CURVE() 
GEOMETRIC_REPRESENTATION_ITEM() RATIONAL_B_SPLINE_CURVE((1.,0.5,1.,0.5,
1.,0.5,1.)) REPRESENTATION_ITEM('') );
#5730 = CARTESIAN_POINT('',(54.45,17.));
#5731 = CARTESIAN_POINT('',(54.45,14.055513627133));
#5732 = CARTESIAN_POINT('',(51.9,15.527756813566));
#5733 = CARTESIAN_POINT('',(49.35,17.));
#5734 = CARTESIAN_POINT('',(51.9,18.472243186434));
#5735 = CARTESIAN_POINT('',(54.45,19.944486372867));
#5736 = CARTESIAN_POINT('',(54.45,17.));
#5737 = ( GEOMETRIC_REPRESENTATION_CONTEXT(2) 
PARAMETRIC_REPRESENTATION_CONTEXT() REPRESENTATION_CONTEXT('2D SPACE',''
  ) );
#5738 = PCURVE('',#5739,#5744);
#5739 = CYLINDRICAL_SURFACE('',#5740,1.7);
#5740 = AXIS2_PLACEMENT_3D('',#5741,#5742,#5743);
#5741 = CARTESIAN_POINT('',(-57.25,-5.,20.));
#5742 = DIRECTION('',(-0.,-0.,-1.));
#5743 = DIRECTION('',(1.,0.,0.));
#5744 = DEFINITIONAL_REPRESENTATION('',(#5745),#5749);
#5745 = LINE('',#5746,#5747);
#5746 = CARTESIAN_POINT('',(-6.28318530718,-9.));
#5747 = VECTOR('',#5748,1.);
#5748 = DIRECTION('',(1.,-0.));
#5749 = ( GEOMETRIC_REPRESENTATION_CONTEXT(2) 
PARAMETRIC_REPRESENTATION_CONTEXT() REPRESENTATION_CONTEXT('2D SPACE',''
  ) );
#5750 = FACE_BOUND('',#5751,.T.);
#5751 = EDGE_LOOP('',(#5752));
#5752 = ORIENTED_EDGE('',*,*,#5753,.T.);
#5753 = EDGE_CURVE('',#5754,#5754,#5756,.T.);
#5754 = VERTEX_POINT('',#5755);
#5755 = CARTESIAN_POINT('',(-105.05,5.,29.));
#5756 = SURFACE_CURVE('',#5757,(#5762,#5773),.PCURVE_S1.);
#5757 = CIRCLE('',#5758,1.7);
#5758 = AXIS2_PLACEMENT_3D('',#5759,#5760,#5761);
#5759 = CARTESIAN_POINT('',(-106.75,5.,29.));
#5760 = DIRECTION('',(0.,0.,-1.));
#5761 = DIRECTION('',(1.,0.,0.));
#5762 = PCURVE('',#5147,#5763);
#5763 = DEFINITIONAL_REPRESENTATION('',(#5764),#5772);
#5764 = ( BOUNDED_CURVE() B_SPLINE_CURVE(2,(#5765,#5766,#5767,#5768,
#5769,#5770,#5771),.UNSPECIFIED.,.T.,.F.) B_SPLINE_CURVE_WITH_KNOTS((1,2
    ,2,2,2,1),(-2.094395102393,0.,2.094395102393,4.188790204786,
6.28318530718,8.377580409573),.UNSPECIFIED.) CURVE() 
GEOMETRIC_REPRESENTATION_ITEM() RATIONAL_B_SPLINE_CURVE((1.,0.5,1.,0.5,
1.,0.5,1.)) REPRESENTATION_ITEM('') );
#5765 = CARTESIAN_POINT('',(4.95,27.));
#5766 = CARTESIAN_POINT('',(4.95,24.055513627133));
#5767 = CARTESIAN_POINT('',(2.4,25.527756813566));
#5768 = CARTESIAN_POINT('',(-0.15,27.));
#5769 = CARTESIAN_POINT('',(2.4,28.472243186434));
#5770 = CARTESIAN_POINT('',(4.95,29.944486372867));
#5771 = CARTESIAN_POINT('',(4.95,27.));
#5772 = ( GEOMETRIC_REPRESENTATION_CONTEXT(2) 
PARAMETRIC_REPRESENTATION_CONTEXT() REPRESENTATION_CONTEXT('2D SPACE',''
  ) );
#5773 = PCURVE('',#5774,#5779);
#5774 = CYLINDRICAL_SURFACE('',#5775,1.7);
#5775 = AXIS2_PLACEMENT_3D('',#5776,#5777,#5778);
#5776 = CARTESIAN_POINT('',(-106.75,5.,20.));
#5777 = DIRECTION('',(-0.,-0.,-1.));
#5778 = DIRECTION('',(1.,0.,0.));
#5779 = DEFINITIONAL_REPRESENTATION('',(#5780),#5784);
#5780 = LINE('',#5781,#5782);
#5781 = CARTESIAN_POINT('',(-6.28318530718,-9.));
#5782 = VECTOR('',#5783,1.);
#5783 = DIRECTION('',(1.,-0.));
#5784 = ( GEOMETRIC_REPRESENTATION_CONTEXT(2) 
PARAMETRIC_REPRESENTATION_CONTEXT() REPRESENTATION_CONTEXT('2D SPACE',''
  ) );
#5785 = FACE_BOUND('',#5786,.T.);
#5786 = EDGE_LOOP('',(#5787,#5815,#5848,#5874));
#5787 = ORIENTED_EDGE('',*,*,#5788,.F.);
#5788 = EDGE_CURVE('',#5789,#5791,#5793,.T.);
#5789 = VERTEX_POINT('',#5790);
#5790 = CARTESIAN_POINT('',(-100.,17.7,29.));
#5791 = VERTEX_POINT('',#5792);
#5792 = CARTESIAN_POINT('',(-108.,17.7,29.));
#5793 = SURFACE_CURVE('',#5794,(#5798,#5804),.PCURVE_S1.);
#5794 = LINE('',#5795,#5796);
#5795 = CARTESIAN_POINT('',(-109.,17.7,29.));
#5796 = VECTOR('',#5797,1.);
#5797 = DIRECTION('',(-1.,0.,0.));
#5798 = PCURVE('',#5147,#5799);
#5799 = DEFINITIONAL_REPRESENTATION('',(#5800),#5803);
#5800 = B_SPLINE_CURVE_WITH_KNOTS('',1,(#5801,#5802),.UNSPECIFIED.,.F.,
  .F.,(2,2),(-9.,-1.),.PIECEWISE_BEZIER_KNOTS.);
#5801 = CARTESIAN_POINT('',(10.,39.7));
#5802 = CARTESIAN_POINT('',(2.,39.7));
#5803 = ( GEOMETRIC_REPRESENTATION_CONTEXT(2) 
PARAMETRIC_REPRESENTATION_CONTEXT() REPRESENTATION_CONTEXT('2D SPACE',''
  ) );
#5804 = PCURVE('',#5805,#5810);
#5805 = PLANE('',#5806);
#5806 = AXIS2_PLACEMENT_3D('',#5807,#5808,#5809);
#5807 = CARTESIAN_POINT('',(-108.,17.7,20.));
#5808 = DIRECTION('',(0.,1.,0.));
#5809 = DIRECTION('',(1.,0.,0.));
#5810 = DEFINITIONAL_REPRESENTATION('',(#5811),#5814);
#5811 = B_SPLINE_CURVE_WITH_KNOTS('',1,(#5812,#5813),.UNSPECIFIED.,.F.,
  .F.,(2,2),(-9.,-1.),.PIECEWISE_BEZIER_KNOTS.);
#5812 = CARTESIAN_POINT('',(8.,-9.));
#5813 = CARTESIAN_POINT('',(0.,-9.));
#5814 = ( GEOMETRIC_REPRESENTATION_CONTEXT(2) 
PARAMETRIC_REPRESENTATION_CONTEXT() REPRESENTATION_CONTEXT('2D SPACE',''
  ) );
#5815 = ORIENTED_EDGE('',*,*,#5816,.T.);
#5816 = EDGE_CURVE('',#5789,#5817,#5819,.T.);
#5817 = VERTEX_POINT('',#5818);
#5818 = CARTESIAN_POINT('',(-100.,14.3,29.));
#5819 = SURFACE_CURVE('',#5820,(#5825,#5836),.PCURVE_S1.);
#5820 = CIRCLE('',#5821,1.7);
#5821 = AXIS2_PLACEMENT_3D('',#5822,#5823,#5824);
#5822 = CARTESIAN_POINT('',(-100.,16.,29.));
#5823 = DIRECTION('',(0.,0.,-1.));
#5824 = DIRECTION('',(0.,1.,0.));
#5825 = PCURVE('',#5147,#5826);
#5826 = DEFINITIONAL_REPRESENTATION('',(#5827),#5835);
#5827 = ( BOUNDED_CURVE() B_SPLINE_CURVE(2,(#5828,#5829,#5830,#5831,
#5832,#5833,#5834),.UNSPECIFIED.,.T.,.F.) B_SPLINE_CURVE_WITH_KNOTS((1,2
    ,2,2,2,1),(-2.094395102393,0.,2.094395102393,4.188790204786,
6.28318530718,8.377580409573),.UNSPECIFIED.) CURVE() 
GEOMETRIC_REPRESENTATION_ITEM() RATIONAL_B_SPLINE_CURVE((1.,0.5,1.,0.5,
1.,0.5,1.)) REPRESENTATION_ITEM('') );
#5828 = CARTESIAN_POINT('',(10.,39.7));
#5829 = CARTESIAN_POINT('',(12.944486372867,39.7));
#5830 = CARTESIAN_POINT('',(11.472243186434,37.15));
#5831 = CARTESIAN_POINT('',(10.,34.6));
#5832 = CARTESIAN_POINT('',(8.527756813566,37.15));
#5833 = CARTESIAN_POINT('',(7.055513627133,39.7));
#5834 = CARTESIAN_POINT('',(10.,39.7));
#5835 = ( GEOMETRIC_REPRESENTATION_CONTEXT(2) 
PARAMETRIC_REPRESENTATION_CONTEXT() REPRESENTATION_CONTEXT('2D SPACE',''
  ) );
#5836 = PCURVE('',#5837,#5842);
#5837 = CYLINDRICAL_SURFACE('',#5838,1.7);
#5838 = AXIS2_PLACEMENT_3D('',#5839,#5840,#5841);
#5839 = CARTESIAN_POINT('',(-100.,16.,20.));
#5840 = DIRECTION('',(0.,0.,-1.));
#5841 = DIRECTION('',(0.,1.,0.));
#5842 = DEFINITIONAL_REPRESENTATION('',(#5843),#5847);
#5843 = LINE('',#5844,#5845);
#5844 = CARTESIAN_POINT('',(0.,-9.));
#5845 = VECTOR('',#5846,1.);
#5846 = DIRECTION('',(1.,0.));
#5847 = ( GEOMETRIC_REPRESENTATION_CONTEXT(2) 
PARAMETRIC_REPRESENTATION_CONTEXT() REPRESENTATION_CONTEXT('2D SPACE',''
  ) );
#5848 = ORIENTED_EDGE('',*,*,#5849,.F.);
#5849 = EDGE_CURVE('',#5850,#5817,#5852,.T.);
#5850 = VERTEX_POINT('',#5851);
#5851 = CARTESIAN_POINT('',(-108.,14.3,29.));
#5852 = SURFACE_CURVE('',#5853,(#5857,#5863),.PCURVE_S1.);
#5853 = LINE('',#5854,#5855);
#5854 = CARTESIAN_POINT('',(-105.,14.3,29.));
#5855 = VECTOR('',#5856,1.);
#5856 = DIRECTION('',(1.,0.,-0.));
#5857 = PCURVE('',#5147,#5858);
#5858 = DEFINITIONAL_REPRESENTATION('',(#5859),#5862);
#5859 = B_SPLINE_CURVE_WITH_KNOTS('',1,(#5860,#5861),.UNSPECIFIED.,.F.,
  .F.,(2,2),(-3.,5.),.PIECEWISE_BEZIER_KNOTS.);
#5860 = CARTESIAN_POINT('',(2.,36.3));
#5861 = CARTESIAN_POINT('',(10.,36.3));
#5862 = ( GEOMETRIC_REPRESENTATION_CONTEXT(2) 
PARAMETRIC_REPRESENTATION_CONTEXT() REPRESENTATION_CONTEXT('2D SPACE',''
  ) );
#5863 = PCURVE('',#5864,#5869);
#5864 = PLANE('',#5865);
#5865 = AXIS2_PLACEMENT_3D('',#5866,#5867,#5868);
#5866 = CARTESIAN_POINT('',(-100.,14.3,20.));
#5867 = DIRECTION('',(0.,-1.,0.));
#5868 = DIRECTION('',(-1.,0.,0.));
#5869 = DEFINITIONAL_REPRESENTATION('',(#5870),#5873);
#5870 = B_SPLINE_CURVE_WITH_KNOTS('',1,(#5871,#5872),.UNSPECIFIED.,.F.,
  .F.,(2,2),(-3.,5.),.PIECEWISE_BEZIER_KNOTS.);
#5871 = CARTESIAN_POINT('',(8.,-9.));
#5872 = CARTESIAN_POINT('',(0.,-9.));
#5873 = ( GEOMETRIC_REPRESENTATION_CONTEXT(2) 
PARAMETRIC_REPRESENTATION_CONTEXT() REPRESENTATION_CONTEXT('2D SPACE',''
  ) );
#5874 = ORIENTED_EDGE('',*,*,#5875,.T.);
#5875 = EDGE_CURVE('',#5850,#5791,#5876,.T.);
#5876 = SURFACE_CURVE('',#5877,(#5882,#5893),.PCURVE_S1.);
#5877 = CIRCLE('',#5878,1.7);
#5878 = AXIS2_PLACEMENT_3D('',#5879,#5880,#5881);
#5879 = CARTESIAN_POINT('',(-108.,16.,29.));
#5880 = DIRECTION('',(0.,-0.,-1.));
#5881 = DIRECTION('',(0.,-1.,0.));
#5882 = PCURVE('',#5147,#5883);
#5883 = DEFINITIONAL_REPRESENTATION('',(#5884),#5892);
#5884 = ( BOUNDED_CURVE() B_SPLINE_CURVE(2,(#5885,#5886,#5887,#5888,
#5889,#5890,#5891),.UNSPECIFIED.,.T.,.F.) B_SPLINE_CURVE_WITH_KNOTS((1,2
    ,2,2,2,1),(-2.094395102393,0.,2.094395102393,4.188790204786,
6.28318530718,8.377580409573),.UNSPECIFIED.) CURVE() 
GEOMETRIC_REPRESENTATION_ITEM() RATIONAL_B_SPLINE_CURVE((1.,0.5,1.,0.5,
1.,0.5,1.)) REPRESENTATION_ITEM('') );
#5885 = CARTESIAN_POINT('',(2.,36.3));
#5886 = CARTESIAN_POINT('',(-0.944486372867,36.3));
#5887 = CARTESIAN_POINT('',(0.527756813566,38.85));
#5888 = CARTESIAN_POINT('',(2.,41.4));
#5889 = CARTESIAN_POINT('',(3.472243186434,38.85));
#5890 = CARTESIAN_POINT('',(4.944486372867,36.3));
#5891 = CARTESIAN_POINT('',(2.,36.3));
#5892 = ( GEOMETRIC_REPRESENTATION_CONTEXT(2) 
PARAMETRIC_REPRESENTATION_CONTEXT() REPRESENTATION_CONTEXT('2D SPACE',''
  ) );
#5893 = PCURVE('',#5894,#5899);
#5894 = CYLINDRICAL_SURFACE('',#5895,1.7);
#5895 = AXIS2_PLACEMENT_3D('',#5896,#5897,#5898);
#5896 = CARTESIAN_POINT('',(-108.,16.,20.));
#5897 = DIRECTION('',(0.,-0.,-1.));
#5898 = DIRECTION('',(0.,-1.,0.));
#5899 = DEFINITIONAL_REPRESENTATION('',(#5900),#5904);
#5900 = LINE('',#5901,#5902);
#5901 = CARTESIAN_POINT('',(0.,-9.));
#5902 = VECTOR('',#5903,1.);
#5903 = DIRECTION('',(1.,0.));
#5904 = ( GEOMETRIC_REPRESENTATION_CONTEXT(2) 
PARAMETRIC_REPRESENTATION_CONTEXT() REPRESENTATION_CONTEXT('2D SPACE',''
  ) );
#5905 = FACE_BOUND('',#5906,.T.);
#5906 = EDGE_LOOP('',(#5907));
#5907 = ORIENTED_EDGE('',*,*,#5908,.T.);
#5908 = EDGE_CURVE('',#5909,#5909,#5911,.T.);
#5909 = VERTEX_POINT('',#5910);
#5910 = CARTESIAN_POINT('',(-55.55,5.,29.));
#5911 = SURFACE_CURVE('',#5912,(#5917,#5928),.PCURVE_S1.);
#5912 = CIRCLE('',#5913,1.7);
#5913 = AXIS2_PLACEMENT_3D('',#5914,#5915,#5916);
#5914 = CARTESIAN_POINT('',(-57.25,5.,29.));
#5915 = DIRECTION('',(0.,0.,-1.));
#5916 = DIRECTION('',(1.,0.,0.));
#5917 = PCURVE('',#5147,#5918);
#5918 = DEFINITIONAL_REPRESENTATION('',(#5919),#5927);
#5919 = ( BOUNDED_CURVE() B_SPLINE_CURVE(2,(#5920,#5921,#5922,#5923,
#5924,#5925,#5926),.UNSPECIFIED.,.T.,.F.) B_SPLINE_CURVE_WITH_KNOTS((1,2
    ,2,2,2,1),(-2.094395102393,0.,2.094395102393,4.188790204786,
6.28318530718,8.377580409573),.UNSPECIFIED.) CURVE() 
GEOMETRIC_REPRESENTATION_ITEM() RATIONAL_B_SPLINE_CURVE((1.,0.5,1.,0.5,
1.,0.5,1.)) REPRESENTATION_ITEM('') );
#5920 = CARTESIAN_POINT('',(54.45,27.));
#5921 = CARTESIAN_POINT('',(54.45,24.055513627133));
#5922 = CARTESIAN_POINT('',(51.9,25.527756813566));
#5923 = CARTESIAN_POINT('',(49.35,27.));
#5924 = CARTESIAN_POINT('',(51.9,28.472243186434));
#5925 = CARTESIAN_POINT('',(54.45,29.944486372867));
#5926 = CARTESIAN_POINT('',(54.45,27.));
#5927 = ( GEOMETRIC_REPRESENTATION_CONTEXT(2) 
PARAMETRIC_REPRESENTATION_CONTEXT() REPRESENTATION_CONTEXT('2D SPACE',''
  ) );
#5928 = PCURVE('',#5929,#5934);
#5929 = CYLINDRICAL_SURFACE('',#5930,1.7);
#5930 = AXIS2_PLACEMENT_3D('',#5931,#5932,#5933);
#5931 = CARTESIAN_POINT('',(-57.25,5.,20.));
#5932 = DIRECTION('',(-0.,-0.,-1.));
#5933 = DIRECTION('',(1.,0.,0.));
#5934 = DEFINITIONAL_REPRESENTATION('',(#5935),#5939);
#5935 = LINE('',#5936,#5937);
#5936 = CARTESIAN_POINT('',(-6.28318530718,-9.));
#5937 = VECTOR('',#5938,1.);
#5938 = DIRECTION('',(1.,-0.));
#5939 = ( GEOMETRIC_REPRESENTATION_CONTEXT(2) 
PARAMETRIC_REPRESENTATION_CONTEXT() REPRESENTATION_CONTEXT('2D SPACE',''
  ) );
#5940 = FACE_BOUND('',#5941,.T.);
#5941 = EDGE_LOOP('',(#5942,#5970,#6003,#6029));
#5942 = ORIENTED_EDGE('',*,*,#5943,.F.);
#5943 = EDGE_CURVE('',#5944,#5946,#5948,.T.);
#5944 = VERTEX_POINT('',#5945);
#5945 = CARTESIAN_POINT('',(-56.,17.7,29.));
#5946 = VERTEX_POINT('',#5947);
#5947 = CARTESIAN_POINT('',(-64.,17.7,29.));
#5948 = SURFACE_CURVE('',#5949,(#5953,#5959),.PCURVE_S1.);
#5949 = LINE('',#5950,#5951);
#5950 = CARTESIAN_POINT('',(-87.,17.7,29.));
#5951 = VECTOR('',#5952,1.);
#5952 = DIRECTION('',(-1.,0.,0.));
#5953 = PCURVE('',#5147,#5954);
#5954 = DEFINITIONAL_REPRESENTATION('',(#5955),#5958);
#5955 = B_SPLINE_CURVE_WITH_KNOTS('',1,(#5956,#5957),.UNSPECIFIED.,.F.,
  .F.,(2,2),(-31.,-23.),.PIECEWISE_BEZIER_KNOTS.);
#5956 = CARTESIAN_POINT('',(54.,39.7));
#5957 = CARTESIAN_POINT('',(46.,39.7));
#5958 = ( GEOMETRIC_REPRESENTATION_CONTEXT(2) 
PARAMETRIC_REPRESENTATION_CONTEXT() REPRESENTATION_CONTEXT('2D SPACE',''
  ) );
#5959 = PCURVE('',#5960,#5965);
#5960 = PLANE('',#5961);
#5961 = AXIS2_PLACEMENT_3D('',#5962,#5963,#5964);
#5962 = CARTESIAN_POINT('',(-64.,17.7,20.));
#5963 = DIRECTION('',(0.,1.,0.));
#5964 = DIRECTION('',(1.,0.,0.));
#5965 = DEFINITIONAL_REPRESENTATION('',(#5966),#5969);
#5966 = B_SPLINE_CURVE_WITH_KNOTS('',1,(#5967,#5968),.UNSPECIFIED.,.F.,
  .F.,(2,2),(-31.,-23.),.PIECEWISE_BEZIER_KNOTS.);
#5967 = CARTESIAN_POINT('',(8.,-9.));
#5968 = CARTESIAN_POINT('',(0.,-9.));
#5969 = ( GEOMETRIC_REPRESENTATION_CONTEXT(2) 
PARAMETRIC_REPRESENTATION_CONTEXT() REPRESENTATION_CONTEXT('2D SPACE',''
  ) );
#5970 = ORIENTED_EDGE('',*,*,#5971,.T.);
#5971 = EDGE_CURVE('',#5944,#5972,#5974,.T.);
#5972 = VERTEX_POINT('',#5973);
#5973 = CARTESIAN_POINT('',(-56.,14.3,29.));
#5974 = SURFACE_CURVE('',#5975,(#5980,#5991),.PCURVE_S1.);
#5975 = CIRCLE('',#5976,1.7);
#5976 = AXIS2_PLACEMENT_3D('',#5977,#5978,#5979);
#5977 = CARTESIAN_POINT('',(-56.,16.,29.));
#5978 = DIRECTION('',(0.,0.,-1.));
#5979 = DIRECTION('',(0.,1.,0.));
#5980 = PCURVE('',#5147,#5981);
#5981 = DEFINITIONAL_REPRESENTATION('',(#5982),#5990);
#5982 = ( BOUNDED_CURVE() B_SPLINE_CURVE(2,(#5983,#5984,#5985,#5986,
#5987,#5988,#5989),.UNSPECIFIED.,.T.,.F.) B_SPLINE_CURVE_WITH_KNOTS((1,2
    ,2,2,2,1),(-2.094395102393,0.,2.094395102393,4.188790204786,
6.28318530718,8.377580409573),.UNSPECIFIED.) CURVE() 
GEOMETRIC_REPRESENTATION_ITEM() RATIONAL_B_SPLINE_CURVE((1.,0.5,1.,0.5,
1.,0.5,1.)) REPRESENTATION_ITEM('') );
#5983 = CARTESIAN_POINT('',(54.,39.7));
#5984 = CARTESIAN_POINT('',(56.944486372867,39.7));
#5985 = CARTESIAN_POINT('',(55.472243186434,37.15));
#5986 = CARTESIAN_POINT('',(54.,34.6));
#5987 = CARTESIAN_POINT('',(52.527756813566,37.15));
#5988 = CARTESIAN_POINT('',(51.055513627133,39.7));
#5989 = CARTESIAN_POINT('',(54.,39.7));
#5990 = ( GEOMETRIC_REPRESENTATION_CONTEXT(2) 
PARAMETRIC_REPRESENTATION_CONTEXT() REPRESENTATION_CONTEXT('2D SPACE',''
  ) );
#5991 = PCURVE('',#5992,#5997);
#5992 = CYLINDRICAL_SURFACE('',#5993,1.7);
#5993 = AXIS2_PLACEMENT_3D('',#5994,#5995,#5996);
#5994 = CARTESIAN_POINT('',(-56.,16.,20.));
#5995 = DIRECTION('',(0.,0.,-1.));
#5996 = DIRECTION('',(0.,1.,0.));
#5997 = DEFINITIONAL_REPRESENTATION('',(#5998),#6002);
#5998 = LINE('',#5999,#6000);
#5999 = CARTESIAN_POINT('',(0.,-9.));
#6000 = VECTOR('',#6001,1.);
#6001 = DIRECTION('',(1.,0.));
#6002 = ( GEOMETRIC_REPRESENTATION_CONTEXT(2) 
PARAMETRIC_REPRESENTATION_CONTEXT() REPRESENTATION_CONTEXT('2D SPACE',''
  ) );
#6003 = ORIENTED_EDGE('',*,*,#6004,.F.);
#6004 = EDGE_CURVE('',#6005,#5972,#6007,.T.);
#6005 = VERTEX_POINT('',#6006);
#6006 = CARTESIAN_POINT('',(-64.,14.3,29.));
#6007 = SURFACE_CURVE('',#6008,(#6012,#6018),.PCURVE_S1.);
#6008 = LINE('',#6009,#6010);
#6009 = CARTESIAN_POINT('',(-83.,14.3,29.));
#6010 = VECTOR('',#6011,1.);
#6011 = DIRECTION('',(1.,0.,-0.));
#6012 = PCURVE('',#5147,#6013);
#6013 = DEFINITIONAL_REPRESENTATION('',(#6014),#6017);
#6014 = B_SPLINE_CURVE_WITH_KNOTS('',1,(#6015,#6016),.UNSPECIFIED.,.F.,
  .F.,(2,2),(19.,27.),.PIECEWISE_BEZIER_KNOTS.);
#6015 = CARTESIAN_POINT('',(46.,36.3));
#6016 = CARTESIAN_POINT('',(54.,36.3));
#6017 = ( GEOMETRIC_REPRESENTATION_CONTEXT(2) 
PARAMETRIC_REPRESENTATION_CONTEXT() REPRESENTATION_CONTEXT('2D SPACE',''
  ) );
#6018 = PCURVE('',#6019,#6024);
#6019 = PLANE('',#6020);
#6020 = AXIS2_PLACEMENT_3D('',#6021,#6022,#6023);
#6021 = CARTESIAN_POINT('',(-56.,14.3,20.));
#6022 = DIRECTION('',(0.,-1.,0.));
#6023 = DIRECTION('',(-1.,0.,0.));
#6024 = DEFINITIONAL_REPRESENTATION('',(#6025),#6028);
#6025 = B_SPLINE_CURVE_WITH_KNOTS('',1,(#6026,#6027),.UNSPECIFIED.,.F.,
  .F.,(2,2),(19.,27.),.PIECEWISE_BEZIER_KNOTS.);
#6026 = CARTESIAN_POINT('',(8.,-9.));
#6027 = CARTESIAN_POINT('',(0.,-9.));
#6028 = ( GEOMETRIC_REPRESENTATION_CONTEXT(2) 
PARAMETRIC_REPRESENTATION_CONTEXT() REPRESENTATION_CONTEXT('2D SPACE',''
  ) );
#6029 = ORIENTED_EDGE('',*,*,#6030,.T.);
#6030 = EDGE_CURVE('',#6005,#5946,#6031,.T.);
#6031 = SURFACE_CURVE('',#6032,(#6037,#6048),.PCURVE_S1.);
#6032 = CIRCLE('',#6033,1.7);
#6033 = AXIS2_PLACEMENT_3D('',#6034,#6035,#6036);
#6034 = CARTESIAN_POINT('',(-64.,16.,29.));
#6035 = DIRECTION('',(0.,-0.,-1.));
#6036 = DIRECTION('',(0.,-1.,0.));
#6037 = PCURVE('',#5147,#6038);
#6038 = DEFINITIONAL_REPRESENTATION('',(#6039),#6047);
#6039 = ( BOUNDED_CURVE() B_SPLINE_CURVE(2,(#6040,#6041,#6042,#6043,
#6044,#6045,#6046),.UNSPECIFIED.,.T.,.F.) B_SPLINE_CURVE_WITH_KNOTS((1,2
    ,2,2,2,1),(-2.094395102393,0.,2.094395102393,4.188790204786,
6.28318530718,8.377580409573),.UNSPECIFIED.) CURVE() 
GEOMETRIC_REPRESENTATION_ITEM() RATIONAL_B_SPLINE_CURVE((1.,0.5,1.,0.5,
1.,0.5,1.)) REPRESENTATION_ITEM('') );
#6040 = CARTESIAN_POINT('',(46.,36.3));
#6041 = CARTESIAN_POINT('',(43.055513627133,36.3));
#6042 = CARTESIAN_POINT('',(44.527756813566,38.85));
#6043 = CARTESIAN_POINT('',(46.,41.4));
#6044 = CARTESIAN_POINT('',(47.472243186434,38.85));
#6045 = CARTESIAN_POINT('',(48.944486372867,36.3));
#6046 = CARTESIAN_POINT('',(46.,36.3));
#6047 = ( GEOMETRIC_REPRESENTATION_CONTEXT(2) 
PARAMETRIC_REPRESENTATION_CONTEXT() REPRESENTATION_CONTEXT('2D SPACE',''
  ) );
#6048 = PCURVE('',#6049,#6054);
#6049 = CYLINDRICAL_SURFACE('',#6050,1.7);
#6050 = AXIS2_PLACEMENT_3D('',#6051,#6052,#6053);
#6051 = CARTESIAN_POINT('',(-64.,16.,20.));
#6052 = DIRECTION('',(0.,-0.,-1.));
#6053 = DIRECTION('',(0.,-1.,0.));
#6054 = DEFINITIONAL_REPRESENTATION('',(#6055),#6059);
#6055 = LINE('',#6056,#6057);
#6056 = CARTESIAN_POINT('',(0.,-9.));
#6057 = VECTOR('',#6058,1.);
#6058 = DIRECTION('',(1.,0.));
#6059 = ( GEOMETRIC_REPRESENTATION_CONTEXT(2) 
PARAMETRIC_REPRESENTATION_CONTEXT() REPRESENTATION_CONTEXT('2D SPACE',''
  ) );
#6060 = FACE_BOUND('',#6061,.T.);
#6061 = EDGE_LOOP('',(#6062,#6090,#6123,#6149,#6182,#6208,#6237,#6263));
#6062 = ORIENTED_EDGE('',*,*,#6063,.T.);
#6063 = EDGE_CURVE('',#6064,#6066,#6068,.T.);
#6064 = VERTEX_POINT('',#6065);
#6065 = CARTESIAN_POINT('',(-62.25,-10.75,29.));
#6066 = VERTEX_POINT('',#6067);
#6067 = CARTESIAN_POINT('',(-101.75,-10.75,29.));
#6068 = SURFACE_CURVE('',#6069,(#6073,#6079),.PCURVE_S1.);
#6069 = LINE('',#6070,#6071);
#6070 = CARTESIAN_POINT('',(-106.375,-10.75,29.));
#6071 = VECTOR('',#6072,1.);
#6072 = DIRECTION('',(-1.,0.,0.));
#6073 = PCURVE('',#5147,#6074);
#6074 = DEFINITIONAL_REPRESENTATION('',(#6075),#6078);
#6075 = B_SPLINE_CURVE_WITH_KNOTS('',1,(#6076,#6077),.UNSPECIFIED.,.F.,
  .F.,(2,2),(-45.125,-3.625),.PIECEWISE_BEZIER_KNOTS.);
#6076 = CARTESIAN_POINT('',(48.75,11.25));
#6077 = CARTESIAN_POINT('',(7.25,11.25));
#6078 = ( GEOMETRIC_REPRESENTATION_CONTEXT(2) 
PARAMETRIC_REPRESENTATION_CONTEXT() REPRESENTATION_CONTEXT('2D SPACE',''
  ) );
#6079 = PCURVE('',#6080,#6085);
#6080 = PLANE('',#6081);
#6081 = AXIS2_PLACEMENT_3D('',#6082,#6083,#6084);
#6082 = CARTESIAN_POINT('',(-102.75,-10.75,15.));
#6083 = DIRECTION('',(0.,1.,0.));
#6084 = DIRECTION('',(0.,0.,1.));
#6085 = DEFINITIONAL_REPRESENTATION('',(#6086),#6089);
#6086 = B_SPLINE_CURVE_WITH_KNOTS('',1,(#6087,#6088),.UNSPECIFIED.,.F.,
  .F.,(2,2),(-45.125,-3.625),.PIECEWISE_BEZIER_KNOTS.);
#6087 = CARTESIAN_POINT('',(14.,41.5));
#6088 = CARTESIAN_POINT('',(14.,0.));
#6089 = ( GEOMETRIC_REPRESENTATION_CONTEXT(2) 
PARAMETRIC_REPRESENTATION_CONTEXT() REPRESENTATION_CONTEXT('2D SPACE',''
  ) );
#6090 = ORIENTED_EDGE('',*,*,#6091,.T.);
#6091 = EDGE_CURVE('',#6066,#6092,#6094,.T.);
#6092 = VERTEX_POINT('',#6093);
#6093 = CARTESIAN_POINT('',(-102.75,-9.75,29.));
#6094 = SURFACE_CURVE('',#6095,(#6100,#6111),.PCURVE_S1.);
#6095 = CIRCLE('',#6096,1.);
#6096 = AXIS2_PLACEMENT_3D('',#6097,#6098,#6099);
#6097 = CARTESIAN_POINT('',(-101.75,-9.75,29.));
#6098 = DIRECTION('',(-0.,-0.,-1.));
#6099 = DIRECTION('',(0.,-1.,0.));
#6100 = PCURVE('',#5147,#6101);
#6101 = DEFINITIONAL_REPRESENTATION('',(#6102),#6110);
#6102 = ( BOUNDED_CURVE() B_SPLINE_CURVE(2,(#6103,#6104,#6105,#6106,
#6107,#6108,#6109),.UNSPECIFIED.,.T.,.F.) B_SPLINE_CURVE_WITH_KNOTS((1,2
    ,2,2,2,1),(-2.094395102393,0.,2.094395102393,4.188790204786,
6.28318530718,8.377580409573),.UNSPECIFIED.) CURVE() 
GEOMETRIC_REPRESENTATION_ITEM() RATIONAL_B_SPLINE_CURVE((1.,0.5,1.,0.5,
1.,0.5,1.)) REPRESENTATION_ITEM('') );
#6103 = CARTESIAN_POINT('',(8.25,11.25));
#6104 = CARTESIAN_POINT('',(6.517949192431,11.25));
#6105 = CARTESIAN_POINT('',(7.383974596216,12.75));
#6106 = CARTESIAN_POINT('',(8.25,14.25));
#6107 = CARTESIAN_POINT('',(9.116025403784,12.75));
#6108 = CARTESIAN_POINT('',(9.982050807569,11.25));
#6109 = CARTESIAN_POINT('',(8.25,11.25));
#6110 = ( GEOMETRIC_REPRESENTATION_CONTEXT(2) 
PARAMETRIC_REPRESENTATION_CONTEXT() REPRESENTATION_CONTEXT('2D SPACE',''
  ) );
#6111 = PCURVE('',#6112,#6117);
#6112 = CYLINDRICAL_SURFACE('',#6113,1.);
#6113 = AXIS2_PLACEMENT_3D('',#6114,#6115,#6116);
#6114 = CARTESIAN_POINT('',(-101.75,-9.75,25.));
#6115 = DIRECTION('',(0.,0.,1.));
#6116 = DIRECTION('',(0.,-1.,0.));
#6117 = DEFINITIONAL_REPRESENTATION('',(#6118),#6122);
#6118 = LINE('',#6119,#6120);
#6119 = CARTESIAN_POINT('',(-0.,4.));
#6120 = VECTOR('',#6121,1.);
#6121 = DIRECTION('',(-1.,0.));
#6122 = ( GEOMETRIC_REPRESENTATION_CONTEXT(2) 
PARAMETRIC_REPRESENTATION_CONTEXT() REPRESENTATION_CONTEXT('2D SPACE',''
  ) );
#6123 = ORIENTED_EDGE('',*,*,#6124,.T.);
#6124 = EDGE_CURVE('',#6092,#6125,#6127,.T.);
#6125 = VERTEX_POINT('',#6126);
#6126 = CARTESIAN_POINT('',(-102.75,9.75,29.));
#6127 = SURFACE_CURVE('',#6128,(#6132,#6138),.PCURVE_S1.);
#6128 = LINE('',#6129,#6130);
#6129 = CARTESIAN_POINT('',(-102.75,-16.375,29.));
#6130 = VECTOR('',#6131,1.);
#6131 = DIRECTION('',(0.,1.,0.));
#6132 = PCURVE('',#5147,#6133);
#6133 = DEFINITIONAL_REPRESENTATION('',(#6134),#6137);
#6134 = B_SPLINE_CURVE_WITH_KNOTS('',1,(#6135,#6136),.UNSPECIFIED.,.F.,
  .F.,(2,2),(5.625,27.125),.PIECEWISE_BEZIER_KNOTS.);
#6135 = CARTESIAN_POINT('',(7.25,11.25));
#6136 = CARTESIAN_POINT('',(7.25,32.75));
#6137 = ( GEOMETRIC_REPRESENTATION_CONTEXT(2) 
PARAMETRIC_REPRESENTATION_CONTEXT() REPRESENTATION_CONTEXT('2D SPACE',''
  ) );
#6138 = PCURVE('',#6139,#6144);
#6139 = PLANE('',#6140);
#6140 = AXIS2_PLACEMENT_3D('',#6141,#6142,#6143);
#6141 = CARTESIAN_POINT('',(-102.75,-10.75,15.));
#6142 = DIRECTION('',(1.,0.,0.));
#6143 = DIRECTION('',(0.,0.,1.));
#6144 = DEFINITIONAL_REPRESENTATION('',(#6145),#6148);
#6145 = B_SPLINE_CURVE_WITH_KNOTS('',1,(#6146,#6147),.UNSPECIFIED.,.F.,
  .F.,(2,2),(5.625,27.125),.PIECEWISE_BEZIER_KNOTS.);
#6146 = CARTESIAN_POINT('',(14.,0.));
#6147 = CARTESIAN_POINT('',(14.,-21.5));
#6148 = ( GEOMETRIC_REPRESENTATION_CONTEXT(2) 
PARAMETRIC_REPRESENTATION_CONTEXT() REPRESENTATION_CONTEXT('2D SPACE',''
  ) );
#6149 = ORIENTED_EDGE('',*,*,#6150,.T.);
#6150 = EDGE_CURVE('',#6125,#6151,#6153,.T.);
#6151 = VERTEX_POINT('',#6152);
#6152 = CARTESIAN_POINT('',(-101.75,10.75,29.));
#6153 = SURFACE_CURVE('',#6154,(#6159,#6170),.PCURVE_S1.);
#6154 = CIRCLE('',#6155,1.);
#6155 = AXIS2_PLACEMENT_3D('',#6156,#6157,#6158);
#6156 = CARTESIAN_POINT('',(-101.75,9.75,29.));
#6157 = DIRECTION('',(-0.,-0.,-1.));
#6158 = DIRECTION('',(0.,-1.,0.));
#6159 = PCURVE('',#5147,#6160);
#6160 = DEFINITIONAL_REPRESENTATION('',(#6161),#6169);
#6161 = ( BOUNDED_CURVE() B_SPLINE_CURVE(2,(#6162,#6163,#6164,#6165,
#6166,#6167,#6168),.UNSPECIFIED.,.T.,.F.) B_SPLINE_CURVE_WITH_KNOTS((1,2
    ,2,2,2,1),(-2.094395102393,0.,2.094395102393,4.188790204786,
6.28318530718,8.377580409573),.UNSPECIFIED.) CURVE() 
GEOMETRIC_REPRESENTATION_ITEM() RATIONAL_B_SPLINE_CURVE((1.,0.5,1.,0.5,
1.,0.5,1.)) REPRESENTATION_ITEM('') );
#6162 = CARTESIAN_POINT('',(8.25,30.75));
#6163 = CARTESIAN_POINT('',(6.517949192431,30.75));
#6164 = CARTESIAN_POINT('',(7.383974596216,32.25));
#6165 = CARTESIAN_POINT('',(8.25,33.75));
#6166 = CARTESIAN_POINT('',(9.116025403784,32.25));
#6167 = CARTESIAN_POINT('',(9.982050807569,30.75));
#6168 = CARTESIAN_POINT('',(8.25,30.75));
#6169 = ( GEOMETRIC_REPRESENTATION_CONTEXT(2) 
PARAMETRIC_REPRESENTATION_CONTEXT() REPRESENTATION_CONTEXT('2D SPACE',''
  ) );
#6170 = PCURVE('',#6171,#6176);
#6171 = CYLINDRICAL_SURFACE('',#6172,1.);
#6172 = AXIS2_PLACEMENT_3D('',#6173,#6174,#6175);
#6173 = CARTESIAN_POINT('',(-101.75,9.75,25.));
#6174 = DIRECTION('',(0.,0.,1.));
#6175 = DIRECTION('',(-1.,-0.,0.));
#6176 = DEFINITIONAL_REPRESENTATION('',(#6177),#6181);
#6177 = LINE('',#6178,#6179);
#6178 = CARTESIAN_POINT('',(1.570796326795,4.));
#6179 = VECTOR('',#6180,1.);
#6180 = DIRECTION('',(-1.,0.));
#6181 = ( GEOMETRIC_REPRESENTATION_CONTEXT(2) 
PARAMETRIC_REPRESENTATION_CONTEXT() REPRESENTATION_CONTEXT('2D SPACE',''
  ) );
#6182 = ORIENTED_EDGE('',*,*,#6183,.F.);
#6183 = EDGE_CURVE('',#6184,#6151,#6186,.T.);
#6184 = VERTEX_POINT('',#6185);
#6185 = CARTESIAN_POINT('',(-62.25,10.75,29.));
#6186 = SURFACE_CURVE('',#6187,(#6191,#6197),.PCURVE_S1.);
#6187 = LINE('',#6188,#6189);
#6188 = CARTESIAN_POINT('',(-106.375,10.75,29.));
#6189 = VECTOR('',#6190,1.);
#6190 = DIRECTION('',(-1.,0.,0.));
#6191 = PCURVE('',#5147,#6192);
#6192 = DEFINITIONAL_REPRESENTATION('',(#6193),#6196);
#6193 = B_SPLINE_CURVE_WITH_KNOTS('',1,(#6194,#6195),.UNSPECIFIED.,.F.,
  .F.,(2,2),(-45.125,-3.625),.PIECEWISE_BEZIER_KNOTS.);
#6194 = CARTESIAN_POINT('',(48.75,32.75));
#6195 = CARTESIAN_POINT('',(7.25,32.75));
#6196 = ( GEOMETRIC_REPRESENTATION_CONTEXT(2) 
PARAMETRIC_REPRESENTATION_CONTEXT() REPRESENTATION_CONTEXT('2D SPACE',''
  ) );
#6197 = PCURVE('',#6198,#6203);
#6198 = PLANE('',#6199);
#6199 = AXIS2_PLACEMENT_3D('',#6200,#6201,#6202);
#6200 = CARTESIAN_POINT('',(-102.75,10.75,15.));
#6201 = DIRECTION('',(0.,1.,0.));
#6202 = DIRECTION('',(0.,0.,1.));
#6203 = DEFINITIONAL_REPRESENTATION('',(#6204),#6207);
#6204 = B_SPLINE_CURVE_WITH_KNOTS('',1,(#6205,#6206),.UNSPECIFIED.,.F.,
  .F.,(2,2),(-45.125,-3.625),.PIECEWISE_BEZIER_KNOTS.);
#6205 = CARTESIAN_POINT('',(14.,41.5));
#6206 = CARTESIAN_POINT('',(14.,0.));
#6207 = ( GEOMETRIC_REPRESENTATION_CONTEXT(2) 
PARAMETRIC_REPRESENTATION_CONTEXT() REPRESENTATION_CONTEXT('2D SPACE',''
  ) );
#6208 = ORIENTED_EDGE('',*,*,#6209,.F.);
#6209 = EDGE_CURVE('',#6210,#6184,#6212,.T.);
#6210 = VERTEX_POINT('',#6211);
#6211 = CARTESIAN_POINT('',(-61.25,9.75,29.));
#6212 = SURFACE_CURVE('',#6213,(#6218,#6225),.PCURVE_S1.);
#6213 = CIRCLE('',#6214,1.);
#6214 = AXIS2_PLACEMENT_3D('',#6215,#6216,#6217);
#6215 = CARTESIAN_POINT('',(-62.25,9.75,29.));
#6216 = DIRECTION('',(0.,0.,1.));
#6217 = DIRECTION('',(0.,-1.,0.));
#6218 = PCURVE('',#5147,#6219);
#6219 = DEFINITIONAL_REPRESENTATION('',(#6220),#6224);
#6220 = CIRCLE('',#6221,1.);
#6221 = AXIS2_PLACEMENT_2D('',#6222,#6223);
#6222 = CARTESIAN_POINT('',(47.75,31.75));
#6223 = DIRECTION('',(0.,-1.));
#6224 = ( GEOMETRIC_REPRESENTATION_CONTEXT(2) 
PARAMETRIC_REPRESENTATION_CONTEXT() REPRESENTATION_CONTEXT('2D SPACE',''
  ) );
#6225 = PCURVE('',#6226,#6231);
#6226 = CYLINDRICAL_SURFACE('',#6227,1.);
#6227 = AXIS2_PLACEMENT_3D('',#6228,#6229,#6230);
#6228 = CARTESIAN_POINT('',(-62.25,9.75,25.));
#6229 = DIRECTION('',(0.,0.,1.));
#6230 = DIRECTION('',(1.,0.,-0.));
#6231 = DEFINITIONAL_REPRESENTATION('',(#6232),#6236);
#6232 = LINE('',#6233,#6234);
#6233 = CARTESIAN_POINT('',(-1.570796326795,4.));
#6234 = VECTOR('',#6235,1.);
#6235 = DIRECTION('',(1.,0.));
#6236 = ( GEOMETRIC_REPRESENTATION_CONTEXT(2) 
PARAMETRIC_REPRESENTATION_CONTEXT() REPRESENTATION_CONTEXT('2D SPACE',''
  ) );
#6237 = ORIENTED_EDGE('',*,*,#6238,.F.);
#6238 = EDGE_CURVE('',#6239,#6210,#6241,.T.);
#6239 = VERTEX_POINT('',#6240);
#6240 = CARTESIAN_POINT('',(-61.25,-9.75,29.));
#6241 = SURFACE_CURVE('',#6242,(#6246,#6252),.PCURVE_S1.);
#6242 = LINE('',#6243,#6244);
#6243 = CARTESIAN_POINT('',(-61.25,-16.375,29.));
#6244 = VECTOR('',#6245,1.);
#6245 = DIRECTION('',(0.,1.,0.));
#6246 = PCURVE('',#5147,#6247);
#6247 = DEFINITIONAL_REPRESENTATION('',(#6248),#6251);
#6248 = B_SPLINE_CURVE_WITH_KNOTS('',1,(#6249,#6250),.UNSPECIFIED.,.F.,
  .F.,(2,2),(5.625,27.125),.PIECEWISE_BEZIER_KNOTS.);
#6249 = CARTESIAN_POINT('',(48.75,11.25));
#6250 = CARTESIAN_POINT('',(48.75,32.75));
#6251 = ( GEOMETRIC_REPRESENTATION_CONTEXT(2) 
PARAMETRIC_REPRESENTATION_CONTEXT() REPRESENTATION_CONTEXT('2D SPACE',''
  ) );
#6252 = PCURVE('',#6253,#6258);
#6253 = PLANE('',#6254);
#6254 = AXIS2_PLACEMENT_3D('',#6255,#6256,#6257);
#6255 = CARTESIAN_POINT('',(-61.25,-10.75,15.));
#6256 = DIRECTION('',(1.,0.,0.));
#6257 = DIRECTION('',(0.,0.,1.));
#6258 = DEFINITIONAL_REPRESENTATION('',(#6259),#6262);
#6259 = B_SPLINE_CURVE_WITH_KNOTS('',1,(#6260,#6261),.UNSPECIFIED.,.F.,
  .F.,(2,2),(5.625,27.125),.PIECEWISE_BEZIER_KNOTS.);
#6260 = CARTESIAN_POINT('',(14.,0.));
#6261 = CARTESIAN_POINT('',(14.,-21.5));
#6262 = ( GEOMETRIC_REPRESENTATION_CONTEXT(2) 
PARAMETRIC_REPRESENTATION_CONTEXT() REPRESENTATION_CONTEXT('2D SPACE',''
  ) );
#6263 = ORIENTED_EDGE('',*,*,#6264,.F.);
#6264 = EDGE_CURVE('',#6064,#6239,#6265,.T.);
#6265 = SURFACE_CURVE('',#6266,(#6271,#6278),.PCURVE_S1.);
#6266 = CIRCLE('',#6267,1.);
#6267 = AXIS2_PLACEMENT_3D('',#6268,#6269,#6270);
#6268 = CARTESIAN_POINT('',(-62.25,-9.75,29.));
#6269 = DIRECTION('',(0.,0.,1.));
#6270 = DIRECTION('',(0.,-1.,0.));
#6271 = PCURVE('',#5147,#6272);
#6272 = DEFINITIONAL_REPRESENTATION('',(#6273),#6277);
#6273 = CIRCLE('',#6274,1.);
#6274 = AXIS2_PLACEMENT_2D('',#6275,#6276);
#6275 = CARTESIAN_POINT('',(47.75,12.25));
#6276 = DIRECTION('',(0.,-1.));
#6277 = ( GEOMETRIC_REPRESENTATION_CONTEXT(2) 
PARAMETRIC_REPRESENTATION_CONTEXT() REPRESENTATION_CONTEXT('2D SPACE',''
  ) );
#6278 = PCURVE('',#6279,#6284);
#6279 = CYLINDRICAL_SURFACE('',#6280,1.);
#6280 = AXIS2_PLACEMENT_3D('',#6281,#6282,#6283);
#6281 = CARTESIAN_POINT('',(-62.25,-9.75,25.));
#6282 = DIRECTION('',(0.,0.,1.));
#6283 = DIRECTION('',(0.,-1.,0.));
#6284 = DEFINITIONAL_REPRESENTATION('',(#6285),#6289);
#6285 = LINE('',#6286,#6287);
#6286 = CARTESIAN_POINT('',(0.,4.));
#6287 = VECTOR('',#6288,1.);
#6288 = DIRECTION('',(1.,0.));
#6289 = ( GEOMETRIC_REPRESENTATION_CONTEXT(2) 
PARAMETRIC_REPRESENTATION_CONTEXT() REPRESENTATION_CONTEXT('2D SPACE',''
  ) );
#6290 = ADVANCED_FACE('',(#6291),#5175,.T.);
#6291 = FACE_BOUND('',#6292,.T.);
#6292 = EDGE_LOOP('',(#6293,#6317,#6338,#6339));
#6293 = ORIENTED_EDGE('',*,*,#6294,.T.);
#6294 = EDGE_CURVE('',#5160,#6295,#6297,.T.);
#6295 = VERTEX_POINT('',#6296);
#6296 = CARTESIAN_POINT('',(-109.,-22.,25.));
#6297 = SURFACE_CURVE('',#6298,(#6303,#6310),.PCURVE_S1.);
#6298 = CIRCLE('',#6299,1.);
#6299 = AXIS2_PLACEMENT_3D('',#6300,#6301,#6302);
#6300 = CARTESIAN_POINT('',(-109.,-21.,25.));
#6301 = DIRECTION('',(0.,0.,1.));
#6302 = DIRECTION('',(0.,-1.,0.));
#6303 = PCURVE('',#5175,#6304);
#6304 = DEFINITIONAL_REPRESENTATION('',(#6305),#6309);
#6305 = LINE('',#6306,#6307);
#6306 = CARTESIAN_POINT('',(-4.712388980385,0.));
#6307 = VECTOR('',#6308,1.);
#6308 = DIRECTION('',(1.,0.));
#6309 = ( GEOMETRIC_REPRESENTATION_CONTEXT(2) 
PARAMETRIC_REPRESENTATION_CONTEXT() REPRESENTATION_CONTEXT('2D SPACE',''
  ) );
#6310 = PCURVE('',#5203,#6311);
#6311 = DEFINITIONAL_REPRESENTATION('',(#6312),#6316);
#6312 = CIRCLE('',#6313,1.);
#6313 = AXIS2_PLACEMENT_2D('',#6314,#6315);
#6314 = CARTESIAN_POINT('',(1.,1.));
#6315 = DIRECTION('',(0.,-1.));
#6316 = ( GEOMETRIC_REPRESENTATION_CONTEXT(2) 
PARAMETRIC_REPRESENTATION_CONTEXT() REPRESENTATION_CONTEXT('2D SPACE',''
  ) );
#6317 = ORIENTED_EDGE('',*,*,#6318,.T.);
#6318 = EDGE_CURVE('',#6295,#5246,#6319,.T.);
#6319 = SURFACE_CURVE('',#6320,(#6324,#6331),.PCURVE_S1.);
#6320 = LINE('',#6321,#6322);
#6321 = CARTESIAN_POINT('',(-109.,-22.,25.));
#6322 = VECTOR('',#6323,1.);
#6323 = DIRECTION('',(0.,0.,1.));
#6324 = PCURVE('',#5175,#6325);
#6325 = DEFINITIONAL_REPRESENTATION('',(#6326),#6330);
#6326 = LINE('',#6327,#6328);
#6327 = CARTESIAN_POINT('',(1.570796326795,0.));
#6328 = VECTOR('',#6329,1.);
#6329 = DIRECTION('',(0.,1.));
#6330 = ( GEOMETRIC_REPRESENTATION_CONTEXT(2) 
PARAMETRIC_REPRESENTATION_CONTEXT() REPRESENTATION_CONTEXT('2D SPACE',''
  ) );
#6331 = PCURVE('',#5285,#6332);
#6332 = DEFINITIONAL_REPRESENTATION('',(#6333),#6337);
#6333 = LINE('',#6334,#6335);
#6334 = CARTESIAN_POINT('',(0.,1.));
#6335 = VECTOR('',#6336,1.);
#6336 = DIRECTION('',(1.,0.));
#6337 = ( GEOMETRIC_REPRESENTATION_CONTEXT(2) 
PARAMETRIC_REPRESENTATION_CONTEXT() REPRESENTATION_CONTEXT('2D SPACE',''
  ) );
#6338 = ORIENTED_EDGE('',*,*,#5245,.F.);
#6339 = ORIENTED_EDGE('',*,*,#5159,.F.);
#6340 = ADVANCED_FACE('',(#6341),#5229,.T.);
#6341 = FACE_BOUND('',#6342,.F.);
#6342 = EDGE_LOOP('',(#6343,#6371,#6392,#6393));
#6343 = ORIENTED_EDGE('',*,*,#6344,.T.);
#6344 = EDGE_CURVE('',#5188,#6345,#6347,.T.);
#6345 = VERTEX_POINT('',#6346);
#6346 = CARTESIAN_POINT('',(-109.,22.,25.));
#6347 = SURFACE_CURVE('',#6348,(#6353,#6360),.PCURVE_S1.);
#6348 = CIRCLE('',#6349,1.);
#6349 = AXIS2_PLACEMENT_3D('',#6350,#6351,#6352);
#6350 = CARTESIAN_POINT('',(-109.,21.,25.));
#6351 = DIRECTION('',(-0.,-0.,-1.));
#6352 = DIRECTION('',(0.,-1.,0.));
#6353 = PCURVE('',#5229,#6354);
#6354 = DEFINITIONAL_REPRESENTATION('',(#6355),#6359);
#6355 = LINE('',#6356,#6357);
#6356 = CARTESIAN_POINT('',(1.570796326795,-0.));
#6357 = VECTOR('',#6358,1.);
#6358 = DIRECTION('',(-1.,0.));
#6359 = ( GEOMETRIC_REPRESENTATION_CONTEXT(2) 
PARAMETRIC_REPRESENTATION_CONTEXT() REPRESENTATION_CONTEXT('2D SPACE',''
  ) );
#6360 = PCURVE('',#5203,#6361);
#6361 = DEFINITIONAL_REPRESENTATION('',(#6362),#6370);
#6362 = ( BOUNDED_CURVE() B_SPLINE_CURVE(2,(#6363,#6364,#6365,#6366,
#6367,#6368,#6369),.UNSPECIFIED.,.T.,.F.) B_SPLINE_CURVE_WITH_KNOTS((1,2
    ,2,2,2,1),(-2.094395102393,0.,2.094395102393,4.188790204786,
6.28318530718,8.377580409573),.UNSPECIFIED.) CURVE() 
GEOMETRIC_REPRESENTATION_ITEM() RATIONAL_B_SPLINE_CURVE((1.,0.5,1.,0.5,
1.,0.5,1.)) REPRESENTATION_ITEM('') );
#6363 = CARTESIAN_POINT('',(1.,42.));
#6364 = CARTESIAN_POINT('',(-0.732050807569,42.));
#6365 = CARTESIAN_POINT('',(0.133974596216,43.5));
#6366 = CARTESIAN_POINT('',(1.,45.));
#6367 = CARTESIAN_POINT('',(1.866025403784,43.5));
#6368 = CARTESIAN_POINT('',(2.732050807569,42.));
#6369 = CARTESIAN_POINT('',(1.,42.));
#6370 = ( GEOMETRIC_REPRESENTATION_CONTEXT(2) 
PARAMETRIC_REPRESENTATION_CONTEXT() REPRESENTATION_CONTEXT('2D SPACE',''
  ) );
#6371 = ORIENTED_EDGE('',*,*,#6372,.T.);
#6372 = EDGE_CURVE('',#6345,#5388,#6373,.T.);
#6373 = SURFACE_CURVE('',#6374,(#6378,#6385),.PCURVE_S1.);
#6374 = LINE('',#6375,#6376);
#6375 = CARTESIAN_POINT('',(-109.,22.,25.));
#6376 = VECTOR('',#6377,1.);
#6377 = DIRECTION('',(0.,0.,1.));
#6378 = PCURVE('',#5229,#6379);
#6379 = DEFINITIONAL_REPRESENTATION('',(#6380),#6384);
#6380 = LINE('',#6381,#6382);
#6381 = CARTESIAN_POINT('',(-1.570796326795,0.));
#6382 = VECTOR('',#6383,1.);
#6383 = DIRECTION('',(-0.,1.));
#6384 = ( GEOMETRIC_REPRESENTATION_CONTEXT(2) 
PARAMETRIC_REPRESENTATION_CONTEXT() REPRESENTATION_CONTEXT('2D SPACE',''
  ) );
#6385 = PCURVE('',#5403,#6386);
#6386 = DEFINITIONAL_REPRESENTATION('',(#6387),#6391);
#6387 = LINE('',#6388,#6389);
#6388 = CARTESIAN_POINT('',(0.,1.));
#6389 = VECTOR('',#6390,1.);
#6390 = DIRECTION('',(1.,0.));
#6391 = ( GEOMETRIC_REPRESENTATION_CONTEXT(2) 
PARAMETRIC_REPRESENTATION_CONTEXT() REPRESENTATION_CONTEXT('2D SPACE',''
  ) );
#6392 = ORIENTED_EDGE('',*,*,#5415,.F.);
#6393 = ORIENTED_EDGE('',*,*,#5215,.F.);
#6394 = ADVANCED_FACE('',(#6395,#6519,#6619,#6649,#6749,#6779,#6809,
    #6909,#6939,#7039),#5203,.F.);
#6395 = FACE_BOUND('',#6396,.F.);
#6396 = EDGE_LOOP('',(#6397,#6398,#6399,#6422,#6446,#6469,#6497,#6518));
#6397 = ORIENTED_EDGE('',*,*,#5187,.F.);
#6398 = ORIENTED_EDGE('',*,*,#6294,.T.);
#6399 = ORIENTED_EDGE('',*,*,#6400,.T.);
#6400 = EDGE_CURVE('',#6295,#6401,#6403,.T.);
#6401 = VERTEX_POINT('',#6402);
#6402 = CARTESIAN_POINT('',(-52.05,-22.,25.));
#6403 = SURFACE_CURVE('',#6404,(#6408,#6415),.PCURVE_S1.);
#6404 = LINE('',#6405,#6406);
#6405 = CARTESIAN_POINT('',(-110.,-22.,25.));
#6406 = VECTOR('',#6407,1.);
#6407 = DIRECTION('',(1.,0.,0.));
#6408 = PCURVE('',#5203,#6409);
#6409 = DEFINITIONAL_REPRESENTATION('',(#6410),#6414);
#6410 = LINE('',#6411,#6412);
#6411 = CARTESIAN_POINT('',(0.,0.));
#6412 = VECTOR('',#6413,1.);
#6413 = DIRECTION('',(1.,0.));
#6414 = ( GEOMETRIC_REPRESENTATION_CONTEXT(2) 
PARAMETRIC_REPRESENTATION_CONTEXT() REPRESENTATION_CONTEXT('2D SPACE',''
  ) );
#6415 = PCURVE('',#5285,#6416);
#6416 = DEFINITIONAL_REPRESENTATION('',(#6417),#6421);
#6417 = LINE('',#6418,#6419);
#6418 = CARTESIAN_POINT('',(0.,0.));
#6419 = VECTOR('',#6420,1.);
#6420 = DIRECTION('',(0.,1.));
#6421 = ( GEOMETRIC_REPRESENTATION_CONTEXT(2) 
PARAMETRIC_REPRESENTATION_CONTEXT() REPRESENTATION_CONTEXT('2D SPACE',''
  ) );
#6422 = ORIENTED_EDGE('',*,*,#6423,.T.);
#6423 = EDGE_CURVE('',#6401,#6424,#6426,.T.);
#6424 = VERTEX_POINT('',#6425);
#6425 = CARTESIAN_POINT('',(-51.05,-21.,25.));
#6426 = SURFACE_CURVE('',#6427,(#6432,#6439),.PCURVE_S1.);
#6427 = CIRCLE('',#6428,1.);
#6428 = AXIS2_PLACEMENT_3D('',#6429,#6430,#6431);
#6429 = CARTESIAN_POINT('',(-52.05,-21.,25.));
#6430 = DIRECTION('',(0.,0.,1.));
#6431 = DIRECTION('',(0.,-1.,0.));
#6432 = PCURVE('',#5203,#6433);
#6433 = DEFINITIONAL_REPRESENTATION('',(#6434),#6438);
#6434 = CIRCLE('',#6435,1.);
#6435 = AXIS2_PLACEMENT_2D('',#6436,#6437);
#6436 = CARTESIAN_POINT('',(57.95,1.));
#6437 = DIRECTION('',(0.,-1.));
#6438 = ( GEOMETRIC_REPRESENTATION_CONTEXT(2) 
PARAMETRIC_REPRESENTATION_CONTEXT() REPRESENTATION_CONTEXT('2D SPACE',''
  ) );
#6439 = PCURVE('',#5314,#6440);
#6440 = DEFINITIONAL_REPRESENTATION('',(#6441),#6445);
#6441 = LINE('',#6442,#6443);
#6442 = CARTESIAN_POINT('',(0.,0.));
#6443 = VECTOR('',#6444,1.);
#6444 = DIRECTION('',(1.,0.));
#6445 = ( GEOMETRIC_REPRESENTATION_CONTEXT(2) 
PARAMETRIC_REPRESENTATION_CONTEXT() REPRESENTATION_CONTEXT('2D SPACE',''
  ) );
#6446 = ORIENTED_EDGE('',*,*,#6447,.T.);
#6447 = EDGE_CURVE('',#6424,#6448,#6450,.T.);
#6448 = VERTEX_POINT('',#6449);
#6449 = CARTESIAN_POINT('',(-51.05,21.,25.));
#6450 = SURFACE_CURVE('',#6451,(#6455,#6462),.PCURVE_S1.);
#6451 = LINE('',#6452,#6453);
#6452 = CARTESIAN_POINT('',(-51.05,-22.,25.));
#6453 = VECTOR('',#6454,1.);
#6454 = DIRECTION('',(0.,1.,0.));
#6455 = PCURVE('',#5203,#6456);
#6456 = DEFINITIONAL_REPRESENTATION('',(#6457),#6461);
#6457 = LINE('',#6458,#6459);
#6458 = CARTESIAN_POINT('',(58.95,0.));
#6459 = VECTOR('',#6460,1.);
#6460 = DIRECTION('',(0.,1.));
#6461 = ( GEOMETRIC_REPRESENTATION_CONTEXT(2) 
PARAMETRIC_REPRESENTATION_CONTEXT() REPRESENTATION_CONTEXT('2D SPACE',''
  ) );
#6462 = PCURVE('',#5342,#6463);
#6463 = DEFINITIONAL_REPRESENTATION('',(#6464),#6468);
#6464 = LINE('',#6465,#6466);
#6465 = CARTESIAN_POINT('',(0.,0.));
#6466 = VECTOR('',#6467,1.);
#6467 = DIRECTION('',(0.,-1.));
#6468 = ( GEOMETRIC_REPRESENTATION_CONTEXT(2) 
PARAMETRIC_REPRESENTATION_CONTEXT() REPRESENTATION_CONTEXT('2D SPACE',''
  ) );
#6469 = ORIENTED_EDGE('',*,*,#6470,.F.);
#6470 = EDGE_CURVE('',#6471,#6448,#6473,.T.);
#6471 = VERTEX_POINT('',#6472);
#6472 = CARTESIAN_POINT('',(-52.05,22.,25.));
#6473 = SURFACE_CURVE('',#6474,(#6479,#6490),.PCURVE_S1.);
#6474 = CIRCLE('',#6475,1.);
#6475 = AXIS2_PLACEMENT_3D('',#6476,#6477,#6478);
#6476 = CARTESIAN_POINT('',(-52.05,21.,25.));
#6477 = DIRECTION('',(-0.,-0.,-1.));
#6478 = DIRECTION('',(0.,-1.,0.));
#6479 = PCURVE('',#5203,#6480);
#6480 = DEFINITIONAL_REPRESENTATION('',(#6481),#6489);
#6481 = ( BOUNDED_CURVE() B_SPLINE_CURVE(2,(#6482,#6483,#6484,#6485,
#6486,#6487,#6488),.UNSPECIFIED.,.T.,.F.) B_SPLINE_CURVE_WITH_KNOTS((1,2
    ,2,2,2,1),(-2.094395102393,0.,2.094395102393,4.188790204786,
6.28318530718,8.377580409573),.UNSPECIFIED.) CURVE() 
GEOMETRIC_REPRESENTATION_ITEM() RATIONAL_B_SPLINE_CURVE((1.,0.5,1.,0.5,
1.,0.5,1.)) REPRESENTATION_ITEM('') );
#6482 = CARTESIAN_POINT('',(57.95,42.));
#6483 = CARTESIAN_POINT('',(56.217949192431,42.));
#6484 = CARTESIAN_POINT('',(57.083974596216,43.5));
#6485 = CARTESIAN_POINT('',(57.95,45.));
#6486 = CARTESIAN_POINT('',(58.816025403784,43.5));
#6487 = CARTESIAN_POINT('',(59.682050807569,42.));
#6488 = CARTESIAN_POINT('',(57.95,42.));
#6489 = ( GEOMETRIC_REPRESENTATION_CONTEXT(2) 
PARAMETRIC_REPRESENTATION_CONTEXT() REPRESENTATION_CONTEXT('2D SPACE',''
  ) );
#6490 = PCURVE('',#5375,#6491);
#6491 = DEFINITIONAL_REPRESENTATION('',(#6492),#6496);
#6492 = LINE('',#6493,#6494);
#6493 = CARTESIAN_POINT('',(3.14159265359,-0.));
#6494 = VECTOR('',#6495,1.);
#6495 = DIRECTION('',(-1.,0.));
#6496 = ( GEOMETRIC_REPRESENTATION_CONTEXT(2) 
PARAMETRIC_REPRESENTATION_CONTEXT() REPRESENTATION_CONTEXT('2D SPACE',''
  ) );
#6497 = ORIENTED_EDGE('',*,*,#6498,.F.);
#6498 = EDGE_CURVE('',#6345,#6471,#6499,.T.);
#6499 = SURFACE_CURVE('',#6500,(#6504,#6511),.PCURVE_S1.);
#6500 = LINE('',#6501,#6502);
#6501 = CARTESIAN_POINT('',(-110.,22.,25.));
#6502 = VECTOR('',#6503,1.);
#6503 = DIRECTION('',(1.,0.,0.));
#6504 = PCURVE('',#5203,#6505);
#6505 = DEFINITIONAL_REPRESENTATION('',(#6506),#6510);
#6506 = LINE('',#6507,#6508);
#6507 = CARTESIAN_POINT('',(0.,44.));
#6508 = VECTOR('',#6509,1.);
#6509 = DIRECTION('',(1.,0.));
#6510 = ( GEOMETRIC_REPRESENTATION_CONTEXT(2) 
PARAMETRIC_REPRESENTATION_CONTEXT() REPRESENTATION_CONTEXT('2D SPACE',''
  ) );
#6511 = PCURVE('',#5403,#6512);
#6512 = DEFINITIONAL_REPRESENTATION('',(#6513),#6517);
#6513 = LINE('',#6514,#6515);
#6514 = CARTESIAN_POINT('',(0.,0.));
#6515 = VECTOR('',#6516,1.);
#6516 = DIRECTION('',(0.,1.));
#6517 = ( GEOMETRIC_REPRESENTATION_CONTEXT(2) 
PARAMETRIC_REPRESENTATION_CONTEXT() REPRESENTATION_CONTEXT('2D SPACE',''
  ) );
#6518 = ORIENTED_EDGE('',*,*,#6344,.F.);
#6519 = FACE_BOUND('',#6520,.F.);
#6520 = EDGE_LOOP('',(#6521,#6544,#6572,#6593));
#6521 = ORIENTED_EDGE('',*,*,#6522,.F.);
#6522 = EDGE_CURVE('',#6523,#6525,#6527,.T.);
#6523 = VERTEX_POINT('',#6524);
#6524 = CARTESIAN_POINT('',(-100.,-14.3,25.));
#6525 = VERTEX_POINT('',#6526);
#6526 = CARTESIAN_POINT('',(-108.,-14.3,25.));
#6527 = SURFACE_CURVE('',#6528,(#6532,#6538),.PCURVE_S1.);
#6528 = LINE('',#6529,#6530);
#6529 = CARTESIAN_POINT('',(-109.,-14.3,25.));
#6530 = VECTOR('',#6531,1.);
#6531 = DIRECTION('',(-1.,0.,0.));
#6532 = PCURVE('',#5203,#6533);
#6533 = DEFINITIONAL_REPRESENTATION('',(#6534),#6537);
#6534 = B_SPLINE_CURVE_WITH_KNOTS('',1,(#6535,#6536),.UNSPECIFIED.,.F.,
  .F.,(2,2),(-9.,-1.),.PIECEWISE_BEZIER_KNOTS.);
#6535 = CARTESIAN_POINT('',(10.,7.7));
#6536 = CARTESIAN_POINT('',(2.,7.7));
#6537 = ( GEOMETRIC_REPRESENTATION_CONTEXT(2) 
PARAMETRIC_REPRESENTATION_CONTEXT() REPRESENTATION_CONTEXT('2D SPACE',''
  ) );
#6538 = PCURVE('',#5460,#6539);
#6539 = DEFINITIONAL_REPRESENTATION('',(#6540),#6543);
#6540 = B_SPLINE_CURVE_WITH_KNOTS('',1,(#6541,#6542),.UNSPECIFIED.,.F.,
  .F.,(2,2),(-9.,-1.),.PIECEWISE_BEZIER_KNOTS.);
#6541 = CARTESIAN_POINT('',(8.,-5.));
#6542 = CARTESIAN_POINT('',(0.,-5.));
#6543 = ( GEOMETRIC_REPRESENTATION_CONTEXT(2) 
PARAMETRIC_REPRESENTATION_CONTEXT() REPRESENTATION_CONTEXT('2D SPACE',''
  ) );
#6544 = ORIENTED_EDGE('',*,*,#6545,.T.);
#6545 = EDGE_CURVE('',#6523,#6546,#6548,.T.);
#6546 = VERTEX_POINT('',#6547);
#6547 = CARTESIAN_POINT('',(-100.,-17.7,25.));
#6548 = SURFACE_CURVE('',#6549,(#6554,#6565),.PCURVE_S1.);
#6549 = CIRCLE('',#6550,1.7);
#6550 = AXIS2_PLACEMENT_3D('',#6551,#6552,#6553);
#6551 = CARTESIAN_POINT('',(-100.,-16.,25.));
#6552 = DIRECTION('',(0.,0.,-1.));
#6553 = DIRECTION('',(0.,1.,0.));
#6554 = PCURVE('',#5203,#6555);
#6555 = DEFINITIONAL_REPRESENTATION('',(#6556),#6564);
#6556 = ( BOUNDED_CURVE() B_SPLINE_CURVE(2,(#6557,#6558,#6559,#6560,
#6561,#6562,#6563),.UNSPECIFIED.,.T.,.F.) B_SPLINE_CURVE_WITH_KNOTS((1,2
    ,2,2,2,1),(-2.094395102393,0.,2.094395102393,4.188790204786,
6.28318530718,8.377580409573),.UNSPECIFIED.) CURVE() 
GEOMETRIC_REPRESENTATION_ITEM() RATIONAL_B_SPLINE_CURVE((1.,0.5,1.,0.5,
1.,0.5,1.)) REPRESENTATION_ITEM('') );
#6557 = CARTESIAN_POINT('',(10.,7.7));
#6558 = CARTESIAN_POINT('',(12.944486372867,7.7));
#6559 = CARTESIAN_POINT('',(11.472243186434,5.15));
#6560 = CARTESIAN_POINT('',(10.,2.6));
#6561 = CARTESIAN_POINT('',(8.527756813566,5.15));
#6562 = CARTESIAN_POINT('',(7.055513627133,7.7));
#6563 = CARTESIAN_POINT('',(10.,7.7));
#6564 = ( GEOMETRIC_REPRESENTATION_CONTEXT(2) 
PARAMETRIC_REPRESENTATION_CONTEXT() REPRESENTATION_CONTEXT('2D SPACE',''
  ) );
#6565 = PCURVE('',#5492,#6566);
#6566 = DEFINITIONAL_REPRESENTATION('',(#6567),#6571);
#6567 = LINE('',#6568,#6569);
#6568 = CARTESIAN_POINT('',(0.,-5.));
#6569 = VECTOR('',#6570,1.);
#6570 = DIRECTION('',(1.,0.));
#6571 = ( GEOMETRIC_REPRESENTATION_CONTEXT(2) 
PARAMETRIC_REPRESENTATION_CONTEXT() REPRESENTATION_CONTEXT('2D SPACE',''
  ) );
#6572 = ORIENTED_EDGE('',*,*,#6573,.F.);
#6573 = EDGE_CURVE('',#6574,#6546,#6576,.T.);
#6574 = VERTEX_POINT('',#6575);
#6575 = CARTESIAN_POINT('',(-108.,-17.7,25.));
#6576 = SURFACE_CURVE('',#6577,(#6581,#6587),.PCURVE_S1.);
#6577 = LINE('',#6578,#6579);
#6578 = CARTESIAN_POINT('',(-105.,-17.7,25.));
#6579 = VECTOR('',#6580,1.);
#6580 = DIRECTION('',(1.,0.,-0.));
#6581 = PCURVE('',#5203,#6582);
#6582 = DEFINITIONAL_REPRESENTATION('',(#6583),#6586);
#6583 = B_SPLINE_CURVE_WITH_KNOTS('',1,(#6584,#6585),.UNSPECIFIED.,.F.,
  .F.,(2,2),(-3.,5.),.PIECEWISE_BEZIER_KNOTS.);
#6584 = CARTESIAN_POINT('',(2.,4.3));
#6585 = CARTESIAN_POINT('',(10.,4.3));
#6586 = ( GEOMETRIC_REPRESENTATION_CONTEXT(2) 
PARAMETRIC_REPRESENTATION_CONTEXT() REPRESENTATION_CONTEXT('2D SPACE',''
  ) );
#6587 = PCURVE('',#5519,#6588);
#6588 = DEFINITIONAL_REPRESENTATION('',(#6589),#6592);
#6589 = B_SPLINE_CURVE_WITH_KNOTS('',1,(#6590,#6591),.UNSPECIFIED.,.F.,
  .F.,(2,2),(-3.,5.),.PIECEWISE_BEZIER_KNOTS.);
#6590 = CARTESIAN_POINT('',(8.,-5.));
#6591 = CARTESIAN_POINT('',(0.,-5.));
#6592 = ( GEOMETRIC_REPRESENTATION_CONTEXT(2) 
PARAMETRIC_REPRESENTATION_CONTEXT() REPRESENTATION_CONTEXT('2D SPACE',''
  ) );
#6593 = ORIENTED_EDGE('',*,*,#6594,.T.);
#6594 = EDGE_CURVE('',#6574,#6525,#6595,.T.);
#6595 = SURFACE_CURVE('',#6596,(#6601,#6612),.PCURVE_S1.);
#6596 = CIRCLE('',#6597,1.7);
#6597 = AXIS2_PLACEMENT_3D('',#6598,#6599,#6600);
#6598 = CARTESIAN_POINT('',(-108.,-16.,25.));
#6599 = DIRECTION('',(0.,-0.,-1.));
#6600 = DIRECTION('',(0.,-1.,0.));
#6601 = PCURVE('',#5203,#6602);
#6602 = DEFINITIONAL_REPRESENTATION('',(#6603),#6611);
#6603 = ( BOUNDED_CURVE() B_SPLINE_CURVE(2,(#6604,#6605,#6606,#6607,
#6608,#6609,#6610),.UNSPECIFIED.,.T.,.F.) B_SPLINE_CURVE_WITH_KNOTS((1,2
    ,2,2,2,1),(-2.094395102393,0.,2.094395102393,4.188790204786,
6.28318530718,8.377580409573),.UNSPECIFIED.) CURVE() 
GEOMETRIC_REPRESENTATION_ITEM() RATIONAL_B_SPLINE_CURVE((1.,0.5,1.,0.5,
1.,0.5,1.)) REPRESENTATION_ITEM('') );
#6604 = CARTESIAN_POINT('',(2.,4.3));
#6605 = CARTESIAN_POINT('',(-0.944486372867,4.3));
#6606 = CARTESIAN_POINT('',(0.527756813566,6.85));
#6607 = CARTESIAN_POINT('',(2.,9.4));
#6608 = CARTESIAN_POINT('',(3.472243186434,6.85));
#6609 = CARTESIAN_POINT('',(4.944486372867,4.3));
#6610 = CARTESIAN_POINT('',(2.,4.3));
#6611 = ( GEOMETRIC_REPRESENTATION_CONTEXT(2) 
PARAMETRIC_REPRESENTATION_CONTEXT() REPRESENTATION_CONTEXT('2D SPACE',''
  ) );
#6612 = PCURVE('',#5549,#6613);
#6613 = DEFINITIONAL_REPRESENTATION('',(#6614),#6618);
#6614 = LINE('',#6615,#6616);
#6615 = CARTESIAN_POINT('',(0.,-5.));
#6616 = VECTOR('',#6617,1.);
#6617 = DIRECTION('',(1.,0.));
#6618 = ( GEOMETRIC_REPRESENTATION_CONTEXT(2) 
PARAMETRIC_REPRESENTATION_CONTEXT() REPRESENTATION_CONTEXT('2D SPACE',''
  ) );
#6619 = FACE_BOUND('',#6620,.F.);
#6620 = EDGE_LOOP('',(#6621));
#6621 = ORIENTED_EDGE('',*,*,#6622,.T.);
#6622 = EDGE_CURVE('',#6623,#6623,#6625,.T.);
#6623 = VERTEX_POINT('',#6624);
#6624 = CARTESIAN_POINT('',(-105.05,-5.,25.));
#6625 = SURFACE_CURVE('',#6626,(#6631,#6642),.PCURVE_S1.);
#6626 = CIRCLE('',#6627,1.7);
#6627 = AXIS2_PLACEMENT_3D('',#6628,#6629,#6630);
#6628 = CARTESIAN_POINT('',(-106.75,-5.,25.));
#6629 = DIRECTION('',(0.,0.,-1.));
#6630 = DIRECTION('',(1.,0.,0.));
#6631 = PCURVE('',#5203,#6632);
#6632 = DEFINITIONAL_REPRESENTATION('',(#6633),#6641);
#6633 = ( BOUNDED_CURVE() B_SPLINE_CURVE(2,(#6634,#6635,#6636,#6637,
#6638,#6639,#6640),.UNSPECIFIED.,.T.,.F.) B_SPLINE_CURVE_WITH_KNOTS((1,2
    ,2,2,2,1),(-2.094395102393,0.,2.094395102393,4.188790204786,
6.28318530718,8.377580409573),.UNSPECIFIED.) CURVE() 
GEOMETRIC_REPRESENTATION_ITEM() RATIONAL_B_SPLINE_CURVE((1.,0.5,1.,0.5,
1.,0.5,1.)) REPRESENTATION_ITEM('') );
#6634 = CARTESIAN_POINT('',(4.95,17.));
#6635 = CARTESIAN_POINT('',(4.95,14.055513627133));
#6636 = CARTESIAN_POINT('',(2.4,15.527756813566));
#6637 = CARTESIAN_POINT('',(-0.15,17.));
#6638 = CARTESIAN_POINT('',(2.4,18.472243186434));
#6639 = CARTESIAN_POINT('',(4.95,19.944486372867));
#6640 = CARTESIAN_POINT('',(4.95,17.));
#6641 = ( GEOMETRIC_REPRESENTATION_CONTEXT(2) 
PARAMETRIC_REPRESENTATION_CONTEXT() REPRESENTATION_CONTEXT('2D SPACE',''
  ) );
#6642 = PCURVE('',#5584,#6643);
#6643 = DEFINITIONAL_REPRESENTATION('',(#6644),#6648);
#6644 = LINE('',#6645,#6646);
#6645 = CARTESIAN_POINT('',(-6.28318530718,-5.));
#6646 = VECTOR('',#6647,1.);
#6647 = DIRECTION('',(1.,-0.));
#6648 = ( GEOMETRIC_REPRESENTATION_CONTEXT(2) 
PARAMETRIC_REPRESENTATION_CONTEXT() REPRESENTATION_CONTEXT('2D SPACE',''
  ) );
#6649 = FACE_BOUND('',#6650,.F.);
#6650 = EDGE_LOOP('',(#6651,#6674,#6702,#6723));
#6651 = ORIENTED_EDGE('',*,*,#6652,.F.);
#6652 = EDGE_CURVE('',#6653,#6655,#6657,.T.);
#6653 = VERTEX_POINT('',#6654);
#6654 = CARTESIAN_POINT('',(-56.,-14.3,25.));
#6655 = VERTEX_POINT('',#6656);
#6656 = CARTESIAN_POINT('',(-64.,-14.3,25.));
#6657 = SURFACE_CURVE('',#6658,(#6662,#6668),.PCURVE_S1.);
#6658 = LINE('',#6659,#6660);
#6659 = CARTESIAN_POINT('',(-87.,-14.3,25.));
#6660 = VECTOR('',#6661,1.);
#6661 = DIRECTION('',(-1.,0.,0.));
#6662 = PCURVE('',#5203,#6663);
#6663 = DEFINITIONAL_REPRESENTATION('',(#6664),#6667);
#6664 = B_SPLINE_CURVE_WITH_KNOTS('',1,(#6665,#6666),.UNSPECIFIED.,.F.,
  .F.,(2,2),(-31.,-23.),.PIECEWISE_BEZIER_KNOTS.);
#6665 = CARTESIAN_POINT('',(54.,7.7));
#6666 = CARTESIAN_POINT('',(46.,7.7));
#6667 = ( GEOMETRIC_REPRESENTATION_CONTEXT(2) 
PARAMETRIC_REPRESENTATION_CONTEXT() REPRESENTATION_CONTEXT('2D SPACE',''
  ) );
#6668 = PCURVE('',#5615,#6669);
#6669 = DEFINITIONAL_REPRESENTATION('',(#6670),#6673);
#6670 = B_SPLINE_CURVE_WITH_KNOTS('',1,(#6671,#6672),.UNSPECIFIED.,.F.,
  .F.,(2,2),(-31.,-23.),.PIECEWISE_BEZIER_KNOTS.);
#6671 = CARTESIAN_POINT('',(8.,-5.));
#6672 = CARTESIAN_POINT('',(0.,-5.));
#6673 = ( GEOMETRIC_REPRESENTATION_CONTEXT(2) 
PARAMETRIC_REPRESENTATION_CONTEXT() REPRESENTATION_CONTEXT('2D SPACE',''
  ) );
#6674 = ORIENTED_EDGE('',*,*,#6675,.T.);
#6675 = EDGE_CURVE('',#6653,#6676,#6678,.T.);
#6676 = VERTEX_POINT('',#6677);
#6677 = CARTESIAN_POINT('',(-56.,-17.7,25.));
#6678 = SURFACE_CURVE('',#6679,(#6684,#6695),.PCURVE_S1.);
#6679 = CIRCLE('',#6680,1.7);
#6680 = AXIS2_PLACEMENT_3D('',#6681,#6682,#6683);
#6681 = CARTESIAN_POINT('',(-56.,-16.,25.));
#6682 = DIRECTION('',(0.,0.,-1.));
#6683 = DIRECTION('',(0.,1.,0.));
#6684 = PCURVE('',#5203,#6685);
#6685 = DEFINITIONAL_REPRESENTATION('',(#6686),#6694);
#6686 = ( BOUNDED_CURVE() B_SPLINE_CURVE(2,(#6687,#6688,#6689,#6690,
#6691,#6692,#6693),.UNSPECIFIED.,.T.,.F.) B_SPLINE_CURVE_WITH_KNOTS((1,2
    ,2,2,2,1),(-2.094395102393,0.,2.094395102393,4.188790204786,
6.28318530718,8.377580409573),.UNSPECIFIED.) CURVE() 
GEOMETRIC_REPRESENTATION_ITEM() RATIONAL_B_SPLINE_CURVE((1.,0.5,1.,0.5,
1.,0.5,1.)) REPRESENTATION_ITEM('') );
#6687 = CARTESIAN_POINT('',(54.,7.7));
#6688 = CARTESIAN_POINT('',(56.944486372867,7.7));
#6689 = CARTESIAN_POINT('',(55.472243186434,5.15));
#6690 = CARTESIAN_POINT('',(54.,2.6));
#6691 = CARTESIAN_POINT('',(52.527756813566,5.15));
#6692 = CARTESIAN_POINT('',(51.055513627133,7.7));
#6693 = CARTESIAN_POINT('',(54.,7.7));
#6694 = ( GEOMETRIC_REPRESENTATION_CONTEXT(2) 
PARAMETRIC_REPRESENTATION_CONTEXT() REPRESENTATION_CONTEXT('2D SPACE',''
  ) );
#6695 = PCURVE('',#5647,#6696);
#6696 = DEFINITIONAL_REPRESENTATION('',(#6697),#6701);
#6697 = LINE('',#6698,#6699);
#6698 = CARTESIAN_POINT('',(0.,-5.));
#6699 = VECTOR('',#6700,1.);
#6700 = DIRECTION('',(1.,0.));
#6701 = ( GEOMETRIC_REPRESENTATION_CONTEXT(2) 
PARAMETRIC_REPRESENTATION_CONTEXT() REPRESENTATION_CONTEXT('2D SPACE',''
  ) );
#6702 = ORIENTED_EDGE('',*,*,#6703,.F.);
#6703 = EDGE_CURVE('',#6704,#6676,#6706,.T.);
#6704 = VERTEX_POINT('',#6705);
#6705 = CARTESIAN_POINT('',(-64.,-17.7,25.));
#6706 = SURFACE_CURVE('',#6707,(#6711,#6717),.PCURVE_S1.);
#6707 = LINE('',#6708,#6709);
#6708 = CARTESIAN_POINT('',(-83.,-17.7,25.));
#6709 = VECTOR('',#6710,1.);
#6710 = DIRECTION('',(1.,0.,-0.));
#6711 = PCURVE('',#5203,#6712);
#6712 = DEFINITIONAL_REPRESENTATION('',(#6713),#6716);
#6713 = B_SPLINE_CURVE_WITH_KNOTS('',1,(#6714,#6715),.UNSPECIFIED.,.F.,
  .F.,(2,2),(19.,27.),.PIECEWISE_BEZIER_KNOTS.);
#6714 = CARTESIAN_POINT('',(46.,4.3));
#6715 = CARTESIAN_POINT('',(54.,4.3));
#6716 = ( GEOMETRIC_REPRESENTATION_CONTEXT(2) 
PARAMETRIC_REPRESENTATION_CONTEXT() REPRESENTATION_CONTEXT('2D SPACE',''
  ) );
#6717 = PCURVE('',#5674,#6718);
#6718 = DEFINITIONAL_REPRESENTATION('',(#6719),#6722);
#6719 = B_SPLINE_CURVE_WITH_KNOTS('',1,(#6720,#6721),.UNSPECIFIED.,.F.,
  .F.,(2,2),(19.,27.),.PIECEWISE_BEZIER_KNOTS.);
#6720 = CARTESIAN_POINT('',(8.,-5.));
#6721 = CARTESIAN_POINT('',(0.,-5.));
#6722 = ( GEOMETRIC_REPRESENTATION_CONTEXT(2) 
PARAMETRIC_REPRESENTATION_CONTEXT() REPRESENTATION_CONTEXT('2D SPACE',''
  ) );
#6723 = ORIENTED_EDGE('',*,*,#6724,.T.);
#6724 = EDGE_CURVE('',#6704,#6655,#6725,.T.);
#6725 = SURFACE_CURVE('',#6726,(#6731,#6742),.PCURVE_S1.);
#6726 = CIRCLE('',#6727,1.7);
#6727 = AXIS2_PLACEMENT_3D('',#6728,#6729,#6730);
#6728 = CARTESIAN_POINT('',(-64.,-16.,25.));
#6729 = DIRECTION('',(0.,-0.,-1.));
#6730 = DIRECTION('',(0.,-1.,0.));
#6731 = PCURVE('',#5203,#6732);
#6732 = DEFINITIONAL_REPRESENTATION('',(#6733),#6741);
#6733 = ( BOUNDED_CURVE() B_SPLINE_CURVE(2,(#6734,#6735,#6736,#6737,
#6738,#6739,#6740),.UNSPECIFIED.,.T.,.F.) B_SPLINE_CURVE_WITH_KNOTS((1,2
    ,2,2,2,1),(-2.094395102393,0.,2.094395102393,4.188790204786,
6.28318530718,8.377580409573),.UNSPECIFIED.) CURVE() 
GEOMETRIC_REPRESENTATION_ITEM() RATIONAL_B_SPLINE_CURVE((1.,0.5,1.,0.5,
1.,0.5,1.)) REPRESENTATION_ITEM('') );
#6734 = CARTESIAN_POINT('',(46.,4.3));
#6735 = CARTESIAN_POINT('',(43.055513627133,4.3));
#6736 = CARTESIAN_POINT('',(44.527756813566,6.85));
#6737 = CARTESIAN_POINT('',(46.,9.4));
#6738 = CARTESIAN_POINT('',(47.472243186434,6.85));
#6739 = CARTESIAN_POINT('',(48.944486372867,4.3));
#6740 = CARTESIAN_POINT('',(46.,4.3));
#6741 = ( GEOMETRIC_REPRESENTATION_CONTEXT(2) 
PARAMETRIC_REPRESENTATION_CONTEXT() REPRESENTATION_CONTEXT('2D SPACE',''
  ) );
#6742 = PCURVE('',#5704,#6743);
#6743 = DEFINITIONAL_REPRESENTATION('',(#6744),#6748);
#6744 = LINE('',#6745,#6746);
#6745 = CARTESIAN_POINT('',(0.,-5.));
#6746 = VECTOR('',#6747,1.);
#6747 = DIRECTION('',(1.,0.));
#6748 = ( GEOMETRIC_REPRESENTATION_CONTEXT(2) 
PARAMETRIC_REPRESENTATION_CONTEXT() REPRESENTATION_CONTEXT('2D SPACE',''
  ) );
#6749 = FACE_BOUND('',#6750,.F.);
#6750 = EDGE_LOOP('',(#6751));
#6751 = ORIENTED_EDGE('',*,*,#6752,.T.);
#6752 = EDGE_CURVE('',#6753,#6753,#6755,.T.);
#6753 = VERTEX_POINT('',#6754);
#6754 = CARTESIAN_POINT('',(-55.55,-5.,25.));
#6755 = SURFACE_CURVE('',#6756,(#6761,#6772),.PCURVE_S1.);
#6756 = CIRCLE('',#6757,1.7);
#6757 = AXIS2_PLACEMENT_3D('',#6758,#6759,#6760);
#6758 = CARTESIAN_POINT('',(-57.25,-5.,25.));
#6759 = DIRECTION('',(0.,0.,-1.));
#6760 = DIRECTION('',(1.,0.,0.));
#6761 = PCURVE('',#5203,#6762);
#6762 = DEFINITIONAL_REPRESENTATION('',(#6763),#6771);
#6763 = ( BOUNDED_CURVE() B_SPLINE_CURVE(2,(#6764,#6765,#6766,#6767,
#6768,#6769,#6770),.UNSPECIFIED.,.T.,.F.) B_SPLINE_CURVE_WITH_KNOTS((1,2
    ,2,2,2,1),(-2.094395102393,0.,2.094395102393,4.188790204786,
6.28318530718,8.377580409573),.UNSPECIFIED.) CURVE() 
GEOMETRIC_REPRESENTATION_ITEM() RATIONAL_B_SPLINE_CURVE((1.,0.5,1.,0.5,
1.,0.5,1.)) REPRESENTATION_ITEM('') );
#6764 = CARTESIAN_POINT('',(54.45,17.));
#6765 = CARTESIAN_POINT('',(54.45,14.055513627133));
#6766 = CARTESIAN_POINT('',(51.9,15.527756813566));
#6767 = CARTESIAN_POINT('',(49.35,17.));
#6768 = CARTESIAN_POINT('',(51.9,18.472243186434));
#6769 = CARTESIAN_POINT('',(54.45,19.944486372867));
#6770 = CARTESIAN_POINT('',(54.45,17.));
#6771 = ( GEOMETRIC_REPRESENTATION_CONTEXT(2) 
PARAMETRIC_REPRESENTATION_CONTEXT() REPRESENTATION_CONTEXT('2D SPACE',''
  ) );
#6772 = PCURVE('',#5739,#6773);
#6773 = DEFINITIONAL_REPRESENTATION('',(#6774),#6778);
#6774 = LINE('',#6775,#6776);
#6775 = CARTESIAN_POINT('',(-6.28318530718,-5.));
#6776 = VECTOR('',#6777,1.);
#6777 = DIRECTION('',(1.,-0.));
#6778 = ( GEOMETRIC_REPRESENTATION_CONTEXT(2) 
PARAMETRIC_REPRESENTATION_CONTEXT() REPRESENTATION_CONTEXT('2D SPACE',''
  ) );
#6779 = FACE_BOUND('',#6780,.F.);
#6780 = EDGE_LOOP('',(#6781));
#6781 = ORIENTED_EDGE('',*,*,#6782,.T.);
#6782 = EDGE_CURVE('',#6783,#6783,#6785,.T.);
#6783 = VERTEX_POINT('',#6784);
#6784 = CARTESIAN_POINT('',(-105.05,5.,25.));
#6785 = SURFACE_CURVE('',#6786,(#6791,#6802),.PCURVE_S1.);
#6786 = CIRCLE('',#6787,1.7);
#6787 = AXIS2_PLACEMENT_3D('',#6788,#6789,#6790);
#6788 = CARTESIAN_POINT('',(-106.75,5.,25.));
#6789 = DIRECTION('',(0.,0.,-1.));
#6790 = DIRECTION('',(1.,0.,0.));
#6791 = PCURVE('',#5203,#6792);
#6792 = DEFINITIONAL_REPRESENTATION('',(#6793),#6801);
#6793 = ( BOUNDED_CURVE() B_SPLINE_CURVE(2,(#6794,#6795,#6796,#6797,
#6798,#6799,#6800),.UNSPECIFIED.,.T.,.F.) B_SPLINE_CURVE_WITH_KNOTS((1,2
    ,2,2,2,1),(-2.094395102393,0.,2.094395102393,4.188790204786,
6.28318530718,8.377580409573),.UNSPECIFIED.) CURVE() 
GEOMETRIC_REPRESENTATION_ITEM() RATIONAL_B_SPLINE_CURVE((1.,0.5,1.,0.5,
1.,0.5,1.)) REPRESENTATION_ITEM('') );
#6794 = CARTESIAN_POINT('',(4.95,27.));
#6795 = CARTESIAN_POINT('',(4.95,24.055513627133));
#6796 = CARTESIAN_POINT('',(2.4,25.527756813566));
#6797 = CARTESIAN_POINT('',(-0.15,27.));
#6798 = CARTESIAN_POINT('',(2.4,28.472243186434));
#6799 = CARTESIAN_POINT('',(4.95,29.944486372867));
#6800 = CARTESIAN_POINT('',(4.95,27.));
#6801 = ( GEOMETRIC_REPRESENTATION_CONTEXT(2) 
PARAMETRIC_REPRESENTATION_CONTEXT() REPRESENTATION_CONTEXT('2D SPACE',''
  ) );
#6802 = PCURVE('',#5774,#6803);
#6803 = DEFINITIONAL_REPRESENTATION('',(#6804),#6808);
#6804 = LINE('',#6805,#6806);
#6805 = CARTESIAN_POINT('',(-6.28318530718,-5.));
#6806 = VECTOR('',#6807,1.);
#6807 = DIRECTION('',(1.,-0.));
#6808 = ( GEOMETRIC_REPRESENTATION_CONTEXT(2) 
PARAMETRIC_REPRESENTATION_CONTEXT() REPRESENTATION_CONTEXT('2D SPACE',''
  ) );
#6809 = FACE_BOUND('',#6810,.F.);
#6810 = EDGE_LOOP('',(#6811,#6834,#6862,#6883));
#6811 = ORIENTED_EDGE('',*,*,#6812,.F.);
#6812 = EDGE_CURVE('',#6813,#6815,#6817,.T.);
#6813 = VERTEX_POINT('',#6814);
#6814 = CARTESIAN_POINT('',(-100.,17.7,25.));
#6815 = VERTEX_POINT('',#6816);
#6816 = CARTESIAN_POINT('',(-108.,17.7,25.));
#6817 = SURFACE_CURVE('',#6818,(#6822,#6828),.PCURVE_S1.);
#6818 = LINE('',#6819,#6820);
#6819 = CARTESIAN_POINT('',(-109.,17.7,25.));
#6820 = VECTOR('',#6821,1.);
#6821 = DIRECTION('',(-1.,0.,0.));
#6822 = PCURVE('',#5203,#6823);
#6823 = DEFINITIONAL_REPRESENTATION('',(#6824),#6827);
#6824 = B_SPLINE_CURVE_WITH_KNOTS('',1,(#6825,#6826),.UNSPECIFIED.,.F.,
  .F.,(2,2),(-9.,-1.),.PIECEWISE_BEZIER_KNOTS.);
#6825 = CARTESIAN_POINT('',(10.,39.7));
#6826 = CARTESIAN_POINT('',(2.,39.7));
#6827 = ( GEOMETRIC_REPRESENTATION_CONTEXT(2) 
PARAMETRIC_REPRESENTATION_CONTEXT() REPRESENTATION_CONTEXT('2D SPACE',''
  ) );
#6828 = PCURVE('',#5805,#6829);
#6829 = DEFINITIONAL_REPRESENTATION('',(#6830),#6833);
#6830 = B_SPLINE_CURVE_WITH_KNOTS('',1,(#6831,#6832),.UNSPECIFIED.,.F.,
  .F.,(2,2),(-9.,-1.),.PIECEWISE_BEZIER_KNOTS.);
#6831 = CARTESIAN_POINT('',(8.,-5.));
#6832 = CARTESIAN_POINT('',(0.,-5.));
#6833 = ( GEOMETRIC_REPRESENTATION_CONTEXT(2) 
PARAMETRIC_REPRESENTATION_CONTEXT() REPRESENTATION_CONTEXT('2D SPACE',''
  ) );
#6834 = ORIENTED_EDGE('',*,*,#6835,.T.);
#6835 = EDGE_CURVE('',#6813,#6836,#6838,.T.);
#6836 = VERTEX_POINT('',#6837);
#6837 = CARTESIAN_POINT('',(-100.,14.3,25.));
#6838 = SURFACE_CURVE('',#6839,(#6844,#6855),.PCURVE_S1.);
#6839 = CIRCLE('',#6840,1.7);
#6840 = AXIS2_PLACEMENT_3D('',#6841,#6842,#6843);
#6841 = CARTESIAN_POINT('',(-100.,16.,25.));
#6842 = DIRECTION('',(0.,0.,-1.));
#6843 = DIRECTION('',(0.,1.,0.));
#6844 = PCURVE('',#5203,#6845);
#6845 = DEFINITIONAL_REPRESENTATION('',(#6846),#6854);
#6846 = ( BOUNDED_CURVE() B_SPLINE_CURVE(2,(#6847,#6848,#6849,#6850,
#6851,#6852,#6853),.UNSPECIFIED.,.T.,.F.) B_SPLINE_CURVE_WITH_KNOTS((1,2
    ,2,2,2,1),(-2.094395102393,0.,2.094395102393,4.188790204786,
6.28318530718,8.377580409573),.UNSPECIFIED.) CURVE() 
GEOMETRIC_REPRESENTATION_ITEM() RATIONAL_B_SPLINE_CURVE((1.,0.5,1.,0.5,
1.,0.5,1.)) REPRESENTATION_ITEM('') );
#6847 = CARTESIAN_POINT('',(10.,39.7));
#6848 = CARTESIAN_POINT('',(12.944486372867,39.7));
#6849 = CARTESIAN_POINT('',(11.472243186434,37.15));
#6850 = CARTESIAN_POINT('',(10.,34.6));
#6851 = CARTESIAN_POINT('',(8.527756813566,37.15));
#6852 = CARTESIAN_POINT('',(7.055513627133,39.7));
#6853 = CARTESIAN_POINT('',(10.,39.7));
#6854 = ( GEOMETRIC_REPRESENTATION_CONTEXT(2) 
PARAMETRIC_REPRESENTATION_CONTEXT() REPRESENTATION_CONTEXT('2D SPACE',''
  ) );
#6855 = PCURVE('',#5837,#6856);
#6856 = DEFINITIONAL_REPRESENTATION('',(#6857),#6861);
#6857 = LINE('',#6858,#6859);
#6858 = CARTESIAN_POINT('',(0.,-5.));
#6859 = VECTOR('',#6860,1.);
#6860 = DIRECTION('',(1.,0.));
#6861 = ( GEOMETRIC_REPRESENTATION_CONTEXT(2) 
PARAMETRIC_REPRESENTATION_CONTEXT() REPRESENTATION_CONTEXT('2D SPACE',''
  ) );
#6862 = ORIENTED_EDGE('',*,*,#6863,.F.);
#6863 = EDGE_CURVE('',#6864,#6836,#6866,.T.);
#6864 = VERTEX_POINT('',#6865);
#6865 = CARTESIAN_POINT('',(-108.,14.3,25.));
#6866 = SURFACE_CURVE('',#6867,(#6871,#6877),.PCURVE_S1.);
#6867 = LINE('',#6868,#6869);
#6868 = CARTESIAN_POINT('',(-105.,14.3,25.));
#6869 = VECTOR('',#6870,1.);
#6870 = DIRECTION('',(1.,0.,-0.));
#6871 = PCURVE('',#5203,#6872);
#6872 = DEFINITIONAL_REPRESENTATION('',(#6873),#6876);
#6873 = B_SPLINE_CURVE_WITH_KNOTS('',1,(#6874,#6875),.UNSPECIFIED.,.F.,
  .F.,(2,2),(-3.,5.),.PIECEWISE_BEZIER_KNOTS.);
#6874 = CARTESIAN_POINT('',(2.,36.3));
#6875 = CARTESIAN_POINT('',(10.,36.3));
#6876 = ( GEOMETRIC_REPRESENTATION_CONTEXT(2) 
PARAMETRIC_REPRESENTATION_CONTEXT() REPRESENTATION_CONTEXT('2D SPACE',''
  ) );
#6877 = PCURVE('',#5864,#6878);
#6878 = DEFINITIONAL_REPRESENTATION('',(#6879),#6882);
#6879 = B_SPLINE_CURVE_WITH_KNOTS('',1,(#6880,#6881),.UNSPECIFIED.,.F.,
  .F.,(2,2),(-3.,5.),.PIECEWISE_BEZIER_KNOTS.);
#6880 = CARTESIAN_POINT('',(8.,-5.));
#6881 = CARTESIAN_POINT('',(0.,-5.));
#6882 = ( GEOMETRIC_REPRESENTATION_CONTEXT(2) 
PARAMETRIC_REPRESENTATION_CONTEXT() REPRESENTATION_CONTEXT('2D SPACE',''
  ) );
#6883 = ORIENTED_EDGE('',*,*,#6884,.T.);
#6884 = EDGE_CURVE('',#6864,#6815,#6885,.T.);
#6885 = SURFACE_CURVE('',#6886,(#6891,#6902),.PCURVE_S1.);
#6886 = CIRCLE('',#6887,1.7);
#6887 = AXIS2_PLACEMENT_3D('',#6888,#6889,#6890);
#6888 = CARTESIAN_POINT('',(-108.,16.,25.));
#6889 = DIRECTION('',(0.,-0.,-1.));
#6890 = DIRECTION('',(0.,-1.,0.));
#6891 = PCURVE('',#5203,#6892);
#6892 = DEFINITIONAL_REPRESENTATION('',(#6893),#6901);
#6893 = ( BOUNDED_CURVE() B_SPLINE_CURVE(2,(#6894,#6895,#6896,#6897,
#6898,#6899,#6900),.UNSPECIFIED.,.T.,.F.) B_SPLINE_CURVE_WITH_KNOTS((1,2
    ,2,2,2,1),(-2.094395102393,0.,2.094395102393,4.188790204786,
6.28318530718,8.377580409573),.UNSPECIFIED.) CURVE() 
GEOMETRIC_REPRESENTATION_ITEM() RATIONAL_B_SPLINE_CURVE((1.,0.5,1.,0.5,
1.,0.5,1.)) REPRESENTATION_ITEM('') );
#6894 = CARTESIAN_POINT('',(2.,36.3));
#6895 = CARTESIAN_POINT('',(-0.944486372867,36.3));
#6896 = CARTESIAN_POINT('',(0.527756813566,38.85));
#6897 = CARTESIAN_POINT('',(2.,41.4));
#6898 = CARTESIAN_POINT('',(3.472243186434,38.85));
#6899 = CARTESIAN_POINT('',(4.944486372867,36.3));
#6900 = CARTESIAN_POINT('',(2.,36.3));
#6901 = ( GEOMETRIC_REPRESENTATION_CONTEXT(2) 
PARAMETRIC_REPRESENTATION_CONTEXT() REPRESENTATION_CONTEXT('2D SPACE',''
  ) );
#6902 = PCURVE('',#5894,#6903);
#6903 = DEFINITIONAL_REPRESENTATION('',(#6904),#6908);
#6904 = LINE('',#6905,#6906);
#6905 = CARTESIAN_POINT('',(0.,-5.));
#6906 = VECTOR('',#6907,1.);
#6907 = DIRECTION('',(1.,0.));
#6908 = ( GEOMETRIC_REPRESENTATION_CONTEXT(2) 
PARAMETRIC_REPRESENTATION_CONTEXT() REPRESENTATION_CONTEXT('2D SPACE',''
  ) );
#6909 = FACE_BOUND('',#6910,.F.);
#6910 = EDGE_LOOP('',(#6911));
#6911 = ORIENTED_EDGE('',*,*,#6912,.T.);
#6912 = EDGE_CURVE('',#6913,#6913,#6915,.T.);
#6913 = VERTEX_POINT('',#6914);
#6914 = CARTESIAN_POINT('',(-55.55,5.,25.));
#6915 = SURFACE_CURVE('',#6916,(#6921,#6932),.PCURVE_S1.);
#6916 = CIRCLE('',#6917,1.7);
#6917 = AXIS2_PLACEMENT_3D('',#6918,#6919,#6920);
#6918 = CARTESIAN_POINT('',(-57.25,5.,25.));
#6919 = DIRECTION('',(0.,0.,-1.));
#6920 = DIRECTION('',(1.,0.,0.));
#6921 = PCURVE('',#5203,#6922);
#6922 = DEFINITIONAL_REPRESENTATION('',(#6923),#6931);
#6923 = ( BOUNDED_CURVE() B_SPLINE_CURVE(2,(#6924,#6925,#6926,#6927,
#6928,#6929,#6930),.UNSPECIFIED.,.T.,.F.) B_SPLINE_CURVE_WITH_KNOTS((1,2
    ,2,2,2,1),(-2.094395102393,0.,2.094395102393,4.188790204786,
6.28318530718,8.377580409573),.UNSPECIFIED.) CURVE() 
GEOMETRIC_REPRESENTATION_ITEM() RATIONAL_B_SPLINE_CURVE((1.,0.5,1.,0.5,
1.,0.5,1.)) REPRESENTATION_ITEM('') );
#6924 = CARTESIAN_POINT('',(54.45,27.));
#6925 = CARTESIAN_POINT('',(54.45,24.055513627133));
#6926 = CARTESIAN_POINT('',(51.9,25.527756813566));
#6927 = CARTESIAN_POINT('',(49.35,27.));
#6928 = CARTESIAN_POINT('',(51.9,28.472243186434));
#6929 = CARTESIAN_POINT('',(54.45,29.944486372867));
#6930 = CARTESIAN_POINT('',(54.45,27.));
#6931 = ( GEOMETRIC_REPRESENTATION_CONTEXT(2) 
PARAMETRIC_REPRESENTATION_CONTEXT() REPRESENTATION_CONTEXT('2D SPACE',''
  ) );
#6932 = PCURVE('',#5929,#6933);
#6933 = DEFINITIONAL_REPRESENTATION('',(#6934),#6938);
#6934 = LINE('',#6935,#6936);
#6935 = CARTESIAN_POINT('',(-6.28318530718,-5.));
#6936 = VECTOR('',#6937,1.);
#6937 = DIRECTION('',(1.,-0.));
#6938 = ( GEOMETRIC_REPRESENTATION_CONTEXT(2) 
PARAMETRIC_REPRESENTATION_CONTEXT() REPRESENTATION_CONTEXT('2D SPACE',''
  ) );
#6939 = FACE_BOUND('',#6940,.F.);
#6940 = EDGE_LOOP('',(#6941,#6964,#6992,#7013));
#6941 = ORIENTED_EDGE('',*,*,#6942,.F.);
#6942 = EDGE_CURVE('',#6943,#6945,#6947,.T.);
#6943 = VERTEX_POINT('',#6944);
#6944 = CARTESIAN_POINT('',(-56.,17.7,25.));
#6945 = VERTEX_POINT('',#6946);
#6946 = CARTESIAN_POINT('',(-64.,17.7,25.));
#6947 = SURFACE_CURVE('',#6948,(#6952,#6958),.PCURVE_S1.);
#6948 = LINE('',#6949,#6950);
#6949 = CARTESIAN_POINT('',(-87.,17.7,25.));
#6950 = VECTOR('',#6951,1.);
#6951 = DIRECTION('',(-1.,0.,0.));
#6952 = PCURVE('',#5203,#6953);
#6953 = DEFINITIONAL_REPRESENTATION('',(#6954),#6957);
#6954 = B_SPLINE_CURVE_WITH_KNOTS('',1,(#6955,#6956),.UNSPECIFIED.,.F.,
  .F.,(2,2),(-31.,-23.),.PIECEWISE_BEZIER_KNOTS.);
#6955 = CARTESIAN_POINT('',(54.,39.7));
#6956 = CARTESIAN_POINT('',(46.,39.7));
#6957 = ( GEOMETRIC_REPRESENTATION_CONTEXT(2) 
PARAMETRIC_REPRESENTATION_CONTEXT() REPRESENTATION_CONTEXT('2D SPACE',''
  ) );
#6958 = PCURVE('',#5960,#6959);
#6959 = DEFINITIONAL_REPRESENTATION('',(#6960),#6963);
#6960 = B_SPLINE_CURVE_WITH_KNOTS('',1,(#6961,#6962),.UNSPECIFIED.,.F.,
  .F.,(2,2),(-31.,-23.),.PIECEWISE_BEZIER_KNOTS.);
#6961 = CARTESIAN_POINT('',(8.,-5.));
#6962 = CARTESIAN_POINT('',(0.,-5.));
#6963 = ( GEOMETRIC_REPRESENTATION_CONTEXT(2) 
PARAMETRIC_REPRESENTATION_CONTEXT() REPRESENTATION_CONTEXT('2D SPACE',''
  ) );
#6964 = ORIENTED_EDGE('',*,*,#6965,.T.);
#6965 = EDGE_CURVE('',#6943,#6966,#6968,.T.);
#6966 = VERTEX_POINT('',#6967);
#6967 = CARTESIAN_POINT('',(-56.,14.3,25.));
#6968 = SURFACE_CURVE('',#6969,(#6974,#6985),.PCURVE_S1.);
#6969 = CIRCLE('',#6970,1.7);
#6970 = AXIS2_PLACEMENT_3D('',#6971,#6972,#6973);
#6971 = CARTESIAN_POINT('',(-56.,16.,25.));
#6972 = DIRECTION('',(0.,0.,-1.));
#6973 = DIRECTION('',(0.,1.,0.));
#6974 = PCURVE('',#5203,#6975);
#6975 = DEFINITIONAL_REPRESENTATION('',(#6976),#6984);
#6976 = ( BOUNDED_CURVE() B_SPLINE_CURVE(2,(#6977,#6978,#6979,#6980,
#6981,#6982,#6983),.UNSPECIFIED.,.T.,.F.) B_SPLINE_CURVE_WITH_KNOTS((1,2
    ,2,2,2,1),(-2.094395102393,0.,2.094395102393,4.188790204786,
6.28318530718,8.377580409573),.UNSPECIFIED.) CURVE() 
GEOMETRIC_REPRESENTATION_ITEM() RATIONAL_B_SPLINE_CURVE((1.,0.5,1.,0.5,
1.,0.5,1.)) REPRESENTATION_ITEM('') );
#6977 = CARTESIAN_POINT('',(54.,39.7));
#6978 = CARTESIAN_POINT('',(56.944486372867,39.7));
#6979 = CARTESIAN_POINT('',(55.472243186434,37.15));
#6980 = CARTESIAN_POINT('',(54.,34.6));
#6981 = CARTESIAN_POINT('',(52.527756813566,37.15));
#6982 = CARTESIAN_POINT('',(51.055513627133,39.7));
#6983 = CARTESIAN_POINT('',(54.,39.7));
#6984 = ( GEOMETRIC_REPRESENTATION_CONTEXT(2) 
PARAMETRIC_REPRESENTATION_CONTEXT() REPRESENTATION_CONTEXT('2D SPACE',''
  ) );
#6985 = PCURVE('',#5992,#6986);
#6986 = DEFINITIONAL_REPRESENTATION('',(#6987),#6991);
#6987 = LINE('',#6988,#6989);
#6988 = CARTESIAN_POINT('',(0.,-5.));
#6989 = VECTOR('',#6990,1.);
#6990 = DIRECTION('',(1.,0.));
#6991 = ( GEOMETRIC_REPRESENTATION_CONTEXT(2) 
PARAMETRIC_REPRESENTATION_CONTEXT() REPRESENTATION_CONTEXT('2D SPACE',''
  ) );
#6992 = ORIENTED_EDGE('',*,*,#6993,.F.);
#6993 = EDGE_CURVE('',#6994,#6966,#6996,.T.);
#6994 = VERTEX_POINT('',#6995);
#6995 = CARTESIAN_POINT('',(-64.,14.3,25.));
#6996 = SURFACE_CURVE('',#6997,(#7001,#7007),.PCURVE_S1.);
#6997 = LINE('',#6998,#6999);
#6998 = CARTESIAN_POINT('',(-83.,14.3,25.));
#6999 = VECTOR('',#7000,1.);
#7000 = DIRECTION('',(1.,0.,-0.));
#7001 = PCURVE('',#5203,#7002);
#7002 = DEFINITIONAL_REPRESENTATION('',(#7003),#7006);
#7003 = B_SPLINE_CURVE_WITH_KNOTS('',1,(#7004,#7005),.UNSPECIFIED.,.F.,
  .F.,(2,2),(19.,27.),.PIECEWISE_BEZIER_KNOTS.);
#7004 = CARTESIAN_POINT('',(46.,36.3));
#7005 = CARTESIAN_POINT('',(54.,36.3));
#7006 = ( GEOMETRIC_REPRESENTATION_CONTEXT(2) 
PARAMETRIC_REPRESENTATION_CONTEXT() REPRESENTATION_CONTEXT('2D SPACE',''
  ) );
#7007 = PCURVE('',#6019,#7008);
#7008 = DEFINITIONAL_REPRESENTATION('',(#7009),#7012);
#7009 = B_SPLINE_CURVE_WITH_KNOTS('',1,(#7010,#7011),.UNSPECIFIED.,.F.,
  .F.,(2,2),(19.,27.),.PIECEWISE_BEZIER_KNOTS.);
#7010 = CARTESIAN_POINT('',(8.,-5.));
#7011 = CARTESIAN_POINT('',(0.,-5.));
#7012 = ( GEOMETRIC_REPRESENTATION_CONTEXT(2) 
PARAMETRIC_REPRESENTATION_CONTEXT() REPRESENTATION_CONTEXT('2D SPACE',''
  ) );
#7013 = ORIENTED_EDGE('',*,*,#7014,.T.);
#7014 = EDGE_CURVE('',#6994,#6945,#7015,.T.);
#7015 = SURFACE_CURVE('',#7016,(#7021,#7032),.PCURVE_S1.);
#7016 = CIRCLE('',#7017,1.7);
#7017 = AXIS2_PLACEMENT_3D('',#7018,#7019,#7020);
#7018 = CARTESIAN_POINT('',(-64.,16.,25.));
#7019 = DIRECTION('',(0.,-0.,-1.));
#7020 = DIRECTION('',(0.,-1.,0.));
#7021 = PCURVE('',#5203,#7022);
#7022 = DEFINITIONAL_REPRESENTATION('',(#7023),#7031);
#7023 = ( BOUNDED_CURVE() B_SPLINE_CURVE(2,(#7024,#7025,#7026,#7027,
#7028,#7029,#7030),.UNSPECIFIED.,.T.,.F.) B_SPLINE_CURVE_WITH_KNOTS((1,2
    ,2,2,2,1),(-2.094395102393,0.,2.094395102393,4.188790204786,
6.28318530718,8.377580409573),.UNSPECIFIED.) CURVE() 
GEOMETRIC_REPRESENTATION_ITEM() RATIONAL_B_SPLINE_CURVE((1.,0.5,1.,0.5,
1.,0.5,1.)) REPRESENTATION_ITEM('') );
#7024 = CARTESIAN_POINT('',(46.,36.3));
#7025 = CARTESIAN_POINT('',(43.055513627133,36.3));
#7026 = CARTESIAN_POINT('',(44.527756813566,38.85));
#7027 = CARTESIAN_POINT('',(46.,41.4));
#7028 = CARTESIAN_POINT('',(47.472243186434,38.85));
#7029 = CARTESIAN_POINT('',(48.944486372867,36.3));
#7030 = CARTESIAN_POINT('',(46.,36.3));
#7031 = ( GEOMETRIC_REPRESENTATION_CONTEXT(2) 
PARAMETRIC_REPRESENTATION_CONTEXT() REPRESENTATION_CONTEXT('2D SPACE',''
  ) );
#7032 = PCURVE('',#6049,#7033);
#7033 = DEFINITIONAL_REPRESENTATION('',(#7034),#7038);
#7034 = LINE('',#7035,#7036);
#7035 = CARTESIAN_POINT('',(0.,-5.));
#7036 = VECTOR('',#7037,1.);
#7037 = DIRECTION('',(1.,0.));
#7038 = ( GEOMETRIC_REPRESENTATION_CONTEXT(2) 
PARAMETRIC_REPRESENTATION_CONTEXT() REPRESENTATION_CONTEXT('2D SPACE',''
  ) );
#7039 = FACE_BOUND('',#7040,.F.);
#7040 = EDGE_LOOP('',(#7041,#7064,#7092,#7113,#7141,#7162,#7186,#7207));
#7041 = ORIENTED_EDGE('',*,*,#7042,.T.);
#7042 = EDGE_CURVE('',#7043,#7045,#7047,.T.);
#7043 = VERTEX_POINT('',#7044);
#7044 = CARTESIAN_POINT('',(-62.25,-10.75,25.));
#7045 = VERTEX_POINT('',#7046);
#7046 = CARTESIAN_POINT('',(-101.75,-10.75,25.));
#7047 = SURFACE_CURVE('',#7048,(#7052,#7058),.PCURVE_S1.);
#7048 = LINE('',#7049,#7050);
#7049 = CARTESIAN_POINT('',(-106.375,-10.75,25.));
#7050 = VECTOR('',#7051,1.);
#7051 = DIRECTION('',(-1.,0.,0.));
#7052 = PCURVE('',#5203,#7053);
#7053 = DEFINITIONAL_REPRESENTATION('',(#7054),#7057);
#7054 = B_SPLINE_CURVE_WITH_KNOTS('',1,(#7055,#7056),.UNSPECIFIED.,.F.,
  .F.,(2,2),(-45.125,-3.625),.PIECEWISE_BEZIER_KNOTS.);
#7055 = CARTESIAN_POINT('',(48.75,11.25));
#7056 = CARTESIAN_POINT('',(7.25,11.25));
#7057 = ( GEOMETRIC_REPRESENTATION_CONTEXT(2) 
PARAMETRIC_REPRESENTATION_CONTEXT() REPRESENTATION_CONTEXT('2D SPACE',''
  ) );
#7058 = PCURVE('',#6080,#7059);
#7059 = DEFINITIONAL_REPRESENTATION('',(#7060),#7063);
#7060 = B_SPLINE_CURVE_WITH_KNOTS('',1,(#7061,#7062),.UNSPECIFIED.,.F.,
  .F.,(2,2),(-45.125,-3.625),.PIECEWISE_BEZIER_KNOTS.);
#7061 = CARTESIAN_POINT('',(10.,41.5));
#7062 = CARTESIAN_POINT('',(10.,0.));
#7063 = ( GEOMETRIC_REPRESENTATION_CONTEXT(2) 
PARAMETRIC_REPRESENTATION_CONTEXT() REPRESENTATION_CONTEXT('2D SPACE',''
  ) );
#7064 = ORIENTED_EDGE('',*,*,#7065,.T.);
#7065 = EDGE_CURVE('',#7045,#7066,#7068,.T.);
#7066 = VERTEX_POINT('',#7067);
#7067 = CARTESIAN_POINT('',(-102.75,-9.75,25.));
#7068 = SURFACE_CURVE('',#7069,(#7074,#7085),.PCURVE_S1.);
#7069 = CIRCLE('',#7070,1.);
#7070 = AXIS2_PLACEMENT_3D('',#7071,#7072,#7073);
#7071 = CARTESIAN_POINT('',(-101.75,-9.75,25.));
#7072 = DIRECTION('',(-0.,-0.,-1.));
#7073 = DIRECTION('',(0.,-1.,0.));
#7074 = PCURVE('',#5203,#7075);
#7075 = DEFINITIONAL_REPRESENTATION('',(#7076),#7084);
#7076 = ( BOUNDED_CURVE() B_SPLINE_CURVE(2,(#7077,#7078,#7079,#7080,
#7081,#7082,#7083),.UNSPECIFIED.,.T.,.F.) B_SPLINE_CURVE_WITH_KNOTS((1,2
    ,2,2,2,1),(-2.094395102393,0.,2.094395102393,4.188790204786,
6.28318530718,8.377580409573),.UNSPECIFIED.) CURVE() 
GEOMETRIC_REPRESENTATION_ITEM() RATIONAL_B_SPLINE_CURVE((1.,0.5,1.,0.5,
1.,0.5,1.)) REPRESENTATION_ITEM('') );
#7077 = CARTESIAN_POINT('',(8.25,11.25));
#7078 = CARTESIAN_POINT('',(6.517949192431,11.25));
#7079 = CARTESIAN_POINT('',(7.383974596216,12.75));
#7080 = CARTESIAN_POINT('',(8.25,14.25));
#7081 = CARTESIAN_POINT('',(9.116025403784,12.75));
#7082 = CARTESIAN_POINT('',(9.982050807569,11.25));
#7083 = CARTESIAN_POINT('',(8.25,11.25));
#7084 = ( GEOMETRIC_REPRESENTATION_CONTEXT(2) 
PARAMETRIC_REPRESENTATION_CONTEXT() REPRESENTATION_CONTEXT('2D SPACE',''
  ) );
#7085 = PCURVE('',#6112,#7086);
#7086 = DEFINITIONAL_REPRESENTATION('',(#7087),#7091);
#7087 = LINE('',#7088,#7089);
#7088 = CARTESIAN_POINT('',(-0.,0.));
#7089 = VECTOR('',#7090,1.);
#7090 = DIRECTION('',(-1.,0.));
#7091 = ( GEOMETRIC_REPRESENTATION_CONTEXT(2) 
PARAMETRIC_REPRESENTATION_CONTEXT() REPRESENTATION_CONTEXT('2D SPACE',''
  ) );
#7092 = ORIENTED_EDGE('',*,*,#7093,.T.);
#7093 = EDGE_CURVE('',#7066,#7094,#7096,.T.);
#7094 = VERTEX_POINT('',#7095);
#7095 = CARTESIAN_POINT('',(-102.75,9.75,25.));
#7096 = SURFACE_CURVE('',#7097,(#7101,#7107),.PCURVE_S1.);
#7097 = LINE('',#7098,#7099);
#7098 = CARTESIAN_POINT('',(-102.75,-16.375,25.));
#7099 = VECTOR('',#7100,1.);
#7100 = DIRECTION('',(0.,1.,0.));
#7101 = PCURVE('',#5203,#7102);
#7102 = DEFINITIONAL_REPRESENTATION('',(#7103),#7106);
#7103 = B_SPLINE_CURVE_WITH_KNOTS('',1,(#7104,#7105),.UNSPECIFIED.,.F.,
  .F.,(2,2),(5.625,27.125),.PIECEWISE_BEZIER_KNOTS.);
#7104 = CARTESIAN_POINT('',(7.25,11.25));
#7105 = CARTESIAN_POINT('',(7.25,32.75));
#7106 = ( GEOMETRIC_REPRESENTATION_CONTEXT(2) 
PARAMETRIC_REPRESENTATION_CONTEXT() REPRESENTATION_CONTEXT('2D SPACE',''
  ) );
#7107 = PCURVE('',#6139,#7108);
#7108 = DEFINITIONAL_REPRESENTATION('',(#7109),#7112);
#7109 = B_SPLINE_CURVE_WITH_KNOTS('',1,(#7110,#7111),.UNSPECIFIED.,.F.,
  .F.,(2,2),(5.625,27.125),.PIECEWISE_BEZIER_KNOTS.);
#7110 = CARTESIAN_POINT('',(10.,0.));
#7111 = CARTESIAN_POINT('',(10.,-21.5));
#7112 = ( GEOMETRIC_REPRESENTATION_CONTEXT(2) 
PARAMETRIC_REPRESENTATION_CONTEXT() REPRESENTATION_CONTEXT('2D SPACE',''
  ) );
#7113 = ORIENTED_EDGE('',*,*,#7114,.T.);
#7114 = EDGE_CURVE('',#7094,#7115,#7117,.T.);
#7115 = VERTEX_POINT('',#7116);
#7116 = CARTESIAN_POINT('',(-101.75,10.75,25.));
#7117 = SURFACE_CURVE('',#7118,(#7123,#7134),.PCURVE_S1.);
#7118 = CIRCLE('',#7119,1.);
#7119 = AXIS2_PLACEMENT_3D('',#7120,#7121,#7122);
#7120 = CARTESIAN_POINT('',(-101.75,9.75,25.));
#7121 = DIRECTION('',(-0.,-0.,-1.));
#7122 = DIRECTION('',(0.,-1.,0.));
#7123 = PCURVE('',#5203,#7124);
#7124 = DEFINITIONAL_REPRESENTATION('',(#7125),#7133);
#7125 = ( BOUNDED_CURVE() B_SPLINE_CURVE(2,(#7126,#7127,#7128,#7129,
#7130,#7131,#7132),.UNSPECIFIED.,.T.,.F.) B_SPLINE_CURVE_WITH_KNOTS((1,2
    ,2,2,2,1),(-2.094395102393,0.,2.094395102393,4.188790204786,
6.28318530718,8.377580409573),.UNSPECIFIED.) CURVE() 
GEOMETRIC_REPRESENTATION_ITEM() RATIONAL_B_SPLINE_CURVE((1.,0.5,1.,0.5,
1.,0.5,1.)) REPRESENTATION_ITEM('') );
#7126 = CARTESIAN_POINT('',(8.25,30.75));
#7127 = CARTESIAN_POINT('',(6.517949192431,30.75));
#7128 = CARTESIAN_POINT('',(7.383974596216,32.25));
#7129 = CARTESIAN_POINT('',(8.25,33.75));
#7130 = CARTESIAN_POINT('',(9.116025403784,32.25));
#7131 = CARTESIAN_POINT('',(9.982050807569,30.75));
#7132 = CARTESIAN_POINT('',(8.25,30.75));
#7133 = ( GEOMETRIC_REPRESENTATION_CONTEXT(2) 
PARAMETRIC_REPRESENTATION_CONTEXT() REPRESENTATION_CONTEXT('2D SPACE',''
  ) );
#7134 = PCURVE('',#6171,#7135);
#7135 = DEFINITIONAL_REPRESENTATION('',(#7136),#7140);
#7136 = LINE('',#7137,#7138);
#7137 = CARTESIAN_POINT('',(1.570796326795,-0.));
#7138 = VECTOR('',#7139,1.);
#7139 = DIRECTION('',(-1.,0.));
#7140 = ( GEOMETRIC_REPRESENTATION_CONTEXT(2) 
PARAMETRIC_REPRESENTATION_CONTEXT() REPRESENTATION_CONTEXT('2D SPACE',''
  ) );
#7141 = ORIENTED_EDGE('',*,*,#7142,.F.);
#7142 = EDGE_CURVE('',#7143,#7115,#7145,.T.);
#7143 = VERTEX_POINT('',#7144);
#7144 = CARTESIAN_POINT('',(-62.25,10.75,25.));
#7145 = SURFACE_CURVE('',#7146,(#7150,#7156),.PCURVE_S1.);
#7146 = LINE('',#7147,#7148);
#7147 = CARTESIAN_POINT('',(-106.375,10.75,25.));
#7148 = VECTOR('',#7149,1.);
#7149 = DIRECTION('',(-1.,0.,0.));
#7150 = PCURVE('',#5203,#7151);
#7151 = DEFINITIONAL_REPRESENTATION('',(#7152),#7155);
#7152 = B_SPLINE_CURVE_WITH_KNOTS('',1,(#7153,#7154),.UNSPECIFIED.,.F.,
  .F.,(2,2),(-45.125,-3.625),.PIECEWISE_BEZIER_KNOTS.);
#7153 = CARTESIAN_POINT('',(48.75,32.75));
#7154 = CARTESIAN_POINT('',(7.25,32.75));
#7155 = ( GEOMETRIC_REPRESENTATION_CONTEXT(2) 
PARAMETRIC_REPRESENTATION_CONTEXT() REPRESENTATION_CONTEXT('2D SPACE',''
  ) );
#7156 = PCURVE('',#6198,#7157);
#7157 = DEFINITIONAL_REPRESENTATION('',(#7158),#7161);
#7158 = B_SPLINE_CURVE_WITH_KNOTS('',1,(#7159,#7160),.UNSPECIFIED.,.F.,
  .F.,(2,2),(-45.125,-3.625),.PIECEWISE_BEZIER_KNOTS.);
#7159 = CARTESIAN_POINT('',(10.,41.5));
#7160 = CARTESIAN_POINT('',(10.,0.));
#7161 = ( GEOMETRIC_REPRESENTATION_CONTEXT(2) 
PARAMETRIC_REPRESENTATION_CONTEXT() REPRESENTATION_CONTEXT('2D SPACE',''
  ) );
#7162 = ORIENTED_EDGE('',*,*,#7163,.F.);
#7163 = EDGE_CURVE('',#7164,#7143,#7166,.T.);
#7164 = VERTEX_POINT('',#7165);
#7165 = CARTESIAN_POINT('',(-61.25,9.75,25.));
#7166 = SURFACE_CURVE('',#7167,(#7172,#7179),.PCURVE_S1.);
#7167 = CIRCLE('',#7168,1.);
#7168 = AXIS2_PLACEMENT_3D('',#7169,#7170,#7171);
#7169 = CARTESIAN_POINT('',(-62.25,9.75,25.));
#7170 = DIRECTION('',(0.,0.,1.));
#7171 = DIRECTION('',(0.,-1.,0.));
#7172 = PCURVE('',#5203,#7173);
#7173 = DEFINITIONAL_REPRESENTATION('',(#7174),#7178);
#7174 = CIRCLE('',#7175,1.);
#7175 = AXIS2_PLACEMENT_2D('',#7176,#7177);
#7176 = CARTESIAN_POINT('',(47.75,31.75));
#7177 = DIRECTION('',(0.,-1.));
#7178 = ( GEOMETRIC_REPRESENTATION_CONTEXT(2) 
PARAMETRIC_REPRESENTATION_CONTEXT() REPRESENTATION_CONTEXT('2D SPACE',''
  ) );
#7179 = PCURVE('',#6226,#7180);
#7180 = DEFINITIONAL_REPRESENTATION('',(#7181),#7185);
#7181 = LINE('',#7182,#7183);
#7182 = CARTESIAN_POINT('',(-1.570796326795,0.));
#7183 = VECTOR('',#7184,1.);
#7184 = DIRECTION('',(1.,0.));
#7185 = ( GEOMETRIC_REPRESENTATION_CONTEXT(2) 
PARAMETRIC_REPRESENTATION_CONTEXT() REPRESENTATION_CONTEXT('2D SPACE',''
  ) );
#7186 = ORIENTED_EDGE('',*,*,#7187,.F.);
#7187 = EDGE_CURVE('',#7188,#7164,#7190,.T.);
#7188 = VERTEX_POINT('',#7189);
#7189 = CARTESIAN_POINT('',(-61.25,-9.75,25.));
#7190 = SURFACE_CURVE('',#7191,(#7195,#7201),.PCURVE_S1.);
#7191 = LINE('',#7192,#7193);
#7192 = CARTESIAN_POINT('',(-61.25,-16.375,25.));
#7193 = VECTOR('',#7194,1.);
#7194 = DIRECTION('',(0.,1.,0.));
#7195 = PCURVE('',#5203,#7196);
#7196 = DEFINITIONAL_REPRESENTATION('',(#7197),#7200);
#7197 = B_SPLINE_CURVE_WITH_KNOTS('',1,(#7198,#7199),.UNSPECIFIED.,.F.,
  .F.,(2,2),(5.625,27.125),.PIECEWISE_BEZIER_KNOTS.);
#7198 = CARTESIAN_POINT('',(48.75,11.25));
#7199 = CARTESIAN_POINT('',(48.75,32.75));
#7200 = ( GEOMETRIC_REPRESENTATION_CONTEXT(2) 
PARAMETRIC_REPRESENTATION_CONTEXT() REPRESENTATION_CONTEXT('2D SPACE',''
  ) );
#7201 = PCURVE('',#6253,#7202);
#7202 = DEFINITIONAL_REPRESENTATION('',(#7203),#7206);
#7203 = B_SPLINE_CURVE_WITH_KNOTS('',1,(#7204,#7205),.UNSPECIFIED.,.F.,
  .F.,(2,2),(5.625,27.125),.PIECEWISE_BEZIER_KNOTS.);
#7204 = CARTESIAN_POINT('',(10.,0.));
#7205 = CARTESIAN_POINT('',(10.,-21.5));
#7206 = ( GEOMETRIC_REPRESENTATION_CONTEXT(2) 
PARAMETRIC_REPRESENTATION_CONTEXT() REPRESENTATION_CONTEXT('2D SPACE',''
  ) );
#7207 = ORIENTED_EDGE('',*,*,#7208,.F.);
#7208 = EDGE_CURVE('',#7043,#7188,#7209,.T.);
#7209 = SURFACE_CURVE('',#7210,(#7215,#7222),.PCURVE_S1.);
#7210 = CIRCLE('',#7211,1.);
#7211 = AXIS2_PLACEMENT_3D('',#7212,#7213,#7214);
#7212 = CARTESIAN_POINT('',(-62.25,-9.75,25.));
#7213 = DIRECTION('',(0.,0.,1.));
#7214 = DIRECTION('',(0.,-1.,0.));
#7215 = PCURVE('',#5203,#7216);
#7216 = DEFINITIONAL_REPRESENTATION('',(#7217),#7221);
#7217 = CIRCLE('',#7218,1.);
#7218 = AXIS2_PLACEMENT_2D('',#7219,#7220);
#7219 = CARTESIAN_POINT('',(47.75,12.25));
#7220 = DIRECTION('',(0.,-1.));
#7221 = ( GEOMETRIC_REPRESENTATION_CONTEXT(2) 
PARAMETRIC_REPRESENTATION_CONTEXT() REPRESENTATION_CONTEXT('2D SPACE',''
  ) );
#7222 = PCURVE('',#6279,#7223);
#7223 = DEFINITIONAL_REPRESENTATION('',(#7224),#7228);
#7224 = LINE('',#7225,#7226);
#7225 = CARTESIAN_POINT('',(0.,0.));
#7226 = VECTOR('',#7227,1.);
#7227 = DIRECTION('',(1.,0.));
#7228 = ( GEOMETRIC_REPRESENTATION_CONTEXT(2) 
PARAMETRIC_REPRESENTATION_CONTEXT() REPRESENTATION_CONTEXT('2D SPACE',''
  ) );
#7229 = ADVANCED_FACE('',(#7230),#5285,.F.);
#7230 = FACE_BOUND('',#7231,.F.);
#7231 = EDGE_LOOP('',(#7232,#7233,#7234,#7235));
#7232 = ORIENTED_EDGE('',*,*,#6400,.F.);
#7233 = ORIENTED_EDGE('',*,*,#6318,.T.);
#7234 = ORIENTED_EDGE('',*,*,#5269,.T.);
#7235 = ORIENTED_EDGE('',*,*,#7236,.F.);
#7236 = EDGE_CURVE('',#6401,#5270,#7237,.T.);
#7237 = SURFACE_CURVE('',#7238,(#7242,#7249),.PCURVE_S1.);
#7238 = LINE('',#7239,#7240);
#7239 = CARTESIAN_POINT('',(-52.05,-22.,25.));
#7240 = VECTOR('',#7241,1.);
#7241 = DIRECTION('',(0.,0.,1.));
#7242 = PCURVE('',#5285,#7243);
#7243 = DEFINITIONAL_REPRESENTATION('',(#7244),#7248);
#7244 = LINE('',#7245,#7246);
#7245 = CARTESIAN_POINT('',(0.,57.95));
#7246 = VECTOR('',#7247,1.);
#7247 = DIRECTION('',(1.,0.));
#7248 = ( GEOMETRIC_REPRESENTATION_CONTEXT(2) 
PARAMETRIC_REPRESENTATION_CONTEXT() REPRESENTATION_CONTEXT('2D SPACE',''
  ) );
#7249 = PCURVE('',#5314,#7250);
#7250 = DEFINITIONAL_REPRESENTATION('',(#7251),#7255);
#7251 = LINE('',#7252,#7253);
#7252 = CARTESIAN_POINT('',(0.,0.));
#7253 = VECTOR('',#7254,1.);
#7254 = DIRECTION('',(0.,1.));
#7255 = ( GEOMETRIC_REPRESENTATION_CONTEXT(2) 
PARAMETRIC_REPRESENTATION_CONTEXT() REPRESENTATION_CONTEXT('2D SPACE',''
  ) );
#7256 = ADVANCED_FACE('',(#7257),#5403,.T.);
#7257 = FACE_BOUND('',#7258,.T.);
#7258 = EDGE_LOOP('',(#7259,#7260,#7261,#7262));
#7259 = ORIENTED_EDGE('',*,*,#6498,.F.);
#7260 = ORIENTED_EDGE('',*,*,#6372,.T.);
#7261 = ORIENTED_EDGE('',*,*,#5387,.T.);
#7262 = ORIENTED_EDGE('',*,*,#7263,.F.);
#7263 = EDGE_CURVE('',#6471,#5355,#7264,.T.);
#7264 = SURFACE_CURVE('',#7265,(#7269,#7276),.PCURVE_S1.);
#7265 = LINE('',#7266,#7267);
#7266 = CARTESIAN_POINT('',(-52.05,22.,25.));
#7267 = VECTOR('',#7268,1.);
#7268 = DIRECTION('',(0.,0.,1.));
#7269 = PCURVE('',#5403,#7270);
#7270 = DEFINITIONAL_REPRESENTATION('',(#7271),#7275);
#7271 = LINE('',#7272,#7273);
#7272 = CARTESIAN_POINT('',(0.,57.95));
#7273 = VECTOR('',#7274,1.);
#7274 = DIRECTION('',(1.,0.));
#7275 = ( GEOMETRIC_REPRESENTATION_CONTEXT(2) 
PARAMETRIC_REPRESENTATION_CONTEXT() REPRESENTATION_CONTEXT('2D SPACE',''
  ) );
#7276 = PCURVE('',#5375,#7277);
#7277 = DEFINITIONAL_REPRESENTATION('',(#7278),#7282);
#7278 = LINE('',#7279,#7280);
#7279 = CARTESIAN_POINT('',(-0.,0.));
#7280 = VECTOR('',#7281,1.);
#7281 = DIRECTION('',(-0.,1.));
#7282 = ( GEOMETRIC_REPRESENTATION_CONTEXT(2) 
PARAMETRIC_REPRESENTATION_CONTEXT() REPRESENTATION_CONTEXT('2D SPACE',''
  ) );
#7283 = ADVANCED_FACE('',(#7284),#5314,.T.);
#7284 = FACE_BOUND('',#7285,.T.);
#7285 = EDGE_LOOP('',(#7286,#7287,#7308,#7309));
#7286 = ORIENTED_EDGE('',*,*,#6423,.T.);
#7287 = ORIENTED_EDGE('',*,*,#7288,.T.);
#7288 = EDGE_CURVE('',#6424,#5298,#7289,.T.);
#7289 = SURFACE_CURVE('',#7290,(#7294,#7301),.PCURVE_S1.);
#7290 = LINE('',#7291,#7292);
#7291 = CARTESIAN_POINT('',(-51.05,-21.,25.));
#7292 = VECTOR('',#7293,1.);
#7293 = DIRECTION('',(0.,0.,1.));
#7294 = PCURVE('',#5314,#7295);
#7295 = DEFINITIONAL_REPRESENTATION('',(#7296),#7300);
#7296 = LINE('',#7297,#7298);
#7297 = CARTESIAN_POINT('',(1.570796326795,0.));
#7298 = VECTOR('',#7299,1.);
#7299 = DIRECTION('',(0.,1.));
#7300 = ( GEOMETRIC_REPRESENTATION_CONTEXT(2) 
PARAMETRIC_REPRESENTATION_CONTEXT() REPRESENTATION_CONTEXT('2D SPACE',''
  ) );
#7301 = PCURVE('',#5342,#7302);
#7302 = DEFINITIONAL_REPRESENTATION('',(#7303),#7307);
#7303 = LINE('',#7304,#7305);
#7304 = CARTESIAN_POINT('',(0.,-1.));
#7305 = VECTOR('',#7306,1.);
#7306 = DIRECTION('',(1.,0.));
#7307 = ( GEOMETRIC_REPRESENTATION_CONTEXT(2) 
PARAMETRIC_REPRESENTATION_CONTEXT() REPRESENTATION_CONTEXT('2D SPACE',''
  ) );
#7308 = ORIENTED_EDGE('',*,*,#5297,.F.);
#7309 = ORIENTED_EDGE('',*,*,#7236,.F.);
#7310 = ADVANCED_FACE('',(#7311),#5375,.T.);
#7311 = FACE_BOUND('',#7312,.F.);
#7312 = EDGE_LOOP('',(#7313,#7314,#7335,#7336));
#7313 = ORIENTED_EDGE('',*,*,#6470,.T.);
#7314 = ORIENTED_EDGE('',*,*,#7315,.T.);
#7315 = EDGE_CURVE('',#6448,#5327,#7316,.T.);
#7316 = SURFACE_CURVE('',#7317,(#7321,#7328),.PCURVE_S1.);
#7317 = LINE('',#7318,#7319);
#7318 = CARTESIAN_POINT('',(-51.05,21.,25.));
#7319 = VECTOR('',#7320,1.);
#7320 = DIRECTION('',(0.,0.,1.));
#7321 = PCURVE('',#5375,#7322);
#7322 = DEFINITIONAL_REPRESENTATION('',(#7323),#7327);
#7323 = LINE('',#7324,#7325);
#7324 = CARTESIAN_POINT('',(-1.570796326795,0.));
#7325 = VECTOR('',#7326,1.);
#7326 = DIRECTION('',(-0.,1.));
#7327 = ( GEOMETRIC_REPRESENTATION_CONTEXT(2) 
PARAMETRIC_REPRESENTATION_CONTEXT() REPRESENTATION_CONTEXT('2D SPACE',''
  ) );
#7328 = PCURVE('',#5342,#7329);
#7329 = DEFINITIONAL_REPRESENTATION('',(#7330),#7334);
#7330 = LINE('',#7331,#7332);
#7331 = CARTESIAN_POINT('',(0.,-43.));
#7332 = VECTOR('',#7333,1.);
#7333 = DIRECTION('',(1.,0.));
#7334 = ( GEOMETRIC_REPRESENTATION_CONTEXT(2) 
PARAMETRIC_REPRESENTATION_CONTEXT() REPRESENTATION_CONTEXT('2D SPACE',''
  ) );
#7335 = ORIENTED_EDGE('',*,*,#5354,.F.);
#7336 = ORIENTED_EDGE('',*,*,#7263,.F.);
#7337 = ADVANCED_FACE('',(#7338),#5342,.T.);
#7338 = FACE_BOUND('',#7339,.T.);
#7339 = EDGE_LOOP('',(#7340,#7341,#7342,#7343));
#7340 = ORIENTED_EDGE('',*,*,#5326,.F.);
#7341 = ORIENTED_EDGE('',*,*,#7288,.F.);
#7342 = ORIENTED_EDGE('',*,*,#6447,.T.);
#7343 = ORIENTED_EDGE('',*,*,#7315,.T.);
#7344 = ADVANCED_FACE('',(#7345),#5460,.F.);
#7345 = FACE_BOUND('',#7346,.F.);
#7346 = EDGE_LOOP('',(#7347,#7348,#7369,#7370));
#7347 = ORIENTED_EDGE('',*,*,#6522,.T.);
#7348 = ORIENTED_EDGE('',*,*,#7349,.T.);
#7349 = EDGE_CURVE('',#6525,#5446,#7350,.T.);
#7350 = SURFACE_CURVE('',#7351,(#7355,#7362),.PCURVE_S1.);
#7351 = LINE('',#7352,#7353);
#7352 = CARTESIAN_POINT('',(-108.,-14.3,20.));
#7353 = VECTOR('',#7354,1.);
#7354 = DIRECTION('',(0.,0.,1.));
#7355 = PCURVE('',#5460,#7356);
#7356 = DEFINITIONAL_REPRESENTATION('',(#7357),#7361);
#7357 = LINE('',#7358,#7359);
#7358 = CARTESIAN_POINT('',(0.,0.));
#7359 = VECTOR('',#7360,1.);
#7360 = DIRECTION('',(0.,-1.));
#7361 = ( GEOMETRIC_REPRESENTATION_CONTEXT(2) 
PARAMETRIC_REPRESENTATION_CONTEXT() REPRESENTATION_CONTEXT('2D SPACE',''
  ) );
#7362 = PCURVE('',#5549,#7363);
#7363 = DEFINITIONAL_REPRESENTATION('',(#7364),#7368);
#7364 = LINE('',#7365,#7366);
#7365 = CARTESIAN_POINT('',(3.14159265359,0.));
#7366 = VECTOR('',#7367,1.);
#7367 = DIRECTION('',(0.,-1.));
#7368 = ( GEOMETRIC_REPRESENTATION_CONTEXT(2) 
PARAMETRIC_REPRESENTATION_CONTEXT() REPRESENTATION_CONTEXT('2D SPACE',''
  ) );
#7369 = ORIENTED_EDGE('',*,*,#5443,.F.);
#7370 = ORIENTED_EDGE('',*,*,#7371,.F.);
#7371 = EDGE_CURVE('',#6523,#5444,#7372,.T.);
#7372 = SURFACE_CURVE('',#7373,(#7377,#7384),.PCURVE_S1.);
#7373 = LINE('',#7374,#7375);
#7374 = CARTESIAN_POINT('',(-100.,-14.3,20.));
#7375 = VECTOR('',#7376,1.);
#7376 = DIRECTION('',(0.,0.,1.));
#7377 = PCURVE('',#5460,#7378);
#7378 = DEFINITIONAL_REPRESENTATION('',(#7379),#7383);
#7379 = LINE('',#7380,#7381);
#7380 = CARTESIAN_POINT('',(8.,0.));
#7381 = VECTOR('',#7382,1.);
#7382 = DIRECTION('',(0.,-1.));
#7383 = ( GEOMETRIC_REPRESENTATION_CONTEXT(2) 
PARAMETRIC_REPRESENTATION_CONTEXT() REPRESENTATION_CONTEXT('2D SPACE',''
  ) );
#7384 = PCURVE('',#5492,#7385);
#7385 = DEFINITIONAL_REPRESENTATION('',(#7386),#7390);
#7386 = LINE('',#7387,#7388);
#7387 = CARTESIAN_POINT('',(0.,0.));
#7388 = VECTOR('',#7389,1.);
#7389 = DIRECTION('',(0.,-1.));
#7390 = ( GEOMETRIC_REPRESENTATION_CONTEXT(2) 
PARAMETRIC_REPRESENTATION_CONTEXT() REPRESENTATION_CONTEXT('2D SPACE',''
  ) );
#7391 = ADVANCED_FACE('',(#7392),#5492,.F.);
#7392 = FACE_BOUND('',#7393,.F.);
#7393 = EDGE_LOOP('',(#7394,#7395,#7396,#7397));
#7394 = ORIENTED_EDGE('',*,*,#6545,.F.);
#7395 = ORIENTED_EDGE('',*,*,#7371,.T.);
#7396 = ORIENTED_EDGE('',*,*,#5471,.T.);
#7397 = ORIENTED_EDGE('',*,*,#7398,.F.);
#7398 = EDGE_CURVE('',#6546,#5472,#7399,.T.);
#7399 = SURFACE_CURVE('',#7400,(#7404,#7411),.PCURVE_S1.);
#7400 = LINE('',#7401,#7402);
#7401 = CARTESIAN_POINT('',(-100.,-17.7,20.));
#7402 = VECTOR('',#7403,1.);
#7403 = DIRECTION('',(0.,0.,1.));
#7404 = PCURVE('',#5492,#7405);
#7405 = DEFINITIONAL_REPRESENTATION('',(#7406),#7410);
#7406 = LINE('',#7407,#7408);
#7407 = CARTESIAN_POINT('',(3.14159265359,0.));
#7408 = VECTOR('',#7409,1.);
#7409 = DIRECTION('',(0.,-1.));
#7410 = ( GEOMETRIC_REPRESENTATION_CONTEXT(2) 
PARAMETRIC_REPRESENTATION_CONTEXT() REPRESENTATION_CONTEXT('2D SPACE',''
  ) );
#7411 = PCURVE('',#5519,#7412);
#7412 = DEFINITIONAL_REPRESENTATION('',(#7413),#7417);
#7413 = LINE('',#7414,#7415);
#7414 = CARTESIAN_POINT('',(0.,-0.));
#7415 = VECTOR('',#7416,1.);
#7416 = DIRECTION('',(0.,-1.));
#7417 = ( GEOMETRIC_REPRESENTATION_CONTEXT(2) 
PARAMETRIC_REPRESENTATION_CONTEXT() REPRESENTATION_CONTEXT('2D SPACE',''
  ) );
#7418 = ADVANCED_FACE('',(#7419),#5549,.F.);
#7419 = FACE_BOUND('',#7420,.F.);
#7420 = EDGE_LOOP('',(#7421,#7422,#7443,#7444));
#7421 = ORIENTED_EDGE('',*,*,#6594,.F.);
#7422 = ORIENTED_EDGE('',*,*,#7423,.T.);
#7423 = EDGE_CURVE('',#6574,#5505,#7424,.T.);
#7424 = SURFACE_CURVE('',#7425,(#7429,#7436),.PCURVE_S1.);
#7425 = LINE('',#7426,#7427);
#7426 = CARTESIAN_POINT('',(-108.,-17.7,20.));
#7427 = VECTOR('',#7428,1.);
#7428 = DIRECTION('',(0.,0.,1.));
#7429 = PCURVE('',#5549,#7430);
#7430 = DEFINITIONAL_REPRESENTATION('',(#7431),#7435);
#7431 = LINE('',#7432,#7433);
#7432 = CARTESIAN_POINT('',(0.,0.));
#7433 = VECTOR('',#7434,1.);
#7434 = DIRECTION('',(0.,-1.));
#7435 = ( GEOMETRIC_REPRESENTATION_CONTEXT(2) 
PARAMETRIC_REPRESENTATION_CONTEXT() REPRESENTATION_CONTEXT('2D SPACE',''
  ) );
#7436 = PCURVE('',#5519,#7437);
#7437 = DEFINITIONAL_REPRESENTATION('',(#7438),#7442);
#7438 = LINE('',#7439,#7440);
#7439 = CARTESIAN_POINT('',(8.,0.));
#7440 = VECTOR('',#7441,1.);
#7441 = DIRECTION('',(0.,-1.));
#7442 = ( GEOMETRIC_REPRESENTATION_CONTEXT(2) 
PARAMETRIC_REPRESENTATION_CONTEXT() REPRESENTATION_CONTEXT('2D SPACE',''
  ) );
#7443 = ORIENTED_EDGE('',*,*,#5530,.T.);
#7444 = ORIENTED_EDGE('',*,*,#7349,.F.);
#7445 = ADVANCED_FACE('',(#7446),#5519,.F.);
#7446 = FACE_BOUND('',#7447,.F.);
#7447 = EDGE_LOOP('',(#7448,#7449,#7450,#7451));
#7448 = ORIENTED_EDGE('',*,*,#6573,.T.);
#7449 = ORIENTED_EDGE('',*,*,#7398,.T.);
#7450 = ORIENTED_EDGE('',*,*,#5504,.F.);
#7451 = ORIENTED_EDGE('',*,*,#7423,.F.);
#7452 = ADVANCED_FACE('',(#7453),#5584,.F.);
#7453 = FACE_BOUND('',#7454,.T.);
#7454 = EDGE_LOOP('',(#7455,#7456,#7477,#7478));
#7455 = ORIENTED_EDGE('',*,*,#6622,.T.);
#7456 = ORIENTED_EDGE('',*,*,#7457,.T.);
#7457 = EDGE_CURVE('',#6623,#5564,#7458,.T.);
#7458 = SEAM_CURVE('',#7459,(#7463,#7470),.PCURVE_S1.);
#7459 = LINE('',#7460,#7461);
#7460 = CARTESIAN_POINT('',(-105.05,-5.,20.));
#7461 = VECTOR('',#7462,1.);
#7462 = DIRECTION('',(0.,0.,1.));
#7463 = PCURVE('',#5584,#7464);
#7464 = DEFINITIONAL_REPRESENTATION('',(#7465),#7469);
#7465 = LINE('',#7466,#7467);
#7466 = CARTESIAN_POINT('',(-6.28318530718,0.));
#7467 = VECTOR('',#7468,1.);
#7468 = DIRECTION('',(-0.,-1.));
#7469 = ( GEOMETRIC_REPRESENTATION_CONTEXT(2) 
PARAMETRIC_REPRESENTATION_CONTEXT() REPRESENTATION_CONTEXT('2D SPACE',''
  ) );
#7470 = PCURVE('',#5584,#7471);
#7471 = DEFINITIONAL_REPRESENTATION('',(#7472),#7476);
#7472 = LINE('',#7473,#7474);
#7473 = CARTESIAN_POINT('',(-0.,0.));
#7474 = VECTOR('',#7475,1.);
#7475 = DIRECTION('',(-0.,-1.));
#7476 = ( GEOMETRIC_REPRESENTATION_CONTEXT(2) 
PARAMETRIC_REPRESENTATION_CONTEXT() REPRESENTATION_CONTEXT('2D SPACE',''
  ) );
#7477 = ORIENTED_EDGE('',*,*,#5563,.F.);
#7478 = ORIENTED_EDGE('',*,*,#7457,.F.);
#7479 = ADVANCED_FACE('',(#7480),#5615,.F.);
#7480 = FACE_BOUND('',#7481,.F.);
#7481 = EDGE_LOOP('',(#7482,#7483,#7504,#7505));
#7482 = ORIENTED_EDGE('',*,*,#6652,.T.);
#7483 = ORIENTED_EDGE('',*,*,#7484,.T.);
#7484 = EDGE_CURVE('',#6655,#5601,#7485,.T.);
#7485 = SURFACE_CURVE('',#7486,(#7490,#7497),.PCURVE_S1.);
#7486 = LINE('',#7487,#7488);
#7487 = CARTESIAN_POINT('',(-64.,-14.3,20.));
#7488 = VECTOR('',#7489,1.);
#7489 = DIRECTION('',(0.,0.,1.));
#7490 = PCURVE('',#5615,#7491);
#7491 = DEFINITIONAL_REPRESENTATION('',(#7492),#7496);
#7492 = LINE('',#7493,#7494);
#7493 = CARTESIAN_POINT('',(0.,0.));
#7494 = VECTOR('',#7495,1.);
#7495 = DIRECTION('',(0.,-1.));
#7496 = ( GEOMETRIC_REPRESENTATION_CONTEXT(2) 
PARAMETRIC_REPRESENTATION_CONTEXT() REPRESENTATION_CONTEXT('2D SPACE',''
  ) );
#7497 = PCURVE('',#5704,#7498);
#7498 = DEFINITIONAL_REPRESENTATION('',(#7499),#7503);
#7499 = LINE('',#7500,#7501);
#7500 = CARTESIAN_POINT('',(3.14159265359,0.));
#7501 = VECTOR('',#7502,1.);
#7502 = DIRECTION('',(0.,-1.));
#7503 = ( GEOMETRIC_REPRESENTATION_CONTEXT(2) 
PARAMETRIC_REPRESENTATION_CONTEXT() REPRESENTATION_CONTEXT('2D SPACE',''
  ) );
#7504 = ORIENTED_EDGE('',*,*,#5598,.F.);
#7505 = ORIENTED_EDGE('',*,*,#7506,.F.);
#7506 = EDGE_CURVE('',#6653,#5599,#7507,.T.);
#7507 = SURFACE_CURVE('',#7508,(#7512,#7519),.PCURVE_S1.);
#7508 = LINE('',#7509,#7510);
#7509 = CARTESIAN_POINT('',(-56.,-14.3,20.));
#7510 = VECTOR('',#7511,1.);
#7511 = DIRECTION('',(0.,0.,1.));
#7512 = PCURVE('',#5615,#7513);
#7513 = DEFINITIONAL_REPRESENTATION('',(#7514),#7518);
#7514 = LINE('',#7515,#7516);
#7515 = CARTESIAN_POINT('',(8.,0.));
#7516 = VECTOR('',#7517,1.);
#7517 = DIRECTION('',(0.,-1.));
#7518 = ( GEOMETRIC_REPRESENTATION_CONTEXT(2) 
PARAMETRIC_REPRESENTATION_CONTEXT() REPRESENTATION_CONTEXT('2D SPACE',''
  ) );
#7519 = PCURVE('',#5647,#7520);
#7520 = DEFINITIONAL_REPRESENTATION('',(#7521),#7525);
#7521 = LINE('',#7522,#7523);
#7522 = CARTESIAN_POINT('',(0.,0.));
#7523 = VECTOR('',#7524,1.);
#7524 = DIRECTION('',(0.,-1.));
#7525 = ( GEOMETRIC_REPRESENTATION_CONTEXT(2) 
PARAMETRIC_REPRESENTATION_CONTEXT() REPRESENTATION_CONTEXT('2D SPACE',''
  ) );
#7526 = ADVANCED_FACE('',(#7527),#5647,.F.);
#7527 = FACE_BOUND('',#7528,.F.);
#7528 = EDGE_LOOP('',(#7529,#7530,#7531,#7532));
#7529 = ORIENTED_EDGE('',*,*,#6675,.F.);
#7530 = ORIENTED_EDGE('',*,*,#7506,.T.);
#7531 = ORIENTED_EDGE('',*,*,#5626,.T.);
#7532 = ORIENTED_EDGE('',*,*,#7533,.F.);
#7533 = EDGE_CURVE('',#6676,#5627,#7534,.T.);
#7534 = SURFACE_CURVE('',#7535,(#7539,#7546),.PCURVE_S1.);
#7535 = LINE('',#7536,#7537);
#7536 = CARTESIAN_POINT('',(-56.,-17.7,20.));
#7537 = VECTOR('',#7538,1.);
#7538 = DIRECTION('',(0.,0.,1.));
#7539 = PCURVE('',#5647,#7540);
#7540 = DEFINITIONAL_REPRESENTATION('',(#7541),#7545);
#7541 = LINE('',#7542,#7543);
#7542 = CARTESIAN_POINT('',(3.14159265359,0.));
#7543 = VECTOR('',#7544,1.);
#7544 = DIRECTION('',(0.,-1.));
#7545 = ( GEOMETRIC_REPRESENTATION_CONTEXT(2) 
PARAMETRIC_REPRESENTATION_CONTEXT() REPRESENTATION_CONTEXT('2D SPACE',''
  ) );
#7546 = PCURVE('',#5674,#7547);
#7547 = DEFINITIONAL_REPRESENTATION('',(#7548),#7552);
#7548 = LINE('',#7549,#7550);
#7549 = CARTESIAN_POINT('',(0.,-0.));
#7550 = VECTOR('',#7551,1.);
#7551 = DIRECTION('',(0.,-1.));
#7552 = ( GEOMETRIC_REPRESENTATION_CONTEXT(2) 
PARAMETRIC_REPRESENTATION_CONTEXT() REPRESENTATION_CONTEXT('2D SPACE',''
  ) );
#7553 = ADVANCED_FACE('',(#7554),#5704,.F.);
#7554 = FACE_BOUND('',#7555,.F.);
#7555 = EDGE_LOOP('',(#7556,#7557,#7578,#7579));
#7556 = ORIENTED_EDGE('',*,*,#6724,.F.);
#7557 = ORIENTED_EDGE('',*,*,#7558,.T.);
#7558 = EDGE_CURVE('',#6704,#5660,#7559,.T.);
#7559 = SURFACE_CURVE('',#7560,(#7564,#7571),.PCURVE_S1.);
#7560 = LINE('',#7561,#7562);
#7561 = CARTESIAN_POINT('',(-64.,-17.7,20.));
#7562 = VECTOR('',#7563,1.);
#7563 = DIRECTION('',(0.,0.,1.));
#7564 = PCURVE('',#5704,#7565);
#7565 = DEFINITIONAL_REPRESENTATION('',(#7566),#7570);
#7566 = LINE('',#7567,#7568);
#7567 = CARTESIAN_POINT('',(0.,0.));
#7568 = VECTOR('',#7569,1.);
#7569 = DIRECTION('',(0.,-1.));
#7570 = ( GEOMETRIC_REPRESENTATION_CONTEXT(2) 
PARAMETRIC_REPRESENTATION_CONTEXT() REPRESENTATION_CONTEXT('2D SPACE',''
  ) );
#7571 = PCURVE('',#5674,#7572);
#7572 = DEFINITIONAL_REPRESENTATION('',(#7573),#7577);
#7573 = LINE('',#7574,#7575);
#7574 = CARTESIAN_POINT('',(8.,0.));
#7575 = VECTOR('',#7576,1.);
#7576 = DIRECTION('',(0.,-1.));
#7577 = ( GEOMETRIC_REPRESENTATION_CONTEXT(2) 
PARAMETRIC_REPRESENTATION_CONTEXT() REPRESENTATION_CONTEXT('2D SPACE',''
  ) );
#7578 = ORIENTED_EDGE('',*,*,#5685,.T.);
#7579 = ORIENTED_EDGE('',*,*,#7484,.F.);
#7580 = ADVANCED_FACE('',(#7581),#5674,.F.);
#7581 = FACE_BOUND('',#7582,.F.);
#7582 = EDGE_LOOP('',(#7583,#7584,#7585,#7586));
#7583 = ORIENTED_EDGE('',*,*,#6703,.T.);
#7584 = ORIENTED_EDGE('',*,*,#7533,.T.);
#7585 = ORIENTED_EDGE('',*,*,#5659,.F.);
#7586 = ORIENTED_EDGE('',*,*,#7558,.F.);
#7587 = ADVANCED_FACE('',(#7588),#5739,.F.);
#7588 = FACE_BOUND('',#7589,.T.);
#7589 = EDGE_LOOP('',(#7590,#7591,#7612,#7613));
#7590 = ORIENTED_EDGE('',*,*,#6752,.T.);
#7591 = ORIENTED_EDGE('',*,*,#7592,.T.);
#7592 = EDGE_CURVE('',#6753,#5719,#7593,.T.);
#7593 = SEAM_CURVE('',#7594,(#7598,#7605),.PCURVE_S1.);
#7594 = LINE('',#7595,#7596);
#7595 = CARTESIAN_POINT('',(-55.55,-5.,20.));
#7596 = VECTOR('',#7597,1.);
#7597 = DIRECTION('',(0.,0.,1.));
#7598 = PCURVE('',#5739,#7599);
#7599 = DEFINITIONAL_REPRESENTATION('',(#7600),#7604);
#7600 = LINE('',#7601,#7602);
#7601 = CARTESIAN_POINT('',(-6.28318530718,0.));
#7602 = VECTOR('',#7603,1.);
#7603 = DIRECTION('',(-0.,-1.));
#7604 = ( GEOMETRIC_REPRESENTATION_CONTEXT(2) 
PARAMETRIC_REPRESENTATION_CONTEXT() REPRESENTATION_CONTEXT('2D SPACE',''
  ) );
#7605 = PCURVE('',#5739,#7606);
#7606 = DEFINITIONAL_REPRESENTATION('',(#7607),#7611);
#7607 = LINE('',#7608,#7609);
#7608 = CARTESIAN_POINT('',(-0.,0.));
#7609 = VECTOR('',#7610,1.);
#7610 = DIRECTION('',(-0.,-1.));
#7611 = ( GEOMETRIC_REPRESENTATION_CONTEXT(2) 
PARAMETRIC_REPRESENTATION_CONTEXT() REPRESENTATION_CONTEXT('2D SPACE',''
  ) );
#7612 = ORIENTED_EDGE('',*,*,#5718,.F.);
#7613 = ORIENTED_EDGE('',*,*,#7592,.F.);
#7614 = ADVANCED_FACE('',(#7615),#5774,.F.);
#7615 = FACE_BOUND('',#7616,.T.);
#7616 = EDGE_LOOP('',(#7617,#7618,#7639,#7640));
#7617 = ORIENTED_EDGE('',*,*,#6782,.T.);
#7618 = ORIENTED_EDGE('',*,*,#7619,.T.);
#7619 = EDGE_CURVE('',#6783,#5754,#7620,.T.);
#7620 = SEAM_CURVE('',#7621,(#7625,#7632),.PCURVE_S1.);
#7621 = LINE('',#7622,#7623);
#7622 = CARTESIAN_POINT('',(-105.05,5.,20.));
#7623 = VECTOR('',#7624,1.);
#7624 = DIRECTION('',(0.,0.,1.));
#7625 = PCURVE('',#5774,#7626);
#7626 = DEFINITIONAL_REPRESENTATION('',(#7627),#7631);
#7627 = LINE('',#7628,#7629);
#7628 = CARTESIAN_POINT('',(-6.28318530718,0.));
#7629 = VECTOR('',#7630,1.);
#7630 = DIRECTION('',(-0.,-1.));
#7631 = ( GEOMETRIC_REPRESENTATION_CONTEXT(2) 
PARAMETRIC_REPRESENTATION_CONTEXT() REPRESENTATION_CONTEXT('2D SPACE',''
  ) );
#7632 = PCURVE('',#5774,#7633);
#7633 = DEFINITIONAL_REPRESENTATION('',(#7634),#7638);
#7634 = LINE('',#7635,#7636);
#7635 = CARTESIAN_POINT('',(-0.,0.));
#7636 = VECTOR('',#7637,1.);
#7637 = DIRECTION('',(-0.,-1.));
#7638 = ( GEOMETRIC_REPRESENTATION_CONTEXT(2) 
PARAMETRIC_REPRESENTATION_CONTEXT() REPRESENTATION_CONTEXT('2D SPACE',''
  ) );
#7639 = ORIENTED_EDGE('',*,*,#5753,.F.);
#7640 = ORIENTED_EDGE('',*,*,#7619,.F.);
#7641 = ADVANCED_FACE('',(#7642),#5805,.F.);
#7642 = FACE_BOUND('',#7643,.F.);
#7643 = EDGE_LOOP('',(#7644,#7645,#7666,#7667));
#7644 = ORIENTED_EDGE('',*,*,#6812,.T.);
#7645 = ORIENTED_EDGE('',*,*,#7646,.T.);
#7646 = EDGE_CURVE('',#6815,#5791,#7647,.T.);
#7647 = SURFACE_CURVE('',#7648,(#7652,#7659),.PCURVE_S1.);
#7648 = LINE('',#7649,#7650);
#7649 = CARTESIAN_POINT('',(-108.,17.7,20.));
#7650 = VECTOR('',#7651,1.);
#7651 = DIRECTION('',(0.,0.,1.));
#7652 = PCURVE('',#5805,#7653);
#7653 = DEFINITIONAL_REPRESENTATION('',(#7654),#7658);
#7654 = LINE('',#7655,#7656);
#7655 = CARTESIAN_POINT('',(0.,0.));
#7656 = VECTOR('',#7657,1.);
#7657 = DIRECTION('',(0.,-1.));
#7658 = ( GEOMETRIC_REPRESENTATION_CONTEXT(2) 
PARAMETRIC_REPRESENTATION_CONTEXT() REPRESENTATION_CONTEXT('2D SPACE',''
  ) );
#7659 = PCURVE('',#5894,#7660);
#7660 = DEFINITIONAL_REPRESENTATION('',(#7661),#7665);
#7661 = LINE('',#7662,#7663);
#7662 = CARTESIAN_POINT('',(3.14159265359,0.));
#7663 = VECTOR('',#7664,1.);
#7664 = DIRECTION('',(0.,-1.));
#7665 = ( GEOMETRIC_REPRESENTATION_CONTEXT(2) 
PARAMETRIC_REPRESENTATION_CONTEXT() REPRESENTATION_CONTEXT('2D SPACE',''
  ) );
#7666 = ORIENTED_EDGE('',*,*,#5788,.F.);
#7667 = ORIENTED_EDGE('',*,*,#7668,.F.);
#7668 = EDGE_CURVE('',#6813,#5789,#7669,.T.);
#7669 = SURFACE_CURVE('',#7670,(#7674,#7681),.PCURVE_S1.);
#7670 = LINE('',#7671,#7672);
#7671 = CARTESIAN_POINT('',(-100.,17.7,20.));
#7672 = VECTOR('',#7673,1.);
#7673 = DIRECTION('',(0.,0.,1.));
#7674 = PCURVE('',#5805,#7675);
#7675 = DEFINITIONAL_REPRESENTATION('',(#7676),#7680);
#7676 = LINE('',#7677,#7678);
#7677 = CARTESIAN_POINT('',(8.,0.));
#7678 = VECTOR('',#7679,1.);
#7679 = DIRECTION('',(0.,-1.));
#7680 = ( GEOMETRIC_REPRESENTATION_CONTEXT(2) 
PARAMETRIC_REPRESENTATION_CONTEXT() REPRESENTATION_CONTEXT('2D SPACE',''
  ) );
#7681 = PCURVE('',#5837,#7682);
#7682 = DEFINITIONAL_REPRESENTATION('',(#7683),#7687);
#7683 = LINE('',#7684,#7685);
#7684 = CARTESIAN_POINT('',(0.,0.));
#7685 = VECTOR('',#7686,1.);
#7686 = DIRECTION('',(0.,-1.));
#7687 = ( GEOMETRIC_REPRESENTATION_CONTEXT(2) 
PARAMETRIC_REPRESENTATION_CONTEXT() REPRESENTATION_CONTEXT('2D SPACE',''
  ) );
#7688 = ADVANCED_FACE('',(#7689),#5837,.F.);
#7689 = FACE_BOUND('',#7690,.F.);
#7690 = EDGE_LOOP('',(#7691,#7692,#7693,#7694));
#7691 = ORIENTED_EDGE('',*,*,#6835,.F.);
#7692 = ORIENTED_EDGE('',*,*,#7668,.T.);
#7693 = ORIENTED_EDGE('',*,*,#5816,.T.);
#7694 = ORIENTED_EDGE('',*,*,#7695,.F.);
#7695 = EDGE_CURVE('',#6836,#5817,#7696,.T.);
#7696 = SURFACE_CURVE('',#7697,(#7701,#7708),.PCURVE_S1.);
#7697 = LINE('',#7698,#7699);
#7698 = CARTESIAN_POINT('',(-100.,14.3,20.));
#7699 = VECTOR('',#7700,1.);
#7700 = DIRECTION('',(0.,0.,1.));
#7701 = PCURVE('',#5837,#7702);
#7702 = DEFINITIONAL_REPRESENTATION('',(#7703),#7707);
#7703 = LINE('',#7704,#7705);
#7704 = CARTESIAN_POINT('',(3.14159265359,0.));
#7705 = VECTOR('',#7706,1.);
#7706 = DIRECTION('',(0.,-1.));
#7707 = ( GEOMETRIC_REPRESENTATION_CONTEXT(2) 
PARAMETRIC_REPRESENTATION_CONTEXT() REPRESENTATION_CONTEXT('2D SPACE',''
  ) );
#7708 = PCURVE('',#5864,#7709);
#7709 = DEFINITIONAL_REPRESENTATION('',(#7710),#7714);
#7710 = LINE('',#7711,#7712);
#7711 = CARTESIAN_POINT('',(0.,-0.));
#7712 = VECTOR('',#7713,1.);
#7713 = DIRECTION('',(0.,-1.));
#7714 = ( GEOMETRIC_REPRESENTATION_CONTEXT(2) 
PARAMETRIC_REPRESENTATION_CONTEXT() REPRESENTATION_CONTEXT('2D SPACE',''
  ) );
#7715 = ADVANCED_FACE('',(#7716),#5894,.F.);
#7716 = FACE_BOUND('',#7717,.F.);
#7717 = EDGE_LOOP('',(#7718,#7719,#7740,#7741));
#7718 = ORIENTED_EDGE('',*,*,#6884,.F.);
#7719 = ORIENTED_EDGE('',*,*,#7720,.T.);
#7720 = EDGE_CURVE('',#6864,#5850,#7721,.T.);
#7721 = SURFACE_CURVE('',#7722,(#7726,#7733),.PCURVE_S1.);
#7722 = LINE('',#7723,#7724);
#7723 = CARTESIAN_POINT('',(-108.,14.3,20.));
#7724 = VECTOR('',#7725,1.);
#7725 = DIRECTION('',(0.,0.,1.));
#7726 = PCURVE('',#5894,#7727);
#7727 = DEFINITIONAL_REPRESENTATION('',(#7728),#7732);
#7728 = LINE('',#7729,#7730);
#7729 = CARTESIAN_POINT('',(0.,0.));
#7730 = VECTOR('',#7731,1.);
#7731 = DIRECTION('',(0.,-1.));
#7732 = ( GEOMETRIC_REPRESENTATION_CONTEXT(2) 
PARAMETRIC_REPRESENTATION_CONTEXT() REPRESENTATION_CONTEXT('2D SPACE',''
  ) );
#7733 = PCURVE('',#5864,#7734);
#7734 = DEFINITIONAL_REPRESENTATION('',(#7735),#7739);
#7735 = LINE('',#7736,#7737);
#7736 = CARTESIAN_POINT('',(8.,0.));
#7737 = VECTOR('',#7738,1.);
#7738 = DIRECTION('',(0.,-1.));
#7739 = ( GEOMETRIC_REPRESENTATION_CONTEXT(2) 
PARAMETRIC_REPRESENTATION_CONTEXT() REPRESENTATION_CONTEXT('2D SPACE',''
  ) );
#7740 = ORIENTED_EDGE('',*,*,#5875,.T.);
#7741 = ORIENTED_EDGE('',*,*,#7646,.F.);
#7742 = ADVANCED_FACE('',(#7743),#5864,.F.);
#7743 = FACE_BOUND('',#7744,.F.);
#7744 = EDGE_LOOP('',(#7745,#7746,#7747,#7748));
#7745 = ORIENTED_EDGE('',*,*,#6863,.T.);
#7746 = ORIENTED_EDGE('',*,*,#7695,.T.);
#7747 = ORIENTED_EDGE('',*,*,#5849,.F.);
#7748 = ORIENTED_EDGE('',*,*,#7720,.F.);
#7749 = ADVANCED_FACE('',(#7750),#5929,.F.);
#7750 = FACE_BOUND('',#7751,.T.);
#7751 = EDGE_LOOP('',(#7752,#7753,#7774,#7775));
#7752 = ORIENTED_EDGE('',*,*,#6912,.T.);
#7753 = ORIENTED_EDGE('',*,*,#7754,.T.);
#7754 = EDGE_CURVE('',#6913,#5909,#7755,.T.);
#7755 = SEAM_CURVE('',#7756,(#7760,#7767),.PCURVE_S1.);
#7756 = LINE('',#7757,#7758);
#7757 = CARTESIAN_POINT('',(-55.55,5.,20.));
#7758 = VECTOR('',#7759,1.);
#7759 = DIRECTION('',(0.,0.,1.));
#7760 = PCURVE('',#5929,#7761);
#7761 = DEFINITIONAL_REPRESENTATION('',(#7762),#7766);
#7762 = LINE('',#7763,#7764);
#7763 = CARTESIAN_POINT('',(-6.28318530718,0.));
#7764 = VECTOR('',#7765,1.);
#7765 = DIRECTION('',(-0.,-1.));
#7766 = ( GEOMETRIC_REPRESENTATION_CONTEXT(2) 
PARAMETRIC_REPRESENTATION_CONTEXT() REPRESENTATION_CONTEXT('2D SPACE',''
  ) );
#7767 = PCURVE('',#5929,#7768);
#7768 = DEFINITIONAL_REPRESENTATION('',(#7769),#7773);
#7769 = LINE('',#7770,#7771);
#7770 = CARTESIAN_POINT('',(-0.,0.));
#7771 = VECTOR('',#7772,1.);
#7772 = DIRECTION('',(-0.,-1.));
#7773 = ( GEOMETRIC_REPRESENTATION_CONTEXT(2) 
PARAMETRIC_REPRESENTATION_CONTEXT() REPRESENTATION_CONTEXT('2D SPACE',''
  ) );
#7774 = ORIENTED_EDGE('',*,*,#5908,.F.);
#7775 = ORIENTED_EDGE('',*,*,#7754,.F.);
#7776 = ADVANCED_FACE('',(#7777),#5960,.F.);
#7777 = FACE_BOUND('',#7778,.F.);
#7778 = EDGE_LOOP('',(#7779,#7780,#7801,#7802));
#7779 = ORIENTED_EDGE('',*,*,#6942,.T.);
#7780 = ORIENTED_EDGE('',*,*,#7781,.T.);
#7781 = EDGE_CURVE('',#6945,#5946,#7782,.T.);
#7782 = SURFACE_CURVE('',#7783,(#7787,#7794),.PCURVE_S1.);
#7783 = LINE('',#7784,#7785);
#7784 = CARTESIAN_POINT('',(-64.,17.7,20.));
#7785 = VECTOR('',#7786,1.);
#7786 = DIRECTION('',(0.,0.,1.));
#7787 = PCURVE('',#5960,#7788);
#7788 = DEFINITIONAL_REPRESENTATION('',(#7789),#7793);
#7789 = LINE('',#7790,#7791);
#7790 = CARTESIAN_POINT('',(0.,0.));
#7791 = VECTOR('',#7792,1.);
#7792 = DIRECTION('',(0.,-1.));
#7793 = ( GEOMETRIC_REPRESENTATION_CONTEXT(2) 
PARAMETRIC_REPRESENTATION_CONTEXT() REPRESENTATION_CONTEXT('2D SPACE',''
  ) );
#7794 = PCURVE('',#6049,#7795);
#7795 = DEFINITIONAL_REPRESENTATION('',(#7796),#7800);
#7796 = LINE('',#7797,#7798);
#7797 = CARTESIAN_POINT('',(3.14159265359,0.));
#7798 = VECTOR('',#7799,1.);
#7799 = DIRECTION('',(0.,-1.));
#7800 = ( GEOMETRIC_REPRESENTATION_CONTEXT(2) 
PARAMETRIC_REPRESENTATION_CONTEXT() REPRESENTATION_CONTEXT('2D SPACE',''
  ) );
#7801 = ORIENTED_EDGE('',*,*,#5943,.F.);
#7802 = ORIENTED_EDGE('',*,*,#7803,.F.);
#7803 = EDGE_CURVE('',#6943,#5944,#7804,.T.);
#7804 = SURFACE_CURVE('',#7805,(#7809,#7816),.PCURVE_S1.);
#7805 = LINE('',#7806,#7807);
#7806 = CARTESIAN_POINT('',(-56.,17.7,20.));
#7807 = VECTOR('',#7808,1.);
#7808 = DIRECTION('',(0.,0.,1.));
#7809 = PCURVE('',#5960,#7810);
#7810 = DEFINITIONAL_REPRESENTATION('',(#7811),#7815);
#7811 = LINE('',#7812,#7813);
#7812 = CARTESIAN_POINT('',(8.,0.));
#7813 = VECTOR('',#7814,1.);
#7814 = DIRECTION('',(0.,-1.));
#7815 = ( GEOMETRIC_REPRESENTATION_CONTEXT(2) 
PARAMETRIC_REPRESENTATION_CONTEXT() REPRESENTATION_CONTEXT('2D SPACE',''
  ) );
#7816 = PCURVE('',#5992,#7817);
#7817 = DEFINITIONAL_REPRESENTATION('',(#7818),#7822);
#7818 = LINE('',#7819,#7820);
#7819 = CARTESIAN_POINT('',(0.,0.));
#7820 = VECTOR('',#7821,1.);
#7821 = DIRECTION('',(0.,-1.));
#7822 = ( GEOMETRIC_REPRESENTATION_CONTEXT(2) 
PARAMETRIC_REPRESENTATION_CONTEXT() REPRESENTATION_CONTEXT('2D SPACE',''
  ) );
#7823 = ADVANCED_FACE('',(#7824),#6049,.F.);
#7824 = FACE_BOUND('',#7825,.F.);
#7825 = EDGE_LOOP('',(#7826,#7827,#7848,#7849));
#7826 = ORIENTED_EDGE('',*,*,#7014,.F.);
#7827 = ORIENTED_EDGE('',*,*,#7828,.T.);
#7828 = EDGE_CURVE('',#6994,#6005,#7829,.T.);
#7829 = SURFACE_CURVE('',#7830,(#7834,#7841),.PCURVE_S1.);
#7830 = LINE('',#7831,#7832);
#7831 = CARTESIAN_POINT('',(-64.,14.3,20.));
#7832 = VECTOR('',#7833,1.);
#7833 = DIRECTION('',(0.,0.,1.));
#7834 = PCURVE('',#6049,#7835);
#7835 = DEFINITIONAL_REPRESENTATION('',(#7836),#7840);
#7836 = LINE('',#7837,#7838);
#7837 = CARTESIAN_POINT('',(0.,0.));
#7838 = VECTOR('',#7839,1.);
#7839 = DIRECTION('',(0.,-1.));
#7840 = ( GEOMETRIC_REPRESENTATION_CONTEXT(2) 
PARAMETRIC_REPRESENTATION_CONTEXT() REPRESENTATION_CONTEXT('2D SPACE',''
  ) );
#7841 = PCURVE('',#6019,#7842);
#7842 = DEFINITIONAL_REPRESENTATION('',(#7843),#7847);
#7843 = LINE('',#7844,#7845);
#7844 = CARTESIAN_POINT('',(8.,0.));
#7845 = VECTOR('',#7846,1.);
#7846 = DIRECTION('',(0.,-1.));
#7847 = ( GEOMETRIC_REPRESENTATION_CONTEXT(2) 
PARAMETRIC_REPRESENTATION_CONTEXT() REPRESENTATION_CONTEXT('2D SPACE',''
  ) );
#7848 = ORIENTED_EDGE('',*,*,#6030,.T.);
#7849 = ORIENTED_EDGE('',*,*,#7781,.F.);
#7850 = ADVANCED_FACE('',(#7851),#6019,.F.);
#7851 = FACE_BOUND('',#7852,.F.);
#7852 = EDGE_LOOP('',(#7853,#7854,#7875,#7876));
#7853 = ORIENTED_EDGE('',*,*,#6993,.T.);
#7854 = ORIENTED_EDGE('',*,*,#7855,.T.);
#7855 = EDGE_CURVE('',#6966,#5972,#7856,.T.);
#7856 = SURFACE_CURVE('',#7857,(#7861,#7868),.PCURVE_S1.);
#7857 = LINE('',#7858,#7859);
#7858 = CARTESIAN_POINT('',(-56.,14.3,20.));
#7859 = VECTOR('',#7860,1.);
#7860 = DIRECTION('',(0.,0.,1.));
#7861 = PCURVE('',#6019,#7862);
#7862 = DEFINITIONAL_REPRESENTATION('',(#7863),#7867);
#7863 = LINE('',#7864,#7865);
#7864 = CARTESIAN_POINT('',(0.,-0.));
#7865 = VECTOR('',#7866,1.);
#7866 = DIRECTION('',(0.,-1.));
#7867 = ( GEOMETRIC_REPRESENTATION_CONTEXT(2) 
PARAMETRIC_REPRESENTATION_CONTEXT() REPRESENTATION_CONTEXT('2D SPACE',''
  ) );
#7868 = PCURVE('',#5992,#7869);
#7869 = DEFINITIONAL_REPRESENTATION('',(#7870),#7874);
#7870 = LINE('',#7871,#7872);
#7871 = CARTESIAN_POINT('',(3.14159265359,0.));
#7872 = VECTOR('',#7873,1.);
#7873 = DIRECTION('',(0.,-1.));
#7874 = ( GEOMETRIC_REPRESENTATION_CONTEXT(2) 
PARAMETRIC_REPRESENTATION_CONTEXT() REPRESENTATION_CONTEXT('2D SPACE',''
  ) );
#7875 = ORIENTED_EDGE('',*,*,#6004,.F.);
#7876 = ORIENTED_EDGE('',*,*,#7828,.F.);
#7877 = ADVANCED_FACE('',(#7878),#5992,.F.);
#7878 = FACE_BOUND('',#7879,.F.);
#7879 = EDGE_LOOP('',(#7880,#7881,#7882,#7883));
#7880 = ORIENTED_EDGE('',*,*,#6965,.F.);
#7881 = ORIENTED_EDGE('',*,*,#7803,.T.);
#7882 = ORIENTED_EDGE('',*,*,#5971,.T.);
#7883 = ORIENTED_EDGE('',*,*,#7855,.F.);
#7884 = ADVANCED_FACE('',(#7885),#6080,.T.);
#7885 = FACE_BOUND('',#7886,.T.);
#7886 = EDGE_LOOP('',(#7887,#7888,#7909,#7910));
#7887 = ORIENTED_EDGE('',*,*,#6063,.F.);
#7888 = ORIENTED_EDGE('',*,*,#7889,.F.);
#7889 = EDGE_CURVE('',#7043,#6064,#7890,.T.);
#7890 = SURFACE_CURVE('',#7891,(#7895,#7902),.PCURVE_S1.);
#7891 = LINE('',#7892,#7893);
#7892 = CARTESIAN_POINT('',(-62.25,-10.75,25.));
#7893 = VECTOR('',#7894,1.);
#7894 = DIRECTION('',(0.,0.,1.));
#7895 = PCURVE('',#6080,#7896);
#7896 = DEFINITIONAL_REPRESENTATION('',(#7897),#7901);
#7897 = LINE('',#7898,#7899);
#7898 = CARTESIAN_POINT('',(10.,40.5));
#7899 = VECTOR('',#7900,1.);
#7900 = DIRECTION('',(1.,0.));
#7901 = ( GEOMETRIC_REPRESENTATION_CONTEXT(2) 
PARAMETRIC_REPRESENTATION_CONTEXT() REPRESENTATION_CONTEXT('2D SPACE',''
  ) );
#7902 = PCURVE('',#6279,#7903);
#7903 = DEFINITIONAL_REPRESENTATION('',(#7904),#7908);
#7904 = LINE('',#7905,#7906);
#7905 = CARTESIAN_POINT('',(0.,0.));
#7906 = VECTOR('',#7907,1.);
#7907 = DIRECTION('',(0.,1.));
#7908 = ( GEOMETRIC_REPRESENTATION_CONTEXT(2) 
PARAMETRIC_REPRESENTATION_CONTEXT() REPRESENTATION_CONTEXT('2D SPACE',''
  ) );
#7909 = ORIENTED_EDGE('',*,*,#7042,.T.);
#7910 = ORIENTED_EDGE('',*,*,#7911,.T.);
#7911 = EDGE_CURVE('',#7045,#6066,#7912,.T.);
#7912 = SURFACE_CURVE('',#7913,(#7917,#7924),.PCURVE_S1.);
#7913 = LINE('',#7914,#7915);
#7914 = CARTESIAN_POINT('',(-101.75,-10.75,25.));
#7915 = VECTOR('',#7916,1.);
#7916 = DIRECTION('',(0.,0.,1.));
#7917 = PCURVE('',#6080,#7918);
#7918 = DEFINITIONAL_REPRESENTATION('',(#7919),#7923);
#7919 = LINE('',#7920,#7921);
#7920 = CARTESIAN_POINT('',(10.,1.));
#7921 = VECTOR('',#7922,1.);
#7922 = DIRECTION('',(1.,0.));
#7923 = ( GEOMETRIC_REPRESENTATION_CONTEXT(2) 
PARAMETRIC_REPRESENTATION_CONTEXT() REPRESENTATION_CONTEXT('2D SPACE',''
  ) );
#7924 = PCURVE('',#6112,#7925);
#7925 = DEFINITIONAL_REPRESENTATION('',(#7926),#7930);
#7926 = LINE('',#7927,#7928);
#7927 = CARTESIAN_POINT('',(-0.,0.));
#7928 = VECTOR('',#7929,1.);
#7929 = DIRECTION('',(-0.,1.));
#7930 = ( GEOMETRIC_REPRESENTATION_CONTEXT(2) 
PARAMETRIC_REPRESENTATION_CONTEXT() REPRESENTATION_CONTEXT('2D SPACE',''
  ) );
#7931 = ADVANCED_FACE('',(#7932),#6279,.F.);
#7932 = FACE_BOUND('',#7933,.F.);
#7933 = EDGE_LOOP('',(#7934,#7935,#7956,#7957));
#7934 = ORIENTED_EDGE('',*,*,#7208,.T.);
#7935 = ORIENTED_EDGE('',*,*,#7936,.T.);
#7936 = EDGE_CURVE('',#7188,#6239,#7937,.T.);
#7937 = SURFACE_CURVE('',#7938,(#7942,#7949),.PCURVE_S1.);
#7938 = LINE('',#7939,#7940);
#7939 = CARTESIAN_POINT('',(-61.25,-9.75,25.));
#7940 = VECTOR('',#7941,1.);
#7941 = DIRECTION('',(0.,0.,1.));
#7942 = PCURVE('',#6279,#7943);
#7943 = DEFINITIONAL_REPRESENTATION('',(#7944),#7948);
#7944 = LINE('',#7945,#7946);
#7945 = CARTESIAN_POINT('',(1.570796326795,0.));
#7946 = VECTOR('',#7947,1.);
#7947 = DIRECTION('',(0.,1.));
#7948 = ( GEOMETRIC_REPRESENTATION_CONTEXT(2) 
PARAMETRIC_REPRESENTATION_CONTEXT() REPRESENTATION_CONTEXT('2D SPACE',''
  ) );
#7949 = PCURVE('',#6253,#7950);
#7950 = DEFINITIONAL_REPRESENTATION('',(#7951),#7955);
#7951 = LINE('',#7952,#7953);
#7952 = CARTESIAN_POINT('',(10.,-1.));
#7953 = VECTOR('',#7954,1.);
#7954 = DIRECTION('',(1.,0.));
#7955 = ( GEOMETRIC_REPRESENTATION_CONTEXT(2) 
PARAMETRIC_REPRESENTATION_CONTEXT() REPRESENTATION_CONTEXT('2D SPACE',''
  ) );
#7956 = ORIENTED_EDGE('',*,*,#6264,.F.);
#7957 = ORIENTED_EDGE('',*,*,#7889,.F.);
#7958 = ADVANCED_FACE('',(#7959),#6112,.F.);
#7959 = FACE_BOUND('',#7960,.T.);
#7960 = EDGE_LOOP('',(#7961,#7962,#7983,#7984));
#7961 = ORIENTED_EDGE('',*,*,#7065,.T.);
#7962 = ORIENTED_EDGE('',*,*,#7963,.T.);
#7963 = EDGE_CURVE('',#7066,#6092,#7964,.T.);
#7964 = SURFACE_CURVE('',#7965,(#7969,#7976),.PCURVE_S1.);
#7965 = LINE('',#7966,#7967);
#7966 = CARTESIAN_POINT('',(-102.75,-9.75,25.));
#7967 = VECTOR('',#7968,1.);
#7968 = DIRECTION('',(0.,0.,1.));
#7969 = PCURVE('',#6112,#7970);
#7970 = DEFINITIONAL_REPRESENTATION('',(#7971),#7975);
#7971 = LINE('',#7972,#7973);
#7972 = CARTESIAN_POINT('',(-1.570796326795,0.));
#7973 = VECTOR('',#7974,1.);
#7974 = DIRECTION('',(-0.,1.));
#7975 = ( GEOMETRIC_REPRESENTATION_CONTEXT(2) 
PARAMETRIC_REPRESENTATION_CONTEXT() REPRESENTATION_CONTEXT('2D SPACE',''
  ) );
#7976 = PCURVE('',#6139,#7977);
#7977 = DEFINITIONAL_REPRESENTATION('',(#7978),#7982);
#7978 = LINE('',#7979,#7980);
#7979 = CARTESIAN_POINT('',(10.,-1.));
#7980 = VECTOR('',#7981,1.);
#7981 = DIRECTION('',(1.,0.));
#7982 = ( GEOMETRIC_REPRESENTATION_CONTEXT(2) 
PARAMETRIC_REPRESENTATION_CONTEXT() REPRESENTATION_CONTEXT('2D SPACE',''
  ) );
#7983 = ORIENTED_EDGE('',*,*,#6091,.F.);
#7984 = ORIENTED_EDGE('',*,*,#7911,.F.);
#7985 = ADVANCED_FACE('',(#7986),#6253,.F.);
#7986 = FACE_BOUND('',#7987,.F.);
#7987 = EDGE_LOOP('',(#7988,#7989,#7990,#7991));
#7988 = ORIENTED_EDGE('',*,*,#6238,.F.);
#7989 = ORIENTED_EDGE('',*,*,#7936,.F.);
#7990 = ORIENTED_EDGE('',*,*,#7187,.T.);
#7991 = ORIENTED_EDGE('',*,*,#7992,.T.);
#7992 = EDGE_CURVE('',#7164,#6210,#7993,.T.);
#7993 = SURFACE_CURVE('',#7994,(#7998,#8005),.PCURVE_S1.);
#7994 = LINE('',#7995,#7996);
#7995 = CARTESIAN_POINT('',(-61.25,9.75,25.));
#7996 = VECTOR('',#7997,1.);
#7997 = DIRECTION('',(0.,0.,1.));
#7998 = PCURVE('',#6253,#7999);
#7999 = DEFINITIONAL_REPRESENTATION('',(#8000),#8004);
#8000 = LINE('',#8001,#8002);
#8001 = CARTESIAN_POINT('',(10.,-20.5));
#8002 = VECTOR('',#8003,1.);
#8003 = DIRECTION('',(1.,0.));
#8004 = ( GEOMETRIC_REPRESENTATION_CONTEXT(2) 
PARAMETRIC_REPRESENTATION_CONTEXT() REPRESENTATION_CONTEXT('2D SPACE',''
  ) );
#8005 = PCURVE('',#6226,#8006);
#8006 = DEFINITIONAL_REPRESENTATION('',(#8007),#8011);
#8007 = LINE('',#8008,#8009);
#8008 = CARTESIAN_POINT('',(0.,0.));
#8009 = VECTOR('',#8010,1.);
#8010 = DIRECTION('',(0.,1.));
#8011 = ( GEOMETRIC_REPRESENTATION_CONTEXT(2) 
PARAMETRIC_REPRESENTATION_CONTEXT() REPRESENTATION_CONTEXT('2D SPACE',''
  ) );
#8012 = ADVANCED_FACE('',(#8013),#6139,.T.);
#8013 = FACE_BOUND('',#8014,.T.);
#8014 = EDGE_LOOP('',(#8015,#8016,#8017,#8018));
#8015 = ORIENTED_EDGE('',*,*,#6124,.F.);
#8016 = ORIENTED_EDGE('',*,*,#7963,.F.);
#8017 = ORIENTED_EDGE('',*,*,#7093,.T.);
#8018 = ORIENTED_EDGE('',*,*,#8019,.T.);
#8019 = EDGE_CURVE('',#7094,#6125,#8020,.T.);
#8020 = SURFACE_CURVE('',#8021,(#8025,#8032),.PCURVE_S1.);
#8021 = LINE('',#8022,#8023);
#8022 = CARTESIAN_POINT('',(-102.75,9.75,25.));
#8023 = VECTOR('',#8024,1.);
#8024 = DIRECTION('',(0.,0.,1.));
#8025 = PCURVE('',#6139,#8026);
#8026 = DEFINITIONAL_REPRESENTATION('',(#8027),#8031);
#8027 = LINE('',#8028,#8029);
#8028 = CARTESIAN_POINT('',(10.,-20.5));
#8029 = VECTOR('',#8030,1.);
#8030 = DIRECTION('',(1.,0.));
#8031 = ( GEOMETRIC_REPRESENTATION_CONTEXT(2) 
PARAMETRIC_REPRESENTATION_CONTEXT() REPRESENTATION_CONTEXT('2D SPACE',''
  ) );
#8032 = PCURVE('',#6171,#8033);
#8033 = DEFINITIONAL_REPRESENTATION('',(#8034),#8038);
#8034 = LINE('',#8035,#8036);
#8035 = CARTESIAN_POINT('',(-0.,0.));
#8036 = VECTOR('',#8037,1.);
#8037 = DIRECTION('',(-0.,1.));
#8038 = ( GEOMETRIC_REPRESENTATION_CONTEXT(2) 
PARAMETRIC_REPRESENTATION_CONTEXT() REPRESENTATION_CONTEXT('2D SPACE',''
  ) );
#8039 = ADVANCED_FACE('',(#8040),#6226,.F.);
#8040 = FACE_BOUND('',#8041,.F.);
#8041 = EDGE_LOOP('',(#8042,#8043,#8064,#8065));
#8042 = ORIENTED_EDGE('',*,*,#7163,.T.);
#8043 = ORIENTED_EDGE('',*,*,#8044,.T.);
#8044 = EDGE_CURVE('',#7143,#6184,#8045,.T.);
#8045 = SURFACE_CURVE('',#8046,(#8050,#8057),.PCURVE_S1.);
#8046 = LINE('',#8047,#8048);
#8047 = CARTESIAN_POINT('',(-62.25,10.75,25.));
#8048 = VECTOR('',#8049,1.);
#8049 = DIRECTION('',(0.,0.,1.));
#8050 = PCURVE('',#6226,#8051);
#8051 = DEFINITIONAL_REPRESENTATION('',(#8052),#8056);
#8052 = LINE('',#8053,#8054);
#8053 = CARTESIAN_POINT('',(1.570796326795,0.));
#8054 = VECTOR('',#8055,1.);
#8055 = DIRECTION('',(0.,1.));
#8056 = ( GEOMETRIC_REPRESENTATION_CONTEXT(2) 
PARAMETRIC_REPRESENTATION_CONTEXT() REPRESENTATION_CONTEXT('2D SPACE',''
  ) );
#8057 = PCURVE('',#6198,#8058);
#8058 = DEFINITIONAL_REPRESENTATION('',(#8059),#8063);
#8059 = LINE('',#8060,#8061);
#8060 = CARTESIAN_POINT('',(10.,40.5));
#8061 = VECTOR('',#8062,1.);
#8062 = DIRECTION('',(1.,0.));
#8063 = ( GEOMETRIC_REPRESENTATION_CONTEXT(2) 
PARAMETRIC_REPRESENTATION_CONTEXT() REPRESENTATION_CONTEXT('2D SPACE',''
  ) );
#8064 = ORIENTED_EDGE('',*,*,#6209,.F.);
#8065 = ORIENTED_EDGE('',*,*,#7992,.F.);
#8066 = ADVANCED_FACE('',(#8067),#6171,.F.);
#8067 = FACE_BOUND('',#8068,.T.);
#8068 = EDGE_LOOP('',(#8069,#8070,#8091,#8092));
#8069 = ORIENTED_EDGE('',*,*,#7114,.T.);
#8070 = ORIENTED_EDGE('',*,*,#8071,.T.);
#8071 = EDGE_CURVE('',#7115,#6151,#8072,.T.);
#8072 = SURFACE_CURVE('',#8073,(#8077,#8084),.PCURVE_S1.);
#8073 = LINE('',#8074,#8075);
#8074 = CARTESIAN_POINT('',(-101.75,10.75,25.));
#8075 = VECTOR('',#8076,1.);
#8076 = DIRECTION('',(0.,0.,1.));
#8077 = PCURVE('',#6171,#8078);
#8078 = DEFINITIONAL_REPRESENTATION('',(#8079),#8083);
#8079 = LINE('',#8080,#8081);
#8080 = CARTESIAN_POINT('',(-1.570796326795,0.));
#8081 = VECTOR('',#8082,1.);
#8082 = DIRECTION('',(-0.,1.));
#8083 = ( GEOMETRIC_REPRESENTATION_CONTEXT(2) 
PARAMETRIC_REPRESENTATION_CONTEXT() REPRESENTATION_CONTEXT('2D SPACE',''
  ) );
#8084 = PCURVE('',#6198,#8085);
#8085 = DEFINITIONAL_REPRESENTATION('',(#8086),#8090);
#8086 = LINE('',#8087,#8088);
#8087 = CARTESIAN_POINT('',(10.,1.));
#8088 = VECTOR('',#8089,1.);
#8089 = DIRECTION('',(1.,0.));
#8090 = ( GEOMETRIC_REPRESENTATION_CONTEXT(2) 
PARAMETRIC_REPRESENTATION_CONTEXT() REPRESENTATION_CONTEXT('2D SPACE',''
  ) );
#8091 = ORIENTED_EDGE('',*,*,#6150,.F.);
#8092 = ORIENTED_EDGE('',*,*,#8019,.F.);
#8093 = ADVANCED_FACE('',(#8094),#6198,.F.);
#8094 = FACE_BOUND('',#8095,.F.);
#8095 = EDGE_LOOP('',(#8096,#8097,#8098,#8099));
#8096 = ORIENTED_EDGE('',*,*,#6183,.F.);
#8097 = ORIENTED_EDGE('',*,*,#8044,.F.);
#8098 = ORIENTED_EDGE('',*,*,#7142,.T.);
#8099 = ORIENTED_EDGE('',*,*,#8071,.T.);
#8100 = ( GEOMETRIC_REPRESENTATION_CONTEXT(3) 
GLOBAL_UNCERTAINTY_ASSIGNED_CONTEXT((#8104)) 
GLOBAL_UNIT_ASSIGNED_CONTEXT((#8101,#8102,#8103)) REPRESENTATION_CONTEXT
('Context #1','3D Context with UNIT and UNCERTAINTY') );
#8101 = ( LENGTH_UNIT() NAMED_UNIT(*) SI_UNIT(.MILLI.,.METRE.) );
#8102 = ( NAMED_UNIT(*) PLANE_ANGLE_UNIT() SI_UNIT($,.RADIAN.) );
#8103 = ( NAMED_UNIT(*) SI_UNIT($,.STERADIAN.) SOLID_ANGLE_UNIT() );
#8104 = UNCERTAINTY_MEASURE_WITH_UNIT(LENGTH_MEASURE(1.E-07),#8101,
  'distance_accuracy_value','confusion accuracy');
#8105 = CONTEXT_DEPENDENT_SHAPE_REPRESENTATION(#8106,#8108);
#8106 = ( REPRESENTATION_RELATIONSHIP('','',#5117,#10) 
REPRESENTATION_RELATIONSHIP_WITH_TRANSFORMATION(#8107) 
SHAPE_REPRESENTATION_RELATIONSHIP() );
#8107 = ITEM_DEFINED_TRANSFORMATION('','',#11,#19);
#8108 = PRODUCT_DEFINITION_SHAPE('Placement','Placement of an item',
  #8109);
#8109 = NEXT_ASSEMBLY_USAGE_OCCURRENCE('2','servo_plate','',#5,#5112,$);
#8110 = PRODUCT_RELATED_PRODUCT_CATEGORY('part',$,(#5114));
#8111 = SHAPE_DEFINITION_REPRESENTATION(#8112,#8118);
#8112 = PRODUCT_DEFINITION_SHAPE('','',#8113);
#8113 = PRODUCT_DEFINITION('design','',#8114,#8117);
#8114 = PRODUCT_DEFINITION_FORMATION('','',#8115);
#8115 = PRODUCT('tray','tray','',(#8116));
#8116 = PRODUCT_CONTEXT('',#2,'mechanical');
#8117 = PRODUCT_DEFINITION_CONTEXT('part definition',#2,'design');
#8118 = ADVANCED_BREP_SHAPE_REPRESENTATION('',(#11,#8119),#10789);
#8119 = MANIFOLD_SOLID_BREP('',#8120);
#8120 = CLOSED_SHELL('',(#8121,#8503,#8701,#8905,#8930,#8957,#8962,#8966
    ,#9097,#9152,#9156,#9211,#9215,#9270,#9274,#9329,#9333,#9337,#9868,
    #9939,#9993,#10042,#10074,#10128,#10199,#10253,#10302,#10334,#10405,
    #10455,#10504,#10553,#10602,#10652,#10701,#10733,#10782));
#8121 = ADVANCED_FACE('',(#8122,#8247,#8329),#8136,.T.);
#8122 = FACE_BOUND('',#8123,.F.);
#8123 = EDGE_LOOP('',(#8124,#8159,#8188,#8216));
#8124 = ORIENTED_EDGE('',*,*,#8125,.F.);
#8125 = EDGE_CURVE('',#8126,#8128,#8130,.T.);
#8126 = VERTEX_POINT('',#8127);
#8127 = CARTESIAN_POINT('',(-50.12580755239,13.834862385321,37.8));
#8128 = VERTEX_POINT('',#8129);
#8129 = CARTESIAN_POINT('',(-50.12580755239,13.834862385321,42.8));
#8130 = SURFACE_CURVE('',#8131,(#8135,#8147),.PCURVE_S1.);
#8131 = LINE('',#8132,#8133);
#8132 = CARTESIAN_POINT('',(-50.12580755239,13.834862385321,37.8));
#8133 = VECTOR('',#8134,1.);
#8134 = DIRECTION('',(-0.,1.224646799147E-16,1.));
#8135 = PCURVE('',#8136,#8141);
#8136 = CYLINDRICAL_SURFACE('',#8137,52.);
#8137 = AXIS2_PLACEMENT_3D('',#8138,#8139,#8140);
#8138 = CARTESIAN_POINT('',(0.,0.,49.8));
#8139 = DIRECTION('',(-0.,1.224646799147E-16,1.));
#8140 = DIRECTION('',(1.,0.,0.));
#8141 = DEFINITIONAL_REPRESENTATION('',(#8142),#8146);
#8142 = LINE('',#8143,#8144);
#8143 = CARTESIAN_POINT('',(-3.410890904658,-12.));
#8144 = VECTOR('',#8145,1.);
#8145 = DIRECTION('',(-0.,1.));
#8146 = ( GEOMETRIC_REPRESENTATION_CONTEXT(2) 
PARAMETRIC_REPRESENTATION_CONTEXT() REPRESENTATION_CONTEXT('2D SPACE',''
  ) );
#8147 = PCURVE('',#8148,#8153);
#8148 = CYLINDRICAL_SURFACE('',#8149,2.5);
#8149 = AXIS2_PLACEMENT_3D('',#8150,#8151,#8152);
#8150 = CARTESIAN_POINT('',(-52.53570214625,14.5,37.8));
#8151 = DIRECTION('',(-0.,1.224646799147E-16,1.));
#8152 = DIRECTION('',(0.963957837546,-0.266055045872,3.258234603236E-17)
  );
#8153 = DEFINITIONAL_REPRESENTATION('',(#8154),#8158);
#8154 = LINE('',#8155,#8156);
#8155 = CARTESIAN_POINT('',(-0.,0.));
#8156 = VECTOR('',#8157,1.);
#8157 = DIRECTION('',(-0.,1.));
#8158 = ( GEOMETRIC_REPRESENTATION_CONTEXT(2) 
PARAMETRIC_REPRESENTATION_CONTEXT() REPRESENTATION_CONTEXT('2D SPACE',''
  ) );
#8159 = ORIENTED_EDGE('',*,*,#8160,.F.);
#8160 = EDGE_CURVE('',#8161,#8126,#8163,.T.);
#8161 = VERTEX_POINT('',#8162);
#8162 = CARTESIAN_POINT('',(-50.12580755239,-13.83486238532,37.8));
#8163 = SURFACE_CURVE('',#8164,(#8169,#8176),.PCURVE_S1.);
#8164 = CIRCLE('',#8165,52.);
#8165 = AXIS2_PLACEMENT_3D('',#8166,#8167,#8168);
#8166 = CARTESIAN_POINT('',(0.,-1.469576158977E-15,37.8));
#8167 = DIRECTION('',(6.162975822039E-33,-1.224646799147E-16,-1.));
#8168 = DIRECTION('',(-0.963957837546,-0.266055045872,3.258234603236E-17
    ));
#8169 = PCURVE('',#8136,#8170);
#8170 = DEFINITIONAL_REPRESENTATION('',(#8171),#8175);
#8171 = LINE('',#8172,#8173);
#8172 = CARTESIAN_POINT('',(-2.872294402521,-12.));
#8173 = VECTOR('',#8174,1.);
#8174 = DIRECTION('',(-1.,-0.));
#8175 = ( GEOMETRIC_REPRESENTATION_CONTEXT(2) 
PARAMETRIC_REPRESENTATION_CONTEXT() REPRESENTATION_CONTEXT('2D SPACE',''
  ) );
#8176 = PCURVE('',#8177,#8182);
#8177 = PLANE('',#8178);
#8178 = AXIS2_PLACEMENT_3D('',#8179,#8180,#8181);
#8179 = CARTESIAN_POINT('',(-87.,12.,37.8));
#8180 = DIRECTION('',(0.,-1.224646799147E-16,-1.));
#8181 = DIRECTION('',(1.,0.,0.));
#8182 = DEFINITIONAL_REPRESENTATION('',(#8183),#8187);
#8183 = CIRCLE('',#8184,52.);
#8184 = AXIS2_PLACEMENT_2D('',#8185,#8186);
#8185 = CARTESIAN_POINT('',(87.,12.));
#8186 = DIRECTION('',(-0.963957837546,0.266055045872));
#8187 = ( GEOMETRIC_REPRESENTATION_CONTEXT(2) 
PARAMETRIC_REPRESENTATION_CONTEXT() REPRESENTATION_CONTEXT('2D SPACE',''
  ) );
#8188 = ORIENTED_EDGE('',*,*,#8189,.T.);
#8189 = EDGE_CURVE('',#8161,#8190,#8192,.T.);
#8190 = VERTEX_POINT('',#8191);
#8191 = CARTESIAN_POINT('',(-50.12580755239,-13.83486238532,42.8));
#8192 = SURFACE_CURVE('',#8193,(#8197,#8204),.PCURVE_S1.);
#8193 = LINE('',#8194,#8195);
#8194 = CARTESIAN_POINT('',(-50.12580755239,-13.83486238532,37.8));
#8195 = VECTOR('',#8196,1.);
#8196 = DIRECTION('',(-0.,1.224646799147E-16,1.));
#8197 = PCURVE('',#8136,#8198);
#8198 = DEFINITIONAL_REPRESENTATION('',(#8199),#8203);
#8199 = LINE('',#8200,#8201);
#8200 = CARTESIAN_POINT('',(-2.872294402521,-12.));
#8201 = VECTOR('',#8202,1.);
#8202 = DIRECTION('',(-0.,1.));
#8203 = ( GEOMETRIC_REPRESENTATION_CONTEXT(2) 
PARAMETRIC_REPRESENTATION_CONTEXT() REPRESENTATION_CONTEXT('2D SPACE',''
  ) );
#8204 = PCURVE('',#8205,#8210);
#8205 = CYLINDRICAL_SURFACE('',#8206,2.5);
#8206 = AXIS2_PLACEMENT_3D('',#8207,#8208,#8209);
#8207 = CARTESIAN_POINT('',(-52.53570214625,-14.5,37.8));
#8208 = DIRECTION('',(-0.,1.224646799147E-16,1.));
#8209 = DIRECTION('',(0.963957837546,0.266055045872,-3.258234603236E-17)
  );
#8210 = DEFINITIONAL_REPRESENTATION('',(#8211),#8215);
#8211 = LINE('',#8212,#8213);
#8212 = CARTESIAN_POINT('',(0.,0.));
#8213 = VECTOR('',#8214,1.);
#8214 = DIRECTION('',(0.,1.));
#8215 = ( GEOMETRIC_REPRESENTATION_CONTEXT(2) 
PARAMETRIC_REPRESENTATION_CONTEXT() REPRESENTATION_CONTEXT('2D SPACE',''
  ) );
#8216 = ORIENTED_EDGE('',*,*,#8217,.F.);
#8217 = EDGE_CURVE('',#8128,#8190,#8218,.T.);
#8218 = SURFACE_CURVE('',#8219,(#8224,#8231),.PCURVE_S1.);
#8219 = CIRCLE('',#8220,52.);
#8220 = AXIS2_PLACEMENT_3D('',#8221,#8222,#8223);
#8221 = CARTESIAN_POINT('',(0.,-8.572527594031E-16,42.8));
#8222 = DIRECTION('',(0.,1.224646799147E-16,1.));
#8223 = DIRECTION('',(-0.963957837546,0.266055045872,-3.258234603236E-17
    ));
#8224 = PCURVE('',#8136,#8225);
#8225 = DEFINITIONAL_REPRESENTATION('',(#8226),#8230);
#8226 = LINE('',#8227,#8228);
#8227 = CARTESIAN_POINT('',(-3.410890904658,-7.));
#8228 = VECTOR('',#8229,1.);
#8229 = DIRECTION('',(1.,-0.));
#8230 = ( GEOMETRIC_REPRESENTATION_CONTEXT(2) 
PARAMETRIC_REPRESENTATION_CONTEXT() REPRESENTATION_CONTEXT('2D SPACE',''
  ) );
#8231 = PCURVE('',#8232,#8237);
#8232 = PLANE('',#8233);
#8233 = AXIS2_PLACEMENT_3D('',#8234,#8235,#8236);
#8234 = CARTESIAN_POINT('',(-87.,12.,42.8));
#8235 = DIRECTION('',(0.,-1.224646799147E-16,-1.));
#8236 = DIRECTION('',(1.,0.,0.));
#8237 = DEFINITIONAL_REPRESENTATION('',(#8238),#8246);
#8238 = ( BOUNDED_CURVE() B_SPLINE_CURVE(2,(#8239,#8240,#8241,#8242,
#8243,#8244,#8245),.UNSPECIFIED.,.T.,.F.) B_SPLINE_CURVE_WITH_KNOTS((1,2
    ,2,2,2,1),(-2.094395102393,0.,2.094395102393,4.188790204786,
6.28318530718,8.377580409573),.UNSPECIFIED.) CURVE() 
GEOMETRIC_REPRESENTATION_ITEM() RATIONAL_B_SPLINE_CURVE((1.,0.5,1.,0.5,
1.,0.5,1.)) REPRESENTATION_ITEM('') );
#8239 = CARTESIAN_POINT('',(36.87419244761,-1.834862385321));
#8240 = CARTESIAN_POINT('',(12.91150788051,84.985583065838));
#8241 = CARTESIAN_POINT('',(100.08156149264,62.32765391824));
#8242 = CARTESIAN_POINT('',(187.25161510478,39.669724770642));
#8243 = CARTESIAN_POINT('',(124.04424605974,-24.49279153291));
#8244 = CARTESIAN_POINT('',(60.83687701471,-88.65530783648));
#8245 = CARTESIAN_POINT('',(36.87419244761,-1.834862385321));
#8246 = ( GEOMETRIC_REPRESENTATION_CONTEXT(2) 
PARAMETRIC_REPRESENTATION_CONTEXT() REPRESENTATION_CONTEXT('2D SPACE',''
  ) );
#8247 = FACE_BOUND('',#8248,.F.);
#8248 = EDGE_LOOP('',(#8249,#8274,#8301,#8302));
#8249 = ORIENTED_EDGE('',*,*,#8250,.F.);
#8250 = EDGE_CURVE('',#8251,#8253,#8255,.T.);
#8251 = VERTEX_POINT('',#8252);
#8252 = CARTESIAN_POINT('',(52.,0.,49.8));
#8253 = VERTEX_POINT('',#8254);
#8254 = CARTESIAN_POINT('',(52.,-1.714505518806E-15,35.8));
#8255 = SEAM_CURVE('',#8256,(#8260,#8267),.PCURVE_S1.);
#8256 = LINE('',#8257,#8258);
#8257 = CARTESIAN_POINT('',(52.,0.,49.8));
#8258 = VECTOR('',#8259,1.);
#8259 = DIRECTION('',(0.,-1.224646799147E-16,-1.));
#8260 = PCURVE('',#8136,#8261);
#8261 = DEFINITIONAL_REPRESENTATION('',(#8262),#8266);
#8262 = LINE('',#8263,#8264);
#8263 = CARTESIAN_POINT('',(-6.28318530718,0.));
#8264 = VECTOR('',#8265,1.);
#8265 = DIRECTION('',(-0.,-1.));
#8266 = ( GEOMETRIC_REPRESENTATION_CONTEXT(2) 
PARAMETRIC_REPRESENTATION_CONTEXT() REPRESENTATION_CONTEXT('2D SPACE',''
  ) );
#8267 = PCURVE('',#8136,#8268);
#8268 = DEFINITIONAL_REPRESENTATION('',(#8269),#8273);
#8269 = LINE('',#8270,#8271);
#8270 = CARTESIAN_POINT('',(-0.,0.));
#8271 = VECTOR('',#8272,1.);
#8272 = DIRECTION('',(-0.,-1.));
#8273 = ( GEOMETRIC_REPRESENTATION_CONTEXT(2) 
PARAMETRIC_REPRESENTATION_CONTEXT() REPRESENTATION_CONTEXT('2D SPACE',''
  ) );
#8274 = ORIENTED_EDGE('',*,*,#8275,.F.);
#8275 = EDGE_CURVE('',#8251,#8251,#8276,.T.);
#8276 = SURFACE_CURVE('',#8277,(#8282,#8289),.PCURVE_S1.);
#8277 = CIRCLE('',#8278,52.);
#8278 = AXIS2_PLACEMENT_3D('',#8279,#8280,#8281);
#8279 = CARTESIAN_POINT('',(0.,0.,49.8));
#8280 = DIRECTION('',(0.,-1.224646799147E-16,-1.));
#8281 = DIRECTION('',(1.,0.,0.));
#8282 = PCURVE('',#8136,#8283);
#8283 = DEFINITIONAL_REPRESENTATION('',(#8284),#8288);
#8284 = LINE('',#8285,#8286);
#8285 = CARTESIAN_POINT('',(-0.,0.));
#8286 = VECTOR('',#8287,1.);
#8287 = DIRECTION('',(-1.,0.));
#8288 = ( GEOMETRIC_REPRESENTATION_CONTEXT(2) 
PARAMETRIC_REPRESENTATION_CONTEXT() REPRESENTATION_CONTEXT('2D SPACE',''
  ) );
#8289 = PCURVE('',#8290,#8295);
#8290 = PLANE('',#8291);
#8291 = AXIS2_PLACEMENT_3D('',#8292,#8293,#8294);
#8292 = CARTESIAN_POINT('',(-1.683003240049E-15,-4.609291841672E-15,49.8
    ));
#8293 = DIRECTION('',(0.,-1.224646799147E-16,-1.));
#8294 = DIRECTION('',(1.,0.,0.));
#8295 = DEFINITIONAL_REPRESENTATION('',(#8296),#8300);
#8296 = CIRCLE('',#8297,52.);
#8297 = AXIS2_PLACEMENT_2D('',#8298,#8299);
#8298 = CARTESIAN_POINT('',(1.683003240049E-15,-4.609291841672E-15));
#8299 = DIRECTION('',(1.,0.));
#8300 = ( GEOMETRIC_REPRESENTATION_CONTEXT(2) 
PARAMETRIC_REPRESENTATION_CONTEXT() REPRESENTATION_CONTEXT('2D SPACE',''
  ) );
#8301 = ORIENTED_EDGE('',*,*,#8250,.T.);
#8302 = ORIENTED_EDGE('',*,*,#8303,.T.);
#8303 = EDGE_CURVE('',#8253,#8253,#8304,.T.);
#8304 = SURFACE_CURVE('',#8305,(#8310,#8317),.PCURVE_S1.);
#8305 = CIRCLE('',#8306,52.);
#8306 = AXIS2_PLACEMENT_3D('',#8307,#8308,#8309);
#8307 = CARTESIAN_POINT('',(0.,-1.714505518806E-15,35.8));
#8308 = DIRECTION('',(0.,-1.224646799147E-16,-1.));
#8309 = DIRECTION('',(1.,0.,0.));
#8310 = PCURVE('',#8136,#8311);
#8311 = DEFINITIONAL_REPRESENTATION('',(#8312),#8316);
#8312 = LINE('',#8313,#8314);
#8313 = CARTESIAN_POINT('',(-0.,-14.));
#8314 = VECTOR('',#8315,1.);
#8315 = DIRECTION('',(-1.,0.));
#8316 = ( GEOMETRIC_REPRESENTATION_CONTEXT(2) 
PARAMETRIC_REPRESENTATION_CONTEXT() REPRESENTATION_CONTEXT('2D SPACE',''
  ) );
#8317 = PCURVE('',#8318,#8323);
#8318 = PLANE('',#8319);
#8319 = AXIS2_PLACEMENT_3D('',#8320,#8321,#8322);
#8320 = CARTESIAN_POINT('',(-1.683003240049E-15,-6.323797360478E-15,35.8
    ));
#8321 = DIRECTION('',(0.,-1.224646799147E-16,-1.));
#8322 = DIRECTION('',(1.,0.,0.));
#8323 = DEFINITIONAL_REPRESENTATION('',(#8324),#8328);
#8324 = CIRCLE('',#8325,52.);
#8325 = AXIS2_PLACEMENT_2D('',#8326,#8327);
#8326 = CARTESIAN_POINT('',(1.683003240049E-15,-4.609291841672E-15));
#8327 = DIRECTION('',(1.,0.));
#8328 = ( GEOMETRIC_REPRESENTATION_CONTEXT(2) 
PARAMETRIC_REPRESENTATION_CONTEXT() REPRESENTATION_CONTEXT('2D SPACE',''
  ) );
#8329 = FACE_BOUND('',#8330,.F.);
#8330 = EDGE_LOOP('',(#8331));
#8331 = ORIENTED_EDGE('',*,*,#8332,.T.);
#8332 = EDGE_CURVE('',#8333,#8333,#8335,.T.);
#8333 = VERTEX_POINT('',#8334);
#8334 = CARTESIAN_POINT('',(2.5,-51.93986907954,41.8));
#8335 = SURFACE_CURVE('',#8336,(#8388,#8443),.PCURVE_S1.);
#8336 = B_SPLINE_CURVE_WITH_KNOTS('',8,(#8337,#8338,#8339,#8340,#8341,
    #8342,#8343,#8344,#8345,#8346,#8347,#8348,#8349,#8350,#8351,#8352,
    #8353,#8354,#8355,#8356,#8357,#8358,#8359,#8360,#8361,#8362,#8363,
    #8364,#8365,#8366,#8367,#8368,#8369,#8370,#8371,#8372,#8373,#8374,
    #8375,#8376,#8377,#8378,#8379,#8380,#8381,#8382,#8383,#8384,#8385,
    #8386,#8387),.UNSPECIFIED.,.T.,.F.,(9,7,7,7,7,7,7,9),(0.,
    0.154901955851,0.286331623834,0.411364696729,0.569150150867,
    0.70750826093,0.827704844463,1.),.UNSPECIFIED.);
#8337 = CARTESIAN_POINT('',(2.5,-51.93986907954,41.8));
#8338 = CARTESIAN_POINT('',(2.5,-51.93986907954,42.060379118436));
#8339 = CARTESIAN_POINT('',(2.46900664765,-51.94136076391,
    42.320365378005));
#8340 = CARTESIAN_POINT('',(2.407185736592,-51.94433676876,
    42.578077221415));
#8341 = CARTESIAN_POINT('',(2.313796329006,-51.94872745402,
    42.831418898842));
#8342 = CARTESIAN_POINT('',(2.187490926446,-51.95439449622,
    43.077578184325));
#8343 = CARTESIAN_POINT('',(2.026516655437,-51.9610820514,
    43.312711746412));
#8344 = CARTESIAN_POINT('',(1.829007795137,-51.96835785622,
    43.53150373008));
#8345 = CARTESIAN_POINT('',(1.393789553523,-51.98170155368,
    43.891547571742));
#8346 = CARTESIAN_POINT('',(1.159155868138,-51.98801709355,
    44.04577289643));
#8347 = CARTESIAN_POINT('',(0.893067020352,-51.99388216389,
    44.175455594492));
#8348 = CARTESIAN_POINT('',(0.601946882959,-51.99851924182,
    44.270440129778));
#8349 = CARTESIAN_POINT('',(0.294702856756,-52.00119953927,
    44.323937772925));
#8350 = CARTESIAN_POINT('',(-1.847383654991E-02,-52.00158838388,
    44.332684454553));
#8351 = CARTESIAN_POINT('',(-0.327127248463,-51.99980565195,
    44.297097676851));
#8352 = CARTESIAN_POINT('',(-0.901984323203,-51.99293202885,
    44.149499466609));
#8353 = CARTESIAN_POINT('',(-1.160889170416,-51.98810959055,
    44.043509981695));
#8354 = CARTESIAN_POINT('',(-1.395881523307,-51.9823066801,
    43.90998054126));
#8355 = CARTESIAN_POINT('',(-1.60564045423,-51.97603752978,
    43.75450981989));
#8356 = CARTESIAN_POINT('',(-1.789671641639,-51.96975146189,
    43.582035822838));
#8357 = CARTESIAN_POINT('',(-1.948076727172,-51.96380106974,
    43.396967828335));
#8358 = CARTESIAN_POINT('',(-2.081439565497,-51.95844092166,
    43.203249504859));
#8359 = CARTESIAN_POINT('',(-2.328732049477,-51.94801319901,
    42.753426146396));
#8360 = CARTESIAN_POINT('',(-2.429919183875,-51.94332694524,
    42.491543033741));
#8361 = CARTESIAN_POINT('',(-2.496172084084,-51.94008541505,
    42.223125134123));
#8362 = CARTESIAN_POINT('',(-2.528769486989,-51.9384490489,
    41.951260302597));
#8363 = CARTESIAN_POINT('',(-2.528338778838,-51.93847940271,
    41.678462886319));
#8364 = CARTESIAN_POINT('',(-2.494808775797,-51.94016511952,
    41.407077570907));
#8365 = CARTESIAN_POINT('',(-2.427373769432,-51.9434160689,
    41.139666574947));
#8366 = CARTESIAN_POINT('',(-2.234182237355,-51.95206052433,
    40.651720464078));
#8367 = CARTESIAN_POINT('',(-2.11614904036,-51.95716221262,
    40.428257168385));
#8368 = CARTESIAN_POINT('',(-1.969073541215,-51.96319138613,
    40.212518802544));
#8369 = CARTESIAN_POINT('',(-1.791752630449,-51.96990831985,
    40.008438016363));
#8370 = CARTESIAN_POINT('',(-1.583298311556,-51.97695116337,
    39.820842150732));
#8371 = CARTESIAN_POINT('',(-1.343326324681,-51.98380401928,
    39.65557895899));
#8372 = CARTESIAN_POINT('',(-1.072337049902,-51.98980659584,
    39.519767867918));
#8373 = CARTESIAN_POINT('',(-0.512100345362,-51.99813071947,
    39.33773592806));
#8374 = CARTESIAN_POINT('',(-0.23392199344,-52.00077199729,
    39.283396554696));
#8375 = CARTESIAN_POINT('',(5.424944531758E-02,-52.00171913448,
    39.265313638122));
#8376 = CARTESIAN_POINT('',(0.343445928926,-52.0006861669,39.28598150538
    ));
#8377 = CARTESIAN_POINT('',(0.624354763228,-51.99776310594,
    39.344507542781));
#8378 = CARTESIAN_POINT('',(0.888336821277,-51.99338878475,
    39.436701502152));
#8379 = CARTESIAN_POINT('',(1.128352723757,-51.98818578505,
    39.555139538591));
#8380 = CARTESIAN_POINT('',(1.642330954144,-51.97494084584,
    39.881320042111));
#8381 = CARTESIAN_POINT('',(1.8963052699,-51.96637934267,40.112114766978
    ));
#8382 = CARTESIAN_POINT('',(2.102565073301,-51.9581675354,
    40.368338701189));
#8383 = CARTESIAN_POINT('',(2.263708243344,-51.95107664732,
    40.641237127258));
#8384 = CARTESIAN_POINT('',(2.382374921628,-51.94553031312,
    40.924631872636));
#8385 = CARTESIAN_POINT('',(2.46072073888,-51.94175976585,
    41.214197106469));
#8386 = CARTESIAN_POINT('',(2.5,-51.93986907954,41.506874484544));
#8387 = CARTESIAN_POINT('',(2.5,-51.93986907954,41.8));
#8388 = PCURVE('',#8136,#8389);
#8389 = DEFINITIONAL_REPRESENTATION('',(#8390),#8442);
#8390 = B_SPLINE_CURVE_WITH_KNOTS('',8,(#8391,#8392,#8393,#8394,#8395,
    #8396,#8397,#8398,#8399,#8400,#8401,#8402,#8403,#8404,#8405,#8406,
    #8407,#8408,#8409,#8410,#8411,#8412,#8413,#8414,#8415,#8416,#8417,
    #8418,#8419,#8420,#8421,#8422,#8423,#8424,#8425,#8426,#8427,#8428,
    #8429,#8430,#8431,#8432,#8433,#8434,#8435,#8436,#8437,#8438,#8439,
    #8440,#8441),.UNSPECIFIED.,.F.,.F.,(9,7,7,7,7,7,7,9),(0.,
    0.154901955851,0.286331623834,0.411364696729,0.569150150867,
    0.70750826093,0.827704844463,1.),.UNSPECIFIED.);
#8391 = CARTESIAN_POINT('',(-1.52270086367,-8.));
#8392 = CARTESIAN_POINT('',(-1.52270086367,-7.739620881564));
#8393 = CARTESIAN_POINT('',(-1.523297579595,-7.479634621995));
#8394 = CARTESIAN_POINT('',(-1.524487820069,-7.221922778585));
#8395 = CARTESIAN_POINT('',(-1.526285752534,-6.968581101158));
#8396 = CARTESIAN_POINT('',(-1.528717134254,-6.722421815675));
#8397 = CARTESIAN_POINT('',(-1.531815422374,-6.487288253588));
#8398 = CARTESIAN_POINT('',(-1.535616173585,-6.26849626992));
#8399 = CARTESIAN_POINT('',(-1.543989688027,-5.908452428258));
#8400 = CARTESIAN_POINT('',(-1.548503476794,-5.75422710357));
#8401 = CARTESIAN_POINT('',(-1.553621710553,-5.624544405509));
#8402 = CARTESIAN_POINT('',(-1.559220662054,-5.529559870221));
#8403 = CARTESIAN_POINT('',(-1.565129100025,-5.476062227076));
#8404 = CARTESIAN_POINT('',(-1.571151487371,-5.467315545447));
#8405 = CARTESIAN_POINT('',(-1.57708711532,-5.502902323149));
#8406 = CARTESIAN_POINT('',(-1.588142849312,-5.650500533391));
#8407 = CARTESIAN_POINT('',(-1.593122541367,-5.756490018305));
#8408 = CARTESIAN_POINT('',(-1.597642875968,-5.89001945874));
#8409 = CARTESIAN_POINT('',(-1.601678415918,-6.04549018011));
#8410 = CARTESIAN_POINT('',(-1.605219498457,-6.217964177162));
#8411 = CARTESIAN_POINT('',(-1.608267879596,-6.403032171665));
#8412 = CARTESIAN_POINT('',(-1.610834615489,-6.596750495141));
#8413 = CARTESIAN_POINT('',(-1.6155944663,-7.046573853604));
#8414 = CARTESIAN_POINT('',(-1.61754244201,-7.308456966259));
#8415 = CARTESIAN_POINT('',(-1.618818058945,-7.576874865877));
#8416 = CARTESIAN_POINT('',(-1.619445724628,-7.848739697403));
#8417 = CARTESIAN_POINT('',(-1.61943742102,-8.121537113681));
#8418 = CARTESIAN_POINT('',(-1.61879179777,-8.392922429093));
#8419 = CARTESIAN_POINT('',(-1.617493472176,-8.660333425053));
#8420 = CARTESIAN_POINT('',(-1.613774533028,-9.148279535922));
#8421 = CARTESIAN_POINT('',(-1.611502546711,-9.371742831615));
#8422 = CARTESIAN_POINT('',(-1.608671810005,-9.587481197455));
#8423 = CARTESIAN_POINT('',(-1.605259379257,-9.791561983637));
#8424 = CARTESIAN_POINT('',(-1.601248436336,-9.979157849268));
#8425 = CARTESIAN_POINT('',(-1.596631847604,-10.14442104101));
#8426 = CARTESIAN_POINT('',(-1.59141937607,-10.28023213208));
#8427 = CARTESIAN_POINT('',(-1.580644404108,-10.46226407194));
#8428 = CARTESIAN_POINT('',(-1.575294655304,-10.5166034453));
#8429 = CARTESIAN_POINT('',(-1.569753049699,-10.53468636187));
#8430 = CARTESIAN_POINT('',(-1.564191799683,-10.51401849462));
#8431 = CARTESIAN_POINT('',(-1.558789636051,-10.45549245721));
#8432 = CARTESIAN_POINT('',(-1.553712469644,-10.36329849784));
#8433 = CARTESIAN_POINT('',(-1.549095734272,-10.2448604614));
#8434 = CARTESIAN_POINT('',(-1.539208256205,-9.918679957889));
#8435 = CARTESIAN_POINT('',(-1.534321514394,-9.687885233023));
#8436 = CARTESIAN_POINT('',(-1.530351925876,-9.43166129881));
#8437 = CARTESIAN_POINT('',(-1.527250041677,-9.158762872744));
#8438 = CARTESIAN_POINT('',(-1.524965503496,-8.875368127363));
#8439 = CARTESIAN_POINT('',(-1.523457108495,-8.585802893531));
#8440 = CARTESIAN_POINT('',(-1.52270086367,-8.293125515456));
#8441 = CARTESIAN_POINT('',(-1.52270086367,-8.));
#8442 = ( GEOMETRIC_REPRESENTATION_CONTEXT(2) 
PARAMETRIC_REPRESENTATION_CONTEXT() REPRESENTATION_CONTEXT('2D SPACE',''
  ) );
#8443 = PCURVE('',#8444,#8449);
#8444 = CYLINDRICAL_SURFACE('',#8445,2.5);
#8445 = AXIS2_PLACEMENT_3D('',#8446,#8447,#8448);
#8446 = CARTESIAN_POINT('',(0.,-36.,41.8));
#8447 = DIRECTION('',(-0.,1.,-1.144237745222E-17));
#8448 = DIRECTION('',(1.,0.,0.));
#8449 = DEFINITIONAL_REPRESENTATION('',(#8450),#8502);
#8450 = B_SPLINE_CURVE_WITH_KNOTS('',8,(#8451,#8452,#8453,#8454,#8455,
    #8456,#8457,#8458,#8459,#8460,#8461,#8462,#8463,#8464,#8465,#8466,
    #8467,#8468,#8469,#8470,#8471,#8472,#8473,#8474,#8475,#8476,#8477,
    #8478,#8479,#8480,#8481,#8482,#8483,#8484,#8485,#8486,#8487,#8488,
    #8489,#8490,#8491,#8492,#8493,#8494,#8495,#8496,#8497,#8498,#8499,
    #8500,#8501),.UNSPECIFIED.,.F.,.F.,(9,7,7,7,7,7,7,9),(0.,
    0.154901955851,0.286331623834,0.411364696729,0.569150150867,
    0.70750826093,0.827704844463,1.),.UNSPECIFIED.);
#8451 = CARTESIAN_POINT('',(0.,-15.93986907954));
#8452 = CARTESIAN_POINT('',(-0.104151647375,-15.93986907954));
#8453 = CARTESIAN_POINT('',(-0.20814568035,-15.94136076391));
#8454 = CARTESIAN_POINT('',(-0.312953724953,-15.94433676876));
#8455 = CARTESIAN_POINT('',(-0.419431146805,-15.94872745402));
#8456 = CARTESIAN_POINT('',(-0.528413539786,-15.95439449622));
#8457 = CARTESIAN_POINT('',(-0.640757485812,-15.9610820514));
#8458 = CARTESIAN_POINT('',(-0.757416858445,-15.96835785622));
#8459 = CARTESIAN_POINT('',(-0.983353658724,-15.98170155368));
#8460 = CARTESIAN_POINT('',(-1.094991981887,-15.98801709355));
#8461 = CARTESIAN_POINT('',(-1.211765368393,-15.99388216389));
#8462 = CARTESIAN_POINT('',(-1.331904455265,-15.99851924182));
#8463 = CARTESIAN_POINT('',(-1.454132121693,-16.00119953927));
#8464 = CARTESIAN_POINT('',(-1.577339643088,-16.00158838388));
#8465 = CARTESIAN_POINT('',(-1.700462541047,-15.99980565195));
#8466 = CARTESIAN_POINT('',(-1.937863767007,-15.99293202885));
#8467 = CARTESIAN_POINT('',(-2.048715947075,-15.98810959055));
#8468 = CARTESIAN_POINT('',(-2.155403279223,-15.9823066801));
#8469 = CARTESIAN_POINT('',(-2.25839093907,-15.97603752978));
#8470 = CARTESIAN_POINT('',(-2.358025191608,-15.96975146189));
#8471 = CARTESIAN_POINT('',(-2.454562103282,-15.96380106974));
#8472 = CARTESIAN_POINT('',(-2.548163526305,-15.95844092166));
#8473 = CARTESIAN_POINT('',(-2.753490436943,-15.94801319901));
#8474 = CARTESIAN_POINT('',(-2.864785510201,-15.94332694524));
#8475 = CARTESIAN_POINT('',(-2.97392862148,-15.94008541505));
#8476 = CARTESIAN_POINT('',(-3.081832564259,-15.9384490489));
#8477 = CARTESIAN_POINT('',(-3.189355682919,-15.93847940271));
#8478 = CARTESIAN_POINT('',(-3.297355588576,-15.94016511952));
#8479 = CARTESIAN_POINT('',(-3.406738415376,-15.9434160689));
#8480 = CARTESIAN_POINT('',(-3.616658162014,-15.95206052433));
#8481 = CARTESIAN_POINT('',(-3.717146167335,-15.95716221262));
#8482 = CARTESIAN_POINT('',(-3.820478676317,-15.96319138613));
#8483 = CARTESIAN_POINT('',(-3.927094235988,-15.96990831985));
#8484 = CARTESIAN_POINT('',(-4.037493617871,-15.97695116337));
#8485 = CARTESIAN_POINT('',(-4.152262010368,-15.98380401928));
#8486 = CARTESIAN_POINT('',(-4.27214065141,-15.98980659584));
#8487 = CARTESIAN_POINT('',(-4.507767743991,-15.99813071947));
#8488 = CARTESIAN_POINT('',(-4.620309410242,-16.00077199729));
#8489 = CARTESIAN_POINT('',(-4.734175539115,-16.00171913448));
#8490 = CARTESIAN_POINT('',(-4.848106237644,-16.0006861669));
#8491 = CARTESIAN_POINT('',(-4.960928400519,-15.99776310594));
#8492 = CARTESIAN_POINT('',(-5.071366463973,-15.99338878475));
#8493 = CARTESIAN_POINT('',(-5.17781298934,-15.98818578505));
#8494 = CARTESIAN_POINT('',(-5.421309960061,-15.97494084584));
#8495 = CARTESIAN_POINT('',(-5.556551910299,-15.96637934267));
#8496 = CARTESIAN_POINT('',(-5.685622203976,-15.9581675354));
#8497 = CARTESIAN_POINT('',(-5.809880916207,-15.95107664732));
#8498 = CARTESIAN_POINT('',(-5.930584270617,-15.94553031312));
#8499 = CARTESIAN_POINT('',(-6.048863612828,-15.94175976585));
#8500 = CARTESIAN_POINT('',(-6.165935100997,-15.93986907954));
#8501 = CARTESIAN_POINT('',(-6.28318530718,-15.93986907954));
#8502 = ( GEOMETRIC_REPRESENTATION_CONTEXT(2) 
PARAMETRIC_REPRESENTATION_CONTEXT() REPRESENTATION_CONTEXT('2D SPACE',''
  ) );
#8503 = ADVANCED_FACE('',(#8504),#8444,.F.);
#8504 = FACE_BOUND('',#8505,.T.);
#8505 = EDGE_LOOP('',(#8506,#8678,#8699,#8700));
#8506 = ORIENTED_EDGE('',*,*,#8507,.F.);
#8507 = EDGE_CURVE('',#8508,#8508,#8510,.T.);
#8508 = VERTEX_POINT('',#8509);
#8509 = CARTESIAN_POINT('',(2.5,-41.12408053683,41.8));
#8510 = SURFACE_CURVE('',#8511,(#8563,#8618),.PCURVE_S1.);
#8511 = B_SPLINE_CURVE_WITH_KNOTS('',8,(#8512,#8513,#8514,#8515,#8516,
    #8517,#8518,#8519,#8520,#8521,#8522,#8523,#8524,#8525,#8526,#8527,
    #8528,#8529,#8530,#8531,#8532,#8533,#8534,#8535,#8536,#8537,#8538,
    #8539,#8540,#8541,#8542,#8543,#8544,#8545,#8546,#8547,#8548,#8549,
    #8550,#8551,#8552,#8553,#8554,#8555,#8556,#8557,#8558,#8559,#8560,
    #8561,#8562),.UNSPECIFIED.,.T.,.F.,(9,7,7,7,7,7,7,9),(0.,
    0.154912018062,0.2863474463,0.4113828976,0.569140060409,
    0.707500440184,0.827698824524,1.),.UNSPECIFIED.);
#8512 = CARTESIAN_POINT('',(2.5,-41.12408053683,41.8));
#8513 = CARTESIAN_POINT('',(2.5,-41.12408053683,42.06041054295));
#8514 = CARTESIAN_POINT('',(2.468999159026,-41.12596499623,
    42.320426866787));
#8515 = CARTESIAN_POINT('',(2.407163899725,-41.12972456934,
    42.578160140537));
#8516 = CARTESIAN_POINT('',(2.313757722916,-41.13527080386,
    42.831509210531));
#8517 = CARTESIAN_POINT('',(2.18744001503,-41.14242808861,43.07765994915
    ));
#8518 = CARTESIAN_POINT('',(2.026464983671,-41.1508724711,
    43.312771245577));
#8519 = CARTESIAN_POINT('',(1.82897216846,-41.16005785638,
    43.531533203031));
#8520 = CARTESIAN_POINT('',(1.39382400211,-41.17690139972,
    43.891519073393));
#8521 = CARTESIAN_POINT('',(1.159208319687,-41.18487375594,
    44.045743269136));
#8522 = CARTESIAN_POINT('',(0.893125910752,-41.19227736483,
    44.175433704881));
#8523 = CARTESIAN_POINT('',(0.602005465126,-41.19813039081,
    44.270427033995));
#8524 = CARTESIAN_POINT('',(0.294756629042,-41.20151362622,
    44.323933796273));
#8525 = CARTESIAN_POINT('',(-1.84311595716E-02,-41.2020049876,
    44.332688224463));
#8526 = CARTESIAN_POINT('',(-0.32710301401,-41.19975516113,
    44.297103899201));
#8527 = CARTESIAN_POINT('',(-0.902000425944,-41.19107873795,
    44.149495332128));
#8528 = CARTESIAN_POINT('',(-1.160905283868,-41.18499147091,
    44.043501306361));
#8529 = CARTESIAN_POINT('',(-1.395888188711,-41.17766656271,
    43.909972933073));
#8530 = CARTESIAN_POINT('',(-1.60563509662,-41.16975273528,
    43.754509684566));
#8531 = CARTESIAN_POINT('',(-1.789657361599,-41.16181681495,
    43.582046799327));
#8532 = CARTESIAN_POINT('',(-1.948060275618,-41.15430376576,
    43.396988042801));
#8533 = CARTESIAN_POINT('',(-2.081428702759,-41.1475350811,
    43.203269264107));
#8534 = CARTESIAN_POINT('',(-2.32871839357,-41.13436708245,
    42.753450986398));
#8535 = CARTESIAN_POINT('',(-2.429907290225,-41.1284487253,
    42.491580075901));
#8536 = CARTESIAN_POINT('',(-2.49616845892,-41.12435408719,
    42.223159574847));
#8537 = CARTESIAN_POINT('',(-2.528772604155,-41.12228675393,
    41.951280807489));
#8538 = CARTESIAN_POINT('',(-2.52834270207,-41.12232507521,
    41.678465509279));
#8539 = CARTESIAN_POINT('',(-2.494808194911,-41.1244545927,
    41.407067015475));
#8540 = CARTESIAN_POINT('',(-2.42736895319,-41.12856073233,
    41.139654410508));
#8541 = CARTESIAN_POINT('',(-2.23416879393,-41.13947818011,
    40.651686509862));
#8542 = CARTESIAN_POINT('',(-2.116123296437,-41.14592138843,
    40.428214389254));
#8543 = CARTESIAN_POINT('',(-1.969042475551,-41.15353489501,
    40.212482656544));
#8544 = CARTESIAN_POINT('',(-1.791724617746,-41.16201566196,
    40.00841517069));
#8545 = CARTESIAN_POINT('',(-1.583279919279,-41.17090674465,
    39.820832327462));
#8546 = CARTESIAN_POINT('',(-1.343319812364,-41.17955713814,
    39.655577364902));
#8547 = CARTESIAN_POINT('',(-1.072338690927,-41.18713390257,
    39.519768401119));
#8548 = CARTESIAN_POINT('',(-0.512099290205,-41.19764081634,
    39.337735585219));
#8549 = CARTESIAN_POINT('',(-0.233910912857,-41.20097462003,
    39.283393235579));
#8550 = CARTESIAN_POINT('',(5.42739468502E-02,-41.2021698545,
    39.265310899864));
#8551 = CARTESIAN_POINT('',(0.343483437766,-41.20086591173,
    39.285983361329));
#8552 = CARTESIAN_POINT('',(0.624401748277,-41.19717628193,
    39.344517513501));
#8553 = CARTESIAN_POINT('',(0.888385315092,-41.191654603,39.43672094016)
  );
#8554 = CARTESIAN_POINT('',(1.128387975272,-41.18508691683,
    39.555161909882));
#8555 = CARTESIAN_POINT('',(1.642286464363,-41.16836930495,
    39.881291808038));
#8556 = CARTESIAN_POINT('',(1.896236946135,-41.15756191737,40.1120509534
    ));
#8557 = CARTESIAN_POINT('',(2.102494826336,-41.14719384982,
    40.368243937421));
#8558 = CARTESIAN_POINT('',(2.263653797584,-41.13823864082,
    40.641127053706));
#8559 = CARTESIAN_POINT('',(2.382344131122,-41.13123257112,
    40.924528324282));
#8560 = CARTESIAN_POINT('',(2.460710688438,-41.12646909117,
    41.214120708156));
#8561 = CARTESIAN_POINT('',(2.5,-41.12408053683,41.506836975685));
#8562 = CARTESIAN_POINT('',(2.5,-41.12408053683,41.8));
#8563 = PCURVE('',#8444,#8564);
#8564 = DEFINITIONAL_REPRESENTATION('',(#8565),#8617);
#8565 = B_SPLINE_CURVE_WITH_KNOTS('',8,(#8566,#8567,#8568,#8569,#8570,
    #8571,#8572,#8573,#8574,#8575,#8576,#8577,#8578,#8579,#8580,#8581,
    #8582,#8583,#8584,#8585,#8586,#8587,#8588,#8589,#8590,#8591,#8592,
    #8593,#8594,#8595,#8596,#8597,#8598,#8599,#8600,#8601,#8602,#8603,
    #8604,#8605,#8606,#8607,#8608,#8609,#8610,#8611,#8612,#8613,#8614,
    #8615,#8616),.UNSPECIFIED.,.F.,.F.,(9,7,7,7,7,7,7,9),(0.,
    0.154912018062,0.2863474463,0.4113828976,0.569140060409,
    0.707500440184,0.827698824524,1.),.UNSPECIFIED.);
#8566 = CARTESIAN_POINT('',(0.,-5.124080536834));
#8567 = CARTESIAN_POINT('',(-0.10416421718,-5.124080536834));
#8568 = CARTESIAN_POINT('',(-0.208170277896,-5.125964996231));
#8569 = CARTESIAN_POINT('',(-0.312987510983,-5.129724569342));
#8570 = CARTESIAN_POINT('',(-0.41946968657,-5.135270803868));
#8571 = CARTESIAN_POINT('',(-0.528451337736,-5.142428088618));
#8572 = CARTESIAN_POINT('',(-0.640788582487,-5.150872471101));
#8573 = CARTESIAN_POINT('',(-0.757435353482,-5.160057856386));
#8574 = CARTESIAN_POINT('',(-0.983335775274,-5.176901399726));
#8575 = CARTESIAN_POINT('',(-1.09496826414,-5.184873755943));
#8576 = CARTESIAN_POINT('',(-1.211740745642,-5.192277364838));
#8577 = CARTESIAN_POINT('',(-1.331880865996,-5.198130390812));
#8578 = CARTESIAN_POINT('',(-1.454111019784,-5.201513626229));
#8579 = CARTESIAN_POINT('',(-1.577322730747,-5.202004987609));
#8580 = CARTESIAN_POINT('',(-1.700452532839,-5.199755161138));
#8581 = CARTESIAN_POINT('',(-1.937870417026,-5.191078737958));
#8582 = CARTESIAN_POINT('',(-2.048723055021,-5.184991470916));
#8583 = CARTESIAN_POINT('',(-2.155407018077,-5.177666562712));
#8584 = CARTESIAN_POINT('',(-2.258389362317,-5.169752735282));
#8585 = CARTESIAN_POINT('',(-2.358018247252,-5.161816814951));
#8586 = CARTESIAN_POINT('',(-2.454551849268,-5.15430376576));
#8587 = CARTESIAN_POINT('',(-2.548154506974,-5.147535081104));
#8588 = CARTESIAN_POINT('',(-2.753479098446,-5.134367082458));
#8589 = CARTESIAN_POINT('',(-2.864770234091,-5.128448725306));
#8590 = CARTESIAN_POINT('',(-2.973915170807,-5.124354087197));
#8591 = CARTESIAN_POINT('',(-3.081824607727,-5.122286753933));
#8592 = CARTESIAN_POINT('',(-3.189354427825,-5.122325075212));
#8593 = CARTESIAN_POINT('',(-3.297359600133,-5.1244545927));
#8594 = CARTESIAN_POINT('',(-3.406743648651,-5.128560732339));
#8595 = CARTESIAN_POINT('',(-3.616672769489,-5.139478180113));
#8596 = CARTESIAN_POINT('',(-3.717165867133,-5.14592138843));
#8597 = CARTESIAN_POINT('',(-3.820497338927,-5.153534895018));
#8598 = CARTESIAN_POINT('',(-3.9271083416,-5.162015661965));
#8599 = CARTESIAN_POINT('',(-4.037501785351,-5.170906744658));
#8600 = CARTESIAN_POINT('',(-4.152264683088,-5.179557138145));
#8601 = CARTESIAN_POINT('',(-4.272139961219,-5.187133902576));
#8602 = CARTESIAN_POINT('',(-4.507768187775,-5.197640816349));
#8603 = CARTESIAN_POINT('',(-4.620314028059,-5.200974620032));
#8604 = CARTESIAN_POINT('',(-4.734185244081,-5.202169854506));
#8605 = CARTESIAN_POINT('',(-4.848120934124,-5.200865911736));
#8606 = CARTESIAN_POINT('',(-4.960947194692,-5.197176281933));
#8607 = CARTESIAN_POINT('',(-5.07138700157,-5.191654603001));
#8608 = CARTESIAN_POINT('',(-5.17782968973,-5.185086916836));
#8609 = CARTESIAN_POINT('',(-5.421288883045,-5.168369304953));
#8610 = CARTESIAN_POINT('',(-5.556515157132,-5.157561917378));
#8611 = CARTESIAN_POINT('',(-5.685576191779,-5.147193849824));
#8612 = CARTESIAN_POINT('',(-5.809833045744,-5.138238640828));
#8613 = CARTESIAN_POINT('',(-5.930541899982,-5.13123257112));
#8614 = CARTESIAN_POINT('',(-6.048833055284,-5.126469091175));
#8615 = CARTESIAN_POINT('',(-6.165920097453,-5.124080536834));
#8616 = CARTESIAN_POINT('',(-6.28318530718,-5.124080536834));
#8617 = ( GEOMETRIC_REPRESENTATION_CONTEXT(2) 
PARAMETRIC_REPRESENTATION_CONTEXT() REPRESENTATION_CONTEXT('2D SPACE',''
  ) );
#8618 = PCURVE('',#8619,#8624);
#8619 = CYLINDRICAL_SURFACE('',#8620,41.2);
#8620 = AXIS2_PLACEMENT_3D('',#8621,#8622,#8623);
#8621 = CARTESIAN_POINT('',(0.,-3.673940397442E-16,46.8));
#8622 = DIRECTION('',(-0.,1.224646799147E-16,1.));
#8623 = DIRECTION('',(1.,0.,0.));
#8624 = DEFINITIONAL_REPRESENTATION('',(#8625),#8677);
#8625 = B_SPLINE_CURVE_WITH_KNOTS('',8,(#8626,#8627,#8628,#8629,#8630,
    #8631,#8632,#8633,#8634,#8635,#8636,#8637,#8638,#8639,#8640,#8641,
    #8642,#8643,#8644,#8645,#8646,#8647,#8648,#8649,#8650,#8651,#8652,
    #8653,#8654,#8655,#8656,#8657,#8658,#8659,#8660,#8661,#8662,#8663,
    #8664,#8665,#8666,#8667,#8668,#8669,#8670,#8671,#8672,#8673,#8674,
    #8675,#8676),.UNSPECIFIED.,.F.,.F.,(9,7,7,7,7,7,7,9),(0.,
    0.154912018062,0.2863474463,0.4113828976,0.569140060409,
    0.707500440184,0.827698824524,1.),.UNSPECIFIED.);
#8626 = CARTESIAN_POINT('',(-1.510079416101,-5.));
#8627 = CARTESIAN_POINT('',(-1.510079416101,-4.73958945705));
#8628 = CARTESIAN_POINT('',(-1.510833252592,-4.479573133213));
#8629 = CARTESIAN_POINT('',(-1.512336880034,-4.221839859463));
#8630 = CARTESIAN_POINT('',(-1.514608010422,-3.968490789469));
#8631 = CARTESIAN_POINT('',(-1.517678867669,-3.72234005085));
#8632 = CARTESIAN_POINT('',(-1.521591317763,-3.487228754423));
#8633 = CARTESIAN_POINT('',(-1.526389868925,-3.268466796969));
#8634 = CARTESIAN_POINT('',(-1.536959626958,-2.908480926607));
#8635 = CARTESIAN_POINT('',(-1.54265740525,-2.754256730864));
#8636 = CARTESIAN_POINT('',(-1.549118009785,-2.62456629512));
#8637 = CARTESIAN_POINT('',(-1.556185019732,-2.529572966004));
#8638 = CARTESIAN_POINT('',(-1.56364231295,-2.476066203728));
#8639 = CARTESIAN_POINT('',(-1.571243472953,-2.467311775536));
#8640 = CARTESIAN_POINT('',(-1.578735478775,-2.502896100799));
#8641 = CARTESIAN_POINT('',(-1.592690888509,-2.650504667872));
#8642 = CARTESIAN_POINT('',(-1.598976500568,-2.756498693639));
#8643 = CARTESIAN_POINT('',(-1.604682484588,-2.890027066927));
#8644 = CARTESIAN_POINT('',(-1.609776876596,-3.045490315434));
#8645 = CARTESIAN_POINT('',(-1.614247501767,-3.217953200673));
#8646 = CARTESIAN_POINT('',(-1.618096516554,-3.403011957199));
#8647 = CARTESIAN_POINT('',(-1.621337771031,-3.596730735893));
#8648 = CARTESIAN_POINT('',(-1.627348451513,-4.046549013602));
#8649 = CARTESIAN_POINT('',(-1.62980865687,-4.308419924099));
#8650 = CARTESIAN_POINT('',(-1.631420002731,-4.576840425153));
#8651 = CARTESIAN_POINT('',(-1.632212961136,-4.848719192511));
#8652 = CARTESIAN_POINT('',(-1.632202484841,-5.121534490721));
#8653 = CARTESIAN_POINT('',(-1.631386898758,-5.392932984526));
#8654 = CARTESIAN_POINT('',(-1.629747007863,-5.660345589492));
#8655 = CARTESIAN_POINT('',(-1.625050202582,-6.148313490138));
#8656 = CARTESIAN_POINT('',(-1.62218076005,-6.371785610746));
#8657 = CARTESIAN_POINT('',(-1.618606085352,-6.587517343456));
#8658 = CARTESIAN_POINT('',(-1.614297399424,-6.79158482931));
#8659 = CARTESIAN_POINT('',(-1.609233625341,-6.979167672538));
#8660 = CARTESIAN_POINT('',(-1.603405846179,-7.144422635098));
#8661 = CARTESIAN_POINT('',(-1.596826343481,-7.280231598881));
#8662 = CARTESIAN_POINT('',(-1.5832259086,-7.462264414781));
#8663 = CARTESIAN_POINT('',(-1.576473431571,-7.516606764421));
#8664 = CARTESIAN_POINT('',(-1.56947896076,-7.534689100136));
#8665 = CARTESIAN_POINT('',(-1.562459756909,-7.514016638671));
#8666 = CARTESIAN_POINT('',(-1.555641209206,-7.455482486499));
#8667 = CARTESIAN_POINT('',(-1.549232657952,-7.36327905984));
#8668 = CARTESIAN_POINT('',(-1.543405249246,-7.244838090118));
#8669 = CARTESIAN_POINT('',(-1.530925386693,-6.918708191962));
#8670 = CARTESIAN_POINT('',(-1.524756270398,-6.6879490466));
#8671 = CARTESIAN_POINT('',(-1.519743868508,-6.431756062578));
#8672 = CARTESIAN_POINT('',(-1.515826252449,-6.158872946295));
#8673 = CARTESIAN_POINT('',(-1.512940413727,-5.875471675717));
#8674 = CARTESIAN_POINT('',(-1.511034800509,-5.585879291845));
#8675 = CARTESIAN_POINT('',(-1.510079416101,-5.293163024315));
#8676 = CARTESIAN_POINT('',(-1.510079416101,-5.));
#8677 = ( GEOMETRIC_REPRESENTATION_CONTEXT(2) 
PARAMETRIC_REPRESENTATION_CONTEXT() REPRESENTATION_CONTEXT('2D SPACE',''
  ) );
#8678 = ORIENTED_EDGE('',*,*,#8679,.T.);
#8679 = EDGE_CURVE('',#8508,#8333,#8680,.T.);
#8680 = SEAM_CURVE('',#8681,(#8685,#8692),.PCURVE_S1.);
#8681 = LINE('',#8682,#8683);
#8682 = CARTESIAN_POINT('',(2.5,-36.,41.8));
#8683 = VECTOR('',#8684,1.);
#8684 = DIRECTION('',(0.,-1.,1.144237745222E-17));
#8685 = PCURVE('',#8444,#8686);
#8686 = DEFINITIONAL_REPRESENTATION('',(#8687),#8691);
#8687 = LINE('',#8688,#8689);
#8688 = CARTESIAN_POINT('',(-6.28318530718,0.));
#8689 = VECTOR('',#8690,1.);
#8690 = DIRECTION('',(-0.,-1.));
#8691 = ( GEOMETRIC_REPRESENTATION_CONTEXT(2) 
PARAMETRIC_REPRESENTATION_CONTEXT() REPRESENTATION_CONTEXT('2D SPACE',''
  ) );
#8692 = PCURVE('',#8444,#8693);
#8693 = DEFINITIONAL_REPRESENTATION('',(#8694),#8698);
#8694 = LINE('',#8695,#8696);
#8695 = CARTESIAN_POINT('',(-0.,0.));
#8696 = VECTOR('',#8697,1.);
#8697 = DIRECTION('',(-0.,-1.));
#8698 = ( GEOMETRIC_REPRESENTATION_CONTEXT(2) 
PARAMETRIC_REPRESENTATION_CONTEXT() REPRESENTATION_CONTEXT('2D SPACE',''
  ) );
#8699 = ORIENTED_EDGE('',*,*,#8332,.T.);
#8700 = ORIENTED_EDGE('',*,*,#8679,.F.);
#8701 = ADVANCED_FACE('',(#8702,#8783,#8902),#8619,.F.);
#8702 = FACE_BOUND('',#8703,.T.);
#8703 = EDGE_LOOP('',(#8704,#8733,#8756,#8782));
#8704 = ORIENTED_EDGE('',*,*,#8705,.F.);
#8705 = EDGE_CURVE('',#8706,#8706,#8708,.T.);
#8706 = VERTEX_POINT('',#8707);
#8707 = CARTESIAN_POINT('',(41.2,-3.673940397442E-16,46.8));
#8708 = SURFACE_CURVE('',#8709,(#8714,#8721),.PCURVE_S1.);
#8709 = CIRCLE('',#8710,41.2);
#8710 = AXIS2_PLACEMENT_3D('',#8711,#8712,#8713);
#8711 = CARTESIAN_POINT('',(0.,-3.673940397442E-16,46.8));
#8712 = DIRECTION('',(0.,-1.224646799147E-16,-1.));
#8713 = DIRECTION('',(1.,0.,0.));
#8714 = PCURVE('',#8619,#8715);
#8715 = DEFINITIONAL_REPRESENTATION('',(#8716),#8720);
#8716 = LINE('',#8717,#8718);
#8717 = CARTESIAN_POINT('',(-0.,0.));
#8718 = VECTOR('',#8719,1.);
#8719 = DIRECTION('',(-1.,0.));
#8720 = ( GEOMETRIC_REPRESENTATION_CONTEXT(2) 
PARAMETRIC_REPRESENTATION_CONTEXT() REPRESENTATION_CONTEXT('2D SPACE',''
  ) );
#8721 = PCURVE('',#8722,#8727);
#8722 = PLANE('',#8723);
#8723 = AXIS2_PLACEMENT_3D('',#8724,#8725,#8726);
#8724 = CARTESIAN_POINT('',(-3.186268269995E-15,-8.097246155784E-16,46.8
    ));
#8725 = DIRECTION('',(0.,-1.224646799147E-16,-1.));
#8726 = DIRECTION('',(1.,0.,0.));
#8727 = DEFINITIONAL_REPRESENTATION('',(#8728),#8732);
#8728 = CIRCLE('',#8729,41.2);
#8729 = AXIS2_PLACEMENT_2D('',#8730,#8731);
#8730 = CARTESIAN_POINT('',(3.186268269995E-15,-4.423305758341E-16));
#8731 = DIRECTION('',(1.,0.));
#8732 = ( GEOMETRIC_REPRESENTATION_CONTEXT(2) 
PARAMETRIC_REPRESENTATION_CONTEXT() REPRESENTATION_CONTEXT('2D SPACE',''
  ) );
#8733 = ORIENTED_EDGE('',*,*,#8734,.T.);
#8734 = EDGE_CURVE('',#8706,#8735,#8737,.T.);
#8735 = VERTEX_POINT('',#8736);
#8736 = CARTESIAN_POINT('',(41.2,-1.714505518806E-15,35.8));
#8737 = SEAM_CURVE('',#8738,(#8742,#8749),.PCURVE_S1.);
#8738 = LINE('',#8739,#8740);
#8739 = CARTESIAN_POINT('',(41.2,-3.673940397442E-16,46.8));
#8740 = VECTOR('',#8741,1.);
#8741 = DIRECTION('',(0.,-1.224646799147E-16,-1.));
#8742 = PCURVE('',#8619,#8743);
#8743 = DEFINITIONAL_REPRESENTATION('',(#8744),#8748);
#8744 = LINE('',#8745,#8746);
#8745 = CARTESIAN_POINT('',(-6.28318530718,0.));
#8746 = VECTOR('',#8747,1.);
#8747 = DIRECTION('',(-0.,-1.));
#8748 = ( GEOMETRIC_REPRESENTATION_CONTEXT(2) 
PARAMETRIC_REPRESENTATION_CONTEXT() REPRESENTATION_CONTEXT('2D SPACE',''
  ) );
#8749 = PCURVE('',#8619,#8750);
#8750 = DEFINITIONAL_REPRESENTATION('',(#8751),#8755);
#8751 = LINE('',#8752,#8753);
#8752 = CARTESIAN_POINT('',(-0.,0.));
#8753 = VECTOR('',#8754,1.);
#8754 = DIRECTION('',(-0.,-1.));
#8755 = ( GEOMETRIC_REPRESENTATION_CONTEXT(2) 
PARAMETRIC_REPRESENTATION_CONTEXT() REPRESENTATION_CONTEXT('2D SPACE',''
  ) );
#8756 = ORIENTED_EDGE('',*,*,#8757,.F.);
#8757 = EDGE_CURVE('',#8735,#8735,#8758,.T.);
#8758 = SURFACE_CURVE('',#8759,(#8764,#8771),.PCURVE_S1.);
#8759 = CIRCLE('',#8760,41.2);
#8760 = AXIS2_PLACEMENT_3D('',#8761,#8762,#8763);
#8761 = CARTESIAN_POINT('',(0.,-1.714505518806E-15,35.8));
#8762 = DIRECTION('',(-0.,1.224646799147E-16,1.));
#8763 = DIRECTION('',(1.,0.,0.));
#8764 = PCURVE('',#8619,#8765);
#8765 = DEFINITIONAL_REPRESENTATION('',(#8766),#8770);
#8766 = LINE('',#8767,#8768);
#8767 = CARTESIAN_POINT('',(-6.28318530718,-11.));
#8768 = VECTOR('',#8769,1.);
#8769 = DIRECTION('',(1.,-0.));
#8770 = ( GEOMETRIC_REPRESENTATION_CONTEXT(2) 
PARAMETRIC_REPRESENTATION_CONTEXT() REPRESENTATION_CONTEXT('2D SPACE',''
  ) );
#8771 = PCURVE('',#8318,#8772);
#8772 = DEFINITIONAL_REPRESENTATION('',(#8773),#8781);
#8773 = ( BOUNDED_CURVE() B_SPLINE_CURVE(2,(#8774,#8775,#8776,#8777,
#8778,#8779,#8780),.UNSPECIFIED.,.T.,.F.) B_SPLINE_CURVE_WITH_KNOTS((1,2
    ,2,2,2,1),(-2.094395102393,0.,2.094395102393,4.188790204786,
6.28318530718,8.377580409573),.UNSPECIFIED.) CURVE() 
GEOMETRIC_REPRESENTATION_ITEM() RATIONAL_B_SPLINE_CURVE((1.,0.5,1.,0.5,
1.,0.5,1.)) REPRESENTATION_ITEM('') );
#8774 = CARTESIAN_POINT('',(41.2,-4.609291841672E-15));
#8775 = CARTESIAN_POINT('',(41.2,-71.36049327183));
#8776 = CARTESIAN_POINT('',(-20.6,-35.68024663591));
#8777 = CARTESIAN_POINT('',(-82.4,-1.470038146665E-14));
#8778 = CARTESIAN_POINT('',(-20.6,35.680246635919));
#8779 = CARTESIAN_POINT('',(41.2,71.360493271838));
#8780 = CARTESIAN_POINT('',(41.2,-4.609291841672E-15));
#8781 = ( GEOMETRIC_REPRESENTATION_CONTEXT(2) 
PARAMETRIC_REPRESENTATION_CONTEXT() REPRESENTATION_CONTEXT('2D SPACE',''
  ) );
#8782 = ORIENTED_EDGE('',*,*,#8734,.F.);
#8783 = FACE_BOUND('',#8784,.T.);
#8784 = EDGE_LOOP('',(#8785,#8820,#8848,#8881));
#8785 = ORIENTED_EDGE('',*,*,#8786,.T.);
#8786 = EDGE_CURVE('',#8787,#8789,#8791,.T.);
#8787 = VERTEX_POINT('',#8788);
#8788 = CARTESIAN_POINT('',(-40.,9.871170143402,37.8));
#8789 = VERTEX_POINT('',#8790);
#8790 = CARTESIAN_POINT('',(-40.,-9.871170143402,37.8));
#8791 = SURFACE_CURVE('',#8792,(#8797,#8804),.PCURVE_S1.);
#8792 = CIRCLE('',#8793,41.2);
#8793 = AXIS2_PLACEMENT_3D('',#8794,#8795,#8796);
#8794 = CARTESIAN_POINT('',(0.,-1.469576158977E-15,37.8));
#8795 = DIRECTION('',(-0.,1.224646799147E-16,1.));
#8796 = DIRECTION('',(1.,0.,0.));
#8797 = PCURVE('',#8619,#8798);
#8798 = DEFINITIONAL_REPRESENTATION('',(#8799),#8803);
#8799 = LINE('',#8800,#8801);
#8800 = CARTESIAN_POINT('',(-6.28318530718,-9.));
#8801 = VECTOR('',#8802,1.);
#8802 = DIRECTION('',(1.,-0.));
#8803 = ( GEOMETRIC_REPRESENTATION_CONTEXT(2) 
PARAMETRIC_REPRESENTATION_CONTEXT() REPRESENTATION_CONTEXT('2D SPACE',''
  ) );
#8804 = PCURVE('',#8805,#8810);
#8805 = PLANE('',#8806);
#8806 = AXIS2_PLACEMENT_3D('',#8807,#8808,#8809);
#8807 = CARTESIAN_POINT('',(-87.,12.,37.8));
#8808 = DIRECTION('',(0.,-1.224646799147E-16,-1.));
#8809 = DIRECTION('',(1.,0.,0.));
#8810 = DEFINITIONAL_REPRESENTATION('',(#8811),#8819);
#8811 = ( BOUNDED_CURVE() B_SPLINE_CURVE(2,(#8812,#8813,#8814,#8815,
#8816,#8817,#8818),.UNSPECIFIED.,.T.,.F.) B_SPLINE_CURVE_WITH_KNOTS((1,2
    ,2,2,2,1),(-2.094395102393,0.,2.094395102393,4.188790204786,
6.28318530718,8.377580409573),.UNSPECIFIED.) CURVE() 
GEOMETRIC_REPRESENTATION_ITEM() RATIONAL_B_SPLINE_CURVE((1.,0.5,1.,0.5,
1.,0.5,1.)) REPRESENTATION_ITEM('') );
#8812 = CARTESIAN_POINT('',(128.2,12.));
#8813 = CARTESIAN_POINT('',(128.2,-59.36049327183));
#8814 = CARTESIAN_POINT('',(66.4,-23.68024663591));
#8815 = CARTESIAN_POINT('',(4.6,12.));
#8816 = CARTESIAN_POINT('',(66.4,47.680246635919));
#8817 = CARTESIAN_POINT('',(128.2,83.360493271838));
#8818 = CARTESIAN_POINT('',(128.2,12.));
#8819 = ( GEOMETRIC_REPRESENTATION_CONTEXT(2) 
PARAMETRIC_REPRESENTATION_CONTEXT() REPRESENTATION_CONTEXT('2D SPACE',''
  ) );
#8820 = ORIENTED_EDGE('',*,*,#8821,.T.);
#8821 = EDGE_CURVE('',#8789,#8822,#8824,.T.);
#8822 = VERTEX_POINT('',#8823);
#8823 = CARTESIAN_POINT('',(-40.,-9.871170143402,42.8));
#8824 = SURFACE_CURVE('',#8825,(#8829,#8836),.PCURVE_S1.);
#8825 = LINE('',#8826,#8827);
#8826 = CARTESIAN_POINT('',(-40.,-9.871170143402,46.8));
#8827 = VECTOR('',#8828,1.);
#8828 = DIRECTION('',(-0.,1.224646799147E-16,1.));
#8829 = PCURVE('',#8619,#8830);
#8830 = DEFINITIONAL_REPRESENTATION('',(#8831),#8835);
#8831 = LINE('',#8832,#8833);
#8832 = CARTESIAN_POINT('',(-2.899647570824,0.));
#8833 = VECTOR('',#8834,1.);
#8834 = DIRECTION('',(-0.,1.));
#8835 = ( GEOMETRIC_REPRESENTATION_CONTEXT(2) 
PARAMETRIC_REPRESENTATION_CONTEXT() REPRESENTATION_CONTEXT('2D SPACE',''
  ) );
#8836 = PCURVE('',#8837,#8842);
#8837 = PLANE('',#8838);
#8838 = AXIS2_PLACEMENT_3D('',#8839,#8840,#8841);
#8839 = CARTESIAN_POINT('',(-40.,12.,42.8));
#8840 = DIRECTION('',(1.,0.,0.));
#8841 = DIRECTION('',(0.,-1.224646799147E-16,-1.));
#8842 = DEFINITIONAL_REPRESENTATION('',(#8843),#8847);
#8843 = LINE('',#8844,#8845);
#8844 = CARTESIAN_POINT('',(-4.,-21.8711701434));
#8845 = VECTOR('',#8846,1.);
#8846 = DIRECTION('',(-1.,0.));
#8847 = ( GEOMETRIC_REPRESENTATION_CONTEXT(2) 
PARAMETRIC_REPRESENTATION_CONTEXT() REPRESENTATION_CONTEXT('2D SPACE',''
  ) );
#8848 = ORIENTED_EDGE('',*,*,#8849,.F.);
#8849 = EDGE_CURVE('',#8850,#8822,#8852,.T.);
#8850 = VERTEX_POINT('',#8851);
#8851 = CARTESIAN_POINT('',(-40.,9.871170143402,42.8));
#8852 = SURFACE_CURVE('',#8853,(#8858,#8865),.PCURVE_S1.);
#8853 = CIRCLE('',#8854,41.2);
#8854 = AXIS2_PLACEMENT_3D('',#8855,#8856,#8857);
#8855 = CARTESIAN_POINT('',(0.,-8.572527594031E-16,42.8));
#8856 = DIRECTION('',(-0.,1.224646799147E-16,1.));
#8857 = DIRECTION('',(1.,0.,0.));
#8858 = PCURVE('',#8619,#8859);
#8859 = DEFINITIONAL_REPRESENTATION('',(#8860),#8864);
#8860 = LINE('',#8861,#8862);
#8861 = CARTESIAN_POINT('',(-6.28318530718,-4.));
#8862 = VECTOR('',#8863,1.);
#8863 = DIRECTION('',(1.,-0.));
#8864 = ( GEOMETRIC_REPRESENTATION_CONTEXT(2) 
PARAMETRIC_REPRESENTATION_CONTEXT() REPRESENTATION_CONTEXT('2D SPACE',''
  ) );
#8865 = PCURVE('',#8866,#8871);
#8866 = PLANE('',#8867);
#8867 = AXIS2_PLACEMENT_3D('',#8868,#8869,#8870);
#8868 = CARTESIAN_POINT('',(-87.,12.,42.8));
#8869 = DIRECTION('',(0.,-1.224646799147E-16,-1.));
#8870 = DIRECTION('',(1.,0.,0.));
#8871 = DEFINITIONAL_REPRESENTATION('',(#8872),#8880);
#8872 = ( BOUNDED_CURVE() B_SPLINE_CURVE(2,(#8873,#8874,#8875,#8876,
#8877,#8878,#8879),.UNSPECIFIED.,.T.,.F.) B_SPLINE_CURVE_WITH_KNOTS((1,2
    ,2,2,2,1),(-2.094395102393,0.,2.094395102393,4.188790204786,
6.28318530718,8.377580409573),.UNSPECIFIED.) CURVE() 
GEOMETRIC_REPRESENTATION_ITEM() RATIONAL_B_SPLINE_CURVE((1.,0.5,1.,0.5,
1.,0.5,1.)) REPRESENTATION_ITEM('') );
#8873 = CARTESIAN_POINT('',(128.2,12.));
#8874 = CARTESIAN_POINT('',(128.2,-59.36049327183));
#8875 = CARTESIAN_POINT('',(66.4,-23.68024663591));
#8876 = CARTESIAN_POINT('',(4.6,12.));
#8877 = CARTESIAN_POINT('',(66.4,47.680246635919));
#8878 = CARTESIAN_POINT('',(128.2,83.360493271838));
#8879 = CARTESIAN_POINT('',(128.2,12.));
#8880 = ( GEOMETRIC_REPRESENTATION_CONTEXT(2) 
PARAMETRIC_REPRESENTATION_CONTEXT() REPRESENTATION_CONTEXT('2D SPACE',''
  ) );
#8881 = ORIENTED_EDGE('',*,*,#8882,.F.);
#8882 = EDGE_CURVE('',#8787,#8850,#8883,.T.);
#8883 = SURFACE_CURVE('',#8884,(#8888,#8895),.PCURVE_S1.);
#8884 = LINE('',#8885,#8886);
#8885 = CARTESIAN_POINT('',(-40.,9.871170143402,46.8));
#8886 = VECTOR('',#8887,1.);
#8887 = DIRECTION('',(-0.,1.224646799147E-16,1.));
#8888 = PCURVE('',#8619,#8889);
#8889 = DEFINITIONAL_REPRESENTATION('',(#8890),#8894);
#8890 = LINE('',#8891,#8892);
#8891 = CARTESIAN_POINT('',(-3.383537736356,0.));
#8892 = VECTOR('',#8893,1.);
#8893 = DIRECTION('',(-0.,1.));
#8894 = ( GEOMETRIC_REPRESENTATION_CONTEXT(2) 
PARAMETRIC_REPRESENTATION_CONTEXT() REPRESENTATION_CONTEXT('2D SPACE',''
  ) );
#8895 = PCURVE('',#8837,#8896);
#8896 = DEFINITIONAL_REPRESENTATION('',(#8897),#8901);
#8897 = LINE('',#8898,#8899);
#8898 = CARTESIAN_POINT('',(-4.,-2.128829856598));
#8899 = VECTOR('',#8900,1.);
#8900 = DIRECTION('',(-1.,0.));
#8901 = ( GEOMETRIC_REPRESENTATION_CONTEXT(2) 
PARAMETRIC_REPRESENTATION_CONTEXT() REPRESENTATION_CONTEXT('2D SPACE',''
  ) );
#8902 = FACE_BOUND('',#8903,.T.);
#8903 = EDGE_LOOP('',(#8904));
#8904 = ORIENTED_EDGE('',*,*,#8507,.T.);
#8905 = ADVANCED_FACE('',(#8906),#8866,.F.);
#8906 = FACE_BOUND('',#8907,.F.);
#8907 = EDGE_LOOP('',(#8908,#8929));
#8908 = ORIENTED_EDGE('',*,*,#8909,.T.);
#8909 = EDGE_CURVE('',#8850,#8822,#8910,.T.);
#8910 = SURFACE_CURVE('',#8911,(#8915,#8922),.PCURVE_S1.);
#8911 = LINE('',#8912,#8913);
#8912 = CARTESIAN_POINT('',(-40.,12.,42.8));
#8913 = VECTOR('',#8914,1.);
#8914 = DIRECTION('',(0.,-1.,1.224646799147E-16));
#8915 = PCURVE('',#8866,#8916);
#8916 = DEFINITIONAL_REPRESENTATION('',(#8917),#8921);
#8917 = LINE('',#8918,#8919);
#8918 = CARTESIAN_POINT('',(47.,0.));
#8919 = VECTOR('',#8920,1.);
#8920 = DIRECTION('',(0.,1.));
#8921 = ( GEOMETRIC_REPRESENTATION_CONTEXT(2) 
PARAMETRIC_REPRESENTATION_CONTEXT() REPRESENTATION_CONTEXT('2D SPACE',''
  ) );
#8922 = PCURVE('',#8837,#8923);
#8923 = DEFINITIONAL_REPRESENTATION('',(#8924),#8928);
#8924 = LINE('',#8925,#8926);
#8925 = CARTESIAN_POINT('',(0.,0.));
#8926 = VECTOR('',#8927,1.);
#8927 = DIRECTION('',(0.,-1.));
#8928 = ( GEOMETRIC_REPRESENTATION_CONTEXT(2) 
PARAMETRIC_REPRESENTATION_CONTEXT() REPRESENTATION_CONTEXT('2D SPACE',''
  ) );
#8929 = ORIENTED_EDGE('',*,*,#8849,.F.);
#8930 = ADVANCED_FACE('',(#8931),#8837,.T.);
#8931 = FACE_BOUND('',#8932,.T.);
#8932 = EDGE_LOOP('',(#8933,#8954,#8955,#8956));
#8933 = ORIENTED_EDGE('',*,*,#8934,.F.);
#8934 = EDGE_CURVE('',#8787,#8789,#8935,.T.);
#8935 = SURFACE_CURVE('',#8936,(#8940,#8947),.PCURVE_S1.);
#8936 = LINE('',#8937,#8938);
#8937 = CARTESIAN_POINT('',(-40.,12.,37.8));
#8938 = VECTOR('',#8939,1.);
#8939 = DIRECTION('',(0.,-1.,1.224646799147E-16));
#8940 = PCURVE('',#8837,#8941);
#8941 = DEFINITIONAL_REPRESENTATION('',(#8942),#8946);
#8942 = LINE('',#8943,#8944);
#8943 = CARTESIAN_POINT('',(5.,-1.164033439827E-15));
#8944 = VECTOR('',#8945,1.);
#8945 = DIRECTION('',(0.,-1.));
#8946 = ( GEOMETRIC_REPRESENTATION_CONTEXT(2) 
PARAMETRIC_REPRESENTATION_CONTEXT() REPRESENTATION_CONTEXT('2D SPACE',''
  ) );
#8947 = PCURVE('',#8805,#8948);
#8948 = DEFINITIONAL_REPRESENTATION('',(#8949),#8953);
#8949 = LINE('',#8950,#8951);
#8950 = CARTESIAN_POINT('',(47.,0.));
#8951 = VECTOR('',#8952,1.);
#8952 = DIRECTION('',(0.,1.));
#8953 = ( GEOMETRIC_REPRESENTATION_CONTEXT(2) 
PARAMETRIC_REPRESENTATION_CONTEXT() REPRESENTATION_CONTEXT('2D SPACE',''
  ) );
#8954 = ORIENTED_EDGE('',*,*,#8882,.T.);
#8955 = ORIENTED_EDGE('',*,*,#8909,.T.);
#8956 = ORIENTED_EDGE('',*,*,#8821,.F.);
#8957 = ADVANCED_FACE('',(#8958),#8805,.T.);
#8958 = FACE_BOUND('',#8959,.T.);
#8959 = EDGE_LOOP('',(#8960,#8961));
#8960 = ORIENTED_EDGE('',*,*,#8934,.T.);
#8961 = ORIENTED_EDGE('',*,*,#8786,.F.);
#8962 = ADVANCED_FACE('',(#8963),#8722,.T.);
#8963 = FACE_BOUND('',#8964,.T.);
#8964 = EDGE_LOOP('',(#8965));
#8965 = ORIENTED_EDGE('',*,*,#8705,.T.);
#8966 = ADVANCED_FACE('',(#8967,#8970,#9001,#9032,#9063,#9066),#8318,.T.
  );
#8967 = FACE_BOUND('',#8968,.T.);
#8968 = EDGE_LOOP('',(#8969));
#8969 = ORIENTED_EDGE('',*,*,#8303,.T.);
#8970 = FACE_BOUND('',#8971,.T.);
#8971 = EDGE_LOOP('',(#8972));
#8972 = ORIENTED_EDGE('',*,*,#8973,.F.);
#8973 = EDGE_CURVE('',#8974,#8974,#8976,.T.);
#8974 = VERTEX_POINT('',#8975);
#8975 = CARTESIAN_POINT('',(-31.13401871576,33.234018715768,35.8));
#8976 = SURFACE_CURVE('',#8977,(#8982,#8989),.PCURVE_S1.);
#8977 = CIRCLE('',#8978,2.1);
#8978 = AXIS2_PLACEMENT_3D('',#8979,#8980,#8981);
#8979 = CARTESIAN_POINT('',(-33.23401871576,33.234018715768,35.8));
#8980 = DIRECTION('',(0.,-1.224646799147E-16,-1.));
#8981 = DIRECTION('',(1.,0.,0.));
#8982 = PCURVE('',#8318,#8983);
#8983 = DEFINITIONAL_REPRESENTATION('',(#8984),#8988);
#8984 = CIRCLE('',#8985,2.1);
#8985 = AXIS2_PLACEMENT_2D('',#8986,#8987);
#8986 = CARTESIAN_POINT('',(-33.23401871576,-33.23401871576));
#8987 = DIRECTION('',(1.,0.));
#8988 = ( GEOMETRIC_REPRESENTATION_CONTEXT(2) 
PARAMETRIC_REPRESENTATION_CONTEXT() REPRESENTATION_CONTEXT('2D SPACE',''
  ) );
#8989 = PCURVE('',#8990,#8995);
#8990 = CYLINDRICAL_SURFACE('',#8991,2.1);
#8991 = AXIS2_PLACEMENT_3D('',#8992,#8993,#8994);
#8992 = CARTESIAN_POINT('',(-33.23401871576,33.234018715768,35.8));
#8993 = DIRECTION('',(0.,-1.224646799147E-16,-1.));
#8994 = DIRECTION('',(1.,0.,0.));
#8995 = DEFINITIONAL_REPRESENTATION('',(#8996),#9000);
#8996 = LINE('',#8997,#8998);
#8997 = CARTESIAN_POINT('',(0.,0.));
#8998 = VECTOR('',#8999,1.);
#8999 = DIRECTION('',(1.,0.));
#9000 = ( GEOMETRIC_REPRESENTATION_CONTEXT(2) 
PARAMETRIC_REPRESENTATION_CONTEXT() REPRESENTATION_CONTEXT('2D SPACE',''
  ) );
#9001 = FACE_BOUND('',#9002,.T.);
#9002 = EDGE_LOOP('',(#9003));
#9003 = ORIENTED_EDGE('',*,*,#9004,.F.);
#9004 = EDGE_CURVE('',#9005,#9005,#9007,.T.);
#9005 = VERTEX_POINT('',#9006);
#9006 = CARTESIAN_POINT('',(35.334018715768,33.234018715768,35.8));
#9007 = SURFACE_CURVE('',#9008,(#9013,#9020),.PCURVE_S1.);
#9008 = CIRCLE('',#9009,2.1);
#9009 = AXIS2_PLACEMENT_3D('',#9010,#9011,#9012);
#9010 = CARTESIAN_POINT('',(33.234018715768,33.234018715768,35.8));
#9011 = DIRECTION('',(0.,-1.224646799147E-16,-1.));
#9012 = DIRECTION('',(1.,0.,0.));
#9013 = PCURVE('',#8318,#9014);
#9014 = DEFINITIONAL_REPRESENTATION('',(#9015),#9019);
#9015 = CIRCLE('',#9016,2.1);
#9016 = AXIS2_PLACEMENT_2D('',#9017,#9018);
#9017 = CARTESIAN_POINT('',(33.234018715768,-33.23401871576));
#9018 = DIRECTION('',(1.,0.));
#9019 = ( GEOMETRIC_REPRESENTATION_CONTEXT(2) 
PARAMETRIC_REPRESENTATION_CONTEXT() REPRESENTATION_CONTEXT('2D SPACE',''
  ) );
#9020 = PCURVE('',#9021,#9026);
#9021 = CYLINDRICAL_SURFACE('',#9022,2.1);
#9022 = AXIS2_PLACEMENT_3D('',#9023,#9024,#9025);
#9023 = CARTESIAN_POINT('',(33.234018715768,33.234018715768,35.8));
#9024 = DIRECTION('',(0.,-1.224646799147E-16,-1.));
#9025 = DIRECTION('',(1.,0.,0.));
#9026 = DEFINITIONAL_REPRESENTATION('',(#9027),#9031);
#9027 = LINE('',#9028,#9029);
#9028 = CARTESIAN_POINT('',(0.,0.));
#9029 = VECTOR('',#9030,1.);
#9030 = DIRECTION('',(1.,0.));
#9031 = ( GEOMETRIC_REPRESENTATION_CONTEXT(2) 
PARAMETRIC_REPRESENTATION_CONTEXT() REPRESENTATION_CONTEXT('2D SPACE',''
  ) );
#9032 = FACE_BOUND('',#9033,.T.);
#9033 = EDGE_LOOP('',(#9034));
#9034 = ORIENTED_EDGE('',*,*,#9035,.F.);
#9035 = EDGE_CURVE('',#9036,#9036,#9038,.T.);
#9036 = VERTEX_POINT('',#9037);
#9037 = CARTESIAN_POINT('',(-31.13401871576,-33.23401871576,35.8));
#9038 = SURFACE_CURVE('',#9039,(#9044,#9051),.PCURVE_S1.);
#9039 = CIRCLE('',#9040,2.1);
#9040 = AXIS2_PLACEMENT_3D('',#9041,#9042,#9043);
#9041 = CARTESIAN_POINT('',(-33.23401871576,-33.23401871576,35.8));
#9042 = DIRECTION('',(0.,-1.224646799147E-16,-1.));
#9043 = DIRECTION('',(1.,0.,0.));
#9044 = PCURVE('',#8318,#9045);
#9045 = DEFINITIONAL_REPRESENTATION('',(#9046),#9050);
#9046 = CIRCLE('',#9047,2.1);
#9047 = AXIS2_PLACEMENT_2D('',#9048,#9049);
#9048 = CARTESIAN_POINT('',(-33.23401871576,33.234018715768));
#9049 = DIRECTION('',(1.,0.));
#9050 = ( GEOMETRIC_REPRESENTATION_CONTEXT(2) 
PARAMETRIC_REPRESENTATION_CONTEXT() REPRESENTATION_CONTEXT('2D SPACE',''
  ) );
#9051 = PCURVE('',#9052,#9057);
#9052 = CYLINDRICAL_SURFACE('',#9053,2.1);
#9053 = AXIS2_PLACEMENT_3D('',#9054,#9055,#9056);
#9054 = CARTESIAN_POINT('',(-33.23401871576,-33.23401871576,35.8));
#9055 = DIRECTION('',(0.,-1.224646799147E-16,-1.));
#9056 = DIRECTION('',(1.,0.,0.));
#9057 = DEFINITIONAL_REPRESENTATION('',(#9058),#9062);
#9058 = LINE('',#9059,#9060);
#9059 = CARTESIAN_POINT('',(0.,0.));
#9060 = VECTOR('',#9061,1.);
#9061 = DIRECTION('',(1.,0.));
#9062 = ( GEOMETRIC_REPRESENTATION_CONTEXT(2) 
PARAMETRIC_REPRESENTATION_CONTEXT() REPRESENTATION_CONTEXT('2D SPACE',''
  ) );
#9063 = FACE_BOUND('',#9064,.T.);
#9064 = EDGE_LOOP('',(#9065));
#9065 = ORIENTED_EDGE('',*,*,#8757,.T.);
#9066 = FACE_BOUND('',#9067,.T.);
#9067 = EDGE_LOOP('',(#9068));
#9068 = ORIENTED_EDGE('',*,*,#9069,.F.);
#9069 = EDGE_CURVE('',#9070,#9070,#9072,.T.);
#9070 = VERTEX_POINT('',#9071);
#9071 = CARTESIAN_POINT('',(35.334018715768,-33.23401871576,35.8));
#9072 = SURFACE_CURVE('',#9073,(#9078,#9085),.PCURVE_S1.);
#9073 = CIRCLE('',#9074,2.1);
#9074 = AXIS2_PLACEMENT_3D('',#9075,#9076,#9077);
#9075 = CARTESIAN_POINT('',(33.234018715768,-33.23401871576,35.8));
#9076 = DIRECTION('',(0.,-1.224646799147E-16,-1.));
#9077 = DIRECTION('',(1.,0.,0.));
#9078 = PCURVE('',#8318,#9079);
#9079 = DEFINITIONAL_REPRESENTATION('',(#9080),#9084);
#9080 = CIRCLE('',#9081,2.1);
#9081 = AXIS2_PLACEMENT_2D('',#9082,#9083);
#9082 = CARTESIAN_POINT('',(33.234018715768,33.234018715768));
#9083 = DIRECTION('',(1.,0.));
#9084 = ( GEOMETRIC_REPRESENTATION_CONTEXT(2) 
PARAMETRIC_REPRESENTATION_CONTEXT() REPRESENTATION_CONTEXT('2D SPACE',''
  ) );
#9085 = PCURVE('',#9086,#9091);
#9086 = CYLINDRICAL_SURFACE('',#9087,2.1);
#9087 = AXIS2_PLACEMENT_3D('',#9088,#9089,#9090);
#9088 = CARTESIAN_POINT('',(33.234018715768,-33.23401871576,35.8));
#9089 = DIRECTION('',(0.,-1.224646799147E-16,-1.));
#9090 = DIRECTION('',(1.,0.,0.));
#9091 = DEFINITIONAL_REPRESENTATION('',(#9092),#9096);
#9092 = LINE('',#9093,#9094);
#9093 = CARTESIAN_POINT('',(0.,0.));
#9094 = VECTOR('',#9095,1.);
#9095 = DIRECTION('',(1.,0.));
#9096 = ( GEOMETRIC_REPRESENTATION_CONTEXT(2) 
PARAMETRIC_REPRESENTATION_CONTEXT() REPRESENTATION_CONTEXT('2D SPACE',''
  ) );
#9097 = ADVANCED_FACE('',(#9098),#9086,.F.);
#9098 = FACE_BOUND('',#9099,.F.);
#9099 = EDGE_LOOP('',(#9100,#9123,#9150,#9151));
#9100 = ORIENTED_EDGE('',*,*,#9101,.T.);
#9101 = EDGE_CURVE('',#9070,#9102,#9104,.T.);
#9102 = VERTEX_POINT('',#9103);
#9103 = CARTESIAN_POINT('',(35.334018715768,-33.23401871576,41.3));
#9104 = SEAM_CURVE('',#9105,(#9109,#9116),.PCURVE_S1.);
#9105 = LINE('',#9106,#9107);
#9106 = CARTESIAN_POINT('',(35.334018715768,-33.23401871576,35.8));
#9107 = VECTOR('',#9108,1.);
#9108 = DIRECTION('',(-0.,1.224646799147E-16,1.));
#9109 = PCURVE('',#9086,#9110);
#9110 = DEFINITIONAL_REPRESENTATION('',(#9111),#9115);
#9111 = LINE('',#9112,#9113);
#9112 = CARTESIAN_POINT('',(0.,0.));
#9113 = VECTOR('',#9114,1.);
#9114 = DIRECTION('',(0.,-1.));
#9115 = ( GEOMETRIC_REPRESENTATION_CONTEXT(2) 
PARAMETRIC_REPRESENTATION_CONTEXT() REPRESENTATION_CONTEXT('2D SPACE',''
  ) );
#9116 = PCURVE('',#9086,#9117);
#9117 = DEFINITIONAL_REPRESENTATION('',(#9118),#9122);
#9118 = LINE('',#9119,#9120);
#9119 = CARTESIAN_POINT('',(6.28318530718,0.));
#9120 = VECTOR('',#9121,1.);
#9121 = DIRECTION('',(0.,-1.));
#9122 = ( GEOMETRIC_REPRESENTATION_CONTEXT(2) 
PARAMETRIC_REPRESENTATION_CONTEXT() REPRESENTATION_CONTEXT('2D SPACE',''
  ) );
#9123 = ORIENTED_EDGE('',*,*,#9124,.T.);
#9124 = EDGE_CURVE('',#9102,#9102,#9125,.T.);
#9125 = SURFACE_CURVE('',#9126,(#9131,#9138),.PCURVE_S1.);
#9126 = CIRCLE('',#9127,2.1);
#9127 = AXIS2_PLACEMENT_3D('',#9128,#9129,#9130);
#9128 = CARTESIAN_POINT('',(33.234018715768,-33.23401871576,41.3));
#9129 = DIRECTION('',(0.,-1.224646799147E-16,-1.));
#9130 = DIRECTION('',(1.,0.,0.));
#9131 = PCURVE('',#9086,#9132);
#9132 = DEFINITIONAL_REPRESENTATION('',(#9133),#9137);
#9133 = LINE('',#9134,#9135);
#9134 = CARTESIAN_POINT('',(0.,-5.5));
#9135 = VECTOR('',#9136,1.);
#9136 = DIRECTION('',(1.,0.));
#9137 = ( GEOMETRIC_REPRESENTATION_CONTEXT(2) 
PARAMETRIC_REPRESENTATION_CONTEXT() REPRESENTATION_CONTEXT('2D SPACE',''
  ) );
#9138 = PCURVE('',#9139,#9144);
#9139 = PLANE('',#9140);
#9140 = AXIS2_PLACEMENT_3D('',#9141,#9142,#9143);
#9141 = CARTESIAN_POINT('',(33.234018715768,-33.23401871576,41.3));
#9142 = DIRECTION('',(0.,-1.224646799147E-16,-1.));
#9143 = DIRECTION('',(1.,0.,0.));
#9144 = DEFINITIONAL_REPRESENTATION('',(#9145),#9149);
#9145 = CIRCLE('',#9146,2.1);
#9146 = AXIS2_PLACEMENT_2D('',#9147,#9148);
#9147 = CARTESIAN_POINT('',(0.,0.));
#9148 = DIRECTION('',(1.,0.));
#9149 = ( GEOMETRIC_REPRESENTATION_CONTEXT(2) 
PARAMETRIC_REPRESENTATION_CONTEXT() REPRESENTATION_CONTEXT('2D SPACE',''
  ) );
#9150 = ORIENTED_EDGE('',*,*,#9101,.F.);
#9151 = ORIENTED_EDGE('',*,*,#9069,.F.);
#9152 = ADVANCED_FACE('',(#9153),#9139,.T.);
#9153 = FACE_BOUND('',#9154,.T.);
#9154 = EDGE_LOOP('',(#9155));
#9155 = ORIENTED_EDGE('',*,*,#9124,.T.);
#9156 = ADVANCED_FACE('',(#9157),#9052,.F.);
#9157 = FACE_BOUND('',#9158,.F.);
#9158 = EDGE_LOOP('',(#9159,#9182,#9209,#9210));
#9159 = ORIENTED_EDGE('',*,*,#9160,.T.);
#9160 = EDGE_CURVE('',#9036,#9161,#9163,.T.);
#9161 = VERTEX_POINT('',#9162);
#9162 = CARTESIAN_POINT('',(-31.13401871576,-33.23401871576,41.3));
#9163 = SEAM_CURVE('',#9164,(#9168,#9175),.PCURVE_S1.);
#9164 = LINE('',#9165,#9166);
#9165 = CARTESIAN_POINT('',(-31.13401871576,-33.23401871576,35.8));
#9166 = VECTOR('',#9167,1.);
#9167 = DIRECTION('',(-0.,1.224646799147E-16,1.));
#9168 = PCURVE('',#9052,#9169);
#9169 = DEFINITIONAL_REPRESENTATION('',(#9170),#9174);
#9170 = LINE('',#9171,#9172);
#9171 = CARTESIAN_POINT('',(0.,0.));
#9172 = VECTOR('',#9173,1.);
#9173 = DIRECTION('',(0.,-1.));
#9174 = ( GEOMETRIC_REPRESENTATION_CONTEXT(2) 
PARAMETRIC_REPRESENTATION_CONTEXT() REPRESENTATION_CONTEXT('2D SPACE',''
  ) );
#9175 = PCURVE('',#9052,#9176);
#9176 = DEFINITIONAL_REPRESENTATION('',(#9177),#9181);
#9177 = LINE('',#9178,#9179);
#9178 = CARTESIAN_POINT('',(6.28318530718,0.));
#9179 = VECTOR('',#9180,1.);
#9180 = DIRECTION('',(0.,-1.));
#9181 = ( GEOMETRIC_REPRESENTATION_CONTEXT(2) 
PARAMETRIC_REPRESENTATION_CONTEXT() REPRESENTATION_CONTEXT('2D SPACE',''
  ) );
#9182 = ORIENTED_EDGE('',*,*,#9183,.T.);
#9183 = EDGE_CURVE('',#9161,#9161,#9184,.T.);
#9184 = SURFACE_CURVE('',#9185,(#9190,#9197),.PCURVE_S1.);
#9185 = CIRCLE('',#9186,2.1);
#9186 = AXIS2_PLACEMENT_3D('',#9187,#9188,#9189);
#9187 = CARTESIAN_POINT('',(-33.23401871576,-33.23401871576,41.3));
#9188 = DIRECTION('',(0.,-1.224646799147E-16,-1.));
#9189 = DIRECTION('',(1.,0.,0.));
#9190 = PCURVE('',#9052,#9191);
#9191 = DEFINITIONAL_REPRESENTATION('',(#9192),#9196);
#9192 = LINE('',#9193,#9194);
#9193 = CARTESIAN_POINT('',(0.,-5.5));
#9194 = VECTOR('',#9195,1.);
#9195 = DIRECTION('',(1.,0.));
#9196 = ( GEOMETRIC_REPRESENTATION_CONTEXT(2) 
PARAMETRIC_REPRESENTATION_CONTEXT() REPRESENTATION_CONTEXT('2D SPACE',''
  ) );
#9197 = PCURVE('',#9198,#9203);
#9198 = PLANE('',#9199);
#9199 = AXIS2_PLACEMENT_3D('',#9200,#9201,#9202);
#9200 = CARTESIAN_POINT('',(-33.23401871576,-33.23401871576,41.3));
#9201 = DIRECTION('',(0.,-1.224646799147E-16,-1.));
#9202 = DIRECTION('',(1.,0.,0.));
#9203 = DEFINITIONAL_REPRESENTATION('',(#9204),#9208);
#9204 = CIRCLE('',#9205,2.1);
#9205 = AXIS2_PLACEMENT_2D('',#9206,#9207);
#9206 = CARTESIAN_POINT('',(0.,7.105427357601E-15));
#9207 = DIRECTION('',(1.,0.));
#9208 = ( GEOMETRIC_REPRESENTATION_CONTEXT(2) 
PARAMETRIC_REPRESENTATION_CONTEXT() REPRESENTATION_CONTEXT('2D SPACE',''
  ) );
#9209 = ORIENTED_EDGE('',*,*,#9160,.F.);
#9210 = ORIENTED_EDGE('',*,*,#9035,.F.);
#9211 = ADVANCED_FACE('',(#9212),#9198,.T.);
#9212 = FACE_BOUND('',#9213,.T.);
#9213 = EDGE_LOOP('',(#9214));
#9214 = ORIENTED_EDGE('',*,*,#9183,.T.);
#9215 = ADVANCED_FACE('',(#9216),#9021,.F.);
#9216 = FACE_BOUND('',#9217,.F.);
#9217 = EDGE_LOOP('',(#9218,#9241,#9268,#9269));
#9218 = ORIENTED_EDGE('',*,*,#9219,.T.);
#9219 = EDGE_CURVE('',#9005,#9220,#9222,.T.);
#9220 = VERTEX_POINT('',#9221);
#9221 = CARTESIAN_POINT('',(35.334018715768,33.234018715768,41.3));
#9222 = SEAM_CURVE('',#9223,(#9227,#9234),.PCURVE_S1.);
#9223 = LINE('',#9224,#9225);
#9224 = CARTESIAN_POINT('',(35.334018715768,33.234018715768,35.8));
#9225 = VECTOR('',#9226,1.);
#9226 = DIRECTION('',(-0.,1.224646799147E-16,1.));
#9227 = PCURVE('',#9021,#9228);
#9228 = DEFINITIONAL_REPRESENTATION('',(#9229),#9233);
#9229 = LINE('',#9230,#9231);
#9230 = CARTESIAN_POINT('',(0.,0.));
#9231 = VECTOR('',#9232,1.);
#9232 = DIRECTION('',(0.,-1.));
#9233 = ( GEOMETRIC_REPRESENTATION_CONTEXT(2) 
PARAMETRIC_REPRESENTATION_CONTEXT() REPRESENTATION_CONTEXT('2D SPACE',''
  ) );
#9234 = PCURVE('',#9021,#9235);
#9235 = DEFINITIONAL_REPRESENTATION('',(#9236),#9240);
#9236 = LINE('',#9237,#9238);
#9237 = CARTESIAN_POINT('',(6.28318530718,0.));
#9238 = VECTOR('',#9239,1.);
#9239 = DIRECTION('',(0.,-1.));
#9240 = ( GEOMETRIC_REPRESENTATION_CONTEXT(2) 
PARAMETRIC_REPRESENTATION_CONTEXT() REPRESENTATION_CONTEXT('2D SPACE',''
  ) );
#9241 = ORIENTED_EDGE('',*,*,#9242,.T.);
#9242 = EDGE_CURVE('',#9220,#9220,#9243,.T.);
#9243 = SURFACE_CURVE('',#9244,(#9249,#9256),.PCURVE_S1.);
#9244 = CIRCLE('',#9245,2.1);
#9245 = AXIS2_PLACEMENT_3D('',#9246,#9247,#9248);
#9246 = CARTESIAN_POINT('',(33.234018715768,33.234018715768,41.3));
#9247 = DIRECTION('',(0.,-1.224646799147E-16,-1.));
#9248 = DIRECTION('',(1.,0.,0.));
#9249 = PCURVE('',#9021,#9250);
#9250 = DEFINITIONAL_REPRESENTATION('',(#9251),#9255);
#9251 = LINE('',#9252,#9253);
#9252 = CARTESIAN_POINT('',(0.,-5.5));
#9253 = VECTOR('',#9254,1.);
#9254 = DIRECTION('',(1.,0.));
#9255 = ( GEOMETRIC_REPRESENTATION_CONTEXT(2) 
PARAMETRIC_REPRESENTATION_CONTEXT() REPRESENTATION_CONTEXT('2D SPACE',''
  ) );
#9256 = PCURVE('',#9257,#9262);
#9257 = PLANE('',#9258);
#9258 = AXIS2_PLACEMENT_3D('',#9259,#9260,#9261);
#9259 = CARTESIAN_POINT('',(33.234018715768,33.234018715768,41.3));
#9260 = DIRECTION('',(0.,-1.224646799147E-16,-1.));
#9261 = DIRECTION('',(1.,0.,0.));
#9262 = DEFINITIONAL_REPRESENTATION('',(#9263),#9267);
#9263 = CIRCLE('',#9264,2.1);
#9264 = AXIS2_PLACEMENT_2D('',#9265,#9266);
#9265 = CARTESIAN_POINT('',(0.,0.));
#9266 = DIRECTION('',(1.,0.));
#9267 = ( GEOMETRIC_REPRESENTATION_CONTEXT(2) 
PARAMETRIC_REPRESENTATION_CONTEXT() REPRESENTATION_CONTEXT('2D SPACE',''
  ) );
#9268 = ORIENTED_EDGE('',*,*,#9219,.F.);
#9269 = ORIENTED_EDGE('',*,*,#9004,.F.);
#9270 = ADVANCED_FACE('',(#9271),#9257,.T.);
#9271 = FACE_BOUND('',#9272,.T.);
#9272 = EDGE_LOOP('',(#9273));
#9273 = ORIENTED_EDGE('',*,*,#9242,.T.);
#9274 = ADVANCED_FACE('',(#9275),#8990,.F.);
#9275 = FACE_BOUND('',#9276,.F.);
#9276 = EDGE_LOOP('',(#9277,#9300,#9327,#9328));
#9277 = ORIENTED_EDGE('',*,*,#9278,.T.);
#9278 = EDGE_CURVE('',#8974,#9279,#9281,.T.);
#9279 = VERTEX_POINT('',#9280);
#9280 = CARTESIAN_POINT('',(-31.13401871576,33.234018715768,41.3));
#9281 = SEAM_CURVE('',#9282,(#9286,#9293),.PCURVE_S1.);
#9282 = LINE('',#9283,#9284);
#9283 = CARTESIAN_POINT('',(-31.13401871576,33.234018715768,35.8));
#9284 = VECTOR('',#9285,1.);
#9285 = DIRECTION('',(-0.,1.224646799147E-16,1.));
#9286 = PCURVE('',#8990,#9287);
#9287 = DEFINITIONAL_REPRESENTATION('',(#9288),#9292);
#9288 = LINE('',#9289,#9290);
#9289 = CARTESIAN_POINT('',(0.,0.));
#9290 = VECTOR('',#9291,1.);
#9291 = DIRECTION('',(0.,-1.));
#9292 = ( GEOMETRIC_REPRESENTATION_CONTEXT(2) 
PARAMETRIC_REPRESENTATION_CONTEXT() REPRESENTATION_CONTEXT('2D SPACE',''
  ) );
#9293 = PCURVE('',#8990,#9294);
#9294 = DEFINITIONAL_REPRESENTATION('',(#9295),#9299);
#9295 = LINE('',#9296,#9297);
#9296 = CARTESIAN_POINT('',(6.28318530718,0.));
#9297 = VECTOR('',#9298,1.);
#9298 = DIRECTION('',(0.,-1.));
#9299 = ( GEOMETRIC_REPRESENTATION_CONTEXT(2) 
PARAMETRIC_REPRESENTATION_CONTEXT() REPRESENTATION_CONTEXT('2D SPACE',''
  ) );
#9300 = ORIENTED_EDGE('',*,*,#9301,.T.);
#9301 = EDGE_CURVE('',#9279,#9279,#9302,.T.);
#9302 = SURFACE_CURVE('',#9303,(#9308,#9315),.PCURVE_S1.);
#9303 = CIRCLE('',#9304,2.1);
#9304 = AXIS2_PLACEMENT_3D('',#9305,#9306,#9307);
#9305 = CARTESIAN_POINT('',(-33.23401871576,33.234018715768,41.3));
#9306 = DIRECTION('',(0.,-1.224646799147E-16,-1.));
#9307 = DIRECTION('',(1.,0.,0.));
#9308 = PCURVE('',#8990,#9309);
#9309 = DEFINITIONAL_REPRESENTATION('',(#9310),#9314);
#9310 = LINE('',#9311,#9312);
#9311 = CARTESIAN_POINT('',(0.,-5.5));
#9312 = VECTOR('',#9313,1.);
#9313 = DIRECTION('',(1.,0.));
#9314 = ( GEOMETRIC_REPRESENTATION_CONTEXT(2) 
PARAMETRIC_REPRESENTATION_CONTEXT() REPRESENTATION_CONTEXT('2D SPACE',''
  ) );
#9315 = PCURVE('',#9316,#9321);
#9316 = PLANE('',#9317);
#9317 = AXIS2_PLACEMENT_3D('',#9318,#9319,#9320);
#9318 = CARTESIAN_POINT('',(-33.23401871576,33.234018715768,41.3));
#9319 = DIRECTION('',(0.,-1.224646799147E-16,-1.));
#9320 = DIRECTION('',(1.,0.,0.));
#9321 = DEFINITIONAL_REPRESENTATION('',(#9322),#9326);
#9322 = CIRCLE('',#9323,2.1);
#9323 = AXIS2_PLACEMENT_2D('',#9324,#9325);
#9324 = CARTESIAN_POINT('',(0.,0.));
#9325 = DIRECTION('',(1.,0.));
#9326 = ( GEOMETRIC_REPRESENTATION_CONTEXT(2) 
PARAMETRIC_REPRESENTATION_CONTEXT() REPRESENTATION_CONTEXT('2D SPACE',''
  ) );
#9327 = ORIENTED_EDGE('',*,*,#9278,.F.);
#9328 = ORIENTED_EDGE('',*,*,#8973,.F.);
#9329 = ADVANCED_FACE('',(#9330),#9316,.T.);
#9330 = FACE_BOUND('',#9331,.T.);
#9331 = EDGE_LOOP('',(#9332));
#9332 = ORIENTED_EDGE('',*,*,#9301,.T.);
#9333 = ADVANCED_FACE('',(#9334),#8290,.F.);
#9334 = FACE_BOUND('',#9335,.F.);
#9335 = EDGE_LOOP('',(#9336));
#9336 = ORIENTED_EDGE('',*,*,#8275,.T.);
#9337 = ADVANCED_FACE('',(#9338,#9589,#9713,#9744),#8232,.F.);
#9338 = FACE_BOUND('',#9339,.F.);
#9339 = EDGE_LOOP('',(#9340,#9370,#9399,#9427,#9455,#9483,#9512,#9540,
    #9562,#9563));
#9340 = ORIENTED_EDGE('',*,*,#9341,.F.);
#9341 = EDGE_CURVE('',#9342,#9344,#9346,.T.);
#9342 = VERTEX_POINT('',#9343);
#9343 = CARTESIAN_POINT('',(-62.99999999999,-12.,42.8));
#9344 = VERTEX_POINT('',#9345);
#9345 = CARTESIAN_POINT('',(-52.53570214625,-12.,42.8));
#9346 = SURFACE_CURVE('',#9347,(#9351,#9358),.PCURVE_S1.);
#9347 = LINE('',#9348,#9349);
#9348 = CARTESIAN_POINT('',(-87.,-12.,42.8));
#9349 = VECTOR('',#9350,1.);
#9350 = DIRECTION('',(1.,0.,0.));
#9351 = PCURVE('',#8232,#9352);
#9352 = DEFINITIONAL_REPRESENTATION('',(#9353),#9357);
#9353 = LINE('',#9354,#9355);
#9354 = CARTESIAN_POINT('',(0.,24.));
#9355 = VECTOR('',#9356,1.);
#9356 = DIRECTION('',(1.,0.));
#9357 = ( GEOMETRIC_REPRESENTATION_CONTEXT(2) 
PARAMETRIC_REPRESENTATION_CONTEXT() REPRESENTATION_CONTEXT('2D SPACE',''
  ) );
#9358 = PCURVE('',#9359,#9364);
#9359 = PLANE('',#9360);
#9360 = AXIS2_PLACEMENT_3D('',#9361,#9362,#9363);
#9361 = CARTESIAN_POINT('',(-87.,-12.,42.8));
#9362 = DIRECTION('',(0.,-1.,1.224646799147E-16));
#9363 = DIRECTION('',(0.,-1.224646799147E-16,-1.));
#9364 = DEFINITIONAL_REPRESENTATION('',(#9365),#9369);
#9365 = LINE('',#9366,#9367);
#9366 = CARTESIAN_POINT('',(0.,0.));
#9367 = VECTOR('',#9368,1.);
#9368 = DIRECTION('',(0.,1.));
#9369 = ( GEOMETRIC_REPRESENTATION_CONTEXT(2) 
PARAMETRIC_REPRESENTATION_CONTEXT() REPRESENTATION_CONTEXT('2D SPACE',''
  ) );
#9370 = ORIENTED_EDGE('',*,*,#9371,.T.);
#9371 = EDGE_CURVE('',#9342,#9372,#9374,.T.);
#9372 = VERTEX_POINT('',#9373);
#9373 = CARTESIAN_POINT('',(-81.,-12.,42.8));
#9374 = SURFACE_CURVE('',#9375,(#9380,#9387),.PCURVE_S1.);
#9375 = CIRCLE('',#9376,15.);
#9376 = AXIS2_PLACEMENT_3D('',#9377,#9378,#9379);
#9377 = CARTESIAN_POINT('',(-72.,-8.572527594031E-16,42.8));
#9378 = DIRECTION('',(0.,-1.224646799147E-16,-1.));
#9379 = DIRECTION('',(1.,0.,0.));
#9380 = PCURVE('',#8232,#9381);
#9381 = DEFINITIONAL_REPRESENTATION('',(#9382),#9386);
#9382 = CIRCLE('',#9383,15.);
#9383 = AXIS2_PLACEMENT_2D('',#9384,#9385);
#9384 = CARTESIAN_POINT('',(15.,12.));
#9385 = DIRECTION('',(1.,0.));
#9386 = ( GEOMETRIC_REPRESENTATION_CONTEXT(2) 
PARAMETRIC_REPRESENTATION_CONTEXT() REPRESENTATION_CONTEXT('2D SPACE',''
  ) );
#9387 = PCURVE('',#9388,#9393);
#9388 = CYLINDRICAL_SURFACE('',#9389,15.);
#9389 = AXIS2_PLACEMENT_3D('',#9390,#9391,#9392);
#9390 = CARTESIAN_POINT('',(-72.,-8.572527594031E-16,42.8));
#9391 = DIRECTION('',(-0.,1.224646799147E-16,1.));
#9392 = DIRECTION('',(1.,0.,0.));
#9393 = DEFINITIONAL_REPRESENTATION('',(#9394),#9398);
#9394 = LINE('',#9395,#9396);
#9395 = CARTESIAN_POINT('',(-0.,0.));
#9396 = VECTOR('',#9397,1.);
#9397 = DIRECTION('',(-1.,0.));
#9398 = ( GEOMETRIC_REPRESENTATION_CONTEXT(2) 
PARAMETRIC_REPRESENTATION_CONTEXT() REPRESENTATION_CONTEXT('2D SPACE',''
  ) );
#9399 = ORIENTED_EDGE('',*,*,#9400,.F.);
#9400 = EDGE_CURVE('',#9401,#9372,#9403,.T.);
#9401 = VERTEX_POINT('',#9402);
#9402 = CARTESIAN_POINT('',(-87.,-12.,42.8));
#9403 = SURFACE_CURVE('',#9404,(#9408,#9415),.PCURVE_S1.);
#9404 = LINE('',#9405,#9406);
#9405 = CARTESIAN_POINT('',(-87.,-12.,42.8));
#9406 = VECTOR('',#9407,1.);
#9407 = DIRECTION('',(1.,0.,0.));
#9408 = PCURVE('',#8232,#9409);
#9409 = DEFINITIONAL_REPRESENTATION('',(#9410),#9414);
#9410 = LINE('',#9411,#9412);
#9411 = CARTESIAN_POINT('',(0.,24.));
#9412 = VECTOR('',#9413,1.);
#9413 = DIRECTION('',(1.,0.));
#9414 = ( GEOMETRIC_REPRESENTATION_CONTEXT(2) 
PARAMETRIC_REPRESENTATION_CONTEXT() REPRESENTATION_CONTEXT('2D SPACE',''
  ) );
#9415 = PCURVE('',#9416,#9421);
#9416 = PLANE('',#9417);
#9417 = AXIS2_PLACEMENT_3D('',#9418,#9419,#9420);
#9418 = CARTESIAN_POINT('',(-87.,-12.,42.8));
#9419 = DIRECTION('',(0.,-1.,1.224646799147E-16));
#9420 = DIRECTION('',(0.,-1.224646799147E-16,-1.));
#9421 = DEFINITIONAL_REPRESENTATION('',(#9422),#9426);
#9422 = LINE('',#9423,#9424);
#9423 = CARTESIAN_POINT('',(0.,0.));
#9424 = VECTOR('',#9425,1.);
#9425 = DIRECTION('',(0.,1.));
#9426 = ( GEOMETRIC_REPRESENTATION_CONTEXT(2) 
PARAMETRIC_REPRESENTATION_CONTEXT() REPRESENTATION_CONTEXT('2D SPACE',''
  ) );
#9427 = ORIENTED_EDGE('',*,*,#9428,.F.);
#9428 = EDGE_CURVE('',#9429,#9401,#9431,.T.);
#9429 = VERTEX_POINT('',#9430);
#9430 = CARTESIAN_POINT('',(-87.,12.,42.8));
#9431 = SURFACE_CURVE('',#9432,(#9436,#9443),.PCURVE_S1.);
#9432 = LINE('',#9433,#9434);
#9433 = CARTESIAN_POINT('',(-87.,12.,42.8));
#9434 = VECTOR('',#9435,1.);
#9435 = DIRECTION('',(0.,-1.,1.224646799147E-16));
#9436 = PCURVE('',#8232,#9437);
#9437 = DEFINITIONAL_REPRESENTATION('',(#9438),#9442);
#9438 = LINE('',#9439,#9440);
#9439 = CARTESIAN_POINT('',(0.,0.));
#9440 = VECTOR('',#9441,1.);
#9441 = DIRECTION('',(0.,1.));
#9442 = ( GEOMETRIC_REPRESENTATION_CONTEXT(2) 
PARAMETRIC_REPRESENTATION_CONTEXT() REPRESENTATION_CONTEXT('2D SPACE',''
  ) );
#9443 = PCURVE('',#9444,#9449);
#9444 = PLANE('',#9445);
#9445 = AXIS2_PLACEMENT_3D('',#9446,#9447,#9448);
#9446 = CARTESIAN_POINT('',(-87.,12.,42.8));
#9447 = DIRECTION('',(1.,0.,0.));
#9448 = DIRECTION('',(0.,-1.224646799147E-16,-1.));
#9449 = DEFINITIONAL_REPRESENTATION('',(#9450),#9454);
#9450 = LINE('',#9451,#9452);
#9451 = CARTESIAN_POINT('',(0.,0.));
#9452 = VECTOR('',#9453,1.);
#9453 = DIRECTION('',(0.,-1.));
#9454 = ( GEOMETRIC_REPRESENTATION_CONTEXT(2) 
PARAMETRIC_REPRESENTATION_CONTEXT() REPRESENTATION_CONTEXT('2D SPACE',''
  ) );
#9455 = ORIENTED_EDGE('',*,*,#9456,.T.);
#9456 = EDGE_CURVE('',#9429,#9457,#9459,.T.);
#9457 = VERTEX_POINT('',#9458);
#9458 = CARTESIAN_POINT('',(-81.,12.,42.8));
#9459 = SURFACE_CURVE('',#9460,(#9464,#9471),.PCURVE_S1.);
#9460 = LINE('',#9461,#9462);
#9461 = CARTESIAN_POINT('',(-87.,12.,42.8));
#9462 = VECTOR('',#9463,1.);
#9463 = DIRECTION('',(1.,0.,0.));
#9464 = PCURVE('',#8232,#9465);
#9465 = DEFINITIONAL_REPRESENTATION('',(#9466),#9470);
#9466 = LINE('',#9467,#9468);
#9467 = CARTESIAN_POINT('',(0.,0.));
#9468 = VECTOR('',#9469,1.);
#9469 = DIRECTION('',(1.,0.));
#9470 = ( GEOMETRIC_REPRESENTATION_CONTEXT(2) 
PARAMETRIC_REPRESENTATION_CONTEXT() REPRESENTATION_CONTEXT('2D SPACE',''
  ) );
#9471 = PCURVE('',#9472,#9477);
#9472 = PLANE('',#9473);
#9473 = AXIS2_PLACEMENT_3D('',#9474,#9475,#9476);
#9474 = CARTESIAN_POINT('',(-87.,12.,42.8));
#9475 = DIRECTION('',(0.,-1.,1.224646799147E-16));
#9476 = DIRECTION('',(0.,-1.224646799147E-16,-1.));
#9477 = DEFINITIONAL_REPRESENTATION('',(#9478),#9482);
#9478 = LINE('',#9479,#9480);
#9479 = CARTESIAN_POINT('',(0.,0.));
#9480 = VECTOR('',#9481,1.);
#9481 = DIRECTION('',(0.,1.));
#9482 = ( GEOMETRIC_REPRESENTATION_CONTEXT(2) 
PARAMETRIC_REPRESENTATION_CONTEXT() REPRESENTATION_CONTEXT('2D SPACE',''
  ) );
#9483 = ORIENTED_EDGE('',*,*,#9484,.T.);
#9484 = EDGE_CURVE('',#9457,#9485,#9487,.T.);
#9485 = VERTEX_POINT('',#9486);
#9486 = CARTESIAN_POINT('',(-62.99999999999,12.,42.8));
#9487 = SURFACE_CURVE('',#9488,(#9493,#9500),.PCURVE_S1.);
#9488 = CIRCLE('',#9489,15.);
#9489 = AXIS2_PLACEMENT_3D('',#9490,#9491,#9492);
#9490 = CARTESIAN_POINT('',(-72.,-8.572527594031E-16,42.8));
#9491 = DIRECTION('',(0.,-1.224646799147E-16,-1.));
#9492 = DIRECTION('',(1.,0.,0.));
#9493 = PCURVE('',#8232,#9494);
#9494 = DEFINITIONAL_REPRESENTATION('',(#9495),#9499);
#9495 = CIRCLE('',#9496,15.);
#9496 = AXIS2_PLACEMENT_2D('',#9497,#9498);
#9497 = CARTESIAN_POINT('',(15.,12.));
#9498 = DIRECTION('',(1.,0.));
#9499 = ( GEOMETRIC_REPRESENTATION_CONTEXT(2) 
PARAMETRIC_REPRESENTATION_CONTEXT() REPRESENTATION_CONTEXT('2D SPACE',''
  ) );
#9500 = PCURVE('',#9501,#9506);
#9501 = CYLINDRICAL_SURFACE('',#9502,15.);
#9502 = AXIS2_PLACEMENT_3D('',#9503,#9504,#9505);
#9503 = CARTESIAN_POINT('',(-72.,-8.572527594031E-16,42.8));
#9504 = DIRECTION('',(-0.,1.224646799147E-16,1.));
#9505 = DIRECTION('',(1.,0.,0.));
#9506 = DEFINITIONAL_REPRESENTATION('',(#9507),#9511);
#9507 = LINE('',#9508,#9509);
#9508 = CARTESIAN_POINT('',(-0.,0.));
#9509 = VECTOR('',#9510,1.);
#9510 = DIRECTION('',(-1.,0.));
#9511 = ( GEOMETRIC_REPRESENTATION_CONTEXT(2) 
PARAMETRIC_REPRESENTATION_CONTEXT() REPRESENTATION_CONTEXT('2D SPACE',''
  ) );
#9512 = ORIENTED_EDGE('',*,*,#9513,.T.);
#9513 = EDGE_CURVE('',#9485,#9514,#9516,.T.);
#9514 = VERTEX_POINT('',#9515);
#9515 = CARTESIAN_POINT('',(-52.53570214625,12.,42.8));
#9516 = SURFACE_CURVE('',#9517,(#9521,#9528),.PCURVE_S1.);
#9517 = LINE('',#9518,#9519);
#9518 = CARTESIAN_POINT('',(-87.,12.,42.8));
#9519 = VECTOR('',#9520,1.);
#9520 = DIRECTION('',(1.,0.,0.));
#9521 = PCURVE('',#8232,#9522);
#9522 = DEFINITIONAL_REPRESENTATION('',(#9523),#9527);
#9523 = LINE('',#9524,#9525);
#9524 = CARTESIAN_POINT('',(0.,0.));
#9525 = VECTOR('',#9526,1.);
#9526 = DIRECTION('',(1.,0.));
#9527 = ( GEOMETRIC_REPRESENTATION_CONTEXT(2) 
PARAMETRIC_REPRESENTATION_CONTEXT() REPRESENTATION_CONTEXT('2D SPACE',''
  ) );
#9528 = PCURVE('',#9529,#9534);
#9529 = PLANE('',#9530);
#9530 = AXIS2_PLACEMENT_3D('',#9531,#9532,#9533);
#9531 = CARTESIAN_POINT('',(-87.,12.,42.8));
#9532 = DIRECTION('',(0.,-1.,1.224646799147E-16));
#9533 = DIRECTION('',(0.,-1.224646799147E-16,-1.));
#9534 = DEFINITIONAL_REPRESENTATION('',(#9535),#9539);
#9535 = LINE('',#9536,#9537);
#9536 = CARTESIAN_POINT('',(0.,0.));
#9537 = VECTOR('',#9538,1.);
#9538 = DIRECTION('',(0.,1.));
#9539 = ( GEOMETRIC_REPRESENTATION_CONTEXT(2) 
PARAMETRIC_REPRESENTATION_CONTEXT() REPRESENTATION_CONTEXT('2D SPACE',''
  ) );
#9540 = ORIENTED_EDGE('',*,*,#9541,.F.);
#9541 = EDGE_CURVE('',#8128,#9514,#9542,.T.);
#9542 = SURFACE_CURVE('',#9543,(#9548,#9555),.PCURVE_S1.);
#9543 = CIRCLE('',#9544,2.5);
#9544 = AXIS2_PLACEMENT_3D('',#9545,#9546,#9547);
#9545 = CARTESIAN_POINT('',(-52.53570214625,14.5,42.8));
#9546 = DIRECTION('',(0.,-1.224646799147E-16,-1.));
#9547 = DIRECTION('',(0.,-1.,1.224646799147E-16));
#9548 = PCURVE('',#8232,#9549);
#9549 = DEFINITIONAL_REPRESENTATION('',(#9550),#9554);
#9550 = CIRCLE('',#9551,2.5);
#9551 = AXIS2_PLACEMENT_2D('',#9552,#9553);
#9552 = CARTESIAN_POINT('',(34.464297853745,-2.5));
#9553 = DIRECTION('',(0.,1.));
#9554 = ( GEOMETRIC_REPRESENTATION_CONTEXT(2) 
PARAMETRIC_REPRESENTATION_CONTEXT() REPRESENTATION_CONTEXT('2D SPACE',''
  ) );
#9555 = PCURVE('',#8148,#9556);
#9556 = DEFINITIONAL_REPRESENTATION('',(#9557),#9561);
#9557 = LINE('',#9558,#9559);
#9558 = CARTESIAN_POINT('',(4.981687231453,5.));
#9559 = VECTOR('',#9560,1.);
#9560 = DIRECTION('',(-1.,0.));
#9561 = ( GEOMETRIC_REPRESENTATION_CONTEXT(2) 
PARAMETRIC_REPRESENTATION_CONTEXT() REPRESENTATION_CONTEXT('2D SPACE',''
  ) );
#9562 = ORIENTED_EDGE('',*,*,#8217,.T.);
#9563 = ORIENTED_EDGE('',*,*,#9564,.T.);
#9564 = EDGE_CURVE('',#8190,#9344,#9565,.T.);
#9565 = SURFACE_CURVE('',#9566,(#9571,#9582),.PCURVE_S1.);
#9566 = CIRCLE('',#9567,2.5);
#9567 = AXIS2_PLACEMENT_3D('',#9568,#9569,#9570);
#9568 = CARTESIAN_POINT('',(-52.53570214625,-14.5,42.8));
#9569 = DIRECTION('',(-0.,1.224646799147E-16,1.));
#9570 = DIRECTION('',(0.,-1.,1.224646799147E-16));
#9571 = PCURVE('',#8232,#9572);
#9572 = DEFINITIONAL_REPRESENTATION('',(#9573),#9581);
#9573 = ( BOUNDED_CURVE() B_SPLINE_CURVE(2,(#9574,#9575,#9576,#9577,
#9578,#9579,#9580),.UNSPECIFIED.,.T.,.F.) B_SPLINE_CURVE_WITH_KNOTS((1,2
    ,2,2,2,1),(-2.094395102393,0.,2.094395102393,4.188790204786,
6.28318530718,8.377580409573),.UNSPECIFIED.) CURVE() 
GEOMETRIC_REPRESENTATION_ITEM() RATIONAL_B_SPLINE_CURVE((1.,0.5,1.,0.5,
1.,0.5,1.)) REPRESENTATION_ITEM('') );
#9574 = CARTESIAN_POINT('',(34.464297853745,29.));
#9575 = CARTESIAN_POINT('',(38.794424872667,29.));
#9576 = CARTESIAN_POINT('',(36.629361363206,25.25));
#9577 = CARTESIAN_POINT('',(34.464297853745,21.5));
#9578 = CARTESIAN_POINT('',(32.299234344284,25.25));
#9579 = CARTESIAN_POINT('',(30.134170834823,29.));
#9580 = CARTESIAN_POINT('',(34.464297853745,29.));
#9581 = ( GEOMETRIC_REPRESENTATION_CONTEXT(2) 
PARAMETRIC_REPRESENTATION_CONTEXT() REPRESENTATION_CONTEXT('2D SPACE',''
  ) );
#9582 = PCURVE('',#8205,#9583);
#9583 = DEFINITIONAL_REPRESENTATION('',(#9584),#9588);
#9584 = LINE('',#9585,#9586);
#9585 = CARTESIAN_POINT('',(-1.840094577864,5.));
#9586 = VECTOR('',#9587,1.);
#9587 = DIRECTION('',(1.,0.));
#9588 = ( GEOMETRIC_REPRESENTATION_CONTEXT(2) 
PARAMETRIC_REPRESENTATION_CONTEXT() REPRESENTATION_CONTEXT('2D SPACE',''
  ) );
#9589 = FACE_BOUND('',#9590,.F.);
#9590 = EDGE_LOOP('',(#9591,#9626,#9654,#9687));
#9591 = ORIENTED_EDGE('',*,*,#9592,.T.);
#9592 = EDGE_CURVE('',#9593,#9595,#9597,.T.);
#9593 = VERTEX_POINT('',#9594);
#9594 = CARTESIAN_POINT('',(-76.3,8.7,42.8));
#9595 = VERTEX_POINT('',#9596);
#9596 = CARTESIAN_POINT('',(-76.3,5.3,42.8));
#9597 = SURFACE_CURVE('',#9598,(#9603,#9614),.PCURVE_S1.);
#9598 = CIRCLE('',#9599,1.7);
#9599 = AXIS2_PLACEMENT_3D('',#9600,#9601,#9602);
#9600 = CARTESIAN_POINT('',(-76.3,7.,42.8));
#9601 = DIRECTION('',(0.,1.224646799147E-16,1.));
#9602 = DIRECTION('',(5.224578939413E-16,1.,-1.224646799147E-16));
#9603 = PCURVE('',#8232,#9604);
#9604 = DEFINITIONAL_REPRESENTATION('',(#9605),#9613);
#9605 = ( BOUNDED_CURVE() B_SPLINE_CURVE(2,(#9606,#9607,#9608,#9609,
#9610,#9611,#9612),.UNSPECIFIED.,.T.,.F.) B_SPLINE_CURVE_WITH_KNOTS((1,2
    ,2,2,2,1),(-2.094395102393,0.,2.094395102393,4.188790204786,
6.28318530718,8.377580409573),.UNSPECIFIED.) CURVE() 
GEOMETRIC_REPRESENTATION_ITEM() RATIONAL_B_SPLINE_CURVE((1.,0.5,1.,0.5,
1.,0.5,1.)) REPRESENTATION_ITEM('') );
#9606 = CARTESIAN_POINT('',(10.7,3.3));
#9607 = CARTESIAN_POINT('',(7.755513627133,3.3));
#9608 = CARTESIAN_POINT('',(9.227756813566,5.85));
#9609 = CARTESIAN_POINT('',(10.7,8.4));
#9610 = CARTESIAN_POINT('',(12.172243186434,5.85));
#9611 = CARTESIAN_POINT('',(13.644486372867,3.3));
#9612 = CARTESIAN_POINT('',(10.7,3.3));
#9613 = ( GEOMETRIC_REPRESENTATION_CONTEXT(2) 
PARAMETRIC_REPRESENTATION_CONTEXT() REPRESENTATION_CONTEXT('2D SPACE',''
  ) );
#9614 = PCURVE('',#9615,#9620);
#9615 = CYLINDRICAL_SURFACE('',#9616,1.7);
#9616 = AXIS2_PLACEMENT_3D('',#9617,#9618,#9619);
#9617 = CARTESIAN_POINT('',(-76.3,7.,42.8));
#9618 = DIRECTION('',(0.,1.224646799147E-16,1.));
#9619 = DIRECTION('',(5.224578939413E-16,1.,-1.224646799147E-16));
#9620 = DEFINITIONAL_REPRESENTATION('',(#9621),#9625);
#9621 = LINE('',#9622,#9623);
#9622 = CARTESIAN_POINT('',(0.,0.));
#9623 = VECTOR('',#9624,1.);
#9624 = DIRECTION('',(1.,0.));
#9625 = ( GEOMETRIC_REPRESENTATION_CONTEXT(2) 
PARAMETRIC_REPRESENTATION_CONTEXT() REPRESENTATION_CONTEXT('2D SPACE',''
  ) );
#9626 = ORIENTED_EDGE('',*,*,#9627,.T.);
#9627 = EDGE_CURVE('',#9595,#9628,#9630,.T.);
#9628 = VERTEX_POINT('',#9629);
#9629 = CARTESIAN_POINT('',(-67.7,5.3,42.8));
#9630 = SURFACE_CURVE('',#9631,(#9635,#9642),.PCURVE_S1.);
#9631 = LINE('',#9632,#9633);
#9632 = CARTESIAN_POINT('',(-76.3,5.3,42.8));
#9633 = VECTOR('',#9634,1.);
#9634 = DIRECTION('',(1.,0.,0.));
#9635 = PCURVE('',#8232,#9636);
#9636 = DEFINITIONAL_REPRESENTATION('',(#9637),#9641);
#9637 = LINE('',#9638,#9639);
#9638 = CARTESIAN_POINT('',(10.7,6.7));
#9639 = VECTOR('',#9640,1.);
#9640 = DIRECTION('',(1.,0.));
#9641 = ( GEOMETRIC_REPRESENTATION_CONTEXT(2) 
PARAMETRIC_REPRESENTATION_CONTEXT() REPRESENTATION_CONTEXT('2D SPACE',''
  ) );
#9642 = PCURVE('',#9643,#9648);
#9643 = PLANE('',#9644);
#9644 = AXIS2_PLACEMENT_3D('',#9645,#9646,#9647);
#9645 = CARTESIAN_POINT('',(-76.3,5.3,42.8));
#9646 = DIRECTION('',(0.,-1.,1.224646799147E-16));
#9647 = DIRECTION('',(1.,0.,0.));
#9648 = DEFINITIONAL_REPRESENTATION('',(#9649),#9653);
#9649 = LINE('',#9650,#9651);
#9650 = CARTESIAN_POINT('',(0.,0.));
#9651 = VECTOR('',#9652,1.);
#9652 = DIRECTION('',(1.,0.));
#9653 = ( GEOMETRIC_REPRESENTATION_CONTEXT(2) 
PARAMETRIC_REPRESENTATION_CONTEXT() REPRESENTATION_CONTEXT('2D SPACE',''
  ) );
#9654 = ORIENTED_EDGE('',*,*,#9655,.T.);
#9655 = EDGE_CURVE('',#9628,#9656,#9658,.T.);
#9656 = VERTEX_POINT('',#9657);
#9657 = CARTESIAN_POINT('',(-67.7,8.7,42.8));
#9658 = SURFACE_CURVE('',#9659,(#9664,#9675),.PCURVE_S1.);
#9659 = CIRCLE('',#9660,1.7);
#9660 = AXIS2_PLACEMENT_3D('',#9661,#9662,#9663);
#9661 = CARTESIAN_POINT('',(-67.7,7.,42.8));
#9662 = DIRECTION('',(0.,1.224646799147E-16,1.));
#9663 = DIRECTION('',(-5.224578939413E-16,-1.,1.224646799147E-16));
#9664 = PCURVE('',#8232,#9665);
#9665 = DEFINITIONAL_REPRESENTATION('',(#9666),#9674);
#9666 = ( BOUNDED_CURVE() B_SPLINE_CURVE(2,(#9667,#9668,#9669,#9670,
#9671,#9672,#9673),.UNSPECIFIED.,.T.,.F.) B_SPLINE_CURVE_WITH_KNOTS((1,2
    ,2,2,2,1),(-2.094395102393,0.,2.094395102393,4.188790204786,
6.28318530718,8.377580409573),.UNSPECIFIED.) CURVE() 
GEOMETRIC_REPRESENTATION_ITEM() RATIONAL_B_SPLINE_CURVE((1.,0.5,1.,0.5,
1.,0.5,1.)) REPRESENTATION_ITEM('') );
#9667 = CARTESIAN_POINT('',(19.3,6.7));
#9668 = CARTESIAN_POINT('',(22.244486372867,6.7));
#9669 = CARTESIAN_POINT('',(20.772243186434,4.15));
#9670 = CARTESIAN_POINT('',(19.3,1.6));
#9671 = CARTESIAN_POINT('',(17.827756813566,4.15));
#9672 = CARTESIAN_POINT('',(16.355513627133,6.7));
#9673 = CARTESIAN_POINT('',(19.3,6.7));
#9674 = ( GEOMETRIC_REPRESENTATION_CONTEXT(2) 
PARAMETRIC_REPRESENTATION_CONTEXT() REPRESENTATION_CONTEXT('2D SPACE',''
  ) );
#9675 = PCURVE('',#9676,#9681);
#9676 = CYLINDRICAL_SURFACE('',#9677,1.7);
#9677 = AXIS2_PLACEMENT_3D('',#9678,#9679,#9680);
#9678 = CARTESIAN_POINT('',(-67.7,7.,42.8));
#9679 = DIRECTION('',(0.,1.224646799147E-16,1.));
#9680 = DIRECTION('',(-5.224578939413E-16,-1.,1.224646799147E-16));
#9681 = DEFINITIONAL_REPRESENTATION('',(#9682),#9686);
#9682 = LINE('',#9683,#9684);
#9683 = CARTESIAN_POINT('',(0.,0.));
#9684 = VECTOR('',#9685,1.);
#9685 = DIRECTION('',(1.,0.));
#9686 = ( GEOMETRIC_REPRESENTATION_CONTEXT(2) 
PARAMETRIC_REPRESENTATION_CONTEXT() REPRESENTATION_CONTEXT('2D SPACE',''
  ) );
#9687 = ORIENTED_EDGE('',*,*,#9688,.T.);
#9688 = EDGE_CURVE('',#9656,#9593,#9689,.T.);
#9689 = SURFACE_CURVE('',#9690,(#9694,#9701),.PCURVE_S1.);
#9690 = LINE('',#9691,#9692);
#9691 = CARTESIAN_POINT('',(-67.7,8.7,42.8));
#9692 = VECTOR('',#9693,1.);
#9693 = DIRECTION('',(-1.,-0.,0.));
#9694 = PCURVE('',#8232,#9695);
#9695 = DEFINITIONAL_REPRESENTATION('',(#9696),#9700);
#9696 = LINE('',#9697,#9698);
#9697 = CARTESIAN_POINT('',(19.3,3.3));
#9698 = VECTOR('',#9699,1.);
#9699 = DIRECTION('',(-1.,0.));
#9700 = ( GEOMETRIC_REPRESENTATION_CONTEXT(2) 
PARAMETRIC_REPRESENTATION_CONTEXT() REPRESENTATION_CONTEXT('2D SPACE',''
  ) );
#9701 = PCURVE('',#9702,#9707);
#9702 = PLANE('',#9703);
#9703 = AXIS2_PLACEMENT_3D('',#9704,#9705,#9706);
#9704 = CARTESIAN_POINT('',(-67.7,8.7,42.8));
#9705 = DIRECTION('',(0.,1.,-1.224646799147E-16));
#9706 = DIRECTION('',(-1.,-0.,0.));
#9707 = DEFINITIONAL_REPRESENTATION('',(#9708),#9712);
#9708 = LINE('',#9709,#9710);
#9709 = CARTESIAN_POINT('',(0.,0.));
#9710 = VECTOR('',#9711,1.);
#9711 = DIRECTION('',(1.,0.));
#9712 = ( GEOMETRIC_REPRESENTATION_CONTEXT(2) 
PARAMETRIC_REPRESENTATION_CONTEXT() REPRESENTATION_CONTEXT('2D SPACE',''
  ) );
#9713 = FACE_BOUND('',#9714,.F.);
#9714 = EDGE_LOOP('',(#9715));
#9715 = ORIENTED_EDGE('',*,*,#9716,.F.);
#9716 = EDGE_CURVE('',#9717,#9717,#9719,.T.);
#9717 = VERTEX_POINT('',#9718);
#9718 = CARTESIAN_POINT('',(-67.,-8.572527594031E-16,42.8));
#9719 = SURFACE_CURVE('',#9720,(#9725,#9732),.PCURVE_S1.);
#9720 = CIRCLE('',#9721,5.);
#9721 = AXIS2_PLACEMENT_3D('',#9722,#9723,#9724);
#9722 = CARTESIAN_POINT('',(-72.,-8.572527594031E-16,42.8));
#9723 = DIRECTION('',(0.,-1.224646799147E-16,-1.));
#9724 = DIRECTION('',(1.,0.,0.));
#9725 = PCURVE('',#8232,#9726);
#9726 = DEFINITIONAL_REPRESENTATION('',(#9727),#9731);
#9727 = CIRCLE('',#9728,5.);
#9728 = AXIS2_PLACEMENT_2D('',#9729,#9730);
#9729 = CARTESIAN_POINT('',(15.,12.));
#9730 = DIRECTION('',(1.,0.));
#9731 = ( GEOMETRIC_REPRESENTATION_CONTEXT(2) 
PARAMETRIC_REPRESENTATION_CONTEXT() REPRESENTATION_CONTEXT('2D SPACE',''
  ) );
#9732 = PCURVE('',#9733,#9738);
#9733 = CYLINDRICAL_SURFACE('',#9734,5.);
#9734 = AXIS2_PLACEMENT_3D('',#9735,#9736,#9737);
#9735 = CARTESIAN_POINT('',(-72.,-8.572527594031E-16,42.8));
#9736 = DIRECTION('',(-0.,1.224646799147E-16,1.));
#9737 = DIRECTION('',(1.,0.,0.));
#9738 = DEFINITIONAL_REPRESENTATION('',(#9739),#9743);
#9739 = LINE('',#9740,#9741);
#9740 = CARTESIAN_POINT('',(-0.,0.));
#9741 = VECTOR('',#9742,1.);
#9742 = DIRECTION('',(-1.,0.));
#9743 = ( GEOMETRIC_REPRESENTATION_CONTEXT(2) 
PARAMETRIC_REPRESENTATION_CONTEXT() REPRESENTATION_CONTEXT('2D SPACE',''
  ) );
#9744 = FACE_BOUND('',#9745,.F.);
#9745 = EDGE_LOOP('',(#9746,#9781,#9809,#9842));
#9746 = ORIENTED_EDGE('',*,*,#9747,.T.);
#9747 = EDGE_CURVE('',#9748,#9750,#9752,.T.);
#9748 = VERTEX_POINT('',#9749);
#9749 = CARTESIAN_POINT('',(-76.3,-5.3,42.8));
#9750 = VERTEX_POINT('',#9751);
#9751 = CARTESIAN_POINT('',(-76.3,-8.7,42.8));
#9752 = SURFACE_CURVE('',#9753,(#9758,#9769),.PCURVE_S1.);
#9753 = CIRCLE('',#9754,1.7);
#9754 = AXIS2_PLACEMENT_3D('',#9755,#9756,#9757);
#9755 = CARTESIAN_POINT('',(-76.3,-7.,42.8));
#9756 = DIRECTION('',(0.,1.224646799147E-16,1.));
#9757 = DIRECTION('',(5.224578939413E-16,1.,-1.224646799147E-16));
#9758 = PCURVE('',#8232,#9759);
#9759 = DEFINITIONAL_REPRESENTATION('',(#9760),#9768);
#9760 = ( BOUNDED_CURVE() B_SPLINE_CURVE(2,(#9761,#9762,#9763,#9764,
#9765,#9766,#9767),.UNSPECIFIED.,.T.,.F.) B_SPLINE_CURVE_WITH_KNOTS((1,2
    ,2,2,2,1),(-2.094395102393,0.,2.094395102393,4.188790204786,
6.28318530718,8.377580409573),.UNSPECIFIED.) CURVE() 
GEOMETRIC_REPRESENTATION_ITEM() RATIONAL_B_SPLINE_CURVE((1.,0.5,1.,0.5,
1.,0.5,1.)) REPRESENTATION_ITEM('') );
#9761 = CARTESIAN_POINT('',(10.7,17.3));
#9762 = CARTESIAN_POINT('',(7.755513627133,17.3));
#9763 = CARTESIAN_POINT('',(9.227756813566,19.85));
#9764 = CARTESIAN_POINT('',(10.7,22.4));
#9765 = CARTESIAN_POINT('',(12.172243186434,19.85));
#9766 = CARTESIAN_POINT('',(13.644486372867,17.3));
#9767 = CARTESIAN_POINT('',(10.7,17.3));
#9768 = ( GEOMETRIC_REPRESENTATION_CONTEXT(2) 
PARAMETRIC_REPRESENTATION_CONTEXT() REPRESENTATION_CONTEXT('2D SPACE',''
  ) );
#9769 = PCURVE('',#9770,#9775);
#9770 = CYLINDRICAL_SURFACE('',#9771,1.7);
#9771 = AXIS2_PLACEMENT_3D('',#9772,#9773,#9774);
#9772 = CARTESIAN_POINT('',(-76.3,-7.,42.8));
#9773 = DIRECTION('',(0.,1.224646799147E-16,1.));
#9774 = DIRECTION('',(5.224578939413E-16,1.,-1.224646799147E-16));
#9775 = DEFINITIONAL_REPRESENTATION('',(#9776),#9780);
#9776 = LINE('',#9777,#9778);
#9777 = CARTESIAN_POINT('',(0.,0.));
#9778 = VECTOR('',#9779,1.);
#9779 = DIRECTION('',(1.,0.));
#9780 = ( GEOMETRIC_REPRESENTATION_CONTEXT(2) 
PARAMETRIC_REPRESENTATION_CONTEXT() REPRESENTATION_CONTEXT('2D SPACE',''
  ) );
#9781 = ORIENTED_EDGE('',*,*,#9782,.T.);
#9782 = EDGE_CURVE('',#9750,#9783,#9785,.T.);
#9783 = VERTEX_POINT('',#9784);
#9784 = CARTESIAN_POINT('',(-67.7,-8.7,42.8));
#9785 = SURFACE_CURVE('',#9786,(#9790,#9797),.PCURVE_S1.);
#9786 = LINE('',#9787,#9788);
#9787 = CARTESIAN_POINT('',(-76.3,-8.7,42.8));
#9788 = VECTOR('',#9789,1.);
#9789 = DIRECTION('',(1.,0.,0.));
#9790 = PCURVE('',#8232,#9791);
#9791 = DEFINITIONAL_REPRESENTATION('',(#9792),#9796);
#9792 = LINE('',#9793,#9794);
#9793 = CARTESIAN_POINT('',(10.7,20.7));
#9794 = VECTOR('',#9795,1.);
#9795 = DIRECTION('',(1.,0.));
#9796 = ( GEOMETRIC_REPRESENTATION_CONTEXT(2) 
PARAMETRIC_REPRESENTATION_CONTEXT() REPRESENTATION_CONTEXT('2D SPACE',''
  ) );
#9797 = PCURVE('',#9798,#9803);
#9798 = PLANE('',#9799);
#9799 = AXIS2_PLACEMENT_3D('',#9800,#9801,#9802);
#9800 = CARTESIAN_POINT('',(-76.3,-8.7,42.8));
#9801 = DIRECTION('',(0.,-1.,1.224646799147E-16));
#9802 = DIRECTION('',(1.,0.,0.));
#9803 = DEFINITIONAL_REPRESENTATION('',(#9804),#9808);
#9804 = LINE('',#9805,#9806);
#9805 = CARTESIAN_POINT('',(0.,0.));
#9806 = VECTOR('',#9807,1.);
#9807 = DIRECTION('',(1.,0.));
#9808 = ( GEOMETRIC_REPRESENTATION_CONTEXT(2) 
PARAMETRIC_REPRESENTATION_CONTEXT() REPRESENTATION_CONTEXT('2D SPACE',''
  ) );
#9809 = ORIENTED_EDGE('',*,*,#9810,.T.);
#9810 = EDGE_CURVE('',#9783,#9811,#9813,.T.);
#9811 = VERTEX_POINT('',#9812);
#9812 = CARTESIAN_POINT('',(-67.7,-5.3,42.8));
#9813 = SURFACE_CURVE('',#9814,(#9819,#9830),.PCURVE_S1.);
#9814 = CIRCLE('',#9815,1.7);
#9815 = AXIS2_PLACEMENT_3D('',#9816,#9817,#9818);
#9816 = CARTESIAN_POINT('',(-67.7,-7.,42.8));
#9817 = DIRECTION('',(0.,1.224646799147E-16,1.));
#9818 = DIRECTION('',(-5.224578939413E-16,-1.,1.224646799147E-16));
#9819 = PCURVE('',#8232,#9820);
#9820 = DEFINITIONAL_REPRESENTATION('',(#9821),#9829);
#9821 = ( BOUNDED_CURVE() B_SPLINE_CURVE(2,(#9822,#9823,#9824,#9825,
#9826,#9827,#9828),.UNSPECIFIED.,.T.,.F.) B_SPLINE_CURVE_WITH_KNOTS((1,2
    ,2,2,2,1),(-2.094395102393,0.,2.094395102393,4.188790204786,
6.28318530718,8.377580409573),.UNSPECIFIED.) CURVE() 
GEOMETRIC_REPRESENTATION_ITEM() RATIONAL_B_SPLINE_CURVE((1.,0.5,1.,0.5,
1.,0.5,1.)) REPRESENTATION_ITEM('') );
#9822 = CARTESIAN_POINT('',(19.3,20.7));
#9823 = CARTESIAN_POINT('',(22.244486372867,20.7));
#9824 = CARTESIAN_POINT('',(20.772243186434,18.15));
#9825 = CARTESIAN_POINT('',(19.3,15.6));
#9826 = CARTESIAN_POINT('',(17.827756813566,18.15));
#9827 = CARTESIAN_POINT('',(16.355513627133,20.7));
#9828 = CARTESIAN_POINT('',(19.3,20.7));
#9829 = ( GEOMETRIC_REPRESENTATION_CONTEXT(2) 
PARAMETRIC_REPRESENTATION_CONTEXT() REPRESENTATION_CONTEXT('2D SPACE',''
  ) );
#9830 = PCURVE('',#9831,#9836);
#9831 = CYLINDRICAL_SURFACE('',#9832,1.7);
#9832 = AXIS2_PLACEMENT_3D('',#9833,#9834,#9835);
#9833 = CARTESIAN_POINT('',(-67.7,-7.,42.8));
#9834 = DIRECTION('',(0.,1.224646799147E-16,1.));
#9835 = DIRECTION('',(-5.224578939413E-16,-1.,1.224646799147E-16));
#9836 = DEFINITIONAL_REPRESENTATION('',(#9837),#9841);
#9837 = LINE('',#9838,#9839);
#9838 = CARTESIAN_POINT('',(0.,0.));
#9839 = VECTOR('',#9840,1.);
#9840 = DIRECTION('',(1.,0.));
#9841 = ( GEOMETRIC_REPRESENTATION_CONTEXT(2) 
PARAMETRIC_REPRESENTATION_CONTEXT() REPRESENTATION_CONTEXT('2D SPACE',''
  ) );
#9842 = ORIENTED_EDGE('',*,*,#9843,.T.);
#9843 = EDGE_CURVE('',#9811,#9748,#9844,.T.);
#9844 = SURFACE_CURVE('',#9845,(#9849,#9856),.PCURVE_S1.);
#9845 = LINE('',#9846,#9847);
#9846 = CARTESIAN_POINT('',(-67.7,-5.3,42.8));
#9847 = VECTOR('',#9848,1.);
#9848 = DIRECTION('',(-1.,-0.,0.));
#9849 = PCURVE('',#8232,#9850);
#9850 = DEFINITIONAL_REPRESENTATION('',(#9851),#9855);
#9851 = LINE('',#9852,#9853);
#9852 = CARTESIAN_POINT('',(19.3,17.3));
#9853 = VECTOR('',#9854,1.);
#9854 = DIRECTION('',(-1.,0.));
#9855 = ( GEOMETRIC_REPRESENTATION_CONTEXT(2) 
PARAMETRIC_REPRESENTATION_CONTEXT() REPRESENTATION_CONTEXT('2D SPACE',''
  ) );
#9856 = PCURVE('',#9857,#9862);
#9857 = PLANE('',#9858);
#9858 = AXIS2_PLACEMENT_3D('',#9859,#9860,#9861);
#9859 = CARTESIAN_POINT('',(-67.7,-5.3,42.8));
#9860 = DIRECTION('',(0.,1.,-1.224646799147E-16));
#9861 = DIRECTION('',(-1.,-0.,0.));
#9862 = DEFINITIONAL_REPRESENTATION('',(#9863),#9867);
#9863 = LINE('',#9864,#9865);
#9864 = CARTESIAN_POINT('',(0.,0.));
#9865 = VECTOR('',#9866,1.);
#9866 = DIRECTION('',(1.,0.));
#9867 = ( GEOMETRIC_REPRESENTATION_CONTEXT(2) 
PARAMETRIC_REPRESENTATION_CONTEXT() REPRESENTATION_CONTEXT('2D SPACE',''
  ) );
#9868 = ADVANCED_FACE('',(#9869),#9857,.F.);
#9869 = FACE_BOUND('',#9870,.F.);
#9870 = EDGE_LOOP('',(#9871,#9872,#9895,#9918));
#9871 = ORIENTED_EDGE('',*,*,#9843,.F.);
#9872 = ORIENTED_EDGE('',*,*,#9873,.T.);
#9873 = EDGE_CURVE('',#9811,#9874,#9876,.T.);
#9874 = VERTEX_POINT('',#9875);
#9875 = CARTESIAN_POINT('',(-67.7,-5.3,37.8));
#9876 = SURFACE_CURVE('',#9877,(#9881,#9888),.PCURVE_S1.);
#9877 = LINE('',#9878,#9879);
#9878 = CARTESIAN_POINT('',(-67.7,-5.3,42.8));
#9879 = VECTOR('',#9880,1.);
#9880 = DIRECTION('',(0.,-1.224646799147E-16,-1.));
#9881 = PCURVE('',#9857,#9882);
#9882 = DEFINITIONAL_REPRESENTATION('',(#9883),#9887);
#9883 = LINE('',#9884,#9885);
#9884 = CARTESIAN_POINT('',(0.,0.));
#9885 = VECTOR('',#9886,1.);
#9886 = DIRECTION('',(0.,-1.));
#9887 = ( GEOMETRIC_REPRESENTATION_CONTEXT(2) 
PARAMETRIC_REPRESENTATION_CONTEXT() REPRESENTATION_CONTEXT('2D SPACE',''
  ) );
#9888 = PCURVE('',#9831,#9889);
#9889 = DEFINITIONAL_REPRESENTATION('',(#9890),#9894);
#9890 = LINE('',#9891,#9892);
#9891 = CARTESIAN_POINT('',(3.14159265359,0.));
#9892 = VECTOR('',#9893,1.);
#9893 = DIRECTION('',(0.,-1.));
#9894 = ( GEOMETRIC_REPRESENTATION_CONTEXT(2) 
PARAMETRIC_REPRESENTATION_CONTEXT() REPRESENTATION_CONTEXT('2D SPACE',''
  ) );
#9895 = ORIENTED_EDGE('',*,*,#9896,.F.);
#9896 = EDGE_CURVE('',#9897,#9874,#9899,.T.);
#9897 = VERTEX_POINT('',#9898);
#9898 = CARTESIAN_POINT('',(-76.3,-5.3,37.8));
#9899 = SURFACE_CURVE('',#9900,(#9904,#9911),.PCURVE_S1.);
#9900 = LINE('',#9901,#9902);
#9901 = CARTESIAN_POINT('',(-77.35,-5.3,37.8));
#9902 = VECTOR('',#9903,1.);
#9903 = DIRECTION('',(1.,0.,0.));
#9904 = PCURVE('',#9857,#9905);
#9905 = DEFINITIONAL_REPRESENTATION('',(#9906),#9910);
#9906 = LINE('',#9907,#9908);
#9907 = CARTESIAN_POINT('',(9.65,-5.));
#9908 = VECTOR('',#9909,1.);
#9909 = DIRECTION('',(-1.,0.));
#9910 = ( GEOMETRIC_REPRESENTATION_CONTEXT(2) 
PARAMETRIC_REPRESENTATION_CONTEXT() REPRESENTATION_CONTEXT('2D SPACE',''
  ) );
#9911 = PCURVE('',#8177,#9912);
#9912 = DEFINITIONAL_REPRESENTATION('',(#9913),#9917);
#9913 = LINE('',#9914,#9915);
#9914 = CARTESIAN_POINT('',(9.65,17.3));
#9915 = VECTOR('',#9916,1.);
#9916 = DIRECTION('',(1.,0.));
#9917 = ( GEOMETRIC_REPRESENTATION_CONTEXT(2) 
PARAMETRIC_REPRESENTATION_CONTEXT() REPRESENTATION_CONTEXT('2D SPACE',''
  ) );
#9918 = ORIENTED_EDGE('',*,*,#9919,.F.);
#9919 = EDGE_CURVE('',#9748,#9897,#9920,.T.);
#9920 = SURFACE_CURVE('',#9921,(#9925,#9932),.PCURVE_S1.);
#9921 = LINE('',#9922,#9923);
#9922 = CARTESIAN_POINT('',(-76.3,-5.3,42.8));
#9923 = VECTOR('',#9924,1.);
#9924 = DIRECTION('',(0.,-1.224646799147E-16,-1.));
#9925 = PCURVE('',#9857,#9926);
#9926 = DEFINITIONAL_REPRESENTATION('',(#9927),#9931);
#9927 = LINE('',#9928,#9929);
#9928 = CARTESIAN_POINT('',(8.6,0.));
#9929 = VECTOR('',#9930,1.);
#9930 = DIRECTION('',(0.,-1.));
#9931 = ( GEOMETRIC_REPRESENTATION_CONTEXT(2) 
PARAMETRIC_REPRESENTATION_CONTEXT() REPRESENTATION_CONTEXT('2D SPACE',''
  ) );
#9932 = PCURVE('',#9770,#9933);
#9933 = DEFINITIONAL_REPRESENTATION('',(#9934),#9938);
#9934 = LINE('',#9935,#9936);
#9935 = CARTESIAN_POINT('',(0.,0.));
#9936 = VECTOR('',#9937,1.);
#9937 = DIRECTION('',(0.,-1.));
#9938 = ( GEOMETRIC_REPRESENTATION_CONTEXT(2) 
PARAMETRIC_REPRESENTATION_CONTEXT() REPRESENTATION_CONTEXT('2D SPACE',''
  ) );
#9939 = ADVANCED_FACE('',(#9940),#9831,.F.);
#9940 = FACE_BOUND('',#9941,.F.);
#9941 = EDGE_LOOP('',(#9942,#9943,#9966,#9992));
#9942 = ORIENTED_EDGE('',*,*,#9810,.F.);
#9943 = ORIENTED_EDGE('',*,*,#9944,.T.);
#9944 = EDGE_CURVE('',#9783,#9945,#9947,.T.);
#9945 = VERTEX_POINT('',#9946);
#9946 = CARTESIAN_POINT('',(-67.7,-8.7,37.8));
#9947 = SURFACE_CURVE('',#9948,(#9952,#9959),.PCURVE_S1.);
#9948 = LINE('',#9949,#9950);
#9949 = CARTESIAN_POINT('',(-67.7,-8.7,42.8));
#9950 = VECTOR('',#9951,1.);
#9951 = DIRECTION('',(0.,-1.224646799147E-16,-1.));
#9952 = PCURVE('',#9831,#9953);
#9953 = DEFINITIONAL_REPRESENTATION('',(#9954),#9958);
#9954 = LINE('',#9955,#9956);
#9955 = CARTESIAN_POINT('',(0.,0.));
#9956 = VECTOR('',#9957,1.);
#9957 = DIRECTION('',(0.,-1.));
#9958 = ( GEOMETRIC_REPRESENTATION_CONTEXT(2) 
PARAMETRIC_REPRESENTATION_CONTEXT() REPRESENTATION_CONTEXT('2D SPACE',''
  ) );
#9959 = PCURVE('',#9798,#9960);
#9960 = DEFINITIONAL_REPRESENTATION('',(#9961),#9965);
#9961 = LINE('',#9962,#9963);
#9962 = CARTESIAN_POINT('',(8.6,0.));
#9963 = VECTOR('',#9964,1.);
#9964 = DIRECTION('',(0.,-1.));
#9965 = ( GEOMETRIC_REPRESENTATION_CONTEXT(2) 
PARAMETRIC_REPRESENTATION_CONTEXT() REPRESENTATION_CONTEXT('2D SPACE',''
  ) );
#9966 = ORIENTED_EDGE('',*,*,#9967,.T.);
#9967 = EDGE_CURVE('',#9945,#9874,#9968,.T.);
#9968 = SURFACE_CURVE('',#9969,(#9974,#9981),.PCURVE_S1.);
#9969 = CIRCLE('',#9970,1.7);
#9970 = AXIS2_PLACEMENT_3D('',#9971,#9972,#9973);
#9971 = CARTESIAN_POINT('',(-67.7,-7.,37.8));
#9972 = DIRECTION('',(0.,1.224646799147E-16,1.));
#9973 = DIRECTION('',(-5.224578939413E-16,-1.,1.224646799147E-16));
#9974 = PCURVE('',#9831,#9975);
#9975 = DEFINITIONAL_REPRESENTATION('',(#9976),#9980);
#9976 = LINE('',#9977,#9978);
#9977 = CARTESIAN_POINT('',(0.,-5.));
#9978 = VECTOR('',#9979,1.);
#9979 = DIRECTION('',(1.,0.));
#9980 = ( GEOMETRIC_REPRESENTATION_CONTEXT(2) 
PARAMETRIC_REPRESENTATION_CONTEXT() REPRESENTATION_CONTEXT('2D SPACE',''
  ) );
#9981 = PCURVE('',#8177,#9982);
#9982 = DEFINITIONAL_REPRESENTATION('',(#9983),#9991);
#9983 = ( BOUNDED_CURVE() B_SPLINE_CURVE(2,(#9984,#9985,#9986,#9987,
#9988,#9989,#9990),.UNSPECIFIED.,.T.,.F.) B_SPLINE_CURVE_WITH_KNOTS((1,2
    ,2,2,2,1),(-2.094395102393,0.,2.094395102393,4.188790204786,
6.28318530718,8.377580409573),.UNSPECIFIED.) CURVE() 
GEOMETRIC_REPRESENTATION_ITEM() RATIONAL_B_SPLINE_CURVE((1.,0.5,1.,0.5,
1.,0.5,1.)) REPRESENTATION_ITEM('') );
#9984 = CARTESIAN_POINT('',(19.3,20.7));
#9985 = CARTESIAN_POINT('',(22.244486372867,20.7));
#9986 = CARTESIAN_POINT('',(20.772243186434,18.15));
#9987 = CARTESIAN_POINT('',(19.3,15.6));
#9988 = CARTESIAN_POINT('',(17.827756813566,18.15));
#9989 = CARTESIAN_POINT('',(16.355513627133,20.7));
#9990 = CARTESIAN_POINT('',(19.3,20.7));
#9991 = ( GEOMETRIC_REPRESENTATION_CONTEXT(2) 
PARAMETRIC_REPRESENTATION_CONTEXT() REPRESENTATION_CONTEXT('2D SPACE',''
  ) );
#9992 = ORIENTED_EDGE('',*,*,#9873,.F.);
#9993 = ADVANCED_FACE('',(#9994),#9798,.F.);
#9994 = FACE_BOUND('',#9995,.F.);
#9995 = EDGE_LOOP('',(#9996,#9997,#10020,#10041));
#9996 = ORIENTED_EDGE('',*,*,#9782,.F.);
#9997 = ORIENTED_EDGE('',*,*,#9998,.T.);
#9998 = EDGE_CURVE('',#9750,#9999,#10001,.T.);
#9999 = VERTEX_POINT('',#10000);
#10000 = CARTESIAN_POINT('',(-76.3,-8.7,37.8));
#10001 = SURFACE_CURVE('',#10002,(#10006,#10013),.PCURVE_S1.);
#10002 = LINE('',#10003,#10004);
#10003 = CARTESIAN_POINT('',(-76.3,-8.7,42.8));
#10004 = VECTOR('',#10005,1.);
#10005 = DIRECTION('',(0.,-1.224646799147E-16,-1.));
#10006 = PCURVE('',#9798,#10007);
#10007 = DEFINITIONAL_REPRESENTATION('',(#10008),#10012);
#10008 = LINE('',#10009,#10010);
#10009 = CARTESIAN_POINT('',(0.,0.));
#10010 = VECTOR('',#10011,1.);
#10011 = DIRECTION('',(0.,-1.));
#10012 = ( GEOMETRIC_REPRESENTATION_CONTEXT(2) 
PARAMETRIC_REPRESENTATION_CONTEXT() REPRESENTATION_CONTEXT('2D SPACE',''
  ) );
#10013 = PCURVE('',#9770,#10014);
#10014 = DEFINITIONAL_REPRESENTATION('',(#10015),#10019);
#10015 = LINE('',#10016,#10017);
#10016 = CARTESIAN_POINT('',(3.14159265359,0.));
#10017 = VECTOR('',#10018,1.);
#10018 = DIRECTION('',(0.,-1.));
#10019 = ( GEOMETRIC_REPRESENTATION_CONTEXT(2) 
PARAMETRIC_REPRESENTATION_CONTEXT() REPRESENTATION_CONTEXT('2D SPACE',''
  ) );
#10020 = ORIENTED_EDGE('',*,*,#10021,.F.);
#10021 = EDGE_CURVE('',#9945,#9999,#10022,.T.);
#10022 = SURFACE_CURVE('',#10023,(#10027,#10034),.PCURVE_S1.);
#10023 = LINE('',#10024,#10025);
#10024 = CARTESIAN_POINT('',(-81.65,-8.7,37.8));
#10025 = VECTOR('',#10026,1.);
#10026 = DIRECTION('',(-1.,-0.,0.));
#10027 = PCURVE('',#9798,#10028);
#10028 = DEFINITIONAL_REPRESENTATION('',(#10029),#10033);
#10029 = LINE('',#10030,#10031);
#10030 = CARTESIAN_POINT('',(-5.35,-5.));
#10031 = VECTOR('',#10032,1.);
#10032 = DIRECTION('',(-1.,0.));
#10033 = ( GEOMETRIC_REPRESENTATION_CONTEXT(2) 
PARAMETRIC_REPRESENTATION_CONTEXT() REPRESENTATION_CONTEXT('2D SPACE',''
  ) );
#10034 = PCURVE('',#8177,#10035);
#10035 = DEFINITIONAL_REPRESENTATION('',(#10036),#10040);
#10036 = LINE('',#10037,#10038);
#10037 = CARTESIAN_POINT('',(5.35,20.7));
#10038 = VECTOR('',#10039,1.);
#10039 = DIRECTION('',(-1.,0.));
#10040 = ( GEOMETRIC_REPRESENTATION_CONTEXT(2) 
PARAMETRIC_REPRESENTATION_CONTEXT() REPRESENTATION_CONTEXT('2D SPACE',''
  ) );
#10041 = ORIENTED_EDGE('',*,*,#9944,.F.);
#10042 = ADVANCED_FACE('',(#10043),#9770,.F.);
#10043 = FACE_BOUND('',#10044,.F.);
#10044 = EDGE_LOOP('',(#10045,#10046,#10047,#10073));
#10045 = ORIENTED_EDGE('',*,*,#9747,.F.);
#10046 = ORIENTED_EDGE('',*,*,#9919,.T.);
#10047 = ORIENTED_EDGE('',*,*,#10048,.T.);
#10048 = EDGE_CURVE('',#9897,#9999,#10049,.T.);
#10049 = SURFACE_CURVE('',#10050,(#10055,#10062),.PCURVE_S1.);
#10050 = CIRCLE('',#10051,1.7);
#10051 = AXIS2_PLACEMENT_3D('',#10052,#10053,#10054);
#10052 = CARTESIAN_POINT('',(-76.3,-7.,37.8));
#10053 = DIRECTION('',(0.,1.224646799147E-16,1.));
#10054 = DIRECTION('',(5.224578939413E-16,1.,-1.224646799147E-16));
#10055 = PCURVE('',#9770,#10056);
#10056 = DEFINITIONAL_REPRESENTATION('',(#10057),#10061);
#10057 = LINE('',#10058,#10059);
#10058 = CARTESIAN_POINT('',(0.,-5.));
#10059 = VECTOR('',#10060,1.);
#10060 = DIRECTION('',(1.,0.));
#10061 = ( GEOMETRIC_REPRESENTATION_CONTEXT(2) 
PARAMETRIC_REPRESENTATION_CONTEXT() REPRESENTATION_CONTEXT('2D SPACE',''
  ) );
#10062 = PCURVE('',#8177,#10063);
#10063 = DEFINITIONAL_REPRESENTATION('',(#10064),#10072);
#10064 = ( BOUNDED_CURVE() B_SPLINE_CURVE(2,(#10065,#10066,#10067,#10068
    ,#10069,#10070,#10071),.UNSPECIFIED.,.T.,.F.) 
B_SPLINE_CURVE_WITH_KNOTS((1,2,2,2,2,1),(-2.094395102393,0.,
    2.094395102393,4.188790204786,6.28318530718,8.377580409573),
.UNSPECIFIED.) CURVE() GEOMETRIC_REPRESENTATION_ITEM() 
RATIONAL_B_SPLINE_CURVE((1.,0.5,1.,0.5,1.,0.5,1.)) REPRESENTATION_ITEM(
  '') );
#10065 = CARTESIAN_POINT('',(10.7,17.3));
#10066 = CARTESIAN_POINT('',(7.755513627133,17.3));
#10067 = CARTESIAN_POINT('',(9.227756813566,19.85));
#10068 = CARTESIAN_POINT('',(10.7,22.4));
#10069 = CARTESIAN_POINT('',(12.172243186434,19.85));
#10070 = CARTESIAN_POINT('',(13.644486372867,17.3));
#10071 = CARTESIAN_POINT('',(10.7,17.3));
#10072 = ( GEOMETRIC_REPRESENTATION_CONTEXT(2) 
PARAMETRIC_REPRESENTATION_CONTEXT() REPRESENTATION_CONTEXT('2D SPACE',''
  ) );
#10073 = ORIENTED_EDGE('',*,*,#9998,.F.);
#10074 = ADVANCED_FACE('',(#10075),#9733,.F.);
#10075 = FACE_BOUND('',#10076,.T.);
#10076 = EDGE_LOOP('',(#10077,#10078,#10101,#10127));
#10077 = ORIENTED_EDGE('',*,*,#9716,.F.);
#10078 = ORIENTED_EDGE('',*,*,#10079,.T.);
#10079 = EDGE_CURVE('',#9717,#10080,#10082,.T.);
#10080 = VERTEX_POINT('',#10081);
#10081 = CARTESIAN_POINT('',(-67.,-1.469576158977E-15,37.8));
#10082 = SEAM_CURVE('',#10083,(#10087,#10094),.PCURVE_S1.);
#10083 = LINE('',#10084,#10085);
#10084 = CARTESIAN_POINT('',(-67.,-8.572527594031E-16,42.8));
#10085 = VECTOR('',#10086,1.);
#10086 = DIRECTION('',(0.,-1.224646799147E-16,-1.));
#10087 = PCURVE('',#9733,#10088);
#10088 = DEFINITIONAL_REPRESENTATION('',(#10089),#10093);
#10089 = LINE('',#10090,#10091);
#10090 = CARTESIAN_POINT('',(-6.28318530718,0.));
#10091 = VECTOR('',#10092,1.);
#10092 = DIRECTION('',(-0.,-1.));
#10093 = ( GEOMETRIC_REPRESENTATION_CONTEXT(2) 
PARAMETRIC_REPRESENTATION_CONTEXT() REPRESENTATION_CONTEXT('2D SPACE',''
  ) );
#10094 = PCURVE('',#9733,#10095);
#10095 = DEFINITIONAL_REPRESENTATION('',(#10096),#10100);
#10096 = LINE('',#10097,#10098);
#10097 = CARTESIAN_POINT('',(-0.,0.));
#10098 = VECTOR('',#10099,1.);
#10099 = DIRECTION('',(-0.,-1.));
#10100 = ( GEOMETRIC_REPRESENTATION_CONTEXT(2) 
PARAMETRIC_REPRESENTATION_CONTEXT() REPRESENTATION_CONTEXT('2D SPACE',''
  ) );
#10101 = ORIENTED_EDGE('',*,*,#10102,.F.);
#10102 = EDGE_CURVE('',#10080,#10080,#10103,.T.);
#10103 = SURFACE_CURVE('',#10104,(#10109,#10116),.PCURVE_S1.);
#10104 = CIRCLE('',#10105,5.);
#10105 = AXIS2_PLACEMENT_3D('',#10106,#10107,#10108);
#10106 = CARTESIAN_POINT('',(-72.,-1.469576158977E-15,37.8));
#10107 = DIRECTION('',(-0.,1.224646799147E-16,1.));
#10108 = DIRECTION('',(1.,0.,0.));
#10109 = PCURVE('',#9733,#10110);
#10110 = DEFINITIONAL_REPRESENTATION('',(#10111),#10115);
#10111 = LINE('',#10112,#10113);
#10112 = CARTESIAN_POINT('',(-6.28318530718,-5.));
#10113 = VECTOR('',#10114,1.);
#10114 = DIRECTION('',(1.,-0.));
#10115 = ( GEOMETRIC_REPRESENTATION_CONTEXT(2) 
PARAMETRIC_REPRESENTATION_CONTEXT() REPRESENTATION_CONTEXT('2D SPACE',''
  ) );
#10116 = PCURVE('',#8177,#10117);
#10117 = DEFINITIONAL_REPRESENTATION('',(#10118),#10126);
#10118 = ( BOUNDED_CURVE() B_SPLINE_CURVE(2,(#10119,#10120,#10121,#10122
    ,#10123,#10124,#10125),.UNSPECIFIED.,.T.,.F.) 
B_SPLINE_CURVE_WITH_KNOTS((1,2,2,2,2,1),(-2.094395102393,0.,
    2.094395102393,4.188790204786,6.28318530718,8.377580409573),
.UNSPECIFIED.) CURVE() GEOMETRIC_REPRESENTATION_ITEM() 
RATIONAL_B_SPLINE_CURVE((1.,0.5,1.,0.5,1.,0.5,1.)) REPRESENTATION_ITEM(
  '') );
#10119 = CARTESIAN_POINT('',(20.,12.));
#10120 = CARTESIAN_POINT('',(20.,3.339745962156));
#10121 = CARTESIAN_POINT('',(12.5,7.669872981078));
#10122 = CARTESIAN_POINT('',(5.,12.));
#10123 = CARTESIAN_POINT('',(12.5,16.330127018922));
#10124 = CARTESIAN_POINT('',(20.,20.660254037844));
#10125 = CARTESIAN_POINT('',(20.,12.));
#10126 = ( GEOMETRIC_REPRESENTATION_CONTEXT(2) 
PARAMETRIC_REPRESENTATION_CONTEXT() REPRESENTATION_CONTEXT('2D SPACE',''
  ) );
#10127 = ORIENTED_EDGE('',*,*,#10079,.F.);
#10128 = ADVANCED_FACE('',(#10129),#9702,.F.);
#10129 = FACE_BOUND('',#10130,.F.);
#10130 = EDGE_LOOP('',(#10131,#10132,#10155,#10178));
#10131 = ORIENTED_EDGE('',*,*,#9688,.F.);
#10132 = ORIENTED_EDGE('',*,*,#10133,.T.);
#10133 = EDGE_CURVE('',#9656,#10134,#10136,.T.);
#10134 = VERTEX_POINT('',#10135);
#10135 = CARTESIAN_POINT('',(-67.7,8.7,37.8));
#10136 = SURFACE_CURVE('',#10137,(#10141,#10148),.PCURVE_S1.);
#10137 = LINE('',#10138,#10139);
#10138 = CARTESIAN_POINT('',(-67.7,8.7,42.8));
#10139 = VECTOR('',#10140,1.);
#10140 = DIRECTION('',(0.,-1.224646799147E-16,-1.));
#10141 = PCURVE('',#9702,#10142);
#10142 = DEFINITIONAL_REPRESENTATION('',(#10143),#10147);
#10143 = LINE('',#10144,#10145);
#10144 = CARTESIAN_POINT('',(0.,0.));
#10145 = VECTOR('',#10146,1.);
#10146 = DIRECTION('',(0.,-1.));
#10147 = ( GEOMETRIC_REPRESENTATION_CONTEXT(2) 
PARAMETRIC_REPRESENTATION_CONTEXT() REPRESENTATION_CONTEXT('2D SPACE',''
  ) );
#10148 = PCURVE('',#9676,#10149);
#10149 = DEFINITIONAL_REPRESENTATION('',(#10150),#10154);
#10150 = LINE('',#10151,#10152);
#10151 = CARTESIAN_POINT('',(3.14159265359,0.));
#10152 = VECTOR('',#10153,1.);
#10153 = DIRECTION('',(0.,-1.));
#10154 = ( GEOMETRIC_REPRESENTATION_CONTEXT(2) 
PARAMETRIC_REPRESENTATION_CONTEXT() REPRESENTATION_CONTEXT('2D SPACE',''
  ) );
#10155 = ORIENTED_EDGE('',*,*,#10156,.F.);
#10156 = EDGE_CURVE('',#10157,#10134,#10159,.T.);
#10157 = VERTEX_POINT('',#10158);
#10158 = CARTESIAN_POINT('',(-76.3,8.7,37.8));
#10159 = SURFACE_CURVE('',#10160,(#10164,#10171),.PCURVE_S1.);
#10160 = LINE('',#10161,#10162);
#10161 = CARTESIAN_POINT('',(-77.35,8.7,37.8));
#10162 = VECTOR('',#10163,1.);
#10163 = DIRECTION('',(1.,0.,0.));
#10164 = PCURVE('',#9702,#10165);
#10165 = DEFINITIONAL_REPRESENTATION('',(#10166),#10170);
#10166 = LINE('',#10167,#10168);
#10167 = CARTESIAN_POINT('',(9.65,-5.));
#10168 = VECTOR('',#10169,1.);
#10169 = DIRECTION('',(-1.,0.));
#10170 = ( GEOMETRIC_REPRESENTATION_CONTEXT(2) 
PARAMETRIC_REPRESENTATION_CONTEXT() REPRESENTATION_CONTEXT('2D SPACE',''
  ) );
#10171 = PCURVE('',#8177,#10172);
#10172 = DEFINITIONAL_REPRESENTATION('',(#10173),#10177);
#10173 = LINE('',#10174,#10175);
#10174 = CARTESIAN_POINT('',(9.65,3.3));
#10175 = VECTOR('',#10176,1.);
#10176 = DIRECTION('',(1.,0.));
#10177 = ( GEOMETRIC_REPRESENTATION_CONTEXT(2) 
PARAMETRIC_REPRESENTATION_CONTEXT() REPRESENTATION_CONTEXT('2D SPACE',''
  ) );
#10178 = ORIENTED_EDGE('',*,*,#10179,.F.);
#10179 = EDGE_CURVE('',#9593,#10157,#10180,.T.);
#10180 = SURFACE_CURVE('',#10181,(#10185,#10192),.PCURVE_S1.);
#10181 = LINE('',#10182,#10183);
#10182 = CARTESIAN_POINT('',(-76.3,8.7,42.8));
#10183 = VECTOR('',#10184,1.);
#10184 = DIRECTION('',(0.,-1.224646799147E-16,-1.));
#10185 = PCURVE('',#9702,#10186);
#10186 = DEFINITIONAL_REPRESENTATION('',(#10187),#10191);
#10187 = LINE('',#10188,#10189);
#10188 = CARTESIAN_POINT('',(8.6,0.));
#10189 = VECTOR('',#10190,1.);
#10190 = DIRECTION('',(0.,-1.));
#10191 = ( GEOMETRIC_REPRESENTATION_CONTEXT(2) 
PARAMETRIC_REPRESENTATION_CONTEXT() REPRESENTATION_CONTEXT('2D SPACE',''
  ) );
#10192 = PCURVE('',#9615,#10193);
#10193 = DEFINITIONAL_REPRESENTATION('',(#10194),#10198);
#10194 = LINE('',#10195,#10196);
#10195 = CARTESIAN_POINT('',(0.,0.));
#10196 = VECTOR('',#10197,1.);
#10197 = DIRECTION('',(0.,-1.));
#10198 = ( GEOMETRIC_REPRESENTATION_CONTEXT(2) 
PARAMETRIC_REPRESENTATION_CONTEXT() REPRESENTATION_CONTEXT('2D SPACE',''
  ) );
#10199 = ADVANCED_FACE('',(#10200),#9676,.F.);
#10200 = FACE_BOUND('',#10201,.F.);
#10201 = EDGE_LOOP('',(#10202,#10203,#10226,#10252));
#10202 = ORIENTED_EDGE('',*,*,#9655,.F.);
#10203 = ORIENTED_EDGE('',*,*,#10204,.T.);
#10204 = EDGE_CURVE('',#9628,#10205,#10207,.T.);
#10205 = VERTEX_POINT('',#10206);
#10206 = CARTESIAN_POINT('',(-67.7,5.3,37.8));
#10207 = SURFACE_CURVE('',#10208,(#10212,#10219),.PCURVE_S1.);
#10208 = LINE('',#10209,#10210);
#10209 = CARTESIAN_POINT('',(-67.7,5.3,42.8));
#10210 = VECTOR('',#10211,1.);
#10211 = DIRECTION('',(0.,-1.224646799147E-16,-1.));
#10212 = PCURVE('',#9676,#10213);
#10213 = DEFINITIONAL_REPRESENTATION('',(#10214),#10218);
#10214 = LINE('',#10215,#10216);
#10215 = CARTESIAN_POINT('',(0.,0.));
#10216 = VECTOR('',#10217,1.);
#10217 = DIRECTION('',(0.,-1.));
#10218 = ( GEOMETRIC_REPRESENTATION_CONTEXT(2) 
PARAMETRIC_REPRESENTATION_CONTEXT() REPRESENTATION_CONTEXT('2D SPACE',''
  ) );
#10219 = PCURVE('',#9643,#10220);
#10220 = DEFINITIONAL_REPRESENTATION('',(#10221),#10225);
#10221 = LINE('',#10222,#10223);
#10222 = CARTESIAN_POINT('',(8.6,0.));
#10223 = VECTOR('',#10224,1.);
#10224 = DIRECTION('',(0.,-1.));
#10225 = ( GEOMETRIC_REPRESENTATION_CONTEXT(2) 
PARAMETRIC_REPRESENTATION_CONTEXT() REPRESENTATION_CONTEXT('2D SPACE',''
  ) );
#10226 = ORIENTED_EDGE('',*,*,#10227,.T.);
#10227 = EDGE_CURVE('',#10205,#10134,#10228,.T.);
#10228 = SURFACE_CURVE('',#10229,(#10234,#10241),.PCURVE_S1.);
#10229 = CIRCLE('',#10230,1.7);
#10230 = AXIS2_PLACEMENT_3D('',#10231,#10232,#10233);
#10231 = CARTESIAN_POINT('',(-67.7,7.,37.8));
#10232 = DIRECTION('',(0.,1.224646799147E-16,1.));
#10233 = DIRECTION('',(-5.224578939413E-16,-1.,1.224646799147E-16));
#10234 = PCURVE('',#9676,#10235);
#10235 = DEFINITIONAL_REPRESENTATION('',(#10236),#10240);
#10236 = LINE('',#10237,#10238);
#10237 = CARTESIAN_POINT('',(0.,-5.));
#10238 = VECTOR('',#10239,1.);
#10239 = DIRECTION('',(1.,0.));
#10240 = ( GEOMETRIC_REPRESENTATION_CONTEXT(2) 
PARAMETRIC_REPRESENTATION_CONTEXT() REPRESENTATION_CONTEXT('2D SPACE',''
  ) );
#10241 = PCURVE('',#8177,#10242);
#10242 = DEFINITIONAL_REPRESENTATION('',(#10243),#10251);
#10243 = ( BOUNDED_CURVE() B_SPLINE_CURVE(2,(#10244,#10245,#10246,#10247
    ,#10248,#10249,#10250),.UNSPECIFIED.,.T.,.F.) 
B_SPLINE_CURVE_WITH_KNOTS((1,2,2,2,2,1),(-2.094395102393,0.,
    2.094395102393,4.188790204786,6.28318530718,8.377580409573),
.UNSPECIFIED.) CURVE() GEOMETRIC_REPRESENTATION_ITEM() 
RATIONAL_B_SPLINE_CURVE((1.,0.5,1.,0.5,1.,0.5,1.)) REPRESENTATION_ITEM(
  '') );
#10244 = CARTESIAN_POINT('',(19.3,6.7));
#10245 = CARTESIAN_POINT('',(22.244486372867,6.7));
#10246 = CARTESIAN_POINT('',(20.772243186434,4.15));
#10247 = CARTESIAN_POINT('',(19.3,1.6));
#10248 = CARTESIAN_POINT('',(17.827756813566,4.15));
#10249 = CARTESIAN_POINT('',(16.355513627133,6.7));
#10250 = CARTESIAN_POINT('',(19.3,6.7));
#10251 = ( GEOMETRIC_REPRESENTATION_CONTEXT(2) 
PARAMETRIC_REPRESENTATION_CONTEXT() REPRESENTATION_CONTEXT('2D SPACE',''
  ) );
#10252 = ORIENTED_EDGE('',*,*,#10133,.F.);
#10253 = ADVANCED_FACE('',(#10254),#9643,.F.);
#10254 = FACE_BOUND('',#10255,.F.);
#10255 = EDGE_LOOP('',(#10256,#10257,#10280,#10301));
#10256 = ORIENTED_EDGE('',*,*,#9627,.F.);
#10257 = ORIENTED_EDGE('',*,*,#10258,.T.);
#10258 = EDGE_CURVE('',#9595,#10259,#10261,.T.);
#10259 = VERTEX_POINT('',#10260);
#10260 = CARTESIAN_POINT('',(-76.3,5.3,37.8));
#10261 = SURFACE_CURVE('',#10262,(#10266,#10273),.PCURVE_S1.);
#10262 = LINE('',#10263,#10264);
#10263 = CARTESIAN_POINT('',(-76.3,5.3,42.8));
#10264 = VECTOR('',#10265,1.);
#10265 = DIRECTION('',(0.,-1.224646799147E-16,-1.));
#10266 = PCURVE('',#9643,#10267);
#10267 = DEFINITIONAL_REPRESENTATION('',(#10268),#10272);
#10268 = LINE('',#10269,#10270);
#10269 = CARTESIAN_POINT('',(0.,0.));
#10270 = VECTOR('',#10271,1.);
#10271 = DIRECTION('',(0.,-1.));
#10272 = ( GEOMETRIC_REPRESENTATION_CONTEXT(2) 
PARAMETRIC_REPRESENTATION_CONTEXT() REPRESENTATION_CONTEXT('2D SPACE',''
  ) );
#10273 = PCURVE('',#9615,#10274);
#10274 = DEFINITIONAL_REPRESENTATION('',(#10275),#10279);
#10275 = LINE('',#10276,#10277);
#10276 = CARTESIAN_POINT('',(3.14159265359,0.));
#10277 = VECTOR('',#10278,1.);
#10278 = DIRECTION('',(0.,-1.));
#10279 = ( GEOMETRIC_REPRESENTATION_CONTEXT(2) 
PARAMETRIC_REPRESENTATION_CONTEXT() REPRESENTATION_CONTEXT('2D SPACE',''
  ) );
#10280 = ORIENTED_EDGE('',*,*,#10281,.F.);
#10281 = EDGE_CURVE('',#10205,#10259,#10282,.T.);
#10282 = SURFACE_CURVE('',#10283,(#10287,#10294),.PCURVE_S1.);
#10283 = LINE('',#10284,#10285);
#10284 = CARTESIAN_POINT('',(-81.65,5.3,37.8));
#10285 = VECTOR('',#10286,1.);
#10286 = DIRECTION('',(-1.,-0.,0.));
#10287 = PCURVE('',#9643,#10288);
#10288 = DEFINITIONAL_REPRESENTATION('',(#10289),#10293);
#10289 = LINE('',#10290,#10291);
#10290 = CARTESIAN_POINT('',(-5.35,-5.));
#10291 = VECTOR('',#10292,1.);
#10292 = DIRECTION('',(-1.,0.));
#10293 = ( GEOMETRIC_REPRESENTATION_CONTEXT(2) 
PARAMETRIC_REPRESENTATION_CONTEXT() REPRESENTATION_CONTEXT('2D SPACE',''
  ) );
#10294 = PCURVE('',#8177,#10295);
#10295 = DEFINITIONAL_REPRESENTATION('',(#10296),#10300);
#10296 = LINE('',#10297,#10298);
#10297 = CARTESIAN_POINT('',(5.35,6.7));
#10298 = VECTOR('',#10299,1.);
#10299 = DIRECTION('',(-1.,0.));
#10300 = ( GEOMETRIC_REPRESENTATION_CONTEXT(2) 
PARAMETRIC_REPRESENTATION_CONTEXT() REPRESENTATION_CONTEXT('2D SPACE',''
  ) );
#10301 = ORIENTED_EDGE('',*,*,#10204,.F.);
#10302 = ADVANCED_FACE('',(#10303),#9615,.F.);
#10303 = FACE_BOUND('',#10304,.F.);
#10304 = EDGE_LOOP('',(#10305,#10306,#10307,#10333));
#10305 = ORIENTED_EDGE('',*,*,#9592,.F.);
#10306 = ORIENTED_EDGE('',*,*,#10179,.T.);
#10307 = ORIENTED_EDGE('',*,*,#10308,.T.);
#10308 = EDGE_CURVE('',#10157,#10259,#10309,.T.);
#10309 = SURFACE_CURVE('',#10310,(#10315,#10322),.PCURVE_S1.);
#10310 = CIRCLE('',#10311,1.7);
#10311 = AXIS2_PLACEMENT_3D('',#10312,#10313,#10314);
#10312 = CARTESIAN_POINT('',(-76.3,7.,37.8));
#10313 = DIRECTION('',(0.,1.224646799147E-16,1.));
#10314 = DIRECTION('',(5.224578939413E-16,1.,-1.224646799147E-16));
#10315 = PCURVE('',#9615,#10316);
#10316 = DEFINITIONAL_REPRESENTATION('',(#10317),#10321);
#10317 = LINE('',#10318,#10319);
#10318 = CARTESIAN_POINT('',(0.,-5.));
#10319 = VECTOR('',#10320,1.);
#10320 = DIRECTION('',(1.,0.));
#10321 = ( GEOMETRIC_REPRESENTATION_CONTEXT(2) 
PARAMETRIC_REPRESENTATION_CONTEXT() REPRESENTATION_CONTEXT('2D SPACE',''
  ) );
#10322 = PCURVE('',#8177,#10323);
#10323 = DEFINITIONAL_REPRESENTATION('',(#10324),#10332);
#10324 = ( BOUNDED_CURVE() B_SPLINE_CURVE(2,(#10325,#10326,#10327,#10328
    ,#10329,#10330,#10331),.UNSPECIFIED.,.T.,.F.) 
B_SPLINE_CURVE_WITH_KNOTS((1,2,2,2,2,1),(-2.094395102393,0.,
    2.094395102393,4.188790204786,6.28318530718,8.377580409573),
.UNSPECIFIED.) CURVE() GEOMETRIC_REPRESENTATION_ITEM() 
RATIONAL_B_SPLINE_CURVE((1.,0.5,1.,0.5,1.,0.5,1.)) REPRESENTATION_ITEM(
  '') );
#10325 = CARTESIAN_POINT('',(10.7,3.3));
#10326 = CARTESIAN_POINT('',(7.755513627133,3.3));
#10327 = CARTESIAN_POINT('',(9.227756813566,5.85));
#10328 = CARTESIAN_POINT('',(10.7,8.4));
#10329 = CARTESIAN_POINT('',(12.172243186434,5.85));
#10330 = CARTESIAN_POINT('',(13.644486372867,3.3));
#10331 = CARTESIAN_POINT('',(10.7,3.3));
#10332 = ( GEOMETRIC_REPRESENTATION_CONTEXT(2) 
PARAMETRIC_REPRESENTATION_CONTEXT() REPRESENTATION_CONTEXT('2D SPACE',''
  ) );
#10333 = ORIENTED_EDGE('',*,*,#10258,.F.);
#10334 = ADVANCED_FACE('',(#10335),#9529,.F.);
#10335 = FACE_BOUND('',#10336,.F.);
#10336 = EDGE_LOOP('',(#10337,#10338,#10361,#10384));
#10337 = ORIENTED_EDGE('',*,*,#9513,.F.);
#10338 = ORIENTED_EDGE('',*,*,#10339,.F.);
#10339 = EDGE_CURVE('',#10340,#9485,#10342,.T.);
#10340 = VERTEX_POINT('',#10341);
#10341 = CARTESIAN_POINT('',(-62.99999999999,12.,37.8));
#10342 = SURFACE_CURVE('',#10343,(#10347,#10354),.PCURVE_S1.);
#10343 = LINE('',#10344,#10345);
#10344 = CARTESIAN_POINT('',(-63.,12.,42.8));
#10345 = VECTOR('',#10346,1.);
#10346 = DIRECTION('',(-0.,1.224646799147E-16,1.));
#10347 = PCURVE('',#9529,#10348);
#10348 = DEFINITIONAL_REPRESENTATION('',(#10349),#10353);
#10349 = LINE('',#10350,#10351);
#10350 = CARTESIAN_POINT('',(0.,24.));
#10351 = VECTOR('',#10352,1.);
#10352 = DIRECTION('',(-1.,0.));
#10353 = ( GEOMETRIC_REPRESENTATION_CONTEXT(2) 
PARAMETRIC_REPRESENTATION_CONTEXT() REPRESENTATION_CONTEXT('2D SPACE',''
  ) );
#10354 = PCURVE('',#9501,#10355);
#10355 = DEFINITIONAL_REPRESENTATION('',(#10356),#10360);
#10356 = LINE('',#10357,#10358);
#10357 = CARTESIAN_POINT('',(-5.355890089178,0.));
#10358 = VECTOR('',#10359,1.);
#10359 = DIRECTION('',(-0.,1.));
#10360 = ( GEOMETRIC_REPRESENTATION_CONTEXT(2) 
PARAMETRIC_REPRESENTATION_CONTEXT() REPRESENTATION_CONTEXT('2D SPACE',''
  ) );
#10361 = ORIENTED_EDGE('',*,*,#10362,.T.);
#10362 = EDGE_CURVE('',#10340,#10363,#10365,.T.);
#10363 = VERTEX_POINT('',#10364);
#10364 = CARTESIAN_POINT('',(-52.53570214625,12.,37.8));
#10365 = SURFACE_CURVE('',#10366,(#10370,#10377),.PCURVE_S1.);
#10366 = LINE('',#10367,#10368);
#10367 = CARTESIAN_POINT('',(-87.,12.,37.8));
#10368 = VECTOR('',#10369,1.);
#10369 = DIRECTION('',(1.,0.,0.));
#10370 = PCURVE('',#9529,#10371);
#10371 = DEFINITIONAL_REPRESENTATION('',(#10372),#10376);
#10372 = LINE('',#10373,#10374);
#10373 = CARTESIAN_POINT('',(5.,0.));
#10374 = VECTOR('',#10375,1.);
#10375 = DIRECTION('',(0.,1.));
#10376 = ( GEOMETRIC_REPRESENTATION_CONTEXT(2) 
PARAMETRIC_REPRESENTATION_CONTEXT() REPRESENTATION_CONTEXT('2D SPACE',''
  ) );
#10377 = PCURVE('',#8177,#10378);
#10378 = DEFINITIONAL_REPRESENTATION('',(#10379),#10383);
#10379 = LINE('',#10380,#10381);
#10380 = CARTESIAN_POINT('',(0.,0.));
#10381 = VECTOR('',#10382,1.);
#10382 = DIRECTION('',(1.,0.));
#10383 = ( GEOMETRIC_REPRESENTATION_CONTEXT(2) 
PARAMETRIC_REPRESENTATION_CONTEXT() REPRESENTATION_CONTEXT('2D SPACE',''
  ) );
#10384 = ORIENTED_EDGE('',*,*,#10385,.T.);
#10385 = EDGE_CURVE('',#10363,#9514,#10386,.T.);
#10386 = SURFACE_CURVE('',#10387,(#10391,#10398),.PCURVE_S1.);
#10387 = LINE('',#10388,#10389);
#10388 = CARTESIAN_POINT('',(-52.53570214625,12.,37.8));
#10389 = VECTOR('',#10390,1.);
#10390 = DIRECTION('',(-0.,1.224646799147E-16,1.));
#10391 = PCURVE('',#9529,#10392);
#10392 = DEFINITIONAL_REPRESENTATION('',(#10393),#10397);
#10393 = LINE('',#10394,#10395);
#10394 = CARTESIAN_POINT('',(5.,34.464297853745));
#10395 = VECTOR('',#10396,1.);
#10396 = DIRECTION('',(-1.,0.));
#10397 = ( GEOMETRIC_REPRESENTATION_CONTEXT(2) 
PARAMETRIC_REPRESENTATION_CONTEXT() REPRESENTATION_CONTEXT('2D SPACE',''
  ) );
#10398 = PCURVE('',#8148,#10399);
#10399 = DEFINITIONAL_REPRESENTATION('',(#10400),#10404);
#10400 = LINE('',#10401,#10402);
#10401 = CARTESIAN_POINT('',(-1.301498075726,0.));
#10402 = VECTOR('',#10403,1.);
#10403 = DIRECTION('',(-0.,1.));
#10404 = ( GEOMETRIC_REPRESENTATION_CONTEXT(2) 
PARAMETRIC_REPRESENTATION_CONTEXT() REPRESENTATION_CONTEXT('2D SPACE',''
  ) );
#10405 = ADVANCED_FACE('',(#10406),#9501,.T.);
#10406 = FACE_BOUND('',#10407,.F.);
#10407 = EDGE_LOOP('',(#10408,#10409,#10410,#10433));
#10408 = ORIENTED_EDGE('',*,*,#10339,.T.);
#10409 = ORIENTED_EDGE('',*,*,#9484,.F.);
#10410 = ORIENTED_EDGE('',*,*,#10411,.F.);
#10411 = EDGE_CURVE('',#10412,#9457,#10414,.T.);
#10412 = VERTEX_POINT('',#10413);
#10413 = CARTESIAN_POINT('',(-81.,12.,37.8));
#10414 = SURFACE_CURVE('',#10415,(#10419,#10426),.PCURVE_S1.);
#10415 = LINE('',#10416,#10417);
#10416 = CARTESIAN_POINT('',(-81.,12.,42.8));
#10417 = VECTOR('',#10418,1.);
#10418 = DIRECTION('',(-0.,1.224646799147E-16,1.));
#10419 = PCURVE('',#9501,#10420);
#10420 = DEFINITIONAL_REPRESENTATION('',(#10421),#10425);
#10421 = LINE('',#10422,#10423);
#10422 = CARTESIAN_POINT('',(-4.068887871591,0.));
#10423 = VECTOR('',#10424,1.);
#10424 = DIRECTION('',(-0.,1.));
#10425 = ( GEOMETRIC_REPRESENTATION_CONTEXT(2) 
PARAMETRIC_REPRESENTATION_CONTEXT() REPRESENTATION_CONTEXT('2D SPACE',''
  ) );
#10426 = PCURVE('',#9472,#10427);
#10427 = DEFINITIONAL_REPRESENTATION('',(#10428),#10432);
#10428 = LINE('',#10429,#10430);
#10429 = CARTESIAN_POINT('',(0.,6.));
#10430 = VECTOR('',#10431,1.);
#10431 = DIRECTION('',(-1.,0.));
#10432 = ( GEOMETRIC_REPRESENTATION_CONTEXT(2) 
PARAMETRIC_REPRESENTATION_CONTEXT() REPRESENTATION_CONTEXT('2D SPACE',''
  ) );
#10433 = ORIENTED_EDGE('',*,*,#10434,.T.);
#10434 = EDGE_CURVE('',#10412,#10340,#10435,.T.);
#10435 = SURFACE_CURVE('',#10436,(#10441,#10448),.PCURVE_S1.);
#10436 = CIRCLE('',#10437,15.);
#10437 = AXIS2_PLACEMENT_3D('',#10438,#10439,#10440);
#10438 = CARTESIAN_POINT('',(-72.,-1.469576158977E-15,37.8));
#10439 = DIRECTION('',(0.,-1.224646799147E-16,-1.));
#10440 = DIRECTION('',(1.,0.,0.));
#10441 = PCURVE('',#9501,#10442);
#10442 = DEFINITIONAL_REPRESENTATION('',(#10443),#10447);
#10443 = LINE('',#10444,#10445);
#10444 = CARTESIAN_POINT('',(-0.,-5.));
#10445 = VECTOR('',#10446,1.);
#10446 = DIRECTION('',(-1.,0.));
#10447 = ( GEOMETRIC_REPRESENTATION_CONTEXT(2) 
PARAMETRIC_REPRESENTATION_CONTEXT() REPRESENTATION_CONTEXT('2D SPACE',''
  ) );
#10448 = PCURVE('',#8177,#10449);
#10449 = DEFINITIONAL_REPRESENTATION('',(#10450),#10454);
#10450 = CIRCLE('',#10451,15.);
#10451 = AXIS2_PLACEMENT_2D('',#10452,#10453);
#10452 = CARTESIAN_POINT('',(15.,12.));
#10453 = DIRECTION('',(1.,0.));
#10454 = ( GEOMETRIC_REPRESENTATION_CONTEXT(2) 
PARAMETRIC_REPRESENTATION_CONTEXT() REPRESENTATION_CONTEXT('2D SPACE',''
  ) );
#10455 = ADVANCED_FACE('',(#10456),#9472,.F.);
#10456 = FACE_BOUND('',#10457,.F.);
#10457 = EDGE_LOOP('',(#10458,#10459,#10482,#10503));
#10458 = ORIENTED_EDGE('',*,*,#9456,.F.);
#10459 = ORIENTED_EDGE('',*,*,#10460,.T.);
#10460 = EDGE_CURVE('',#9429,#10461,#10463,.T.);
#10461 = VERTEX_POINT('',#10462);
#10462 = CARTESIAN_POINT('',(-87.,12.,37.8));
#10463 = SURFACE_CURVE('',#10464,(#10468,#10475),.PCURVE_S1.);
#10464 = LINE('',#10465,#10466);
#10465 = CARTESIAN_POINT('',(-87.,12.,42.8));
#10466 = VECTOR('',#10467,1.);
#10467 = DIRECTION('',(0.,-1.224646799147E-16,-1.));
#10468 = PCURVE('',#9472,#10469);
#10469 = DEFINITIONAL_REPRESENTATION('',(#10470),#10474);
#10470 = LINE('',#10471,#10472);
#10471 = CARTESIAN_POINT('',(0.,0.));
#10472 = VECTOR('',#10473,1.);
#10473 = DIRECTION('',(1.,0.));
#10474 = ( GEOMETRIC_REPRESENTATION_CONTEXT(2) 
PARAMETRIC_REPRESENTATION_CONTEXT() REPRESENTATION_CONTEXT('2D SPACE',''
  ) );
#10475 = PCURVE('',#9444,#10476);
#10476 = DEFINITIONAL_REPRESENTATION('',(#10477),#10481);
#10477 = LINE('',#10478,#10479);
#10478 = CARTESIAN_POINT('',(0.,0.));
#10479 = VECTOR('',#10480,1.);
#10480 = DIRECTION('',(1.,0.));
#10481 = ( GEOMETRIC_REPRESENTATION_CONTEXT(2) 
PARAMETRIC_REPRESENTATION_CONTEXT() REPRESENTATION_CONTEXT('2D SPACE',''
  ) );
#10482 = ORIENTED_EDGE('',*,*,#10483,.T.);
#10483 = EDGE_CURVE('',#10461,#10412,#10484,.T.);
#10484 = SURFACE_CURVE('',#10485,(#10489,#10496),.PCURVE_S1.);
#10485 = LINE('',#10486,#10487);
#10486 = CARTESIAN_POINT('',(-87.,12.,37.8));
#10487 = VECTOR('',#10488,1.);
#10488 = DIRECTION('',(1.,0.,0.));
#10489 = PCURVE('',#9472,#10490);
#10490 = DEFINITIONAL_REPRESENTATION('',(#10491),#10495);
#10491 = LINE('',#10492,#10493);
#10492 = CARTESIAN_POINT('',(5.,0.));
#10493 = VECTOR('',#10494,1.);
#10494 = DIRECTION('',(0.,1.));
#10495 = ( GEOMETRIC_REPRESENTATION_CONTEXT(2) 
PARAMETRIC_REPRESENTATION_CONTEXT() REPRESENTATION_CONTEXT('2D SPACE',''
  ) );
#10496 = PCURVE('',#8177,#10497);
#10497 = DEFINITIONAL_REPRESENTATION('',(#10498),#10502);
#10498 = LINE('',#10499,#10500);
#10499 = CARTESIAN_POINT('',(0.,0.));
#10500 = VECTOR('',#10501,1.);
#10501 = DIRECTION('',(1.,0.));
#10502 = ( GEOMETRIC_REPRESENTATION_CONTEXT(2) 
PARAMETRIC_REPRESENTATION_CONTEXT() REPRESENTATION_CONTEXT('2D SPACE',''
  ) );
#10503 = ORIENTED_EDGE('',*,*,#10411,.T.);
#10504 = ADVANCED_FACE('',(#10505),#9444,.F.);
#10505 = FACE_BOUND('',#10506,.F.);
#10506 = EDGE_LOOP('',(#10507,#10508,#10509,#10532));
#10507 = ORIENTED_EDGE('',*,*,#10460,.F.);
#10508 = ORIENTED_EDGE('',*,*,#9428,.T.);
#10509 = ORIENTED_EDGE('',*,*,#10510,.T.);
#10510 = EDGE_CURVE('',#9401,#10511,#10513,.T.);
#10511 = VERTEX_POINT('',#10512);
#10512 = CARTESIAN_POINT('',(-87.,-12.,37.8));
#10513 = SURFACE_CURVE('',#10514,(#10518,#10525),.PCURVE_S1.);
#10514 = LINE('',#10515,#10516);
#10515 = CARTESIAN_POINT('',(-87.,-12.,42.8));
#10516 = VECTOR('',#10517,1.);
#10517 = DIRECTION('',(0.,-1.224646799147E-16,-1.));
#10518 = PCURVE('',#9444,#10519);
#10519 = DEFINITIONAL_REPRESENTATION('',(#10520),#10524);
#10520 = LINE('',#10521,#10522);
#10521 = CARTESIAN_POINT('',(2.939152317954E-15,-24.));
#10522 = VECTOR('',#10523,1.);
#10523 = DIRECTION('',(1.,0.));
#10524 = ( GEOMETRIC_REPRESENTATION_CONTEXT(2) 
PARAMETRIC_REPRESENTATION_CONTEXT() REPRESENTATION_CONTEXT('2D SPACE',''
  ) );
#10525 = PCURVE('',#9416,#10526);
#10526 = DEFINITIONAL_REPRESENTATION('',(#10527),#10531);
#10527 = LINE('',#10528,#10529);
#10528 = CARTESIAN_POINT('',(0.,0.));
#10529 = VECTOR('',#10530,1.);
#10530 = DIRECTION('',(1.,0.));
#10531 = ( GEOMETRIC_REPRESENTATION_CONTEXT(2) 
PARAMETRIC_REPRESENTATION_CONTEXT() REPRESENTATION_CONTEXT('2D SPACE',''
  ) );
#10532 = ORIENTED_EDGE('',*,*,#10533,.T.);
#10533 = EDGE_CURVE('',#10511,#10461,#10534,.T.);
#10534 = SURFACE_CURVE('',#10535,(#10539,#10546),.PCURVE_S1.);
#10535 = LINE('',#10536,#10537);
#10536 = CARTESIAN_POINT('',(-87.,-12.,37.8));
#10537 = VECTOR('',#10538,1.);
#10538 = DIRECTION('',(0.,1.,-1.224646799147E-16));
#10539 = PCURVE('',#9444,#10540);
#10540 = DEFINITIONAL_REPRESENTATION('',(#10541),#10545);
#10541 = LINE('',#10542,#10543);
#10542 = CARTESIAN_POINT('',(5.,-24.));
#10543 = VECTOR('',#10544,1.);
#10544 = DIRECTION('',(0.,1.));
#10545 = ( GEOMETRIC_REPRESENTATION_CONTEXT(2) 
PARAMETRIC_REPRESENTATION_CONTEXT() REPRESENTATION_CONTEXT('2D SPACE',''
  ) );
#10546 = PCURVE('',#8177,#10547);
#10547 = DEFINITIONAL_REPRESENTATION('',(#10548),#10552);
#10548 = LINE('',#10549,#10550);
#10549 = CARTESIAN_POINT('',(0.,24.));
#10550 = VECTOR('',#10551,1.);
#10551 = DIRECTION('',(0.,-1.));
#10552 = ( GEOMETRIC_REPRESENTATION_CONTEXT(2) 
PARAMETRIC_REPRESENTATION_CONTEXT() REPRESENTATION_CONTEXT('2D SPACE',''
  ) );
#10553 = ADVANCED_FACE('',(#10554),#9416,.T.);
#10554 = FACE_BOUND('',#10555,.T.);
#10555 = EDGE_LOOP('',(#10556,#10557,#10558,#10581));
#10556 = ORIENTED_EDGE('',*,*,#9400,.F.);
#10557 = ORIENTED_EDGE('',*,*,#10510,.T.);
#10558 = ORIENTED_EDGE('',*,*,#10559,.T.);
#10559 = EDGE_CURVE('',#10511,#10560,#10562,.T.);
#10560 = VERTEX_POINT('',#10561);
#10561 = CARTESIAN_POINT('',(-81.,-12.,37.8));
#10562 = SURFACE_CURVE('',#10563,(#10567,#10574),.PCURVE_S1.);
#10563 = LINE('',#10564,#10565);
#10564 = CARTESIAN_POINT('',(-87.,-12.,37.8));
#10565 = VECTOR('',#10566,1.);
#10566 = DIRECTION('',(1.,0.,0.));
#10567 = PCURVE('',#9416,#10568);
#10568 = DEFINITIONAL_REPRESENTATION('',(#10569),#10573);
#10569 = LINE('',#10570,#10571);
#10570 = CARTESIAN_POINT('',(5.,0.));
#10571 = VECTOR('',#10572,1.);
#10572 = DIRECTION('',(0.,1.));
#10573 = ( GEOMETRIC_REPRESENTATION_CONTEXT(2) 
PARAMETRIC_REPRESENTATION_CONTEXT() REPRESENTATION_CONTEXT('2D SPACE',''
  ) );
#10574 = PCURVE('',#8177,#10575);
#10575 = DEFINITIONAL_REPRESENTATION('',(#10576),#10580);
#10576 = LINE('',#10577,#10578);
#10577 = CARTESIAN_POINT('',(0.,24.));
#10578 = VECTOR('',#10579,1.);
#10579 = DIRECTION('',(1.,0.));
#10580 = ( GEOMETRIC_REPRESENTATION_CONTEXT(2) 
PARAMETRIC_REPRESENTATION_CONTEXT() REPRESENTATION_CONTEXT('2D SPACE',''
  ) );
#10581 = ORIENTED_EDGE('',*,*,#10582,.T.);
#10582 = EDGE_CURVE('',#10560,#9372,#10583,.T.);
#10583 = SURFACE_CURVE('',#10584,(#10588,#10595),.PCURVE_S1.);
#10584 = LINE('',#10585,#10586);
#10585 = CARTESIAN_POINT('',(-81.,-12.,42.8));
#10586 = VECTOR('',#10587,1.);
#10587 = DIRECTION('',(-0.,1.224646799147E-16,1.));
#10588 = PCURVE('',#9416,#10589);
#10589 = DEFINITIONAL_REPRESENTATION('',(#10590),#10594);
#10590 = LINE('',#10591,#10592);
#10591 = CARTESIAN_POINT('',(0.,6.));
#10592 = VECTOR('',#10593,1.);
#10593 = DIRECTION('',(-1.,0.));
#10594 = ( GEOMETRIC_REPRESENTATION_CONTEXT(2) 
PARAMETRIC_REPRESENTATION_CONTEXT() REPRESENTATION_CONTEXT('2D SPACE',''
  ) );
#10595 = PCURVE('',#9388,#10596);
#10596 = DEFINITIONAL_REPRESENTATION('',(#10597),#10601);
#10597 = LINE('',#10598,#10599);
#10598 = CARTESIAN_POINT('',(-2.214297435588,0.));
#10599 = VECTOR('',#10600,1.);
#10600 = DIRECTION('',(-0.,1.));
#10601 = ( GEOMETRIC_REPRESENTATION_CONTEXT(2) 
PARAMETRIC_REPRESENTATION_CONTEXT() REPRESENTATION_CONTEXT('2D SPACE',''
  ) );
#10602 = ADVANCED_FACE('',(#10603),#9388,.T.);
#10603 = FACE_BOUND('',#10604,.F.);
#10604 = EDGE_LOOP('',(#10605,#10606,#10629,#10651));
#10605 = ORIENTED_EDGE('',*,*,#9371,.F.);
#10606 = ORIENTED_EDGE('',*,*,#10607,.F.);
#10607 = EDGE_CURVE('',#10608,#9342,#10610,.T.);
#10608 = VERTEX_POINT('',#10609);
#10609 = CARTESIAN_POINT('',(-62.99999999999,-12.,37.8));
#10610 = SURFACE_CURVE('',#10611,(#10615,#10622),.PCURVE_S1.);
#10611 = LINE('',#10612,#10613);
#10612 = CARTESIAN_POINT('',(-63.,-12.,42.8));
#10613 = VECTOR('',#10614,1.);
#10614 = DIRECTION('',(-0.,1.224646799147E-16,1.));
#10615 = PCURVE('',#9388,#10616);
#10616 = DEFINITIONAL_REPRESENTATION('',(#10617),#10621);
#10617 = LINE('',#10618,#10619);
#10618 = CARTESIAN_POINT('',(-0.927295218002,0.));
#10619 = VECTOR('',#10620,1.);
#10620 = DIRECTION('',(-0.,1.));
#10621 = ( GEOMETRIC_REPRESENTATION_CONTEXT(2) 
PARAMETRIC_REPRESENTATION_CONTEXT() REPRESENTATION_CONTEXT('2D SPACE',''
  ) );
#10622 = PCURVE('',#9359,#10623);
#10623 = DEFINITIONAL_REPRESENTATION('',(#10624),#10628);
#10624 = LINE('',#10625,#10626);
#10625 = CARTESIAN_POINT('',(0.,24.));
#10626 = VECTOR('',#10627,1.);
#10627 = DIRECTION('',(-1.,0.));
#10628 = ( GEOMETRIC_REPRESENTATION_CONTEXT(2) 
PARAMETRIC_REPRESENTATION_CONTEXT() REPRESENTATION_CONTEXT('2D SPACE',''
  ) );
#10629 = ORIENTED_EDGE('',*,*,#10630,.T.);
#10630 = EDGE_CURVE('',#10608,#10560,#10631,.T.);
#10631 = SURFACE_CURVE('',#10632,(#10637,#10644),.PCURVE_S1.);
#10632 = CIRCLE('',#10633,15.);
#10633 = AXIS2_PLACEMENT_3D('',#10634,#10635,#10636);
#10634 = CARTESIAN_POINT('',(-72.,-1.469576158977E-15,37.8));
#10635 = DIRECTION('',(0.,-1.224646799147E-16,-1.));
#10636 = DIRECTION('',(1.,0.,0.));
#10637 = PCURVE('',#9388,#10638);
#10638 = DEFINITIONAL_REPRESENTATION('',(#10639),#10643);
#10639 = LINE('',#10640,#10641);
#10640 = CARTESIAN_POINT('',(-0.,-5.));
#10641 = VECTOR('',#10642,1.);
#10642 = DIRECTION('',(-1.,0.));
#10643 = ( GEOMETRIC_REPRESENTATION_CONTEXT(2) 
PARAMETRIC_REPRESENTATION_CONTEXT() REPRESENTATION_CONTEXT('2D SPACE',''
  ) );
#10644 = PCURVE('',#8177,#10645);
#10645 = DEFINITIONAL_REPRESENTATION('',(#10646),#10650);
#10646 = CIRCLE('',#10647,15.);
#10647 = AXIS2_PLACEMENT_2D('',#10648,#10649);
#10648 = CARTESIAN_POINT('',(15.,12.));
#10649 = DIRECTION('',(1.,0.));
#10650 = ( GEOMETRIC_REPRESENTATION_CONTEXT(2) 
PARAMETRIC_REPRESENTATION_CONTEXT() REPRESENTATION_CONTEXT('2D SPACE',''
  ) );
#10651 = ORIENTED_EDGE('',*,*,#10582,.T.);
#10652 = ADVANCED_FACE('',(#10653),#9359,.T.);
#10653 = FACE_BOUND('',#10654,.T.);
#10654 = EDGE_LOOP('',(#10655,#10656,#10657,#10680));
#10655 = ORIENTED_EDGE('',*,*,#9341,.F.);
#10656 = ORIENTED_EDGE('',*,*,#10607,.F.);
#10657 = ORIENTED_EDGE('',*,*,#10658,.T.);
#10658 = EDGE_CURVE('',#10608,#10659,#10661,.T.);
#10659 = VERTEX_POINT('',#10660);
#10660 = CARTESIAN_POINT('',(-52.53570214625,-12.,37.8));
#10661 = SURFACE_CURVE('',#10662,(#10666,#10673),.PCURVE_S1.);
#10662 = LINE('',#10663,#10664);
#10663 = CARTESIAN_POINT('',(-87.,-12.,37.8));
#10664 = VECTOR('',#10665,1.);
#10665 = DIRECTION('',(1.,0.,0.));
#10666 = PCURVE('',#9359,#10667);
#10667 = DEFINITIONAL_REPRESENTATION('',(#10668),#10672);
#10668 = LINE('',#10669,#10670);
#10669 = CARTESIAN_POINT('',(5.,0.));
#10670 = VECTOR('',#10671,1.);
#10671 = DIRECTION('',(0.,1.));
#10672 = ( GEOMETRIC_REPRESENTATION_CONTEXT(2) 
PARAMETRIC_REPRESENTATION_CONTEXT() REPRESENTATION_CONTEXT('2D SPACE',''
  ) );
#10673 = PCURVE('',#8177,#10674);
#10674 = DEFINITIONAL_REPRESENTATION('',(#10675),#10679);
#10675 = LINE('',#10676,#10677);
#10676 = CARTESIAN_POINT('',(0.,24.));
#10677 = VECTOR('',#10678,1.);
#10678 = DIRECTION('',(1.,0.));
#10679 = ( GEOMETRIC_REPRESENTATION_CONTEXT(2) 
PARAMETRIC_REPRESENTATION_CONTEXT() REPRESENTATION_CONTEXT('2D SPACE',''
  ) );
#10680 = ORIENTED_EDGE('',*,*,#10681,.T.);
#10681 = EDGE_CURVE('',#10659,#9344,#10682,.T.);
#10682 = SURFACE_CURVE('',#10683,(#10687,#10694),.PCURVE_S1.);
#10683 = LINE('',#10684,#10685);
#10684 = CARTESIAN_POINT('',(-52.53570214625,-12.,37.8));
#10685 = VECTOR('',#10686,1.);
#10686 = DIRECTION('',(-0.,1.224646799147E-16,1.));
#10687 = PCURVE('',#9359,#10688);
#10688 = DEFINITIONAL_REPRESENTATION('',(#10689),#10693);
#10689 = LINE('',#10690,#10691);
#10690 = CARTESIAN_POINT('',(5.,34.464297853745));
#10691 = VECTOR('',#10692,1.);
#10692 = DIRECTION('',(-1.,0.));
#10693 = ( GEOMETRIC_REPRESENTATION_CONTEXT(2) 
PARAMETRIC_REPRESENTATION_CONTEXT() REPRESENTATION_CONTEXT('2D SPACE',''
  ) );
#10694 = PCURVE('',#8205,#10695);
#10695 = DEFINITIONAL_REPRESENTATION('',(#10696),#10700);
#10696 = LINE('',#10697,#10698);
#10697 = CARTESIAN_POINT('',(1.301498075726,0.));
#10698 = VECTOR('',#10699,1.);
#10699 = DIRECTION('',(0.,1.));
#10700 = ( GEOMETRIC_REPRESENTATION_CONTEXT(2) 
PARAMETRIC_REPRESENTATION_CONTEXT() REPRESENTATION_CONTEXT('2D SPACE',''
  ) );
#10701 = ADVANCED_FACE('',(#10702),#8205,.F.);
#10702 = FACE_BOUND('',#10703,.F.);
#10703 = EDGE_LOOP('',(#10704,#10730,#10731,#10732));
#10704 = ORIENTED_EDGE('',*,*,#10705,.T.);
#10705 = EDGE_CURVE('',#8161,#10659,#10706,.T.);
#10706 = SURFACE_CURVE('',#10707,(#10712,#10719),.PCURVE_S1.);
#10707 = CIRCLE('',#10708,2.5);
#10708 = AXIS2_PLACEMENT_3D('',#10709,#10710,#10711);
#10709 = CARTESIAN_POINT('',(-52.53570214625,-14.5,37.8));
#10710 = DIRECTION('',(-0.,1.224646799147E-16,1.));
#10711 = DIRECTION('',(0.,-1.,1.224646799147E-16));
#10712 = PCURVE('',#8205,#10713);
#10713 = DEFINITIONAL_REPRESENTATION('',(#10714),#10718);
#10714 = LINE('',#10715,#10716);
#10715 = CARTESIAN_POINT('',(-1.840094577864,0.));
#10716 = VECTOR('',#10717,1.);
#10717 = DIRECTION('',(1.,0.));
#10718 = ( GEOMETRIC_REPRESENTATION_CONTEXT(2) 
PARAMETRIC_REPRESENTATION_CONTEXT() REPRESENTATION_CONTEXT('2D SPACE',''
  ) );
#10719 = PCURVE('',#8177,#10720);
#10720 = DEFINITIONAL_REPRESENTATION('',(#10721),#10729);
#10721 = ( BOUNDED_CURVE() B_SPLINE_CURVE(2,(#10722,#10723,#10724,#10725
    ,#10726,#10727,#10728),.UNSPECIFIED.,.T.,.F.) 
B_SPLINE_CURVE_WITH_KNOTS((1,2,2,2,2,1),(-2.094395102393,0.,
    2.094395102393,4.188790204786,6.28318530718,8.377580409573),
.UNSPECIFIED.) CURVE() GEOMETRIC_REPRESENTATION_ITEM() 
RATIONAL_B_SPLINE_CURVE((1.,0.5,1.,0.5,1.,0.5,1.)) REPRESENTATION_ITEM(
  '') );
#10722 = CARTESIAN_POINT('',(34.464297853745,29.));
#10723 = CARTESIAN_POINT('',(38.794424872667,29.));
#10724 = CARTESIAN_POINT('',(36.629361363206,25.25));
#10725 = CARTESIAN_POINT('',(34.464297853745,21.5));
#10726 = CARTESIAN_POINT('',(32.299234344284,25.25));
#10727 = CARTESIAN_POINT('',(30.134170834823,29.));
#10728 = CARTESIAN_POINT('',(34.464297853745,29.));
#10729 = ( GEOMETRIC_REPRESENTATION_CONTEXT(2) 
PARAMETRIC_REPRESENTATION_CONTEXT() REPRESENTATION_CONTEXT('2D SPACE',''
  ) );
#10730 = ORIENTED_EDGE('',*,*,#10681,.T.);
#10731 = ORIENTED_EDGE('',*,*,#9564,.F.);
#10732 = ORIENTED_EDGE('',*,*,#8189,.F.);
#10733 = ADVANCED_FACE('',(#10734,#10767,#10773,#10776),#8177,.T.);
#10734 = FACE_BOUND('',#10735,.T.);
#10735 = EDGE_LOOP('',(#10736,#10737,#10738,#10739,#10740,#10741,#10742,
    #10743,#10765,#10766));
#10736 = ORIENTED_EDGE('',*,*,#10658,.F.);
#10737 = ORIENTED_EDGE('',*,*,#10630,.T.);
#10738 = ORIENTED_EDGE('',*,*,#10559,.F.);
#10739 = ORIENTED_EDGE('',*,*,#10533,.T.);
#10740 = ORIENTED_EDGE('',*,*,#10483,.T.);
#10741 = ORIENTED_EDGE('',*,*,#10434,.T.);
#10742 = ORIENTED_EDGE('',*,*,#10362,.T.);
#10743 = ORIENTED_EDGE('',*,*,#10744,.F.);
#10744 = EDGE_CURVE('',#8126,#10363,#10745,.T.);
#10745 = SURFACE_CURVE('',#10746,(#10751,#10758),.PCURVE_S1.);
#10746 = CIRCLE('',#10747,2.5);
#10747 = AXIS2_PLACEMENT_3D('',#10748,#10749,#10750);
#10748 = CARTESIAN_POINT('',(-52.53570214625,14.5,37.8));
#10749 = DIRECTION('',(0.,-1.224646799147E-16,-1.));
#10750 = DIRECTION('',(0.,-1.,1.224646799147E-16));
#10751 = PCURVE('',#8177,#10752);
#10752 = DEFINITIONAL_REPRESENTATION('',(#10753),#10757);
#10753 = CIRCLE('',#10754,2.5);
#10754 = AXIS2_PLACEMENT_2D('',#10755,#10756);
#10755 = CARTESIAN_POINT('',(34.464297853745,-2.5));
#10756 = DIRECTION('',(0.,1.));
#10757 = ( GEOMETRIC_REPRESENTATION_CONTEXT(2) 
PARAMETRIC_REPRESENTATION_CONTEXT() REPRESENTATION_CONTEXT('2D SPACE',''
  ) );
#10758 = PCURVE('',#8148,#10759);
#10759 = DEFINITIONAL_REPRESENTATION('',(#10760),#10764);
#10760 = LINE('',#10761,#10762);
#10761 = CARTESIAN_POINT('',(4.981687231453,-0.));
#10762 = VECTOR('',#10763,1.);
#10763 = DIRECTION('',(-1.,0.));
#10764 = ( GEOMETRIC_REPRESENTATION_CONTEXT(2) 
PARAMETRIC_REPRESENTATION_CONTEXT() REPRESENTATION_CONTEXT('2D SPACE',''
  ) );
#10765 = ORIENTED_EDGE('',*,*,#8160,.F.);
#10766 = ORIENTED_EDGE('',*,*,#10705,.T.);
#10767 = FACE_BOUND('',#10768,.T.);
#10768 = EDGE_LOOP('',(#10769,#10770,#10771,#10772));
#10769 = ORIENTED_EDGE('',*,*,#10281,.F.);
#10770 = ORIENTED_EDGE('',*,*,#10227,.T.);
#10771 = ORIENTED_EDGE('',*,*,#10156,.F.);
#10772 = ORIENTED_EDGE('',*,*,#10308,.T.);
#10773 = FACE_BOUND('',#10774,.T.);
#10774 = EDGE_LOOP('',(#10775));
#10775 = ORIENTED_EDGE('',*,*,#10102,.T.);
#10776 = FACE_BOUND('',#10777,.T.);
#10777 = EDGE_LOOP('',(#10778,#10779,#10780,#10781));
#10778 = ORIENTED_EDGE('',*,*,#10021,.F.);
#10779 = ORIENTED_EDGE('',*,*,#9967,.T.);
#10780 = ORIENTED_EDGE('',*,*,#9896,.F.);
#10781 = ORIENTED_EDGE('',*,*,#10048,.T.);
#10782 = ADVANCED_FACE('',(#10783),#8148,.F.);
#10783 = FACE_BOUND('',#10784,.T.);
#10784 = EDGE_LOOP('',(#10785,#10786,#10787,#10788));
#10785 = ORIENTED_EDGE('',*,*,#10744,.T.);
#10786 = ORIENTED_EDGE('',*,*,#10385,.T.);
#10787 = ORIENTED_EDGE('',*,*,#9541,.F.);
#10788 = ORIENTED_EDGE('',*,*,#8125,.F.);
#10789 = ( GEOMETRIC_REPRESENTATION_CONTEXT(3) 
GLOBAL_UNCERTAINTY_ASSIGNED_CONTEXT((#10793)) 
GLOBAL_UNIT_ASSIGNED_CONTEXT((#10790,#10791,#10792)) 
REPRESENTATION_CONTEXT('Context #1',
  '3D Context with UNIT and UNCERTAINTY') );
#10790 = ( LENGTH_UNIT() NAMED_UNIT(*) SI_UNIT(.MILLI.,.METRE.) );
#10791 = ( NAMED_UNIT(*) PLANE_ANGLE_UNIT() SI_UNIT($,.RADIAN.) );
#10792 = ( NAMED_UNIT(*) SI_UNIT($,.STERADIAN.) SOLID_ANGLE_UNIT() );
#10793 = UNCERTAINTY_MEASURE_WITH_UNIT(LENGTH_MEASURE(1.E-07),#10790,
  'distance_accuracy_value','confusion accuracy');
#10794 = CONTEXT_DEPENDENT_SHAPE_REPRESENTATION(#10795,#10797);
#10795 = ( REPRESENTATION_RELATIONSHIP('','',#8118,#10) 
REPRESENTATION_RELATIONSHIP_WITH_TRANSFORMATION(#10796) 
SHAPE_REPRESENTATION_RELATIONSHIP() );
#10796 = ITEM_DEFINED_TRANSFORMATION('','',#11,#23);
#10797 = PRODUCT_DEFINITION_SHAPE('Placement','Placement of an item',
  #10798);
#10798 = NEXT_ASSEMBLY_USAGE_OCCURRENCE('3','tray','',#5,#8113,$);
#10799 = PRODUCT_RELATED_PRODUCT_CATEGORY('part',$,(#8115));
#10800 = SHAPE_DEFINITION_REPRESENTATION(#10801,#10807);
#10801 = PRODUCT_DEFINITION_SHAPE('','',#10802);
#10802 = PRODUCT_DEFINITION('design','',#10803,#10806);
#10803 = PRODUCT_DEFINITION_FORMATION('','',#10804);
#10804 = PRODUCT('retainer','retainer','',(#10805));
#10805 = PRODUCT_CONTEXT('',#2,'mechanical');
#10806 = PRODUCT_DEFINITION_CONTEXT('part definition',#2,'design');
#10807 = ADVANCED_BREP_SHAPE_REPRESENTATION('',(#11,#10808),#11342);
#10808 = MANIFOLD_SOLID_BREP('',#10809);
#10809 = CLOSED_SHELL('',(#10810,#10898,#11057,#11207,#11234,#11261,
    #11288,#11315));
#10810 = ADVANCED_FACE('',(#10811),#10825,.T.);
#10811 = FACE_BOUND('',#10812,.F.);
#10812 = EDGE_LOOP('',(#10813,#10843,#10870,#10871));
#10813 = ORIENTED_EDGE('',*,*,#10814,.T.);
#10814 = EDGE_CURVE('',#10815,#10817,#10819,.T.);
#10815 = VERTEX_POINT('',#10816);
#10816 = CARTESIAN_POINT('',(52.,0.,33.));
#10817 = VERTEX_POINT('',#10818);
#10818 = CARTESIAN_POINT('',(52.,0.,35.8));
#10819 = SEAM_CURVE('',#10820,(#10824,#10836),.PCURVE_S1.);
#10820 = LINE('',#10821,#10822);
#10821 = CARTESIAN_POINT('',(52.,0.,33.));
#10822 = VECTOR('',#10823,1.);
#10823 = DIRECTION('',(0.,0.,1.));
#10824 = PCURVE('',#10825,#10830);
#10825 = CYLINDRICAL_SURFACE('',#10826,52.);
#10826 = AXIS2_PLACEMENT_3D('',#10827,#10828,#10829);
#10827 = CARTESIAN_POINT('',(0.,0.,33.));
#10828 = DIRECTION('',(-0.,-0.,-1.));
#10829 = DIRECTION('',(1.,0.,0.));
#10830 = DEFINITIONAL_REPRESENTATION('',(#10831),#10835);
#10831 = LINE('',#10832,#10833);
#10832 = CARTESIAN_POINT('',(-0.,0.));
#10833 = VECTOR('',#10834,1.);
#10834 = DIRECTION('',(-0.,-1.));
#10835 = ( GEOMETRIC_REPRESENTATION_CONTEXT(2) 
PARAMETRIC_REPRESENTATION_CONTEXT() REPRESENTATION_CONTEXT('2D SPACE',''
  ) );
#10836 = PCURVE('',#10825,#10837);
#10837 = DEFINITIONAL_REPRESENTATION('',(#10838),#10842);
#10838 = LINE('',#10839,#10840);
#10839 = CARTESIAN_POINT('',(-6.28318530718,0.));
#10840 = VECTOR('',#10841,1.);
#10841 = DIRECTION('',(-0.,-1.));
#10842 = ( GEOMETRIC_REPRESENTATION_CONTEXT(2) 
PARAMETRIC_REPRESENTATION_CONTEXT() REPRESENTATION_CONTEXT('2D SPACE',''
  ) );
#10843 = ORIENTED_EDGE('',*,*,#10844,.T.);
#10844 = EDGE_CURVE('',#10817,#10817,#10845,.T.);
#10845 = SURFACE_CURVE('',#10846,(#10851,#10858),.PCURVE_S1.);
#10846 = CIRCLE('',#10847,52.);
#10847 = AXIS2_PLACEMENT_3D('',#10848,#10849,#10850);
#10848 = CARTESIAN_POINT('',(0.,0.,35.8));
#10849 = DIRECTION('',(0.,0.,1.));
#10850 = DIRECTION('',(1.,0.,0.));
#10851 = PCURVE('',#10825,#10852);
#10852 = DEFINITIONAL_REPRESENTATION('',(#10853),#10857);
#10853 = LINE('',#10854,#10855);
#10854 = CARTESIAN_POINT('',(-0.,-2.8));
#10855 = VECTOR('',#10856,1.);
#10856 = DIRECTION('',(-1.,0.));
#10857 = ( GEOMETRIC_REPRESENTATION_CONTEXT(2) 
PARAMETRIC_REPRESENTATION_CONTEXT() REPRESENTATION_CONTEXT('2D SPACE',''
  ) );
#10858 = PCURVE('',#10859,#10864);
#10859 = PLANE('',#10860);
#10860 = AXIS2_PLACEMENT_3D('',#10861,#10862,#10863);
#10861 = CARTESIAN_POINT('',(-1.683003240049E-15,4.609291841672E-15,35.8
    ));
#10862 = DIRECTION('',(0.,0.,1.));
#10863 = DIRECTION('',(1.,0.,-0.));
#10864 = DEFINITIONAL_REPRESENTATION('',(#10865),#10869);
#10865 = CIRCLE('',#10866,52.);
#10866 = AXIS2_PLACEMENT_2D('',#10867,#10868);
#10867 = CARTESIAN_POINT('',(1.683003240049E-15,-4.609291841672E-15));
#10868 = DIRECTION('',(1.,0.));
#10869 = ( GEOMETRIC_REPRESENTATION_CONTEXT(2) 
PARAMETRIC_REPRESENTATION_CONTEXT() REPRESENTATION_CONTEXT('2D SPACE',''
  ) );
#10870 = ORIENTED_EDGE('',*,*,#10814,.F.);
#10871 = ORIENTED_EDGE('',*,*,#10872,.F.);
#10872 = EDGE_CURVE('',#10815,#10815,#10873,.T.);
#10873 = SURFACE_CURVE('',#10874,(#10879,#10886),.PCURVE_S1.);
#10874 = CIRCLE('',#10875,52.);
#10875 = AXIS2_PLACEMENT_3D('',#10876,#10877,#10878);
#10876 = CARTESIAN_POINT('',(0.,0.,33.));
#10877 = DIRECTION('',(0.,0.,1.));
#10878 = DIRECTION('',(1.,0.,0.));
#10879 = PCURVE('',#10825,#10880);
#10880 = DEFINITIONAL_REPRESENTATION('',(#10881),#10885);
#10881 = LINE('',#10882,#10883);
#10882 = CARTESIAN_POINT('',(-0.,0.));
#10883 = VECTOR('',#10884,1.);
#10884 = DIRECTION('',(-1.,0.));
#10885 = ( GEOMETRIC_REPRESENTATION_CONTEXT(2) 
PARAMETRIC_REPRESENTATION_CONTEXT() REPRESENTATION_CONTEXT('2D SPACE',''
  ) );
#10886 = PCURVE('',#10887,#10892);
#10887 = PLANE('',#10888);
#10888 = AXIS2_PLACEMENT_3D('',#10889,#10890,#10891);
#10889 = CARTESIAN_POINT('',(-1.683003240049E-15,4.609291841672E-15,33.)
  );
#10890 = DIRECTION('',(0.,0.,1.));
#10891 = DIRECTION('',(1.,0.,-0.));
#10892 = DEFINITIONAL_REPRESENTATION('',(#10893),#10897);
#10893 = CIRCLE('',#10894,52.);
#10894 = AXIS2_PLACEMENT_2D('',#10895,#10896);
#10895 = CARTESIAN_POINT('',(1.683003240049E-15,-4.609291841672E-15));
#10896 = DIRECTION('',(1.,0.));
#10897 = ( GEOMETRIC_REPRESENTATION_CONTEXT(2) 
PARAMETRIC_REPRESENTATION_CONTEXT() REPRESENTATION_CONTEXT('2D SPACE',''
  ) );
#10898 = ADVANCED_FACE('',(#10899,#10902,#10933,#10964,#10995,#11026),
  #10887,.F.);
#10899 = FACE_BOUND('',#10900,.F.);
#10900 = EDGE_LOOP('',(#10901));
#10901 = ORIENTED_EDGE('',*,*,#10872,.T.);
#10902 = FACE_BOUND('',#10903,.F.);
#10903 = EDGE_LOOP('',(#10904));
#10904 = ORIENTED_EDGE('',*,*,#10905,.F.);
#10905 = EDGE_CURVE('',#10906,#10906,#10908,.T.);
#10906 = VERTEX_POINT('',#10907);
#10907 = CARTESIAN_POINT('',(-31.53401871576,-33.23401871576,33.));
#10908 = SURFACE_CURVE('',#10909,(#10914,#10921),.PCURVE_S1.);
#10909 = CIRCLE('',#10910,1.7);
#10910 = AXIS2_PLACEMENT_3D('',#10911,#10912,#10913);
#10911 = CARTESIAN_POINT('',(-33.23401871576,-33.23401871576,33.));
#10912 = DIRECTION('',(0.,0.,1.));
#10913 = DIRECTION('',(1.,0.,0.));
#10914 = PCURVE('',#10887,#10915);
#10915 = DEFINITIONAL_REPRESENTATION('',(#10916),#10920);
#10916 = CIRCLE('',#10917,1.7);
#10917 = AXIS2_PLACEMENT_2D('',#10918,#10919);
#10918 = CARTESIAN_POINT('',(-33.23401871576,-33.23401871576));
#10919 = DIRECTION('',(1.,0.));
#10920 = ( GEOMETRIC_REPRESENTATION_CONTEXT(2) 
PARAMETRIC_REPRESENTATION_CONTEXT() REPRESENTATION_CONTEXT('2D SPACE',''
  ) );
#10921 = PCURVE('',#10922,#10927);
#10922 = CYLINDRICAL_SURFACE('',#10923,1.7);
#10923 = AXIS2_PLACEMENT_3D('',#10924,#10925,#10926);
#10924 = CARTESIAN_POINT('',(-33.23401871576,-33.23401871576,33.));
#10925 = DIRECTION('',(-0.,-0.,-1.));
#10926 = DIRECTION('',(1.,0.,0.));
#10927 = DEFINITIONAL_REPRESENTATION('',(#10928),#10932);
#10928 = LINE('',#10929,#10930);
#10929 = CARTESIAN_POINT('',(-0.,0.));
#10930 = VECTOR('',#10931,1.);
#10931 = DIRECTION('',(-1.,0.));
#10932 = ( GEOMETRIC_REPRESENTATION_CONTEXT(2) 
PARAMETRIC_REPRESENTATION_CONTEXT() REPRESENTATION_CONTEXT('2D SPACE',''
  ) );
#10933 = FACE_BOUND('',#10934,.F.);
#10934 = EDGE_LOOP('',(#10935));
#10935 = ORIENTED_EDGE('',*,*,#10936,.F.);
#10936 = EDGE_CURVE('',#10937,#10937,#10939,.T.);
#10937 = VERTEX_POINT('',#10938);
#10938 = CARTESIAN_POINT('',(34.934018715768,-33.23401871576,33.));
#10939 = SURFACE_CURVE('',#10940,(#10945,#10952),.PCURVE_S1.);
#10940 = CIRCLE('',#10941,1.7);
#10941 = AXIS2_PLACEMENT_3D('',#10942,#10943,#10944);
#10942 = CARTESIAN_POINT('',(33.234018715768,-33.23401871576,33.));
#10943 = DIRECTION('',(0.,0.,1.));
#10944 = DIRECTION('',(1.,0.,0.));
#10945 = PCURVE('',#10887,#10946);
#10946 = DEFINITIONAL_REPRESENTATION('',(#10947),#10951);
#10947 = CIRCLE('',#10948,1.7);
#10948 = AXIS2_PLACEMENT_2D('',#10949,#10950);
#10949 = CARTESIAN_POINT('',(33.234018715768,-33.23401871576));
#10950 = DIRECTION('',(1.,0.));
#10951 = ( GEOMETRIC_REPRESENTATION_CONTEXT(2) 
PARAMETRIC_REPRESENTATION_CONTEXT() REPRESENTATION_CONTEXT('2D SPACE',''
  ) );
#10952 = PCURVE('',#10953,#10958);
#10953 = CYLINDRICAL_SURFACE('',#10954,1.7);
#10954 = AXIS2_PLACEMENT_3D('',#10955,#10956,#10957);
#10955 = CARTESIAN_POINT('',(33.234018715768,-33.23401871576,33.));
#10956 = DIRECTION('',(-0.,-0.,-1.));
#10957 = DIRECTION('',(1.,0.,0.));
#10958 = DEFINITIONAL_REPRESENTATION('',(#10959),#10963);
#10959 = LINE('',#10960,#10961);
#10960 = CARTESIAN_POINT('',(-0.,0.));
#10961 = VECTOR('',#10962,1.);
#10962 = DIRECTION('',(-1.,0.));
#10963 = ( GEOMETRIC_REPRESENTATION_CONTEXT(2) 
PARAMETRIC_REPRESENTATION_CONTEXT() REPRESENTATION_CONTEXT('2D SPACE',''
  ) );
#10964 = FACE_BOUND('',#10965,.F.);
#10965 = EDGE_LOOP('',(#10966));
#10966 = ORIENTED_EDGE('',*,*,#10967,.F.);
#10967 = EDGE_CURVE('',#10968,#10968,#10970,.T.);
#10968 = VERTEX_POINT('',#10969);
#10969 = CARTESIAN_POINT('',(-31.53401871576,33.234018715768,33.));
#10970 = SURFACE_CURVE('',#10971,(#10976,#10983),.PCURVE_S1.);
#10971 = CIRCLE('',#10972,1.7);
#10972 = AXIS2_PLACEMENT_3D('',#10973,#10974,#10975);
#10973 = CARTESIAN_POINT('',(-33.23401871576,33.234018715768,33.));
#10974 = DIRECTION('',(0.,0.,1.));
#10975 = DIRECTION('',(1.,0.,0.));
#10976 = PCURVE('',#10887,#10977);
#10977 = DEFINITIONAL_REPRESENTATION('',(#10978),#10982);
#10978 = CIRCLE('',#10979,1.7);
#10979 = AXIS2_PLACEMENT_2D('',#10980,#10981);
#10980 = CARTESIAN_POINT('',(-33.23401871576,33.234018715768));
#10981 = DIRECTION('',(1.,0.));
#10982 = ( GEOMETRIC_REPRESENTATION_CONTEXT(2) 
PARAMETRIC_REPRESENTATION_CONTEXT() REPRESENTATION_CONTEXT('2D SPACE',''
  ) );
#10983 = PCURVE('',#10984,#10989);
#10984 = CYLINDRICAL_SURFACE('',#10985,1.7);
#10985 = AXIS2_PLACEMENT_3D('',#10986,#10987,#10988);
#10986 = CARTESIAN_POINT('',(-33.23401871576,33.234018715768,33.));
#10987 = DIRECTION('',(-0.,-0.,-1.));
#10988 = DIRECTION('',(1.,0.,0.));
#10989 = DEFINITIONAL_REPRESENTATION('',(#10990),#10994);
#10990 = LINE('',#10991,#10992);
#10991 = CARTESIAN_POINT('',(-0.,0.));
#10992 = VECTOR('',#10993,1.);
#10993 = DIRECTION('',(-1.,0.));
#10994 = ( GEOMETRIC_REPRESENTATION_CONTEXT(2) 
PARAMETRIC_REPRESENTATION_CONTEXT() REPRESENTATION_CONTEXT('2D SPACE',''
  ) );
#10995 = FACE_BOUND('',#10996,.F.);
#10996 = EDGE_LOOP('',(#10997));
#10997 = ORIENTED_EDGE('',*,*,#10998,.F.);
#10998 = EDGE_CURVE('',#10999,#10999,#11001,.T.);
#10999 = VERTEX_POINT('',#11000);
#11000 = CARTESIAN_POINT('',(37.,5.465713352001E-15,33.));
#11001 = SURFACE_CURVE('',#11002,(#11007,#11014),.PCURVE_S1.);
#11002 = CIRCLE('',#11003,37.);
#11003 = AXIS2_PLACEMENT_3D('',#11004,#11005,#11006);
#11004 = CARTESIAN_POINT('',(2.481433861808E-13,5.465713352001E-15,33.)
  );
#11005 = DIRECTION('',(0.,0.,1.));
#11006 = DIRECTION('',(1.,0.,0.));
#11007 = PCURVE('',#10887,#11008);
#11008 = DEFINITIONAL_REPRESENTATION('',(#11009),#11013);
#11009 = CIRCLE('',#11010,37.);
#11010 = AXIS2_PLACEMENT_2D('',#11011,#11012);
#11011 = CARTESIAN_POINT('',(2.498263894209E-13,8.564215103288E-16));
#11012 = DIRECTION('',(1.,0.));
#11013 = ( GEOMETRIC_REPRESENTATION_CONTEXT(2) 
PARAMETRIC_REPRESENTATION_CONTEXT() REPRESENTATION_CONTEXT('2D SPACE',''
  ) );
#11014 = PCURVE('',#11015,#11020);
#11015 = CYLINDRICAL_SURFACE('',#11016,37.);
#11016 = AXIS2_PLACEMENT_3D('',#11017,#11018,#11019);
#11017 = CARTESIAN_POINT('',(2.481433861808E-13,5.465713352001E-15,33.)
  );
#11018 = DIRECTION('',(-0.,-0.,-1.));
#11019 = DIRECTION('',(1.,0.,0.));
#11020 = DEFINITIONAL_REPRESENTATION('',(#11021),#11025);
#11021 = LINE('',#11022,#11023);
#11022 = CARTESIAN_POINT('',(-0.,0.));
#11023 = VECTOR('',#11024,1.);
#11024 = DIRECTION('',(-1.,0.));
#11025 = ( GEOMETRIC_REPRESENTATION_CONTEXT(2) 
PARAMETRIC_REPRESENTATION_CONTEXT() REPRESENTATION_CONTEXT('2D SPACE',''
  ) );
#11026 = FACE_BOUND('',#11027,.F.);
#11027 = EDGE_LOOP('',(#11028));
#11028 = ORIENTED_EDGE('',*,*,#11029,.F.);
#11029 = EDGE_CURVE('',#11030,#11030,#11032,.T.);
#11030 = VERTEX_POINT('',#11031);
#11031 = CARTESIAN_POINT('',(34.934018715768,33.234018715768,33.));
#11032 = SURFACE_CURVE('',#11033,(#11038,#11045),.PCURVE_S1.);
#11033 = CIRCLE('',#11034,1.7);
#11034 = AXIS2_PLACEMENT_3D('',#11035,#11036,#11037);
#11035 = CARTESIAN_POINT('',(33.234018715768,33.234018715768,33.));
#11036 = DIRECTION('',(0.,0.,1.));
#11037 = DIRECTION('',(1.,0.,0.));
#11038 = PCURVE('',#10887,#11039);
#11039 = DEFINITIONAL_REPRESENTATION('',(#11040),#11044);
#11040 = CIRCLE('',#11041,1.7);
#11041 = AXIS2_PLACEMENT_2D('',#11042,#11043);
#11042 = CARTESIAN_POINT('',(33.234018715768,33.234018715768));
#11043 = DIRECTION('',(1.,0.));
#11044 = ( GEOMETRIC_REPRESENTATION_CONTEXT(2) 
PARAMETRIC_REPRESENTATION_CONTEXT() REPRESENTATION_CONTEXT('2D SPACE',''
  ) );
#11045 = PCURVE('',#11046,#11051);
#11046 = CYLINDRICAL_SURFACE('',#11047,1.7);
#11047 = AXIS2_PLACEMENT_3D('',#11048,#11049,#11050);
#11048 = CARTESIAN_POINT('',(33.234018715768,33.234018715768,33.));
#11049 = DIRECTION('',(-0.,-0.,-1.));
#11050 = DIRECTION('',(1.,0.,0.));
#11051 = DEFINITIONAL_REPRESENTATION('',(#11052),#11056);
#11052 = LINE('',#11053,#11054);
#11053 = CARTESIAN_POINT('',(-0.,0.));
#11054 = VECTOR('',#11055,1.);
#11055 = DIRECTION('',(-1.,0.));
#11056 = ( GEOMETRIC_REPRESENTATION_CONTEXT(2) 
PARAMETRIC_REPRESENTATION_CONTEXT() REPRESENTATION_CONTEXT('2D SPACE',''
  ) );
#11057 = ADVANCED_FACE('',(#11058,#11061,#11091,#11121,#11151,#11177),
  #10859,.T.);
#11058 = FACE_BOUND('',#11059,.T.);
#11059 = EDGE_LOOP('',(#11060));
#11060 = ORIENTED_EDGE('',*,*,#10844,.T.);
#11061 = FACE_BOUND('',#11062,.T.);
#11062 = EDGE_LOOP('',(#11063));
#11063 = ORIENTED_EDGE('',*,*,#11064,.T.);
#11064 = EDGE_CURVE('',#11065,#11065,#11067,.T.);
#11065 = VERTEX_POINT('',#11066);
#11066 = CARTESIAN_POINT('',(-31.53401871576,-33.23401871576,35.8));
#11067 = SURFACE_CURVE('',#11068,(#11073,#11084),.PCURVE_S1.);
#11068 = CIRCLE('',#11069,1.7);
#11069 = AXIS2_PLACEMENT_3D('',#11070,#11071,#11072);
#11070 = CARTESIAN_POINT('',(-33.23401871576,-33.23401871576,35.8));
#11071 = DIRECTION('',(0.,0.,-1.));
#11072 = DIRECTION('',(1.,0.,0.));
#11073 = PCURVE('',#10859,#11074);
#11074 = DEFINITIONAL_REPRESENTATION('',(#11075),#11083);
#11075 = ( BOUNDED_CURVE() B_SPLINE_CURVE(2,(#11076,#11077,#11078,#11079
    ,#11080,#11081,#11082),.UNSPECIFIED.,.T.,.F.) 
B_SPLINE_CURVE_WITH_KNOTS((1,2,2,2,2,1),(-2.094395102393,0.,
    2.094395102393,4.188790204786,6.28318530718,8.377580409573),
.UNSPECIFIED.) CURVE() GEOMETRIC_REPRESENTATION_ITEM() 
RATIONAL_B_SPLINE_CURVE((1.,0.5,1.,0.5,1.,0.5,1.)) REPRESENTATION_ITEM(
  '') );
#11076 = CARTESIAN_POINT('',(-31.53401871576,-33.23401871576));
#11077 = CARTESIAN_POINT('',(-31.53401871576,-36.17850508863));
#11078 = CARTESIAN_POINT('',(-34.08401871576,-34.7062619022));
#11079 = CARTESIAN_POINT('',(-36.63401871576,-33.23401871576));
#11080 = CARTESIAN_POINT('',(-34.08401871576,-31.76177552933));
#11081 = CARTESIAN_POINT('',(-31.53401871576,-30.2895323429));
#11082 = CARTESIAN_POINT('',(-31.53401871576,-33.23401871576));
#11083 = ( GEOMETRIC_REPRESENTATION_CONTEXT(2) 
PARAMETRIC_REPRESENTATION_CONTEXT() REPRESENTATION_CONTEXT('2D SPACE',''
  ) );
#11084 = PCURVE('',#10922,#11085);
#11085 = DEFINITIONAL_REPRESENTATION('',(#11086),#11090);
#11086 = LINE('',#11087,#11088);
#11087 = CARTESIAN_POINT('',(-6.28318530718,-2.8));
#11088 = VECTOR('',#11089,1.);
#11089 = DIRECTION('',(1.,-0.));
#11090 = ( GEOMETRIC_REPRESENTATION_CONTEXT(2) 
PARAMETRIC_REPRESENTATION_CONTEXT() REPRESENTATION_CONTEXT('2D SPACE',''
  ) );
#11091 = FACE_BOUND('',#11092,.T.);
#11092 = EDGE_LOOP('',(#11093));
#11093 = ORIENTED_EDGE('',*,*,#11094,.T.);
#11094 = EDGE_CURVE('',#11095,#11095,#11097,.T.);
#11095 = VERTEX_POINT('',#11096);
#11096 = CARTESIAN_POINT('',(34.934018715768,-33.23401871576,35.8));
#11097 = SURFACE_CURVE('',#11098,(#11103,#11114),.PCURVE_S1.);
#11098 = CIRCLE('',#11099,1.7);
#11099 = AXIS2_PLACEMENT_3D('',#11100,#11101,#11102);
#11100 = CARTESIAN_POINT('',(33.234018715768,-33.23401871576,35.8));
#11101 = DIRECTION('',(0.,0.,-1.));
#11102 = DIRECTION('',(1.,0.,0.));
#11103 = PCURVE('',#10859,#11104);
#11104 = DEFINITIONAL_REPRESENTATION('',(#11105),#11113);
#11105 = ( BOUNDED_CURVE() B_SPLINE_CURVE(2,(#11106,#11107,#11108,#11109
    ,#11110,#11111,#11112),.UNSPECIFIED.,.T.,.F.) 
B_SPLINE_CURVE_WITH_KNOTS((1,2,2,2,2,1),(-2.094395102393,0.,
    2.094395102393,4.188790204786,6.28318530718,8.377580409573),
.UNSPECIFIED.) CURVE() GEOMETRIC_REPRESENTATION_ITEM() 
RATIONAL_B_SPLINE_CURVE((1.,0.5,1.,0.5,1.,0.5,1.)) REPRESENTATION_ITEM(
  '') );
#11106 = CARTESIAN_POINT('',(34.934018715768,-33.23401871576));
#11107 = CARTESIAN_POINT('',(34.934018715768,-36.17850508863));
#11108 = CARTESIAN_POINT('',(32.384018715768,-34.7062619022));
#11109 = CARTESIAN_POINT('',(29.834018715768,-33.23401871576));
#11110 = CARTESIAN_POINT('',(32.384018715768,-31.76177552933));
#11111 = CARTESIAN_POINT('',(34.934018715768,-30.2895323429));
#11112 = CARTESIAN_POINT('',(34.934018715768,-33.23401871576));
#11113 = ( GEOMETRIC_REPRESENTATION_CONTEXT(2) 
PARAMETRIC_REPRESENTATION_CONTEXT() REPRESENTATION_CONTEXT('2D SPACE',''
  ) );
#11114 = PCURVE('',#10953,#11115);
#11115 = DEFINITIONAL_REPRESENTATION('',(#11116),#11120);
#11116 = LINE('',#11117,#11118);
#11117 = CARTESIAN_POINT('',(-6.28318530718,-2.8));
#11118 = VECTOR('',#11119,1.);
#11119 = DIRECTION('',(1.,-0.));
#11120 = ( GEOMETRIC_REPRESENTATION_CONTEXT(2) 
PARAMETRIC_REPRESENTATION_CONTEXT() REPRESENTATION_CONTEXT('2D SPACE',''
  ) );
#11121 = FACE_BOUND('',#11122,.T.);
#11122 = EDGE_LOOP('',(#11123));
#11123 = ORIENTED_EDGE('',*,*,#11124,.T.);
#11124 = EDGE_CURVE('',#11125,#11125,#11127,.T.);
#11125 = VERTEX_POINT('',#11126);
#11126 = CARTESIAN_POINT('',(-31.53401871576,33.234018715768,35.8));
#11127 = SURFACE_CURVE('',#11128,(#11133,#11144),.PCURVE_S1.);
#11128 = CIRCLE('',#11129,1.7);
#11129 = AXIS2_PLACEMENT_3D('',#11130,#11131,#11132);
#11130 = CARTESIAN_POINT('',(-33.23401871576,33.234018715768,35.8));
#11131 = DIRECTION('',(0.,0.,-1.));
#11132 = DIRECTION('',(1.,0.,0.));
#11133 = PCURVE('',#10859,#11134);
#11134 = DEFINITIONAL_REPRESENTATION('',(#11135),#11143);
#11135 = ( BOUNDED_CURVE() B_SPLINE_CURVE(2,(#11136,#11137,#11138,#11139
    ,#11140,#11141,#11142),.UNSPECIFIED.,.T.,.F.) 
B_SPLINE_CURVE_WITH_KNOTS((1,2,2,2,2,1),(-2.094395102393,0.,
    2.094395102393,4.188790204786,6.28318530718,8.377580409573),
.UNSPECIFIED.) CURVE() GEOMETRIC_REPRESENTATION_ITEM() 
RATIONAL_B_SPLINE_CURVE((1.,0.5,1.,0.5,1.,0.5,1.)) REPRESENTATION_ITEM(
  '') );
#11136 = CARTESIAN_POINT('',(-31.53401871576,33.234018715768));
#11137 = CARTESIAN_POINT('',(-31.53401871576,30.289532342901));
#11138 = CARTESIAN_POINT('',(-34.08401871576,31.761775529334));
#11139 = CARTESIAN_POINT('',(-36.63401871576,33.234018715768));
#11140 = CARTESIAN_POINT('',(-34.08401871576,34.706261902201));
#11141 = CARTESIAN_POINT('',(-31.53401871576,36.178505088635));
#11142 = CARTESIAN_POINT('',(-31.53401871576,33.234018715768));
#11143 = ( GEOMETRIC_REPRESENTATION_CONTEXT(2) 
PARAMETRIC_REPRESENTATION_CONTEXT() REPRESENTATION_CONTEXT('2D SPACE',''
  ) );
#11144 = PCURVE('',#10984,#11145);
#11145 = DEFINITIONAL_REPRESENTATION('',(#11146),#11150);
#11146 = LINE('',#11147,#11148);
#11147 = CARTESIAN_POINT('',(-6.28318530718,-2.8));
#11148 = VECTOR('',#11149,1.);
#11149 = DIRECTION('',(1.,-0.));
#11150 = ( GEOMETRIC_REPRESENTATION_CONTEXT(2) 
PARAMETRIC_REPRESENTATION_CONTEXT() REPRESENTATION_CONTEXT('2D SPACE',''
  ) );
#11151 = FACE_BOUND('',#11152,.T.);
#11152 = EDGE_LOOP('',(#11153));
#11153 = ORIENTED_EDGE('',*,*,#11154,.F.);
#11154 = EDGE_CURVE('',#11155,#11155,#11157,.T.);
#11155 = VERTEX_POINT('',#11156);
#11156 = CARTESIAN_POINT('',(37.,5.465713352001E-15,35.8));
#11157 = SURFACE_CURVE('',#11158,(#11163,#11170),.PCURVE_S1.);
#11158 = CIRCLE('',#11159,37.);
#11159 = AXIS2_PLACEMENT_3D('',#11160,#11161,#11162);
#11160 = CARTESIAN_POINT('',(2.481433861808E-13,5.465713352001E-15,35.8)
  );
#11161 = DIRECTION('',(0.,0.,1.));
#11162 = DIRECTION('',(1.,0.,0.));
#11163 = PCURVE('',#10859,#11164);
#11164 = DEFINITIONAL_REPRESENTATION('',(#11165),#11169);
#11165 = CIRCLE('',#11166,37.);
#11166 = AXIS2_PLACEMENT_2D('',#11167,#11168);
#11167 = CARTESIAN_POINT('',(2.498263894209E-13,8.564215103288E-16));
#11168 = DIRECTION('',(1.,0.));
#11169 = ( GEOMETRIC_REPRESENTATION_CONTEXT(2) 
PARAMETRIC_REPRESENTATION_CONTEXT() REPRESENTATION_CONTEXT('2D SPACE',''
  ) );
#11170 = PCURVE('',#11015,#11171);
#11171 = DEFINITIONAL_REPRESENTATION('',(#11172),#11176);
#11172 = LINE('',#11173,#11174);
#11173 = CARTESIAN_POINT('',(-0.,-2.8));
#11174 = VECTOR('',#11175,1.);
#11175 = DIRECTION('',(-1.,0.));
#11176 = ( GEOMETRIC_REPRESENTATION_CONTEXT(2) 
PARAMETRIC_REPRESENTATION_CONTEXT() REPRESENTATION_CONTEXT('2D SPACE',''
  ) );
#11177 = FACE_BOUND('',#11178,.T.);
#11178 = EDGE_LOOP('',(#11179));
#11179 = ORIENTED_EDGE('',*,*,#11180,.T.);
#11180 = EDGE_CURVE('',#11181,#11181,#11183,.T.);
#11181 = VERTEX_POINT('',#11182);
#11182 = CARTESIAN_POINT('',(34.934018715768,33.234018715768,35.8));
#11183 = SURFACE_CURVE('',#11184,(#11189,#11200),.PCURVE_S1.);
#11184 = CIRCLE('',#11185,1.7);
#11185 = AXIS2_PLACEMENT_3D('',#11186,#11187,#11188);
#11186 = CARTESIAN_POINT('',(33.234018715768,33.234018715768,35.8));
#11187 = DIRECTION('',(0.,0.,-1.));
#11188 = DIRECTION('',(1.,0.,0.));
#11189 = PCURVE('',#10859,#11190);
#11190 = DEFINITIONAL_REPRESENTATION('',(#11191),#11199);
#11191 = ( BOUNDED_CURVE() B_SPLINE_CURVE(2,(#11192,#11193,#11194,#11195
    ,#11196,#11197,#11198),.UNSPECIFIED.,.T.,.F.) 
B_SPLINE_CURVE_WITH_KNOTS((1,2,2,2,2,1),(-2.094395102393,0.,
    2.094395102393,4.188790204786,6.28318530718,8.377580409573),
.UNSPECIFIED.) CURVE() GEOMETRIC_REPRESENTATION_ITEM() 
RATIONAL_B_SPLINE_CURVE((1.,0.5,1.,0.5,1.,0.5,1.)) REPRESENTATION_ITEM(
  '') );
#11192 = CARTESIAN_POINT('',(34.934018715768,33.234018715768));
#11193 = CARTESIAN_POINT('',(34.934018715768,30.289532342901));
#11194 = CARTESIAN_POINT('',(32.384018715768,31.761775529334));
#11195 = CARTESIAN_POINT('',(29.834018715768,33.234018715768));
#11196 = CARTESIAN_POINT('',(32.384018715768,34.706261902201));
#11197 = CARTESIAN_POINT('',(34.934018715768,36.178505088635));
#11198 = CARTESIAN_POINT('',(34.934018715768,33.234018715768));
#11199 = ( GEOMETRIC_REPRESENTATION_CONTEXT(2) 
PARAMETRIC_REPRESENTATION_CONTEXT() REPRESENTATION_CONTEXT('2D SPACE',''
  ) );
#11200 = PCURVE('',#11046,#11201);
#11201 = DEFINITIONAL_REPRESENTATION('',(#11202),#11206);
#11202 = LINE('',#11203,#11204);
#11203 = CARTESIAN_POINT('',(-6.28318530718,-2.8));
#11204 = VECTOR('',#11205,1.);
#11205 = DIRECTION('',(1.,-0.));
#11206 = ( GEOMETRIC_REPRESENTATION_CONTEXT(2) 
PARAMETRIC_REPRESENTATION_CONTEXT() REPRESENTATION_CONTEXT('2D SPACE',''
  ) );
#11207 = ADVANCED_FACE('',(#11208),#10922,.F.);
#11208 = FACE_BOUND('',#11209,.T.);
#11209 = EDGE_LOOP('',(#11210,#11211,#11232,#11233));
#11210 = ORIENTED_EDGE('',*,*,#10905,.F.);
#11211 = ORIENTED_EDGE('',*,*,#11212,.T.);
#11212 = EDGE_CURVE('',#10906,#11065,#11213,.T.);
#11213 = SEAM_CURVE('',#11214,(#11218,#11225),.PCURVE_S1.);
#11214 = LINE('',#11215,#11216);
#11215 = CARTESIAN_POINT('',(-31.53401871576,-33.23401871576,33.));
#11216 = VECTOR('',#11217,1.);
#11217 = DIRECTION('',(0.,0.,1.));
#11218 = PCURVE('',#10922,#11219);
#11219 = DEFINITIONAL_REPRESENTATION('',(#11220),#11224);
#11220 = LINE('',#11221,#11222);
#11221 = CARTESIAN_POINT('',(-6.28318530718,0.));
#11222 = VECTOR('',#11223,1.);
#11223 = DIRECTION('',(-0.,-1.));
#11224 = ( GEOMETRIC_REPRESENTATION_CONTEXT(2) 
PARAMETRIC_REPRESENTATION_CONTEXT() REPRESENTATION_CONTEXT('2D SPACE',''
  ) );
#11225 = PCURVE('',#10922,#11226);
#11226 = DEFINITIONAL_REPRESENTATION('',(#11227),#11231);
#11227 = LINE('',#11228,#11229);
#11228 = CARTESIAN_POINT('',(-0.,0.));
#11229 = VECTOR('',#11230,1.);
#11230 = DIRECTION('',(-0.,-1.));
#11231 = ( GEOMETRIC_REPRESENTATION_CONTEXT(2) 
PARAMETRIC_REPRESENTATION_CONTEXT() REPRESENTATION_CONTEXT('2D SPACE',''
  ) );
#11232 = ORIENTED_EDGE('',*,*,#11064,.F.);
#11233 = ORIENTED_EDGE('',*,*,#11212,.F.);
#11234 = ADVANCED_FACE('',(#11235),#10953,.F.);
#11235 = FACE_BOUND('',#11236,.T.);
#11236 = EDGE_LOOP('',(#11237,#11238,#11259,#11260));
#11237 = ORIENTED_EDGE('',*,*,#10936,.F.);
#11238 = ORIENTED_EDGE('',*,*,#11239,.T.);
#11239 = EDGE_CURVE('',#10937,#11095,#11240,.T.);
#11240 = SEAM_CURVE('',#11241,(#11245,#11252),.PCURVE_S1.);
#11241 = LINE('',#11242,#11243);
#11242 = CARTESIAN_POINT('',(34.934018715768,-33.23401871576,33.));
#11243 = VECTOR('',#11244,1.);
#11244 = DIRECTION('',(0.,0.,1.));
#11245 = PCURVE('',#10953,#11246);
#11246 = DEFINITIONAL_REPRESENTATION('',(#11247),#11251);
#11247 = LINE('',#11248,#11249);
#11248 = CARTESIAN_POINT('',(-6.28318530718,0.));
#11249 = VECTOR('',#11250,1.);
#11250 = DIRECTION('',(-0.,-1.));
#11251 = ( GEOMETRIC_REPRESENTATION_CONTEXT(2) 
PARAMETRIC_REPRESENTATION_CONTEXT() REPRESENTATION_CONTEXT('2D SPACE',''
  ) );
#11252 = PCURVE('',#10953,#11253);
#11253 = DEFINITIONAL_REPRESENTATION('',(#11254),#11258);
#11254 = LINE('',#11255,#11256);
#11255 = CARTESIAN_POINT('',(-0.,0.));
#11256 = VECTOR('',#11257,1.);
#11257 = DIRECTION('',(-0.,-1.));
#11258 = ( GEOMETRIC_REPRESENTATION_CONTEXT(2) 
PARAMETRIC_REPRESENTATION_CONTEXT() REPRESENTATION_CONTEXT('2D SPACE',''
  ) );
#11259 = ORIENTED_EDGE('',*,*,#11094,.F.);
#11260 = ORIENTED_EDGE('',*,*,#11239,.F.);
#11261 = ADVANCED_FACE('',(#11262),#10984,.F.);
#11262 = FACE_BOUND('',#11263,.T.);
#11263 = EDGE_LOOP('',(#11264,#11265,#11286,#11287));
#11264 = ORIENTED_EDGE('',*,*,#10967,.F.);
#11265 = ORIENTED_EDGE('',*,*,#11266,.T.);
#11266 = EDGE_CURVE('',#10968,#11125,#11267,.T.);
#11267 = SEAM_CURVE('',#11268,(#11272,#11279),.PCURVE_S1.);
#11268 = LINE('',#11269,#11270);
#11269 = CARTESIAN_POINT('',(-31.53401871576,33.234018715768,33.));
#11270 = VECTOR('',#11271,1.);
#11271 = DIRECTION('',(0.,0.,1.));
#11272 = PCURVE('',#10984,#11273);
#11273 = DEFINITIONAL_REPRESENTATION('',(#11274),#11278);
#11274 = LINE('',#11275,#11276);
#11275 = CARTESIAN_POINT('',(-6.28318530718,0.));
#11276 = VECTOR('',#11277,1.);
#11277 = DIRECTION('',(-0.,-1.));
#11278 = ( GEOMETRIC_REPRESENTATION_CONTEXT(2) 
PARAMETRIC_REPRESENTATION_CONTEXT() REPRESENTATION_CONTEXT('2D SPACE',''
  ) );
#11279 = PCURVE('',#10984,#11280);
#11280 = DEFINITIONAL_REPRESENTATION('',(#11281),#11285);
#11281 = LINE('',#11282,#11283);
#11282 = CARTESIAN_POINT('',(-0.,0.));
#11283 = VECTOR('',#11284,1.);
#11284 = DIRECTION('',(-0.,-1.));
#11285 = ( GEOMETRIC_REPRESENTATION_CONTEXT(2) 
PARAMETRIC_REPRESENTATION_CONTEXT() REPRESENTATION_CONTEXT('2D SPACE',''
  ) );
#11286 = ORIENTED_EDGE('',*,*,#11124,.F.);
#11287 = ORIENTED_EDGE('',*,*,#11266,.F.);
#11288 = ADVANCED_FACE('',(#11289),#11015,.F.);
#11289 = FACE_BOUND('',#11290,.T.);
#11290 = EDGE_LOOP('',(#11291,#11312,#11313,#11314));
#11291 = ORIENTED_EDGE('',*,*,#11292,.T.);
#11292 = EDGE_CURVE('',#10999,#11155,#11293,.T.);
#11293 = SEAM_CURVE('',#11294,(#11298,#11305),.PCURVE_S1.);
#11294 = LINE('',#11295,#11296);
#11295 = CARTESIAN_POINT('',(37.,5.465713352001E-15,33.));
#11296 = VECTOR('',#11297,1.);
#11297 = DIRECTION('',(0.,0.,1.));
#11298 = PCURVE('',#11015,#11299);
#11299 = DEFINITIONAL_REPRESENTATION('',(#11300),#11304);
#11300 = LINE('',#11301,#11302);
#11301 = CARTESIAN_POINT('',(-0.,0.));
#11302 = VECTOR('',#11303,1.);
#11303 = DIRECTION('',(-0.,-1.));
#11304 = ( GEOMETRIC_REPRESENTATION_CONTEXT(2) 
PARAMETRIC_REPRESENTATION_CONTEXT() REPRESENTATION_CONTEXT('2D SPACE',''
  ) );
#11305 = PCURVE('',#11015,#11306);
#11306 = DEFINITIONAL_REPRESENTATION('',(#11307),#11311);
#11307 = LINE('',#11308,#11309);
#11308 = CARTESIAN_POINT('',(-6.28318530718,0.));
#11309 = VECTOR('',#11310,1.);
#11310 = DIRECTION('',(-0.,-1.));
#11311 = ( GEOMETRIC_REPRESENTATION_CONTEXT(2) 
PARAMETRIC_REPRESENTATION_CONTEXT() REPRESENTATION_CONTEXT('2D SPACE',''
  ) );
#11312 = ORIENTED_EDGE('',*,*,#11154,.T.);
#11313 = ORIENTED_EDGE('',*,*,#11292,.F.);
#11314 = ORIENTED_EDGE('',*,*,#10998,.F.);
#11315 = ADVANCED_FACE('',(#11316),#11046,.F.);
#11316 = FACE_BOUND('',#11317,.T.);
#11317 = EDGE_LOOP('',(#11318,#11319,#11340,#11341));
#11318 = ORIENTED_EDGE('',*,*,#11029,.F.);
#11319 = ORIENTED_EDGE('',*,*,#11320,.T.);
#11320 = EDGE_CURVE('',#11030,#11181,#11321,.T.);
#11321 = SEAM_CURVE('',#11322,(#11326,#11333),.PCURVE_S1.);
#11322 = LINE('',#11323,#11324);
#11323 = CARTESIAN_POINT('',(34.934018715768,33.234018715768,33.));
#11324 = VECTOR('',#11325,1.);
#11325 = DIRECTION('',(0.,0.,1.));
#11326 = PCURVE('',#11046,#11327);
#11327 = DEFINITIONAL_REPRESENTATION('',(#11328),#11332);
#11328 = LINE('',#11329,#11330);
#11329 = CARTESIAN_POINT('',(-6.28318530718,0.));
#11330 = VECTOR('',#11331,1.);
#11331 = DIRECTION('',(-0.,-1.));
#11332 = ( GEOMETRIC_REPRESENTATION_CONTEXT(2) 
PARAMETRIC_REPRESENTATION_CONTEXT() REPRESENTATION_CONTEXT('2D SPACE',''
  ) );
#11333 = PCURVE('',#11046,#11334);
#11334 = DEFINITIONAL_REPRESENTATION('',(#11335),#11339);
#11335 = LINE('',#11336,#11337);
#11336 = CARTESIAN_POINT('',(-0.,0.));
#11337 = VECTOR('',#11338,1.);
#11338 = DIRECTION('',(-0.,-1.));
#11339 = ( GEOMETRIC_REPRESENTATION_CONTEXT(2) 
PARAMETRIC_REPRESENTATION_CONTEXT() REPRESENTATION_CONTEXT('2D SPACE',''
  ) );
#11340 = ORIENTED_EDGE('',*,*,#11180,.F.);
#11341 = ORIENTED_EDGE('',*,*,#11320,.F.);
#11342 = ( GEOMETRIC_REPRESENTATION_CONTEXT(3) 
GLOBAL_UNCERTAINTY_ASSIGNED_CONTEXT((#11346)) 
GLOBAL_UNIT_ASSIGNED_CONTEXT((#11343,#11344,#11345)) 
REPRESENTATION_CONTEXT('Context #1',
  '3D Context with UNIT and UNCERTAINTY') );
#11343 = ( LENGTH_UNIT() NAMED_UNIT(*) SI_UNIT(.MILLI.,.METRE.) );
#11344 = ( NAMED_UNIT(*) PLANE_ANGLE_UNIT() SI_UNIT($,.RADIAN.) );
#11345 = ( NAMED_UNIT(*) SI_UNIT($,.STERADIAN.) SOLID_ANGLE_UNIT() );
#11346 = UNCERTAINTY_MEASURE_WITH_UNIT(LENGTH_MEASURE(1.E-07),#11343,
  'distance_accuracy_value','confusion accuracy');
#11347 = CONTEXT_DEPENDENT_SHAPE_REPRESENTATION(#11348,#11350);
#11348 = ( REPRESENTATION_RELATIONSHIP('','',#10807,#10) 
REPRESENTATION_RELATIONSHIP_WITH_TRANSFORMATION(#11349) 
SHAPE_REPRESENTATION_RELATIONSHIP() );
#11349 = ITEM_DEFINED_TRANSFORMATION('','',#11,#27);
#11350 = PRODUCT_DEFINITION_SHAPE('Placement','Placement of an item',
  #11351);
#11351 = NEXT_ASSEMBLY_USAGE_OCCURRENCE('4','retainer','',#5,#10802,$);
#11352 = PRODUCT_RELATED_PRODUCT_CATEGORY('part',$,(#10804));
#11353 = SHAPE_DEFINITION_REPRESENTATION(#11354,#11360);
#11354 = PRODUCT_DEFINITION_SHAPE('','',#11355);
#11355 = PRODUCT_DEFINITION('design','',#11356,#11359);
#11356 = PRODUCT_DEFINITION_FORMATION('','',#11357);
#11357 = PRODUCT('servo_envelope','servo_envelope','',(#11358));
#11358 = PRODUCT_CONTEXT('',#2,'mechanical');
#11359 = PRODUCT_DEFINITION_CONTEXT('part definition',#2,'design');
#11360 = ADVANCED_BREP_SHAPE_REPRESENTATION('',(#11,#11361),#11781);
#11361 = MANIFOLD_SOLID_BREP('',#11362);
#11362 = CLOSED_SHELL('',(#11363,#11483,#11559,#11639,#11688,#11715,
    #11722,#11777));
#11363 = ADVANCED_FACE('',(#11364),#11378,.F.);
#11364 = FACE_BOUND('',#11365,.F.);
#11365 = EDGE_LOOP('',(#11366,#11401,#11429,#11457));
#11366 = ORIENTED_EDGE('',*,*,#11367,.F.);
#11367 = EDGE_CURVE('',#11368,#11370,#11372,.T.);
#11368 = VERTEX_POINT('',#11369);
#11369 = CARTESIAN_POINT('',(-102.,-10.,-1.5));
#11370 = VERTEX_POINT('',#11371);
#11371 = CARTESIAN_POINT('',(-102.,-10.,39.));
#11372 = SURFACE_CURVE('',#11373,(#11377,#11389),.PCURVE_S1.);
#11373 = LINE('',#11374,#11375);
#11374 = CARTESIAN_POINT('',(-102.,-10.,-1.5));
#11375 = VECTOR('',#11376,1.);
#11376 = DIRECTION('',(0.,0.,1.));
#11377 = PCURVE('',#11378,#11383);
#11378 = PLANE('',#11379);
#11379 = AXIS2_PLACEMENT_3D('',#11380,#11381,#11382);
#11380 = CARTESIAN_POINT('',(-102.,-10.,-1.5));
#11381 = DIRECTION('',(1.,0.,0.));
#11382 = DIRECTION('',(0.,0.,1.));
#11383 = DEFINITIONAL_REPRESENTATION('',(#11384),#11388);
#11384 = LINE('',#11385,#11386);
#11385 = CARTESIAN_POINT('',(0.,0.));
#11386 = VECTOR('',#11387,1.);
#11387 = DIRECTION('',(1.,0.));
#11388 = ( GEOMETRIC_REPRESENTATION_CONTEXT(2) 
PARAMETRIC_REPRESENTATION_CONTEXT() REPRESENTATION_CONTEXT('2D SPACE',''
  ) );
#11389 = PCURVE('',#11390,#11395);
#11390 = PLANE('',#11391);
#11391 = AXIS2_PLACEMENT_3D('',#11392,#11393,#11394);
#11392 = CARTESIAN_POINT('',(-102.,-10.,-1.5));
#11393 = DIRECTION('',(0.,1.,0.));
#11394 = DIRECTION('',(0.,0.,1.));
#11395 = DEFINITIONAL_REPRESENTATION('',(#11396),#11400);
#11396 = LINE('',#11397,#11398);
#11397 = CARTESIAN_POINT('',(0.,0.));
#11398 = VECTOR('',#11399,1.);
#11399 = DIRECTION('',(1.,0.));
#11400 = ( GEOMETRIC_REPRESENTATION_CONTEXT(2) 
PARAMETRIC_REPRESENTATION_CONTEXT() REPRESENTATION_CONTEXT('2D SPACE',''
  ) );
#11401 = ORIENTED_EDGE('',*,*,#11402,.T.);
#11402 = EDGE_CURVE('',#11368,#11403,#11405,.T.);
#11403 = VERTEX_POINT('',#11404);
#11404 = CARTESIAN_POINT('',(-102.,10.,-1.5));
#11405 = SURFACE_CURVE('',#11406,(#11410,#11417),.PCURVE_S1.);
#11406 = LINE('',#11407,#11408);
#11407 = CARTESIAN_POINT('',(-102.,-10.,-1.5));
#11408 = VECTOR('',#11409,1.);
#11409 = DIRECTION('',(0.,1.,0.));
#11410 = PCURVE('',#11378,#11411);
#11411 = DEFINITIONAL_REPRESENTATION('',(#11412),#11416);
#11412 = LINE('',#11413,#11414);
#11413 = CARTESIAN_POINT('',(0.,0.));
#11414 = VECTOR('',#11415,1.);
#11415 = DIRECTION('',(0.,-1.));
#11416 = ( GEOMETRIC_REPRESENTATION_CONTEXT(2) 
PARAMETRIC_REPRESENTATION_CONTEXT() REPRESENTATION_CONTEXT('2D SPACE',''
  ) );
#11417 = PCURVE('',#11418,#11423);
#11418 = PLANE('',#11419);
#11419 = AXIS2_PLACEMENT_3D('',#11420,#11421,#11422);
#11420 = CARTESIAN_POINT('',(-102.,-10.,-1.5));
#11421 = DIRECTION('',(0.,0.,1.));
#11422 = DIRECTION('',(1.,0.,0.));
#11423 = DEFINITIONAL_REPRESENTATION('',(#11424),#11428);
#11424 = LINE('',#11425,#11426);
#11425 = CARTESIAN_POINT('',(0.,0.));
#11426 = VECTOR('',#11427,1.);
#11427 = DIRECTION('',(0.,1.));
#11428 = ( GEOMETRIC_REPRESENTATION_CONTEXT(2) 
PARAMETRIC_REPRESENTATION_CONTEXT() REPRESENTATION_CONTEXT('2D SPACE',''
  ) );
#11429 = ORIENTED_EDGE('',*,*,#11430,.T.);
#11430 = EDGE_CURVE('',#11403,#11431,#11433,.T.);
#11431 = VERTEX_POINT('',#11432);
#11432 = CARTESIAN_POINT('',(-102.,10.,39.));
#11433 = SURFACE_CURVE('',#11434,(#11438,#11445),.PCURVE_S1.);
#11434 = LINE('',#11435,#11436);
#11435 = CARTESIAN_POINT('',(-102.,10.,-1.5));
#11436 = VECTOR('',#11437,1.);
#11437 = DIRECTION('',(0.,0.,1.));
#11438 = PCURVE('',#11378,#11439);
#11439 = DEFINITIONAL_REPRESENTATION('',(#11440),#11444);
#11440 = LINE('',#11441,#11442);
#11441 = CARTESIAN_POINT('',(0.,-20.));
#11442 = VECTOR('',#11443,1.);
#11443 = DIRECTION('',(1.,0.));
#11444 = ( GEOMETRIC_REPRESENTATION_CONTEXT(2) 
PARAMETRIC_REPRESENTATION_CONTEXT() REPRESENTATION_CONTEXT('2D SPACE',''
  ) );
#11445 = PCURVE('',#11446,#11451);
#11446 = PLANE('',#11447);
#11447 = AXIS2_PLACEMENT_3D('',#11448,#11449,#11450);
#11448 = CARTESIAN_POINT('',(-102.,10.,-1.5));
#11449 = DIRECTION('',(0.,1.,0.));
#11450 = DIRECTION('',(0.,0.,1.));
#11451 = DEFINITIONAL_REPRESENTATION('',(#11452),#11456);
#11452 = LINE('',#11453,#11454);
#11453 = CARTESIAN_POINT('',(0.,0.));
#11454 = VECTOR('',#11455,1.);
#11455 = DIRECTION('',(1.,0.));
#11456 = ( GEOMETRIC_REPRESENTATION_CONTEXT(2) 
PARAMETRIC_REPRESENTATION_CONTEXT() REPRESENTATION_CONTEXT('2D SPACE',''
  ) );
#11457 = ORIENTED_EDGE('',*,*,#11458,.F.);
#11458 = EDGE_CURVE('',#11370,#11431,#11459,.T.);
#11459 = SURFACE_CURVE('',#11460,(#11464,#11471),.PCURVE_S1.);
#11460 = LINE('',#11461,#11462);
#11461 = CARTESIAN_POINT('',(-102.,-10.,39.));
#11462 = VECTOR('',#11463,1.);
#11463 = DIRECTION('',(0.,1.,0.));
#11464 = PCURVE('',#11378,#11465);
#11465 = DEFINITIONAL_REPRESENTATION('',(#11466),#11470);
#11466 = LINE('',#11467,#11468);
#11467 = CARTESIAN_POINT('',(40.5,0.));
#11468 = VECTOR('',#11469,1.);
#11469 = DIRECTION('',(0.,-1.));
#11470 = ( GEOMETRIC_REPRESENTATION_CONTEXT(2) 
PARAMETRIC_REPRESENTATION_CONTEXT() REPRESENTATION_CONTEXT('2D SPACE',''
  ) );
#11471 = PCURVE('',#11472,#11477);
#11472 = PLANE('',#11473);
#11473 = AXIS2_PLACEMENT_3D('',#11474,#11475,#11476);
#11474 = CARTESIAN_POINT('',(-102.,-10.,39.));
#11475 = DIRECTION('',(0.,0.,1.));
#11476 = DIRECTION('',(1.,0.,0.));
#11477 = DEFINITIONAL_REPRESENTATION('',(#11478),#11482);
#11478 = LINE('',#11479,#11480);
#11479 = CARTESIAN_POINT('',(0.,0.));
#11480 = VECTOR('',#11481,1.);
#11481 = DIRECTION('',(0.,1.));
#11482 = ( GEOMETRIC_REPRESENTATION_CONTEXT(2) 
PARAMETRIC_REPRESENTATION_CONTEXT() REPRESENTATION_CONTEXT('2D SPACE',''
  ) );
#11483 = ADVANCED_FACE('',(#11484),#11390,.F.);
#11484 = FACE_BOUND('',#11485,.F.);
#11485 = EDGE_LOOP('',(#11486,#11509,#11510,#11533));
#11486 = ORIENTED_EDGE('',*,*,#11487,.F.);
#11487 = EDGE_CURVE('',#11368,#11488,#11490,.T.);
#11488 = VERTEX_POINT('',#11489);
#11489 = CARTESIAN_POINT('',(-62.,-10.,-1.5));
#11490 = SURFACE_CURVE('',#11491,(#11495,#11502),.PCURVE_S1.);
#11491 = LINE('',#11492,#11493);
#11492 = CARTESIAN_POINT('',(-102.,-10.,-1.5));
#11493 = VECTOR('',#11494,1.);
#11494 = DIRECTION('',(1.,0.,0.));
#11495 = PCURVE('',#11390,#11496);
#11496 = DEFINITIONAL_REPRESENTATION('',(#11497),#11501);
#11497 = LINE('',#11498,#11499);
#11498 = CARTESIAN_POINT('',(0.,0.));
#11499 = VECTOR('',#11500,1.);
#11500 = DIRECTION('',(0.,1.));
#11501 = ( GEOMETRIC_REPRESENTATION_CONTEXT(2) 
PARAMETRIC_REPRESENTATION_CONTEXT() REPRESENTATION_CONTEXT('2D SPACE',''
  ) );
#11502 = PCURVE('',#11418,#11503);
#11503 = DEFINITIONAL_REPRESENTATION('',(#11504),#11508);
#11504 = LINE('',#11505,#11506);
#11505 = CARTESIAN_POINT('',(0.,0.));
#11506 = VECTOR('',#11507,1.);
#11507 = DIRECTION('',(1.,0.));
#11508 = ( GEOMETRIC_REPRESENTATION_CONTEXT(2) 
PARAMETRIC_REPRESENTATION_CONTEXT() REPRESENTATION_CONTEXT('2D SPACE',''
  ) );
#11509 = ORIENTED_EDGE('',*,*,#11367,.T.);
#11510 = ORIENTED_EDGE('',*,*,#11511,.T.);
#11511 = EDGE_CURVE('',#11370,#11512,#11514,.T.);
#11512 = VERTEX_POINT('',#11513);
#11513 = CARTESIAN_POINT('',(-62.,-10.,39.));
#11514 = SURFACE_CURVE('',#11515,(#11519,#11526),.PCURVE_S1.);
#11515 = LINE('',#11516,#11517);
#11516 = CARTESIAN_POINT('',(-102.,-10.,39.));
#11517 = VECTOR('',#11518,1.);
#11518 = DIRECTION('',(1.,0.,0.));
#11519 = PCURVE('',#11390,#11520);
#11520 = DEFINITIONAL_REPRESENTATION('',(#11521),#11525);
#11521 = LINE('',#11522,#11523);
#11522 = CARTESIAN_POINT('',(40.5,0.));
#11523 = VECTOR('',#11524,1.);
#11524 = DIRECTION('',(0.,1.));
#11525 = ( GEOMETRIC_REPRESENTATION_CONTEXT(2) 
PARAMETRIC_REPRESENTATION_CONTEXT() REPRESENTATION_CONTEXT('2D SPACE',''
  ) );
#11526 = PCURVE('',#11472,#11527);
#11527 = DEFINITIONAL_REPRESENTATION('',(#11528),#11532);
#11528 = LINE('',#11529,#11530);
#11529 = CARTESIAN_POINT('',(0.,0.));
#11530 = VECTOR('',#11531,1.);
#11531 = DIRECTION('',(1.,0.));
#11532 = ( GEOMETRIC_REPRESENTATION_CONTEXT(2) 
PARAMETRIC_REPRESENTATION_CONTEXT() REPRESENTATION_CONTEXT('2D SPACE',''
  ) );
#11533 = ORIENTED_EDGE('',*,*,#11534,.F.);
#11534 = EDGE_CURVE('',#11488,#11512,#11535,.T.);
#11535 = SURFACE_CURVE('',#11536,(#11540,#11547),.PCURVE_S1.);
#11536 = LINE('',#11537,#11538);
#11537 = CARTESIAN_POINT('',(-62.,-10.,-1.5));
#11538 = VECTOR('',#11539,1.);
#11539 = DIRECTION('',(0.,0.,1.));
#11540 = PCURVE('',#11390,#11541);
#11541 = DEFINITIONAL_REPRESENTATION('',(#11542),#11546);
#11542 = LINE('',#11543,#11544);
#11543 = CARTESIAN_POINT('',(0.,40.));
#11544 = VECTOR('',#11545,1.);
#11545 = DIRECTION('',(1.,0.));
#11546 = ( GEOMETRIC_REPRESENTATION_CONTEXT(2) 
PARAMETRIC_REPRESENTATION_CONTEXT() REPRESENTATION_CONTEXT('2D SPACE',''
  ) );
#11547 = PCURVE('',#11548,#11553);
#11548 = PLANE('',#11549);
#11549 = AXIS2_PLACEMENT_3D('',#11550,#11551,#11552);
#11550 = CARTESIAN_POINT('',(-62.,-10.,-1.5));
#11551 = DIRECTION('',(1.,0.,0.));
#11552 = DIRECTION('',(0.,0.,1.));
#11553 = DEFINITIONAL_REPRESENTATION('',(#11554),#11558);
#11554 = LINE('',#11555,#11556);
#11555 = CARTESIAN_POINT('',(0.,0.));
#11556 = VECTOR('',#11557,1.);
#11557 = DIRECTION('',(1.,0.));
#11558 = ( GEOMETRIC_REPRESENTATION_CONTEXT(2) 
PARAMETRIC_REPRESENTATION_CONTEXT() REPRESENTATION_CONTEXT('2D SPACE',''
  ) );
#11559 = ADVANCED_FACE('',(#11560,#11608),#11472,.T.);
#11560 = FACE_BOUND('',#11561,.T.);
#11561 = EDGE_LOOP('',(#11562,#11563,#11564,#11587));
#11562 = ORIENTED_EDGE('',*,*,#11458,.F.);
#11563 = ORIENTED_EDGE('',*,*,#11511,.T.);
#11564 = ORIENTED_EDGE('',*,*,#11565,.T.);
#11565 = EDGE_CURVE('',#11512,#11566,#11568,.T.);
#11566 = VERTEX_POINT('',#11567);
#11567 = CARTESIAN_POINT('',(-62.,10.,39.));
#11568 = SURFACE_CURVE('',#11569,(#11573,#11580),.PCURVE_S1.);
#11569 = LINE('',#11570,#11571);
#11570 = CARTESIAN_POINT('',(-62.,-10.,39.));
#11571 = VECTOR('',#11572,1.);
#11572 = DIRECTION('',(0.,1.,0.));
#11573 = PCURVE('',#11472,#11574);
#11574 = DEFINITIONAL_REPRESENTATION('',(#11575),#11579);
#11575 = LINE('',#11576,#11577);
#11576 = CARTESIAN_POINT('',(40.,0.));
#11577 = VECTOR('',#11578,1.);
#11578 = DIRECTION('',(0.,1.));
#11579 = ( GEOMETRIC_REPRESENTATION_CONTEXT(2) 
PARAMETRIC_REPRESENTATION_CONTEXT() REPRESENTATION_CONTEXT('2D SPACE',''
  ) );
#11580 = PCURVE('',#11548,#11581);
#11581 = DEFINITIONAL_REPRESENTATION('',(#11582),#11586);
#11582 = LINE('',#11583,#11584);
#11583 = CARTESIAN_POINT('',(40.5,0.));
#11584 = VECTOR('',#11585,1.);
#11585 = DIRECTION('',(0.,-1.));
#11586 = ( GEOMETRIC_REPRESENTATION_CONTEXT(2) 
PARAMETRIC_REPRESENTATION_CONTEXT() REPRESENTATION_CONTEXT('2D SPACE',''
  ) );
#11587 = ORIENTED_EDGE('',*,*,#11588,.F.);
#11588 = EDGE_CURVE('',#11431,#11566,#11589,.T.);
#11589 = SURFACE_CURVE('',#11590,(#11594,#11601),.PCURVE_S1.);
#11590 = LINE('',#11591,#11592);
#11591 = CARTESIAN_POINT('',(-102.,10.,39.));
#11592 = VECTOR('',#11593,1.);
#11593 = DIRECTION('',(1.,0.,0.));
#11594 = PCURVE('',#11472,#11595);
#11595 = DEFINITIONAL_REPRESENTATION('',(#11596),#11600);
#11596 = LINE('',#11597,#11598);
#11597 = CARTESIAN_POINT('',(0.,20.));
#11598 = VECTOR('',#11599,1.);
#11599 = DIRECTION('',(1.,0.));
#11600 = ( GEOMETRIC_REPRESENTATION_CONTEXT(2) 
PARAMETRIC_REPRESENTATION_CONTEXT() REPRESENTATION_CONTEXT('2D SPACE',''
  ) );
#11601 = PCURVE('',#11446,#11602);
#11602 = DEFINITIONAL_REPRESENTATION('',(#11603),#11607);
#11603 = LINE('',#11604,#11605);
#11604 = CARTESIAN_POINT('',(40.5,0.));
#11605 = VECTOR('',#11606,1.);
#11606 = DIRECTION('',(0.,1.));
#11607 = ( GEOMETRIC_REPRESENTATION_CONTEXT(2) 
PARAMETRIC_REPRESENTATION_CONTEXT() REPRESENTATION_CONTEXT('2D SPACE',''
  ) );
#11608 = FACE_BOUND('',#11609,.T.);
#11609 = EDGE_LOOP('',(#11610));
#11610 = ORIENTED_EDGE('',*,*,#11611,.F.);
#11611 = EDGE_CURVE('',#11612,#11612,#11614,.T.);
#11612 = VERTEX_POINT('',#11613);
#11613 = CARTESIAN_POINT('',(-69.,0.,39.));
#11614 = SURFACE_CURVE('',#11615,(#11620,#11627),.PCURVE_S1.);
#11615 = CIRCLE('',#11616,3.);
#11616 = AXIS2_PLACEMENT_3D('',#11617,#11618,#11619);
#11617 = CARTESIAN_POINT('',(-72.,0.,39.));
#11618 = DIRECTION('',(0.,0.,1.));
#11619 = DIRECTION('',(1.,0.,0.));
#11620 = PCURVE('',#11472,#11621);
#11621 = DEFINITIONAL_REPRESENTATION('',(#11622),#11626);
#11622 = CIRCLE('',#11623,3.);
#11623 = AXIS2_PLACEMENT_2D('',#11624,#11625);
#11624 = CARTESIAN_POINT('',(30.,10.));
#11625 = DIRECTION('',(1.,0.));
#11626 = ( GEOMETRIC_REPRESENTATION_CONTEXT(2) 
PARAMETRIC_REPRESENTATION_CONTEXT() REPRESENTATION_CONTEXT('2D SPACE',''
  ) );
#11627 = PCURVE('',#11628,#11633);
#11628 = CYLINDRICAL_SURFACE('',#11629,3.);
#11629 = AXIS2_PLACEMENT_3D('',#11630,#11631,#11632);
#11630 = CARTESIAN_POINT('',(-72.,0.,39.));
#11631 = DIRECTION('',(-0.,-0.,-1.));
#11632 = DIRECTION('',(1.,0.,0.));
#11633 = DEFINITIONAL_REPRESENTATION('',(#11634),#11638);
#11634 = LINE('',#11635,#11636);
#11635 = CARTESIAN_POINT('',(-0.,0.));
#11636 = VECTOR('',#11637,1.);
#11637 = DIRECTION('',(-1.,0.));
#11638 = ( GEOMETRIC_REPRESENTATION_CONTEXT(2) 
PARAMETRIC_REPRESENTATION_CONTEXT() REPRESENTATION_CONTEXT('2D SPACE',''
  ) );
#11639 = ADVANCED_FACE('',(#11640),#11446,.T.);
#11640 = FACE_BOUND('',#11641,.T.);
#11641 = EDGE_LOOP('',(#11642,#11665,#11666,#11667));
#11642 = ORIENTED_EDGE('',*,*,#11643,.F.);
#11643 = EDGE_CURVE('',#11403,#11644,#11646,.T.);
#11644 = VERTEX_POINT('',#11645);
#11645 = CARTESIAN_POINT('',(-62.,10.,-1.5));
#11646 = SURFACE_CURVE('',#11647,(#11651,#11658),.PCURVE_S1.);
#11647 = LINE('',#11648,#11649);
#11648 = CARTESIAN_POINT('',(-102.,10.,-1.5));
#11649 = VECTOR('',#11650,1.);
#11650 = DIRECTION('',(1.,0.,0.));
#11651 = PCURVE('',#11446,#11652);
#11652 = DEFINITIONAL_REPRESENTATION('',(#11653),#11657);
#11653 = LINE('',#11654,#11655);
#11654 = CARTESIAN_POINT('',(0.,0.));
#11655 = VECTOR('',#11656,1.);
#11656 = DIRECTION('',(0.,1.));
#11657 = ( GEOMETRIC_REPRESENTATION_CONTEXT(2) 
PARAMETRIC_REPRESENTATION_CONTEXT() REPRESENTATION_CONTEXT('2D SPACE',''
  ) );
#11658 = PCURVE('',#11418,#11659);
#11659 = DEFINITIONAL_REPRESENTATION('',(#11660),#11664);
#11660 = LINE('',#11661,#11662);
#11661 = CARTESIAN_POINT('',(0.,20.));
#11662 = VECTOR('',#11663,1.);
#11663 = DIRECTION('',(1.,0.));
#11664 = ( GEOMETRIC_REPRESENTATION_CONTEXT(2) 
PARAMETRIC_REPRESENTATION_CONTEXT() REPRESENTATION_CONTEXT('2D SPACE',''
  ) );
#11665 = ORIENTED_EDGE('',*,*,#11430,.T.);
#11666 = ORIENTED_EDGE('',*,*,#11588,.T.);
#11667 = ORIENTED_EDGE('',*,*,#11668,.F.);
#11668 = EDGE_CURVE('',#11644,#11566,#11669,.T.);
#11669 = SURFACE_CURVE('',#11670,(#11674,#11681),.PCURVE_S1.);
#11670 = LINE('',#11671,#11672);
#11671 = CARTESIAN_POINT('',(-62.,10.,-1.5));
#11672 = VECTOR('',#11673,1.);
#11673 = DIRECTION('',(0.,0.,1.));
#11674 = PCURVE('',#11446,#11675);
#11675 = DEFINITIONAL_REPRESENTATION('',(#11676),#11680);
#11676 = LINE('',#11677,#11678);
#11677 = CARTESIAN_POINT('',(0.,40.));
#11678 = VECTOR('',#11679,1.);
#11679 = DIRECTION('',(1.,0.));
#11680 = ( GEOMETRIC_REPRESENTATION_CONTEXT(2) 
PARAMETRIC_REPRESENTATION_CONTEXT() REPRESENTATION_CONTEXT('2D SPACE',''
  ) );
#11681 = PCURVE('',#11548,#11682);
#11682 = DEFINITIONAL_REPRESENTATION('',(#11683),#11687);
#11683 = LINE('',#11684,#11685);
#11684 = CARTESIAN_POINT('',(0.,-20.));
#11685 = VECTOR('',#11686,1.);
#11686 = DIRECTION('',(1.,0.));
#11687 = ( GEOMETRIC_REPRESENTATION_CONTEXT(2) 
PARAMETRIC_REPRESENTATION_CONTEXT() REPRESENTATION_CONTEXT('2D SPACE',''
  ) );
#11688 = ADVANCED_FACE('',(#11689),#11418,.F.);
#11689 = FACE_BOUND('',#11690,.F.);
#11690 = EDGE_LOOP('',(#11691,#11692,#11693,#11714));
#11691 = ORIENTED_EDGE('',*,*,#11402,.F.);
#11692 = ORIENTED_EDGE('',*,*,#11487,.T.);
#11693 = ORIENTED_EDGE('',*,*,#11694,.T.);
#11694 = EDGE_CURVE('',#11488,#11644,#11695,.T.);
#11695 = SURFACE_CURVE('',#11696,(#11700,#11707),.PCURVE_S1.);
#11696 = LINE('',#11697,#11698);
#11697 = CARTESIAN_POINT('',(-62.,-10.,-1.5));
#11698 = VECTOR('',#11699,1.);
#11699 = DIRECTION('',(0.,1.,0.));
#11700 = PCURVE('',#11418,#11701);
#11701 = DEFINITIONAL_REPRESENTATION('',(#11702),#11706);
#11702 = LINE('',#11703,#11704);
#11703 = CARTESIAN_POINT('',(40.,0.));
#11704 = VECTOR('',#11705,1.);
#11705 = DIRECTION('',(0.,1.));
#11706 = ( GEOMETRIC_REPRESENTATION_CONTEXT(2) 
PARAMETRIC_REPRESENTATION_CONTEXT() REPRESENTATION_CONTEXT('2D SPACE',''
  ) );
#11707 = PCURVE('',#11548,#11708);
#11708 = DEFINITIONAL_REPRESENTATION('',(#11709),#11713);
#11709 = LINE('',#11710,#11711);
#11710 = CARTESIAN_POINT('',(0.,0.));
#11711 = VECTOR('',#11712,1.);
#11712 = DIRECTION('',(0.,-1.));
#11713 = ( GEOMETRIC_REPRESENTATION_CONTEXT(2) 
PARAMETRIC_REPRESENTATION_CONTEXT() REPRESENTATION_CONTEXT('2D SPACE',''
  ) );
#11714 = ORIENTED_EDGE('',*,*,#11643,.F.);
#11715 = ADVANCED_FACE('',(#11716),#11548,.T.);
#11716 = FACE_BOUND('',#11717,.T.);
#11717 = EDGE_LOOP('',(#11718,#11719,#11720,#11721));
#11718 = ORIENTED_EDGE('',*,*,#11534,.F.);
#11719 = ORIENTED_EDGE('',*,*,#11694,.T.);
#11720 = ORIENTED_EDGE('',*,*,#11668,.T.);
#11721 = ORIENTED_EDGE('',*,*,#11565,.F.);
#11722 = ADVANCED_FACE('',(#11723),#11628,.T.);
#11723 = FACE_BOUND('',#11724,.F.);
#11724 = EDGE_LOOP('',(#11725,#11748,#11775,#11776));
#11725 = ORIENTED_EDGE('',*,*,#11726,.T.);
#11726 = EDGE_CURVE('',#11612,#11727,#11729,.T.);
#11727 = VERTEX_POINT('',#11728);
#11728 = CARTESIAN_POINT('',(-69.,0.,45.));
#11729 = SEAM_CURVE('',#11730,(#11734,#11741),.PCURVE_S1.);
#11730 = LINE('',#11731,#11732);
#11731 = CARTESIAN_POINT('',(-69.,0.,39.));
#11732 = VECTOR('',#11733,1.);
#11733 = DIRECTION('',(0.,0.,1.));
#11734 = PCURVE('',#11628,#11735);
#11735 = DEFINITIONAL_REPRESENTATION('',(#11736),#11740);
#11736 = LINE('',#11737,#11738);
#11737 = CARTESIAN_POINT('',(-0.,0.));
#11738 = VECTOR('',#11739,1.);
#11739 = DIRECTION('',(-0.,-1.));
#11740 = ( GEOMETRIC_REPRESENTATION_CONTEXT(2) 
PARAMETRIC_REPRESENTATION_CONTEXT() REPRESENTATION_CONTEXT('2D SPACE',''
  ) );
#11741 = PCURVE('',#11628,#11742);
#11742 = DEFINITIONAL_REPRESENTATION('',(#11743),#11747);
#11743 = LINE('',#11744,#11745);
#11744 = CARTESIAN_POINT('',(-6.28318530718,0.));
#11745 = VECTOR('',#11746,1.);
#11746 = DIRECTION('',(-0.,-1.));
#11747 = ( GEOMETRIC_REPRESENTATION_CONTEXT(2) 
PARAMETRIC_REPRESENTATION_CONTEXT() REPRESENTATION_CONTEXT('2D SPACE',''
  ) );
#11748 = ORIENTED_EDGE('',*,*,#11749,.T.);
#11749 = EDGE_CURVE('',#11727,#11727,#11750,.T.);
#11750 = SURFACE_CURVE('',#11751,(#11756,#11763),.PCURVE_S1.);
#11751 = CIRCLE('',#11752,3.);
#11752 = AXIS2_PLACEMENT_3D('',#11753,#11754,#11755);
#11753 = CARTESIAN_POINT('',(-72.,0.,45.));
#11754 = DIRECTION('',(0.,0.,1.));
#11755 = DIRECTION('',(1.,0.,0.));
#11756 = PCURVE('',#11628,#11757);
#11757 = DEFINITIONAL_REPRESENTATION('',(#11758),#11762);
#11758 = LINE('',#11759,#11760);
#11759 = CARTESIAN_POINT('',(-0.,-6.));
#11760 = VECTOR('',#11761,1.);
#11761 = DIRECTION('',(-1.,0.));
#11762 = ( GEOMETRIC_REPRESENTATION_CONTEXT(2) 
PARAMETRIC_REPRESENTATION_CONTEXT() REPRESENTATION_CONTEXT('2D SPACE',''
  ) );
#11763 = PCURVE('',#11764,#11769);
#11764 = PLANE('',#11765);
#11765 = AXIS2_PLACEMENT_3D('',#11766,#11767,#11768);
#11766 = CARTESIAN_POINT('',(-72.,2.193953532201E-16,45.));
#11767 = DIRECTION('',(0.,0.,1.));
#11768 = DIRECTION('',(1.,0.,-0.));
#11769 = DEFINITIONAL_REPRESENTATION('',(#11770),#11774);
#11770 = CIRCLE('',#11771,3.);
#11771 = AXIS2_PLACEMENT_2D('',#11772,#11773);
#11772 = CARTESIAN_POINT('',(0.,-2.193953532201E-16));
#11773 = DIRECTION('',(1.,0.));
#11774 = ( GEOMETRIC_REPRESENTATION_CONTEXT(2) 
PARAMETRIC_REPRESENTATION_CONTEXT() REPRESENTATION_CONTEXT('2D SPACE',''
  ) );
#11775 = ORIENTED_EDGE('',*,*,#11726,.F.);
#11776 = ORIENTED_EDGE('',*,*,#11611,.F.);
#11777 = ADVANCED_FACE('',(#11778),#11764,.T.);
#11778 = FACE_BOUND('',#11779,.T.);
#11779 = EDGE_LOOP('',(#11780));
#11780 = ORIENTED_EDGE('',*,*,#11749,.T.);
#11781 = ( GEOMETRIC_REPRESENTATION_CONTEXT(3) 
GLOBAL_UNCERTAINTY_ASSIGNED_CONTEXT((#11785)) 
GLOBAL_UNIT_ASSIGNED_CONTEXT((#11782,#11783,#11784)) 
REPRESENTATION_CONTEXT('Context #1',
  '3D Context with UNIT and UNCERTAINTY') );
#11782 = ( LENGTH_UNIT() NAMED_UNIT(*) SI_UNIT(.MILLI.,.METRE.) );
#11783 = ( NAMED_UNIT(*) PLANE_ANGLE_UNIT() SI_UNIT($,.RADIAN.) );
#11784 = ( NAMED_UNIT(*) SI_UNIT($,.STERADIAN.) SOLID_ANGLE_UNIT() );
#11785 = UNCERTAINTY_MEASURE_WITH_UNIT(LENGTH_MEASURE(1.E-07),#11782,
  'distance_accuracy_value','confusion accuracy');
#11786 = CONTEXT_DEPENDENT_SHAPE_REPRESENTATION(#11787,#11789);
#11787 = ( REPRESENTATION_RELATIONSHIP('','',#11360,#10) 
REPRESENTATION_RELATIONSHIP_WITH_TRANSFORMATION(#11788) 
SHAPE_REPRESENTATION_RELATIONSHIP() );
#11788 = ITEM_DEFINED_TRANSFORMATION('','',#11,#31);
#11789 = PRODUCT_DEFINITION_SHAPE('Placement','Placement of an item',
  #11790);
#11790 = NEXT_ASSEMBLY_USAGE_OCCURRENCE('5','servo_envelope','',#5,
  #11355,$);
#11791 = PRODUCT_RELATED_PRODUCT_CATEGORY('part',$,(#11357));
#11792 = SHAPE_DEFINITION_REPRESENTATION(#11793,#11799);
#11793 = PRODUCT_DEFINITION_SHAPE('','',#11794);
#11794 = PRODUCT_DEFINITION('design','',#11795,#11798);
#11795 = PRODUCT_DEFINITION_FORMATION('','',#11796);
#11796 = PRODUCT('dew_shield_envelope','dew_shield_envelope','',(#11797)
  );
#11797 = PRODUCT_CONTEXT('',#2,'mechanical');
#11798 = PRODUCT_DEFINITION_CONTEXT('part definition',#2,'design');
#11799 = ADVANCED_BREP_SHAPE_REPRESENTATION('',(#11,#11800),#11898);
#11800 = MANIFOLD_SOLID_BREP('',#11801);
#11801 = CLOSED_SHELL('',(#11802,#11890,#11894));
#11802 = ADVANCED_FACE('',(#11803),#11817,.T.);
#11803 = FACE_BOUND('',#11804,.F.);
#11804 = EDGE_LOOP('',(#11805,#11835,#11862,#11863));
#11805 = ORIENTED_EDGE('',*,*,#11806,.T.);
#11806 = EDGE_CURVE('',#11807,#11809,#11811,.T.);
#11807 = VERTEX_POINT('',#11808);
#11808 = CARTESIAN_POINT('',(40.,0.,-3.));
#11809 = VERTEX_POINT('',#11810);
#11810 = CARTESIAN_POINT('',(40.,0.,33.));
#11811 = SEAM_CURVE('',#11812,(#11816,#11828),.PCURVE_S1.);
#11812 = LINE('',#11813,#11814);
#11813 = CARTESIAN_POINT('',(40.,0.,-3.));
#11814 = VECTOR('',#11815,1.);
#11815 = DIRECTION('',(0.,0.,1.));
#11816 = PCURVE('',#11817,#11822);
#11817 = CYLINDRICAL_SURFACE('',#11818,40.);
#11818 = AXIS2_PLACEMENT_3D('',#11819,#11820,#11821);
#11819 = CARTESIAN_POINT('',(0.,0.,-3.));
#11820 = DIRECTION('',(-0.,-0.,-1.));
#11821 = DIRECTION('',(1.,0.,0.));
#11822 = DEFINITIONAL_REPRESENTATION('',(#11823),#11827);
#11823 = LINE('',#11824,#11825);
#11824 = CARTESIAN_POINT('',(-0.,0.));
#11825 = VECTOR('',#11826,1.);
#11826 = DIRECTION('',(-0.,-1.));
#11827 = ( GEOMETRIC_REPRESENTATION_CONTEXT(2) 
PARAMETRIC_REPRESENTATION_CONTEXT() REPRESENTATION_CONTEXT('2D SPACE',''
  ) );
#11828 = PCURVE('',#11817,#11829);
#11829 = DEFINITIONAL_REPRESENTATION('',(#11830),#11834);
#11830 = LINE('',#11831,#11832);
#11831 = CARTESIAN_POINT('',(-6.28318530718,0.));
#11832 = VECTOR('',#11833,1.);
#11833 = DIRECTION('',(-0.,-1.));
#11834 = ( GEOMETRIC_REPRESENTATION_CONTEXT(2) 
PARAMETRIC_REPRESENTATION_CONTEXT() REPRESENTATION_CONTEXT('2D SPACE',''
  ) );
#11835 = ORIENTED_EDGE('',*,*,#11836,.T.);
#11836 = EDGE_CURVE('',#11809,#11809,#11837,.T.);
#11837 = SURFACE_CURVE('',#11838,(#11843,#11850),.PCURVE_S1.);
#11838 = CIRCLE('',#11839,40.);
#11839 = AXIS2_PLACEMENT_3D('',#11840,#11841,#11842);
#11840 = CARTESIAN_POINT('',(0.,0.,33.));
#11841 = DIRECTION('',(0.,0.,1.));
#11842 = DIRECTION('',(1.,0.,0.));
#11843 = PCURVE('',#11817,#11844);
#11844 = DEFINITIONAL_REPRESENTATION('',(#11845),#11849);
#11845 = LINE('',#11846,#11847);
#11846 = CARTESIAN_POINT('',(-0.,-36.));
#11847 = VECTOR('',#11848,1.);
#11848 = DIRECTION('',(-1.,0.));
#11849 = ( GEOMETRIC_REPRESENTATION_CONTEXT(2) 
PARAMETRIC_REPRESENTATION_CONTEXT() REPRESENTATION_CONTEXT('2D SPACE',''
  ) );
#11850 = PCURVE('',#11851,#11856);
#11851 = PLANE('',#11852);
#11852 = AXIS2_PLACEMENT_3D('',#11853,#11854,#11855);
#11853 = CARTESIAN_POINT('',(-2.187904212063E-15,2.742946025263E-15,33.)
  );
#11854 = DIRECTION('',(0.,0.,1.));
#11855 = DIRECTION('',(1.,0.,-0.));
#11856 = DEFINITIONAL_REPRESENTATION('',(#11857),#11861);
#11857 = CIRCLE('',#11858,40.);
#11858 = AXIS2_PLACEMENT_2D('',#11859,#11860);
#11859 = CARTESIAN_POINT('',(2.187904212063E-15,-2.742946025263E-15));
#11860 = DIRECTION('',(1.,0.));
#11861 = ( GEOMETRIC_REPRESENTATION_CONTEXT(2) 
PARAMETRIC_REPRESENTATION_CONTEXT() REPRESENTATION_CONTEXT('2D SPACE',''
  ) );
#11862 = ORIENTED_EDGE('',*,*,#11806,.F.);
#11863 = ORIENTED_EDGE('',*,*,#11864,.F.);
#11864 = EDGE_CURVE('',#11807,#11807,#11865,.T.);
#11865 = SURFACE_CURVE('',#11866,(#11871,#11878),.PCURVE_S1.);
#11866 = CIRCLE('',#11867,40.);
#11867 = AXIS2_PLACEMENT_3D('',#11868,#11869,#11870);
#11868 = CARTESIAN_POINT('',(0.,0.,-3.));
#11869 = DIRECTION('',(0.,0.,1.));
#11870 = DIRECTION('',(1.,0.,0.));
#11871 = PCURVE('',#11817,#11872);
#11872 = DEFINITIONAL_REPRESENTATION('',(#11873),#11877);
#11873 = LINE('',#11874,#11875);
#11874 = CARTESIAN_POINT('',(-0.,0.));
#11875 = VECTOR('',#11876,1.);
#11876 = DIRECTION('',(-1.,0.));
#11877 = ( GEOMETRIC_REPRESENTATION_CONTEXT(2) 
PARAMETRIC_REPRESENTATION_CONTEXT() REPRESENTATION_CONTEXT('2D SPACE',''
  ) );
#11878 = PCURVE('',#11879,#11884);
#11879 = PLANE('',#11880);
#11880 = AXIS2_PLACEMENT_3D('',#11881,#11882,#11883);
#11881 = CARTESIAN_POINT('',(-2.187904212063E-15,2.742946025263E-15,-3.)
  );
#11882 = DIRECTION('',(0.,0.,1.));
#11883 = DIRECTION('',(1.,0.,-0.));
#11884 = DEFINITIONAL_REPRESENTATION('',(#11885),#11889);
#11885 = CIRCLE('',#11886,40.);
#11886 = AXIS2_PLACEMENT_2D('',#11887,#11888);
#11887 = CARTESIAN_POINT('',(2.187904212063E-15,-2.742946025263E-15));
#11888 = DIRECTION('',(1.,0.));
#11889 = ( GEOMETRIC_REPRESENTATION_CONTEXT(2) 
PARAMETRIC_REPRESENTATION_CONTEXT() REPRESENTATION_CONTEXT('2D SPACE',''
  ) );
#11890 = ADVANCED_FACE('',(#11891),#11879,.F.);
#11891 = FACE_BOUND('',#11892,.F.);
#11892 = EDGE_LOOP('',(#11893));
#11893 = ORIENTED_EDGE('',*,*,#11864,.T.);
#11894 = ADVANCED_FACE('',(#11895),#11851,.T.);
#11895 = FACE_BOUND('',#11896,.T.);
#11896 = EDGE_LOOP('',(#11897));
#11897 = ORIENTED_EDGE('',*,*,#11836,.T.);
#11898 = ( GEOMETRIC_REPRESENTATION_CONTEXT(3) 
GLOBAL_UNCERTAINTY_ASSIGNED_CONTEXT((#11902)) 
GLOBAL_UNIT_ASSIGNED_CONTEXT((#11899,#11900,#11901)) 
REPRESENTATION_CONTEXT('Context #1',
  '3D Context with UNIT and UNCERTAINTY') );
#11899 = ( LENGTH_UNIT() NAMED_UNIT(*) SI_UNIT(.MILLI.,.METRE.) );
#11900 = ( NAMED_UNIT(*) PLANE_ANGLE_UNIT() SI_UNIT($,.RADIAN.) );
#11901 = ( NAMED_UNIT(*) SI_UNIT($,.STERADIAN.) SOLID_ANGLE_UNIT() );
#11902 = UNCERTAINTY_MEASURE_WITH_UNIT(LENGTH_MEASURE(1.E-07),#11899,
  'distance_accuracy_value','confusion accuracy');
#11903 = CONTEXT_DEPENDENT_SHAPE_REPRESENTATION(#11904,#11906);
#11904 = ( REPRESENTATION_RELATIONSHIP('','',#11799,#10) 
REPRESENTATION_RELATIONSHIP_WITH_TRANSFORMATION(#11905) 
SHAPE_REPRESENTATION_RELATIONSHIP() );
#11905 = ITEM_DEFINED_TRANSFORMATION('','',#11,#35);
#11906 = PRODUCT_DEFINITION_SHAPE('Placement','Placement of an item',
  #11907);
#11907 = NEXT_ASSEMBLY_USAGE_OCCURRENCE('6','dew_shield_envelope','',#5,
  #11794,$);
#11908 = PRODUCT_RELATED_PRODUCT_CATEGORY('part',$,(#11796));
#11909 = MECHANICAL_DESIGN_GEOMETRIC_PRESENTATION_REPRESENTATION('',(
    #11910),#10789);
#11910 = STYLED_ITEM('color',(#11911),#8119);
#11911 = PRESENTATION_STYLE_ASSIGNMENT((#11912));
#11912 = SURFACE_STYLE_USAGE(.BOTH.,#11913);
#11913 = SURFACE_SIDE_STYLE('',(#11914));
#11914 = SURFACE_STYLE_FILL_AREA(#11915);
#11915 = FILL_AREA_STYLE('',(#11916));
#11916 = FILL_AREA_STYLE_COLOUR('',#11917);
#11917 = COLOUR_RGB('',0.850000012718,0.850000012718,0.850000012718);
#11918 = MECHANICAL_DESIGN_GEOMETRIC_PRESENTATION_REPRESENTATION('',(
    #11919),#5099);
#11919 = STYLED_ITEM('color',(#11920),#53);
#11920 = PRESENTATION_STYLE_ASSIGNMENT((#11921));
#11921 = SURFACE_STYLE_USAGE(.BOTH.,#11922);
#11922 = SURFACE_SIDE_STYLE('',(#11923));
#11923 = SURFACE_STYLE_FILL_AREA(#11924);
#11924 = FILL_AREA_STYLE('',(#11925));
#11925 = FILL_AREA_STYLE_COLOUR('',#11926);
#11926 = COLOUR_RGB('',0.750000000934,0.149999997808,0.149999997808);
#11927 = MECHANICAL_DESIGN_GEOMETRIC_PRESENTATION_REPRESENTATION('',(
    #11928),#11781);
#11928 = STYLED_ITEM('color',(#11929),#11361);
#11929 = PRESENTATION_STYLE_ASSIGNMENT((#11930));
#11930 = SURFACE_STYLE_USAGE(.BOTH.,#11931);
#11931 = SURFACE_SIDE_STYLE('',(#11932));
#11932 = SURFACE_STYLE_FILL_AREA(#11933);
#11933 = FILL_AREA_STYLE('',(#11934));
#11934 = FILL_AREA_STYLE_COLOUR('',#11935);
#11935 = COLOUR_RGB('',9.999999991362E-02,9.999999991362E-02,
  9.999999991362E-02);
#11936 = MECHANICAL_DESIGN_GEOMETRIC_PRESENTATION_REPRESENTATION('',(
    #11937),#11342);
#11937 = STYLED_ITEM('color',(#11938),#10808);
#11938 = PRESENTATION_STYLE_ASSIGNMENT((#11939));
#11939 = SURFACE_STYLE_USAGE(.BOTH.,#11940);
#11940 = SURFACE_SIDE_STYLE('',(#11941));
#11941 = SURFACE_STYLE_FILL_AREA(#11942);
#11942 = FILL_AREA_STYLE('',(#11943));
#11943 = FILL_AREA_STYLE_COLOUR('',#11944);
#11944 = COLOUR_RGB('',0.199999998682,0.199999998682,0.199999998682);
#11945 = MECHANICAL_DESIGN_GEOMETRIC_PRESENTATION_REPRESENTATION('',(
    #11946),#11898);
#11946 = STYLED_ITEM('color',(#11947),#11800);
#11947 = PRESENTATION_STYLE_ASSIGNMENT((#11948));
#11948 = SURFACE_STYLE_USAGE(.BOTH.,#11949);
#11949 = SURFACE_SIDE_STYLE('',(#11950));
#11950 = SURFACE_STYLE_FILL_AREA(#11951);
#11951 = FILL_AREA_STYLE('',(#11952));
#11952 = FILL_AREA_STYLE_COLOUR('',#11953);
#11953 = COLOUR_RGB('',0.500000003429,0.500000003429,0.55000000909);
#11954 = MECHANICAL_DESIGN_GEOMETRIC_PRESENTATION_REPRESENTATION('',(
    #11955),#8100);
#11955 = STYLED_ITEM('color',(#11956),#5118);
#11956 = PRESENTATION_STYLE_ASSIGNMENT((#11957));
#11957 = SURFACE_STYLE_USAGE(.BOTH.,#11958);
#11958 = SURFACE_SIDE_STYLE('',(#11959));
#11959 = SURFACE_STYLE_FILL_AREA(#11960);
#11960 = FILL_AREA_STYLE('',(#11961));
#11961 = FILL_AREA_STYLE_COLOUR('',#11962);
#11962 = COLOUR_RGB('',0.299999996101,0.299999996101,0.350000000377);
ENDSEC;
END-ISO-10303-21;
