ISO-10303-21;
HEADER;
FILE_DESCRIPTION(('Open CASCADE Model'),'2;1');
FILE_NAME('Open CASCADE Shape Model','2026-07-17T22:52:55',('Author'),(
    'Open CASCADE'),'Open CASCADE STEP processor 7.9','Open CASCADE 7.9'
  ,'Unknown');
FILE_SCHEMA(('AUTOMOTIVE_DESIGN { 1 0 10303 214 1 1 1 1 }'));
ENDSEC;
DATA;
#1 = APPLICATION_PROTOCOL_DEFINITION('international standard',
  'automotive_design',2000,#2);
#2 = APPLICATION_CONTEXT(
  'core data for automotive mechanical design processes');
#3 = SHAPE_DEFINITION_REPRESENTATION(#4,#10);
#4 = PRODUCT_DEFINITION_SHAPE('','',#5);
#5 = PRODUCT_DEFINITION('design','',#6,#9);
#6 = PRODUCT_DEFINITION_FORMATION('','',#7);
#7 = PRODUCT('Open CASCADE STEP translator 7.9 2',
  'Open CASCADE STEP translator 7.9 2','',(#8));
#8 = PRODUCT_CONTEXT('',#2,'mechanical');
#9 = PRODUCT_DEFINITION_CONTEXT('part definition',#2,'design');
#10 = ADVANCED_BREP_SHAPE_REPRESENTATION('',(#11,#15),#5123);
#11 = AXIS2_PLACEMENT_3D('',#12,#13,#14);
#12 = CARTESIAN_POINT('',(0.,0.,0.));
#13 = DIRECTION('',(0.,0.,1.));
#14 = DIRECTION('',(1.,0.,-0.));
#15 = MANIFOLD_SOLID_BREP('',#16);
#16 = CLOSED_SHELL('',(#17,#265,#401,#631,#715,#791,#796,#1311,#1365,
    #1425,#1760,#1859,#1911,#2407,#2456,#2505,#2765,#2814,#2868,#2895,
    #2922,#2971,#3020,#3070,#3119,#3168,#3252,#3279,#3317,#3413,#3451,
    #3489,#3527,#3565,#3697,#3735,#3867,#3905,#3912,#3985,#4011,#4084,
    #4134,#4160,#4186,#4236,#4265,#4291,#4318,#4347,#4612,#4619,#4720,
    #4775,#4830,#4885,#4932,#4959,#4986,#4993,#5048,#5103,#5107,#5111,
    #5115,#5119));
#17 = ADVANCED_FACE('',(#18),#32,.T.);
#18 = FACE_BOUND('',#19,.F.);
#19 = EDGE_LOOP('',(#20,#55,#95,#123,#158,#181,#210,#238));
#20 = ORIENTED_EDGE('',*,*,#21,.T.);
#21 = EDGE_CURVE('',#22,#24,#26,.T.);
#22 = VERTEX_POINT('',#23);
#23 = CARTESIAN_POINT('',(10.,45.975020391513,28.5));
#24 = VERTEX_POINT('',#25);
#25 = CARTESIAN_POINT('',(10.,45.975020391513,17.198721914729));
#26 = SURFACE_CURVE('',#27,(#31,#43),.PCURVE_S1.);
#27 = LINE('',#28,#29);
#28 = CARTESIAN_POINT('',(10.,45.975020391513,0.));
#29 = VECTOR('',#30,1.);
#30 = DIRECTION('',(-0.,-0.,-1.));
#31 = PCURVE('',#32,#37);
#32 = CYLINDRICAL_SURFACE('',#33,47.05);
#33 = AXIS2_PLACEMENT_3D('',#34,#35,#36);
#34 = CARTESIAN_POINT('',(0.,0.,0.));
#35 = DIRECTION('',(-0.,-0.,-1.));
#36 = DIRECTION('',(1.,0.,0.));
#37 = DEFINITIONAL_REPRESENTATION('',(#38),#42);
#38 = LINE('',#39,#40);
#39 = CARTESIAN_POINT('',(-7.639808168065,0.));
#40 = VECTOR('',#41,1.);
#41 = DIRECTION('',(-0.,1.));
#42 = ( GEOMETRIC_REPRESENTATION_CONTEXT(2) 
PARAMETRIC_REPRESENTATION_CONTEXT() REPRESENTATION_CONTEXT('2D SPACE',''
  ) );
#43 = PCURVE('',#44,#49);
#44 = PLANE('',#45);
#45 = AXIS2_PLACEMENT_3D('',#46,#47,#48);
#46 = CARTESIAN_POINT('',(10.,38.55,0.));
#47 = DIRECTION('',(1.,0.,0.));
#48 = DIRECTION('',(0.,0.,1.));
#49 = DEFINITIONAL_REPRESENTATION('',(#50),#54);
#50 = LINE('',#51,#52);
#51 = CARTESIAN_POINT('',(0.,-7.425020391513));
#52 = VECTOR('',#53,1.);
#53 = DIRECTION('',(-1.,0.));
#54 = ( GEOMETRIC_REPRESENTATION_CONTEXT(2) 
PARAMETRIC_REPRESENTATION_CONTEXT() REPRESENTATION_CONTEXT('2D SPACE',''
  ) );
#55 = ORIENTED_EDGE('',*,*,#56,.T.);
#56 = EDGE_CURVE('',#24,#57,#59,.T.);
#57 = VERTEX_POINT('',#58);
#58 = CARTESIAN_POINT('',(13.,45.218386746986,17.036766898153));
#59 = SURFACE_CURVE('',#60,(#68,#79),.PCURVE_S1.);
#60 = B_SPLINE_CURVE_WITH_KNOTS('',6,(#61,#62,#63,#64,#65,#66,#67),
  .UNSPECIFIED.,.F.,.F.,(7,7),(0.,1.),.PIECEWISE_BEZIER_KNOTS.);
#61 = CARTESIAN_POINT('',(9.999999999999,45.975020391513,17.198721914729
    ));
#62 = CARTESIAN_POINT('',(10.504522656051,45.865281961436,
    17.194979674991));
#63 = CARTESIAN_POINT('',(11.0058098132,45.749289124472,17.184443390526)
  );
#64 = CARTESIAN_POINT('',(11.50644672614,45.626571902199,17.165644313585
    ));
#65 = CARTESIAN_POINT('',(12.00704430428,45.496847332857,17.136605555474
    ));
#66 = CARTESIAN_POINT('',(12.506125044523,45.360372678018,
    17.094739860434));
#67 = CARTESIAN_POINT('',(13.0000006,45.21838657449,17.036766827723));
#68 = PCURVE('',#32,#69);
#69 = DEFINITIONAL_REPRESENTATION('',(#70),#78);
#70 = B_SPLINE_CURVE_WITH_KNOTS('',6,(#71,#72,#73,#74,#75,#76,#77),
  .UNSPECIFIED.,.F.,.F.,(7,7),(0.,1.),.PIECEWISE_BEZIER_KNOTS.);
#71 = CARTESIAN_POINT('',(-7.639808168065,-17.19872191472));
#72 = CARTESIAN_POINT('',(-7.628834325057,-17.19497967499));
#73 = CARTESIAN_POINT('',(-7.617899425404,-17.18444339052));
#74 = CARTESIAN_POINT('',(-7.606945272959,-17.16564431358));
#75 = CARTESIAN_POINT('',(-7.595955616732,-17.13660555547));
#76 = CARTESIAN_POINT('',(-7.584959651512,-17.09473986043));
#77 = CARTESIAN_POINT('',(-7.574037644052,-17.03676682772));
#78 = ( GEOMETRIC_REPRESENTATION_CONTEXT(2) 
PARAMETRIC_REPRESENTATION_CONTEXT() REPRESENTATION_CONTEXT('2D SPACE',''
  ) );
#79 = PCURVE('',#80,#85);
#80 = CYLINDRICAL_SURFACE('',#81,2.2);
#81 = AXIS2_PLACEMENT_3D('',#82,#83,#84);
#82 = CARTESIAN_POINT('',(-13.,46.05,15.));
#83 = DIRECTION('',(-1.,-0.,-0.));
#84 = DIRECTION('',(0.,1.,0.));
#85 = DEFINITIONAL_REPRESENTATION('',(#86),#94);
#86 = B_SPLINE_CURVE_WITH_KNOTS('',6,(#87,#88,#89,#90,#91,#92,#93),
  .UNSPECIFIED.,.F.,.F.,(7,7),(0.,1.),.PIECEWISE_BEZIER_KNOTS.);
#87 = CARTESIAN_POINT('',(-1.604884568436,-22.99999999999));
#88 = CARTESIAN_POINT('',(-1.654794668181,-23.50452265605));
#89 = CARTESIAN_POINT('',(-1.707651646329,-24.0058098132));
#90 = CARTESIAN_POINT('',(-1.763913248298,-24.50644672614));
#91 = CARTESIAN_POINT('',(-1.824101558553,-25.00704430428));
#92 = CARTESIAN_POINT('',(-1.888726462745,-25.50612504452));
#93 = CARTESIAN_POINT('',(-1.958437978857,-26.0000006));
#94 = ( GEOMETRIC_REPRESENTATION_CONTEXT(2) 
PARAMETRIC_REPRESENTATION_CONTEXT() REPRESENTATION_CONTEXT('2D SPACE',''
  ) );
#95 = ORIENTED_EDGE('',*,*,#96,.T.);
#96 = EDGE_CURVE('',#57,#97,#99,.T.);
#97 = VERTEX_POINT('',#98);
#98 = CARTESIAN_POINT('',(13.,45.218386746986,12.963233101847));
#99 = SURFACE_CURVE('',#100,(#104,#111),.PCURVE_S1.);
#100 = LINE('',#101,#102);
#101 = CARTESIAN_POINT('',(13.,45.218386746986,0.));
#102 = VECTOR('',#103,1.);
#103 = DIRECTION('',(-0.,-0.,-1.));
#104 = PCURVE('',#32,#105);
#105 = DEFINITIONAL_REPRESENTATION('',(#106),#110);
#106 = LINE('',#107,#108);
#107 = CARTESIAN_POINT('',(-7.574037657321,0.));
#108 = VECTOR('',#109,1.);
#109 = DIRECTION('',(-0.,1.));
#110 = ( GEOMETRIC_REPRESENTATION_CONTEXT(2) 
PARAMETRIC_REPRESENTATION_CONTEXT() REPRESENTATION_CONTEXT('2D SPACE',''
  ) );
#111 = PCURVE('',#112,#117);
#112 = PLANE('',#113);
#113 = AXIS2_PLACEMENT_3D('',#114,#115,#116);
#114 = CARTESIAN_POINT('',(13.,46.05,15.));
#115 = DIRECTION('',(1.,0.,0.));
#116 = DIRECTION('',(-0.,0.,1.));
#117 = DEFINITIONAL_REPRESENTATION('',(#118),#122);
#118 = LINE('',#119,#120);
#119 = CARTESIAN_POINT('',(-15.,0.831613253014));
#120 = VECTOR('',#121,1.);
#121 = DIRECTION('',(-1.,0.));
#122 = ( GEOMETRIC_REPRESENTATION_CONTEXT(2) 
PARAMETRIC_REPRESENTATION_CONTEXT() REPRESENTATION_CONTEXT('2D SPACE',''
  ) );
#123 = ORIENTED_EDGE('',*,*,#124,.T.);
#124 = EDGE_CURVE('',#97,#125,#127,.T.);
#125 = VERTEX_POINT('',#126);
#126 = CARTESIAN_POINT('',(10.,45.975020391513,12.801278085271));
#127 = SURFACE_CURVE('',#128,(#136,#147),.PCURVE_S1.);
#128 = B_SPLINE_CURVE_WITH_KNOTS('',6,(#129,#130,#131,#132,#133,#134,
    #135),.UNSPECIFIED.,.F.,.F.,(7,7),(0.,1.),.PIECEWISE_BEZIER_KNOTS.);
#129 = CARTESIAN_POINT('',(13.0000006,45.21838657449,12.963233172277));
#130 = CARTESIAN_POINT('',(12.506127335959,45.360372019244,
    12.905260408543));
#131 = CARTESIAN_POINT('',(12.007045775752,45.496846975284,
    12.863394461591));
#132 = CARTESIAN_POINT('',(11.50644440883,45.626572596281,
    12.834355403781));
#133 = CARTESIAN_POINT('',(11.005802597397,45.749290941844,
    12.81555631147));
#134 = CARTESIAN_POINT('',(10.504513658853,45.865283918411,
    12.805020258273));
#135 = CARTESIAN_POINT('',(9.999999999999,45.975020391513,
    12.801278085271));
#136 = PCURVE('',#32,#137);
#137 = DEFINITIONAL_REPRESENTATION('',(#138),#146);
#138 = B_SPLINE_CURVE_WITH_KNOTS('',6,(#139,#140,#141,#142,#143,#144,
    #145),.UNSPECIFIED.,.F.,.F.,(7,7),(0.,1.),.PIECEWISE_BEZIER_KNOTS.);
#139 = CARTESIAN_POINT('',(-7.574037644052,-12.96323317227));
#140 = CARTESIAN_POINT('',(-7.584959600837,-12.90526040854));
#141 = CARTESIAN_POINT('',(-7.595955584574,-12.86339446159));
#142 = CARTESIAN_POINT('',(-7.606945324342,-12.83435540378));
#143 = CARTESIAN_POINT('',(-7.617899583476,-12.81555631147));
#144 = CARTESIAN_POINT('',(-7.628834520755,-12.80502025827));
#145 = CARTESIAN_POINT('',(-7.639808168065,-12.80127808527));
#146 = ( GEOMETRIC_REPRESENTATION_CONTEXT(2) 
PARAMETRIC_REPRESENTATION_CONTEXT() REPRESENTATION_CONTEXT('2D SPACE',''
  ) );
#147 = PCURVE('',#80,#148);
#148 = DEFINITIONAL_REPRESENTATION('',(#149),#157);
#149 = B_SPLINE_CURVE_WITH_KNOTS('',6,(#150,#151,#152,#153,#154,#155,
    #156),.UNSPECIFIED.,.F.,.F.,(7,7),(0.,1.),.PIECEWISE_BEZIER_KNOTS.);
#150 = CARTESIAN_POINT('',(-4.324747328323,-26.0000006));
#151 = CARTESIAN_POINT('',(-4.394458520994,-25.50612733595));
#152 = CARTESIAN_POINT('',(-4.459083595431,-25.00704577575));
#153 = CARTESIAN_POINT('',(-4.519272390269,-24.50644440883));
#154 = CARTESIAN_POINT('',(-4.575534491576,-24.00580259739));
#155 = CARTESIAN_POINT('',(-4.62839152905,-23.50451365885));
#156 = CARTESIAN_POINT('',(-4.678300738744,-22.99999999999));
#157 = ( GEOMETRIC_REPRESENTATION_CONTEXT(2) 
PARAMETRIC_REPRESENTATION_CONTEXT() REPRESENTATION_CONTEXT('2D SPACE',''
  ) );
#158 = ORIENTED_EDGE('',*,*,#159,.T.);
#159 = EDGE_CURVE('',#125,#160,#162,.T.);
#160 = VERTEX_POINT('',#161);
#161 = CARTESIAN_POINT('',(9.999999999999,45.975020391513,0.));
#162 = SURFACE_CURVE('',#163,(#167,#174),.PCURVE_S1.);
#163 = LINE('',#164,#165);
#164 = CARTESIAN_POINT('',(10.,45.975020391513,0.));
#165 = VECTOR('',#166,1.);
#166 = DIRECTION('',(-0.,-0.,-1.));
#167 = PCURVE('',#32,#168);
#168 = DEFINITIONAL_REPRESENTATION('',(#169),#173);
#169 = LINE('',#170,#171);
#170 = CARTESIAN_POINT('',(-7.639808168065,0.));
#171 = VECTOR('',#172,1.);
#172 = DIRECTION('',(-0.,1.));
#173 = ( GEOMETRIC_REPRESENTATION_CONTEXT(2) 
PARAMETRIC_REPRESENTATION_CONTEXT() REPRESENTATION_CONTEXT('2D SPACE',''
  ) );
#174 = PCURVE('',#44,#175);
#175 = DEFINITIONAL_REPRESENTATION('',(#176),#180);
#176 = LINE('',#177,#178);
#177 = CARTESIAN_POINT('',(0.,-7.425020391513));
#178 = VECTOR('',#179,1.);
#179 = DIRECTION('',(-1.,0.));
#180 = ( GEOMETRIC_REPRESENTATION_CONTEXT(2) 
PARAMETRIC_REPRESENTATION_CONTEXT() REPRESENTATION_CONTEXT('2D SPACE',''
  ) );
#181 = ORIENTED_EDGE('',*,*,#182,.F.);
#182 = EDGE_CURVE('',#183,#160,#185,.T.);
#183 = VERTEX_POINT('',#184);
#184 = CARTESIAN_POINT('',(-4.848926108317E-13,-47.05,0.));
#185 = SURFACE_CURVE('',#186,(#191,#198),.PCURVE_S1.);
#186 = CIRCLE('',#187,47.05);
#187 = AXIS2_PLACEMENT_3D('',#188,#189,#190);
#188 = CARTESIAN_POINT('',(0.,0.,0.));
#189 = DIRECTION('',(0.,0.,1.));
#190 = DIRECTION('',(-1.030590033649E-14,-1.,0.));
#191 = PCURVE('',#32,#192);
#192 = DEFINITIONAL_REPRESENTATION('',(#193),#197);
#193 = LINE('',#194,#195);
#194 = CARTESIAN_POINT('',(-4.712388980385,0.));
#195 = VECTOR('',#196,1.);
#196 = DIRECTION('',(-1.,0.));
#197 = ( GEOMETRIC_REPRESENTATION_CONTEXT(2) 
PARAMETRIC_REPRESENTATION_CONTEXT() REPRESENTATION_CONTEXT('2D SPACE',''
  ) );
#198 = PCURVE('',#199,#204);
#199 = PLANE('',#200);
#200 = AXIS2_PLACEMENT_3D('',#201,#202,#203);
#201 = CARTESIAN_POINT('',(-3.720134685761E-15,-6.058705378236E-17,0.));
#202 = DIRECTION('',(0.,0.,1.));
#203 = DIRECTION('',(1.,0.,-0.));
#204 = DEFINITIONAL_REPRESENTATION('',(#205),#209);
#205 = CIRCLE('',#206,47.05);
#206 = AXIS2_PLACEMENT_2D('',#207,#208);
#207 = CARTESIAN_POINT('',(3.720134685761E-15,6.058705378236E-17));
#208 = DIRECTION('',(-1.030590033649E-14,-1.));
#209 = ( GEOMETRIC_REPRESENTATION_CONTEXT(2) 
PARAMETRIC_REPRESENTATION_CONTEXT() REPRESENTATION_CONTEXT('2D SPACE',''
  ) );
#210 = ORIENTED_EDGE('',*,*,#211,.F.);
#211 = EDGE_CURVE('',#212,#183,#214,.T.);
#212 = VERTEX_POINT('',#213);
#213 = CARTESIAN_POINT('',(-1.42108547152E-14,-47.05,28.5));
#214 = SURFACE_CURVE('',#215,(#219,#226),.PCURVE_S1.);
#215 = LINE('',#216,#217);
#216 = CARTESIAN_POINT('',(0.,-47.05,0.));
#217 = VECTOR('',#218,1.);
#218 = DIRECTION('',(-0.,-0.,-1.));
#219 = PCURVE('',#32,#220);
#220 = DEFINITIONAL_REPRESENTATION('',(#221),#225);
#221 = LINE('',#222,#223);
#222 = CARTESIAN_POINT('',(-4.712388980385,0.));
#223 = VECTOR('',#224,1.);
#224 = DIRECTION('',(-0.,1.));
#225 = ( GEOMETRIC_REPRESENTATION_CONTEXT(2) 
PARAMETRIC_REPRESENTATION_CONTEXT() REPRESENTATION_CONTEXT('2D SPACE',''
  ) );
#226 = PCURVE('',#227,#232);
#227 = PLANE('',#228);
#228 = AXIS2_PLACEMENT_3D('',#229,#230,#231);
#229 = CARTESIAN_POINT('',(0.,-52.05,0.));
#230 = DIRECTION('',(1.,0.,0.));
#231 = DIRECTION('',(0.,0.,1.));
#232 = DEFINITIONAL_REPRESENTATION('',(#233),#237);
#233 = LINE('',#234,#235);
#234 = CARTESIAN_POINT('',(0.,-5.));
#235 = VECTOR('',#236,1.);
#236 = DIRECTION('',(-1.,0.));
#237 = ( GEOMETRIC_REPRESENTATION_CONTEXT(2) 
PARAMETRIC_REPRESENTATION_CONTEXT() REPRESENTATION_CONTEXT('2D SPACE',''
  ) );
#238 = ORIENTED_EDGE('',*,*,#239,.F.);
#239 = EDGE_CURVE('',#22,#212,#240,.T.);
#240 = SURFACE_CURVE('',#241,(#246,#253),.PCURVE_S1.);
#241 = CIRCLE('',#242,47.05);
#242 = AXIS2_PLACEMENT_3D('',#243,#244,#245);
#243 = CARTESIAN_POINT('',(0.,0.,28.5));
#244 = DIRECTION('',(0.,-0.,-1.));
#245 = DIRECTION('',(0.212539851222,0.977152399395,-0.));
#246 = PCURVE('',#32,#247);
#247 = DEFINITIONAL_REPRESENTATION('',(#248),#252);
#248 = LINE('',#249,#250);
#249 = CARTESIAN_POINT('',(-7.639808168065,-28.5));
#250 = VECTOR('',#251,1.);
#251 = DIRECTION('',(1.,-0.));
#252 = ( GEOMETRIC_REPRESENTATION_CONTEXT(2) 
PARAMETRIC_REPRESENTATION_CONTEXT() REPRESENTATION_CONTEXT('2D SPACE',''
  ) );
#253 = PCURVE('',#254,#259);
#254 = TOROIDAL_SURFACE('',#255,45.55,1.5);
#255 = AXIS2_PLACEMENT_3D('',#256,#257,#258);
#256 = CARTESIAN_POINT('',(0.,0.,28.5));
#257 = DIRECTION('',(0.,0.,1.));
#258 = DIRECTION('',(0.212539851222,0.977152399395,-0.));
#259 = DEFINITIONAL_REPRESENTATION('',(#260),#264);
#260 = LINE('',#261,#262);
#261 = CARTESIAN_POINT('',(-0.,0.));
#262 = VECTOR('',#263,1.);
#263 = DIRECTION('',(-1.,0.));
#264 = ( GEOMETRIC_REPRESENTATION_CONTEXT(2) 
PARAMETRIC_REPRESENTATION_CONTEXT() REPRESENTATION_CONTEXT('2D SPACE',''
  ) );
#265 = ADVANCED_FACE('',(#266),#44,.T.);
#266 = FACE_BOUND('',#267,.T.);
#267 = EDGE_LOOP('',(#268,#298,#324,#325,#353,#379,#380));
#268 = ORIENTED_EDGE('',*,*,#269,.T.);
#269 = EDGE_CURVE('',#270,#272,#274,.T.);
#270 = VERTEX_POINT('',#271);
#271 = CARTESIAN_POINT('',(10.,53.55,0.));
#272 = VERTEX_POINT('',#273);
#273 = CARTESIAN_POINT('',(10.,53.55,28.5));
#274 = SURFACE_CURVE('',#275,(#279,#286),.PCURVE_S1.);
#275 = LINE('',#276,#277);
#276 = CARTESIAN_POINT('',(10.,53.55,0.));
#277 = VECTOR('',#278,1.);
#278 = DIRECTION('',(0.,0.,1.));
#279 = PCURVE('',#44,#280);
#280 = DEFINITIONAL_REPRESENTATION('',(#281),#285);
#281 = LINE('',#282,#283);
#282 = CARTESIAN_POINT('',(0.,-15.));
#283 = VECTOR('',#284,1.);
#284 = DIRECTION('',(1.,0.));
#285 = ( GEOMETRIC_REPRESENTATION_CONTEXT(2) 
PARAMETRIC_REPRESENTATION_CONTEXT() REPRESENTATION_CONTEXT('2D SPACE',''
  ) );
#286 = PCURVE('',#287,#292);
#287 = PLANE('',#288);
#288 = AXIS2_PLACEMENT_3D('',#289,#290,#291);
#289 = CARTESIAN_POINT('',(3.,53.55,0.));
#290 = DIRECTION('',(0.,1.,0.));
#291 = DIRECTION('',(0.,0.,1.));
#292 = DEFINITIONAL_REPRESENTATION('',(#293),#297);
#293 = LINE('',#294,#295);
#294 = CARTESIAN_POINT('',(0.,7.));
#295 = VECTOR('',#296,1.);
#296 = DIRECTION('',(1.,0.));
#297 = ( GEOMETRIC_REPRESENTATION_CONTEXT(2) 
PARAMETRIC_REPRESENTATION_CONTEXT() REPRESENTATION_CONTEXT('2D SPACE',''
  ) );
#298 = ORIENTED_EDGE('',*,*,#299,.F.);
#299 = EDGE_CURVE('',#22,#272,#300,.T.);
#300 = SURFACE_CURVE('',#301,(#305,#312),.PCURVE_S1.);
#301 = LINE('',#302,#303);
#302 = CARTESIAN_POINT('',(10.,45.975020391513,28.5));
#303 = VECTOR('',#304,1.);
#304 = DIRECTION('',(0.,1.,0.));
#305 = PCURVE('',#44,#306);
#306 = DEFINITIONAL_REPRESENTATION('',(#307),#311);
#307 = LINE('',#308,#309);
#308 = CARTESIAN_POINT('',(28.5,-7.425020391513));
#309 = VECTOR('',#310,1.);
#310 = DIRECTION('',(0.,-1.));
#311 = ( GEOMETRIC_REPRESENTATION_CONTEXT(2) 
PARAMETRIC_REPRESENTATION_CONTEXT() REPRESENTATION_CONTEXT('2D SPACE',''
  ) );
#312 = PCURVE('',#313,#318);
#313 = CYLINDRICAL_SURFACE('',#314,1.5);
#314 = AXIS2_PLACEMENT_3D('',#315,#316,#317);
#315 = CARTESIAN_POINT('',(8.5,45.975020391513,28.5));
#316 = DIRECTION('',(0.,1.,0.));
#317 = DIRECTION('',(1.,0.,-0.));
#318 = DEFINITIONAL_REPRESENTATION('',(#319),#323);
#319 = LINE('',#320,#321);
#320 = CARTESIAN_POINT('',(-0.,0.));
#321 = VECTOR('',#322,1.);
#322 = DIRECTION('',(-0.,1.));
#323 = ( GEOMETRIC_REPRESENTATION_CONTEXT(2) 
PARAMETRIC_REPRESENTATION_CONTEXT() REPRESENTATION_CONTEXT('2D SPACE',''
  ) );
#324 = ORIENTED_EDGE('',*,*,#21,.T.);
#325 = ORIENTED_EDGE('',*,*,#326,.T.);
#326 = EDGE_CURVE('',#24,#327,#329,.T.);
#327 = VERTEX_POINT('',#328);
#328 = CARTESIAN_POINT('',(10.,48.25,15.));
#329 = SURFACE_CURVE('',#330,(#335,#346),.PCURVE_S1.);
#330 = CIRCLE('',#331,2.2);
#331 = AXIS2_PLACEMENT_3D('',#332,#333,#334);
#332 = CARTESIAN_POINT('',(10.,46.05,15.));
#333 = DIRECTION('',(-1.,0.,0.));
#334 = DIRECTION('',(0.,1.,0.));
#335 = PCURVE('',#44,#336);
#336 = DEFINITIONAL_REPRESENTATION('',(#337),#345);
#337 = ( BOUNDED_CURVE() B_SPLINE_CURVE(2,(#338,#339,#340,#341,#342,#343
,#344),.UNSPECIFIED.,.T.,.F.) B_SPLINE_CURVE_WITH_KNOTS((1,2,2,2,2,1),(
    -2.094395102393,0.,2.094395102393,4.188790204786,6.28318530718,
8.377580409573),.UNSPECIFIED.) CURVE() GEOMETRIC_REPRESENTATION_ITEM() 
RATIONAL_B_SPLINE_CURVE((1.,0.5,1.,0.5,1.,0.5,1.)) REPRESENTATION_ITEM(
  '') );
#338 = CARTESIAN_POINT('',(15.,-9.7));
#339 = CARTESIAN_POINT('',(11.189488223348,-9.7));
#340 = CARTESIAN_POINT('',(13.094744111674,-6.4));
#341 = CARTESIAN_POINT('',(15.,-3.1));
#342 = CARTESIAN_POINT('',(16.905255888326,-6.4));
#343 = CARTESIAN_POINT('',(18.810511776652,-9.7));
#344 = CARTESIAN_POINT('',(15.,-9.7));
#345 = ( GEOMETRIC_REPRESENTATION_CONTEXT(2) 
PARAMETRIC_REPRESENTATION_CONTEXT() REPRESENTATION_CONTEXT('2D SPACE',''
  ) );
#346 = PCURVE('',#80,#347);
#347 = DEFINITIONAL_REPRESENTATION('',(#348),#352);
#348 = LINE('',#349,#350);
#349 = CARTESIAN_POINT('',(-6.28318530718,-23.));
#350 = VECTOR('',#351,1.);
#351 = DIRECTION('',(1.,-0.));
#352 = ( GEOMETRIC_REPRESENTATION_CONTEXT(2) 
PARAMETRIC_REPRESENTATION_CONTEXT() REPRESENTATION_CONTEXT('2D SPACE',''
  ) );
#353 = ORIENTED_EDGE('',*,*,#354,.T.);
#354 = EDGE_CURVE('',#327,#125,#355,.T.);
#355 = SURFACE_CURVE('',#356,(#361,#372),.PCURVE_S1.);
#356 = CIRCLE('',#357,2.2);
#357 = AXIS2_PLACEMENT_3D('',#358,#359,#360);
#358 = CARTESIAN_POINT('',(10.,46.05,15.));
#359 = DIRECTION('',(-1.,0.,0.));
#360 = DIRECTION('',(0.,1.,0.));
#361 = PCURVE('',#44,#362);
#362 = DEFINITIONAL_REPRESENTATION('',(#363),#371);
#363 = ( BOUNDED_CURVE() B_SPLINE_CURVE(2,(#364,#365,#366,#367,#368,#369
,#370),.UNSPECIFIED.,.T.,.F.) B_SPLINE_CURVE_WITH_KNOTS((1,2,2,2,2,1),(
    -2.094395102393,0.,2.094395102393,4.188790204786,6.28318530718,
8.377580409573),.UNSPECIFIED.) CURVE() GEOMETRIC_REPRESENTATION_ITEM() 
RATIONAL_B_SPLINE_CURVE((1.,0.5,1.,0.5,1.,0.5,1.)) REPRESENTATION_ITEM(
  '') );
#364 = CARTESIAN_POINT('',(15.,-9.7));
#365 = CARTESIAN_POINT('',(11.189488223348,-9.7));
#366 = CARTESIAN_POINT('',(13.094744111674,-6.4));
#367 = CARTESIAN_POINT('',(15.,-3.1));
#368 = CARTESIAN_POINT('',(16.905255888326,-6.4));
#369 = CARTESIAN_POINT('',(18.810511776652,-9.7));
#370 = CARTESIAN_POINT('',(15.,-9.7));
#371 = ( GEOMETRIC_REPRESENTATION_CONTEXT(2) 
PARAMETRIC_REPRESENTATION_CONTEXT() REPRESENTATION_CONTEXT('2D SPACE',''
  ) );
#372 = PCURVE('',#80,#373);
#373 = DEFINITIONAL_REPRESENTATION('',(#374),#378);
#374 = LINE('',#375,#376);
#375 = CARTESIAN_POINT('',(-6.28318530718,-23.));
#376 = VECTOR('',#377,1.);
#377 = DIRECTION('',(1.,-0.));
#378 = ( GEOMETRIC_REPRESENTATION_CONTEXT(2) 
PARAMETRIC_REPRESENTATION_CONTEXT() REPRESENTATION_CONTEXT('2D SPACE',''
  ) );
#379 = ORIENTED_EDGE('',*,*,#159,.T.);
#380 = ORIENTED_EDGE('',*,*,#381,.T.);
#381 = EDGE_CURVE('',#160,#270,#382,.T.);
#382 = SURFACE_CURVE('',#383,(#387,#394),.PCURVE_S1.);
#383 = LINE('',#384,#385);
#384 = CARTESIAN_POINT('',(10.,38.55,0.));
#385 = VECTOR('',#386,1.);
#386 = DIRECTION('',(0.,1.,0.));
#387 = PCURVE('',#44,#388);
#388 = DEFINITIONAL_REPRESENTATION('',(#389),#393);
#389 = LINE('',#390,#391);
#390 = CARTESIAN_POINT('',(0.,0.));
#391 = VECTOR('',#392,1.);
#392 = DIRECTION('',(0.,-1.));
#393 = ( GEOMETRIC_REPRESENTATION_CONTEXT(2) 
PARAMETRIC_REPRESENTATION_CONTEXT() REPRESENTATION_CONTEXT('2D SPACE',''
  ) );
#394 = PCURVE('',#199,#395);
#395 = DEFINITIONAL_REPRESENTATION('',(#396),#400);
#396 = LINE('',#397,#398);
#397 = CARTESIAN_POINT('',(10.,38.55));
#398 = VECTOR('',#399,1.);
#399 = DIRECTION('',(0.,1.));
#400 = ( GEOMETRIC_REPRESENTATION_CONTEXT(2) 
PARAMETRIC_REPRESENTATION_CONTEXT() REPRESENTATION_CONTEXT('2D SPACE',''
  ) );
#401 = ADVANCED_FACE('',(#402),#254,.T.);
#402 = FACE_BOUND('',#403,.F.);
#403 = EDGE_LOOP('',(#404,#499,#500,#600));
#404 = ORIENTED_EDGE('',*,*,#405,.F.);
#405 = EDGE_CURVE('',#22,#406,#408,.T.);
#406 = VERTEX_POINT('',#407);
#407 = CARTESIAN_POINT('',(8.5,44.749888268017,30.));
#408 = SURFACE_CURVE('',#409,(#437,#468),.PCURVE_S1.);
#409 = B_SPLINE_CURVE_WITH_KNOTS('',6,(#410,#411,#412,#413,#414,#415,
    #416,#417,#418,#419,#420,#421,#422,#423,#424,#425,#426,#427,#428,
    #429,#430,#431,#432,#433,#434,#435,#436),.UNSPECIFIED.,.F.,.F.,(7,5,
    5,5,5,7),(0.,0.224449438129,0.362661104517,0.666474768373,
    0.965584030591,1.),.UNSPECIFIED.);
#410 = CARTESIAN_POINT('',(10.,45.975020391513,28.5));
#411 = CARTESIAN_POINT('',(10.,45.975020391513,28.602153952676));
#412 = CARTESIAN_POINT('',(9.991651543527,45.968292586551,
    28.704350262908));
#413 = CARTESIAN_POINT('',(9.974942444771,45.954827256653,
    28.805021020464));
#414 = CARTESIAN_POINT('',(9.950362550027,45.935011412232,
    28.902858931561));
#415 = CARTESIAN_POINT('',(9.918651666135,45.90942744708,28.996853681027
    ));
#416 = CARTESIAN_POINT('',(9.857306079317,45.859887013973,
    29.141325390155));
#417 = CARTESIAN_POINT('',(9.831545278538,45.839074222338,29.19466922657
    ));
#418 = CARTESIAN_POINT('',(9.80359258595,45.816478421088,29.246149946405
    ));
#419 = CARTESIAN_POINT('',(9.773641665553,45.792252347578,
    29.295667178247));
#420 = CARTESIAN_POINT('',(9.74187902948,45.766543110714,29.343158630791
    ));
#421 = CARTESIAN_POINT('',(9.635040871446,45.680001824089,
    29.488457344366));
#422 = CARTESIAN_POINT('',(9.55371150287,45.614030411836,29.578313491143
    ));
#423 = CARTESIAN_POINT('',(9.466216701567,45.542933999651,
    29.657931417148));
#424 = CARTESIAN_POINT('',(9.374014451024,45.467863151891,
    29.727426151395));
#425 = CARTESIAN_POINT('',(9.278232803951,45.389713025689,
    29.787082658579));
#426 = CARTESIAN_POINT('',(9.082603316553,45.229743575069,
    29.886515662981));
#427 = CARTESIAN_POINT('',(8.982893659722,45.148042545005,
    29.926559065739));
#428 = CARTESIAN_POINT('',(8.881316409497,45.064629097994,
    29.957587913913));
#429 = CARTESIAN_POINT('',(8.778531130059,44.980032036403,
    29.979799410378));
#430 = CARTESIAN_POINT('',(8.675103957984,44.894710585419,
    29.993349370273));
#431 = CARTESIAN_POINT('',(8.559603339321,44.799209865313,
    29.998862839739));
#432 = CARTESIAN_POINT('',(8.547683177055,44.789351167568,
    29.999317827879));
#433 = CARTESIAN_POINT('',(8.535761966992,44.779489013695,
    29.999658968638));
#434 = CARTESIAN_POINT('',(8.523840500829,44.769624055212,29.99988633862
    ));
#435 = CARTESIAN_POINT('',(8.511919583446,44.759756929893,
    29.999999999896));
#436 = CARTESIAN_POINT('',(8.500000032906,44.749888261767,30.));
#437 = PCURVE('',#254,#438);
#438 = DEFINITIONAL_REPRESENTATION('',(#439),#467);
#439 = B_SPLINE_CURVE_WITH_KNOTS('',6,(#440,#441,#442,#443,#444,#445,
    #446,#447,#448,#449,#450,#451,#452,#453,#454,#455,#456,#457,#458,
    #459,#460,#461,#462,#463,#464,#465,#466),.UNSPECIFIED.,.F.,.F.,(7,5,
    5,5,5,7),(0.,0.224449438129,0.362661104517,0.666474768373,
    0.965584030591,1.),.UNSPECIFIED.);
#440 = CARTESIAN_POINT('',(-2.84217094304E-14,0.));
#441 = CARTESIAN_POINT('',(-2.84217094304E-14,6.810263511759E-02));
#442 = CARTESIAN_POINT('',(1.429930293035E-04,0.136233368256));
#443 = CARTESIAN_POINT('',(4.2918313431E-04,0.203916457273));
#444 = CARTESIAN_POINT('',(8.505442146562E-04,0.270847702546));
#445 = CARTESIAN_POINT('',(1.395053969536E-03,0.336788966401));
#446 = CARTESIAN_POINT('',(2.450662532674E-03,0.441426660397));
#447 = CARTESIAN_POINT('',(2.894382304157E-03,0.480872682634));
#448 = CARTESIAN_POINT('',(3.376427911425E-03,0.519861031032));
#449 = CARTESIAN_POINT('',(3.893639635473E-03,0.558380571514));
#450 = CARTESIAN_POINT('',(4.442974160972E-03,0.596432271002));
#451 = CARTESIAN_POINT('',(6.293789231296E-03,0.716665577866));
#452 = CARTESIAN_POINT('',(7.707083817372E-03,0.797046624689));
#453 = CARTESIAN_POINT('',(9.233370497177E-03,0.875379168307));
#454 = CARTESIAN_POINT('',(1.084884303844E-02,0.9518886381));
#455 = CARTESIAN_POINT('',(1.253485715796E-02,1.026832588199));
#456 = CARTESIAN_POINT('',(1.599517826907E-02,1.173131853336));
#457 = CARTESIAN_POINT('',(1.776678904648E-02,1.244485841338));
#458 = CARTESIAN_POINT('',(1.958026019995E-02,1.314914069346));
#459 = CARTESIAN_POINT('',(2.142444691305E-02,1.384659749695));
#460 = CARTESIAN_POINT('',(2.328953381002E-02,1.45396363739));
#461 = CARTESIAN_POINT('',(2.538285986753E-02,1.531051729155));
#462 = CARTESIAN_POINT('',(2.55990248289E-02,1.539003935396));
#463 = CARTESIAN_POINT('',(2.581533379137E-02,1.54695411627));
#464 = CARTESIAN_POINT('',(2.603177257688E-02,1.554902650846));
#465 = CARTESIAN_POINT('',(2.624832660708E-02,1.562849924077));
#466 = CARTESIAN_POINT('',(2.646498090337E-02,1.570796326795));
#467 = ( GEOMETRIC_REPRESENTATION_CONTEXT(2) 
PARAMETRIC_REPRESENTATION_CONTEXT() REPRESENTATION_CONTEXT('2D SPACE',''
  ) );
#468 = PCURVE('',#313,#469);
#469 = DEFINITIONAL_REPRESENTATION('',(#470),#498);
#470 = B_SPLINE_CURVE_WITH_KNOTS('',6,(#471,#472,#473,#474,#475,#476,
    #477,#478,#479,#480,#481,#482,#483,#484,#485,#486,#487,#488,#489,
    #490,#491,#492,#493,#494,#495,#496,#497),.UNSPECIFIED.,.F.,.F.,(7,5,
    5,5,5,7),(0.,0.224449438129,0.362661104517,0.666474768373,
    0.965584030591,1.),.UNSPECIFIED.);
#471 = CARTESIAN_POINT('',(0.,-5.471179065353E-13));
#472 = CARTESIAN_POINT('',(-6.810263511759E-02,-5.471179065353E-13));
#473 = CARTESIAN_POINT('',(-0.136233368256,-6.727804962463E-03));
#474 = CARTESIAN_POINT('',(-0.203916457273,-2.019313486045E-02));
#475 = CARTESIAN_POINT('',(-0.270847702546,-4.000897928083E-02));
#476 = CARTESIAN_POINT('',(-0.336788966401,-6.559294443352E-02));
#477 = CARTESIAN_POINT('',(-0.441426660397,-0.115133377541));
#478 = CARTESIAN_POINT('',(-0.480872682634,-0.135946169175));
#479 = CARTESIAN_POINT('',(-0.519861031032,-0.158541970425));
#480 = CARTESIAN_POINT('',(-0.558380571514,-0.182768043935));
#481 = CARTESIAN_POINT('',(-0.596432271002,-0.208477280799));
#482 = CARTESIAN_POINT('',(-0.716665577866,-0.295018567424));
#483 = CARTESIAN_POINT('',(-0.797046624689,-0.360989979677));
#484 = CARTESIAN_POINT('',(-0.875379168307,-0.432086391862));
#485 = CARTESIAN_POINT('',(-0.9518886381,-0.507157239623));
#486 = CARTESIAN_POINT('',(-1.026832588199,-0.585307365824));
#487 = CARTESIAN_POINT('',(-1.173131853336,-0.745276816444));
#488 = CARTESIAN_POINT('',(-1.244485841338,-0.826977846508));
#489 = CARTESIAN_POINT('',(-1.314914069346,-0.910391293519));
#490 = CARTESIAN_POINT('',(-1.384659749695,-0.99498835511));
#491 = CARTESIAN_POINT('',(-1.45396363739,-1.080309806094));
#492 = CARTESIAN_POINT('',(-1.531051729155,-1.1758105262));
#493 = CARTESIAN_POINT('',(-1.539003928443,-1.185669223946));
#494 = CARTESIAN_POINT('',(-1.546954112203,-1.195531377819));
#495 = CARTESIAN_POINT('',(-1.5549026594,-1.205396336301));
#496 = CARTESIAN_POINT('',(-1.562849937977,-1.21526346162));
#497 = CARTESIAN_POINT('',(-1.570796304858,-1.225132129746));
#498 = ( GEOMETRIC_REPRESENTATION_CONTEXT(2) 
PARAMETRIC_REPRESENTATION_CONTEXT() REPRESENTATION_CONTEXT('2D SPACE',''
  ) );
#499 = ORIENTED_EDGE('',*,*,#239,.T.);
#500 = ORIENTED_EDGE('',*,*,#501,.T.);
#501 = EDGE_CURVE('',#212,#502,#504,.T.);
#502 = VERTEX_POINT('',#503);
#503 = CARTESIAN_POINT('',(-1.5,-45.52529516653,30.));
#504 = SURFACE_CURVE('',#505,(#533,#564),.PCURVE_S1.);
#505 = B_SPLINE_CURVE_WITH_KNOTS('',6,(#506,#507,#508,#509,#510,#511,
    #512,#513,#514,#515,#516,#517,#518,#519,#520,#521,#522,#523,#524,
    #525,#526,#527,#528,#529,#530,#531,#532),.UNSPECIFIED.,.F.,.F.,(7,5,
    5,5,5,7),(0.,0.189184347717,0.312583524531,0.480834856652,
    0.73150598214,1.),.UNSPECIFIED.);
#506 = CARTESIAN_POINT('',(8.171241461241E-14,-47.05,28.5));
#507 = CARTESIAN_POINT('',(8.171241461241E-14,-47.05,28.591737928829));
#508 = CARTESIAN_POINT('',(-6.73275474763E-03,-47.04326722799,
    28.683517288318));
#509 = CARTESIAN_POINT('',(-2.020913521961E-02,-47.02979093398,
    28.773932675335));
#510 = CARTESIAN_POINT('',(-3.998144503345E-02,-47.01001115422,
    28.861860573052));
#511 = CARTESIAN_POINT('',(-6.539322241204E-02,-46.98457108443,
    28.946473544388));
#512 = CARTESIAN_POINT('',(-0.115467226546,-46.93439491827,
    29.079855464305));
#513 = CARTESIAN_POINT('',(-0.13732723576,-46.91248028888,
    29.130883054227));
#514 = CARTESIAN_POINT('',(-0.161088694984,-46.88864627883,
    29.180155597907));
#515 = CARTESIAN_POINT('',(-0.186561298352,-46.86307956578,
    29.227598892821));
#516 = CARTESIAN_POINT('',(-0.213567035247,-46.83595473634,
    29.27317970099));
#517 = CARTESIAN_POINT('',(-0.280654200376,-46.76851989498,
    29.376496534621));
#518 = CARTESIAN_POINT('',(-0.32191430025,-46.72700718411,
    29.432619651573));
#519 = CARTESIAN_POINT('',(-0.365345373319,-46.68326362129,
    29.48526511844));
#520 = CARTESIAN_POINT('',(-0.410613271421,-46.6376169254,
    29.534487892108));
#521 = CARTESIAN_POINT('',(-0.457442127814,-46.59033770907,
    29.58037674761));
#522 = CARTESIAN_POINT('',(-0.577397894808,-46.46907168597,
    29.686590370402));
#523 = CARTESIAN_POINT('',(-0.652142980317,-46.39337441765,
    29.742951578682));
#524 = CARTESIAN_POINT('',(-0.72915226046,-46.31523046549,
    29.792473852186));
#525 = CARTESIAN_POINT('',(-0.807885649868,-46.23517084881,
    29.835457143616));
#526 = CARTESIAN_POINT('',(-0.887926845976,-46.15360696309,
    29.872179819431));
#527 = CARTESIAN_POINT('',(-1.055796994258,-45.98216897603,
    29.935723071474));
#528 = CARTESIAN_POINT('',(-1.143747513308,-45.89214444331,
    29.961643728074));
#529 = CARTESIAN_POINT('',(-1.232447049173,-45.80113842121,
    29.980892482104));
#530 = CARTESIAN_POINT('',(-1.321571834771,-45.70947532252,
    29.993640222192));
#531 = CARTESIAN_POINT('',(-1.410839335111,-45.61744194475,
    30.000000018611));
#532 = CARTESIAN_POINT('',(-1.5,-45.52529516653,30.));
#533 = PCURVE('',#254,#534);
#534 = DEFINITIONAL_REPRESENTATION('',(#535),#563);
#535 = B_SPLINE_CURVE_WITH_KNOTS('',6,(#536,#537,#538,#539,#540,#541,
    #542,#543,#544,#545,#546,#547,#548,#549,#550,#551,#552,#553,#554,
    #555,#556,#557,#558,#559,#560,#561,#562),.UNSPECIFIED.,.F.,.F.,(7,5,
    5,5,5,7),(0.,0.189184347717,0.312583524531,0.480834856652,
    0.73150598214,1.),.UNSPECIFIED.);
#536 = CARTESIAN_POINT('',(-2.92741918768,0.));
#537 = CARTESIAN_POINT('',(-2.92741918768,6.115861921964E-02));
#538 = CARTESIAN_POINT('',(-2.92756228628,0.122344744739));
#539 = CARTESIAN_POINT('',(-2.927848709411,0.183033999064));
#540 = CARTESIAN_POINT('',(-2.928269267278,0.242888156048));
#541 = CARTESIAN_POINT('',(-2.928810571569,0.301652091449));
#542 = CARTESIAN_POINT('',(-2.929879188619,0.396633124528));
#543 = CARTESIAN_POINT('',(-2.930346124122,0.43360311353));
#544 = CARTESIAN_POINT('',(-2.930854236031,0.470018486051));
#545 = CARTESIAN_POINT('',(-2.931399634271,0.505869006086));
#546 = CARTESIAN_POINT('',(-2.931978681571,0.541159620057));
#547 = CARTESIAN_POINT('',(-2.93341934924,0.623284337779));
#548 = CARTESIAN_POINT('',(-2.934307044725,0.669644602608));
#549 = CARTESIAN_POINT('',(-2.935243434309,0.715040179269));
#550 = CARTESIAN_POINT('',(-2.936221691825,0.759530402926));
#551 = CARTESIAN_POINT('',(-2.937236180292,0.803184423739));
#552 = CARTESIAN_POINT('',(-2.939841565144,0.909998321506));
#553 = CARTESIAN_POINT('',(-2.941470796182,0.972214345828));
#554 = CARTESIAN_POINT('',(-2.943155953082,1.033007396555));
#555 = CARTESIAN_POINT('',(-2.944885954497,1.09258824779));
#556 = CARTESIAN_POINT('',(-2.946652173396,1.151160408001));
#557 = CARTESIAN_POINT('',(-2.950372533508,1.270823140646));
#558 = CARTESIAN_POINT('',(-2.952330497543,1.331777290478));
#559 = CARTESIAN_POINT('',(-2.954314373403,1.392050052894));
#560 = CARTESIAN_POINT('',(-2.956317267381,1.451844060788));
#561 = CARTESIAN_POINT('',(-2.958333006877,1.511355917649));
#562 = CARTESIAN_POINT('',(-2.960355987736,1.570796326795));
#563 = ( GEOMETRIC_REPRESENTATION_CONTEXT(2) 
PARAMETRIC_REPRESENTATION_CONTEXT() REPRESENTATION_CONTEXT('2D SPACE',''
  ) );
#564 = PCURVE('',#565,#570);
#565 = CYLINDRICAL_SURFACE('',#566,1.5);
#566 = AXIS2_PLACEMENT_3D('',#567,#568,#569);
#567 = CARTESIAN_POINT('',(-1.5,-52.05,28.5));
#568 = DIRECTION('',(0.,1.,0.));
#569 = DIRECTION('',(0.,-0.,1.));
#570 = DEFINITIONAL_REPRESENTATION('',(#571),#599);
#571 = B_SPLINE_CURVE_WITH_KNOTS('',6,(#572,#573,#574,#575,#576,#577,
    #578,#579,#580,#581,#582,#583,#584,#585,#586,#587,#588,#589,#590,
    #591,#592,#593,#594,#595,#596,#597,#598),.UNSPECIFIED.,.F.,.F.,(7,5,
    5,5,5,7),(0.,0.189184347717,0.312583524531,0.480834856652,
    0.73150598214,1.),.UNSPECIFIED.);
#572 = CARTESIAN_POINT('',(1.570796326795,5.));
#573 = CARTESIAN_POINT('',(1.509637707575,5.));
#574 = CARTESIAN_POINT('',(1.448451582056,5.006732772001));
#575 = CARTESIAN_POINT('',(1.387762327731,5.020209066014));
#576 = CARTESIAN_POINT('',(1.327908170747,5.039988845772));
#577 = CARTESIAN_POINT('',(1.269144235346,5.065428915567));
#578 = CARTESIAN_POINT('',(1.174163202266,5.115605081727));
#579 = CARTESIAN_POINT('',(1.137193213265,5.137519711114));
#580 = CARTESIAN_POINT('',(1.100777840744,5.161353721162));
#581 = CARTESIAN_POINT('',(1.064927320709,5.186920434212));
#582 = CARTESIAN_POINT('',(1.029636706738,5.21404526366));
#583 = CARTESIAN_POINT('',(0.947511989016,5.281480105019));
#584 = CARTESIAN_POINT('',(0.901151724187,5.322992815886));
#585 = CARTESIAN_POINT('',(0.855756147526,5.366736378707));
#586 = CARTESIAN_POINT('',(0.811265923869,5.412383074595));
#587 = CARTESIAN_POINT('',(0.767611903056,5.459662290927));
#588 = CARTESIAN_POINT('',(0.660798005289,5.580928314028));
#589 = CARTESIAN_POINT('',(0.598581980967,5.656625582344));
#590 = CARTESIAN_POINT('',(0.53778893024,5.734769534504));
#591 = CARTESIAN_POINT('',(0.478208079004,5.814829151183));
#592 = CARTESIAN_POINT('',(0.419635918794,5.896393036901));
#593 = CARTESIAN_POINT('',(0.299973186149,6.067831023965));
#594 = CARTESIAN_POINT('',(0.239019036316,6.15785555669));
#595 = CARTESIAN_POINT('',(0.178746273901,6.248861578784));
#596 = CARTESIAN_POINT('',(0.118952266007,6.34052467748));
#597 = CARTESIAN_POINT('',(5.944040914549E-02,6.432558055241));
#598 = CARTESIAN_POINT('',(0.,6.524704833466));
#599 = ( GEOMETRIC_REPRESENTATION_CONTEXT(2) 
PARAMETRIC_REPRESENTATION_CONTEXT() REPRESENTATION_CONTEXT('2D SPACE',''
  ) );
#600 = ORIENTED_EDGE('',*,*,#601,.F.);
#601 = EDGE_CURVE('',#406,#502,#602,.T.);
#602 = SURFACE_CURVE('',#603,(#608,#615),.PCURVE_S1.);
#603 = CIRCLE('',#604,45.55);
#604 = AXIS2_PLACEMENT_3D('',#605,#606,#607);
#605 = CARTESIAN_POINT('',(0.,0.,30.));
#606 = DIRECTION('',(0.,-0.,-1.));
#607 = DIRECTION('',(0.212539851222,0.977152399395,-0.));
#608 = PCURVE('',#254,#609);
#609 = DEFINITIONAL_REPRESENTATION('',(#610),#614);
#610 = LINE('',#611,#612);
#611 = CARTESIAN_POINT('',(-0.,1.570796326795));
#612 = VECTOR('',#613,1.);
#613 = DIRECTION('',(-1.,0.));
#614 = ( GEOMETRIC_REPRESENTATION_CONTEXT(2) 
PARAMETRIC_REPRESENTATION_CONTEXT() REPRESENTATION_CONTEXT('2D SPACE',''
  ) );
#615 = PCURVE('',#616,#621);
#616 = PLANE('',#617);
#617 = AXIS2_PLACEMENT_3D('',#618,#619,#620);
#618 = CARTESIAN_POINT('',(-3.720134685761E-15,-6.058705378236E-17,30.)
  );
#619 = DIRECTION('',(0.,0.,1.));
#620 = DIRECTION('',(1.,0.,-0.));
#621 = DEFINITIONAL_REPRESENTATION('',(#622),#630);
#622 = ( BOUNDED_CURVE() B_SPLINE_CURVE(2,(#623,#624,#625,#626,#627,#628
,#629),.UNSPECIFIED.,.T.,.F.) B_SPLINE_CURVE_WITH_KNOTS((1,2,2,2,2,1),(
    -2.094395102393,0.,2.094395102393,4.188790204786,6.28318530718,
8.377580409573),.UNSPECIFIED.) CURVE() GEOMETRIC_REPRESENTATION_ITEM() 
RATIONAL_B_SPLINE_CURVE((1.,0.5,1.,0.5,1.,0.5,1.)) REPRESENTATION_ITEM(
  '') );
#623 = CARTESIAN_POINT('',(9.681190223166,44.509291792421));
#624 = CARTESIAN_POINT('',(86.773545016547,27.740978448159));
#625 = CARTESIAN_POINT('',(33.705582285108,-30.63880256834));
#626 = CARTESIAN_POINT('',(-19.36238044633,-89.01858358484));
#627 = CARTESIAN_POINT('',(-43.38677250827,-13.87048922408));
#628 = CARTESIAN_POINT('',(-67.41116457021,61.277605136683));
#629 = CARTESIAN_POINT('',(9.681190223166,44.509291792421));
#630 = ( GEOMETRIC_REPRESENTATION_CONTEXT(2) 
PARAMETRIC_REPRESENTATION_CONTEXT() REPRESENTATION_CONTEXT('2D SPACE',''
  ) );
#631 = ADVANCED_FACE('',(#632),#80,.F.);
#632 = FACE_BOUND('',#633,.T.);
#633 = EDGE_LOOP('',(#634,#667,#688,#689,#690,#712,#713,#714));
#634 = ORIENTED_EDGE('',*,*,#635,.T.);
#635 = EDGE_CURVE('',#636,#636,#638,.T.);
#636 = VERTEX_POINT('',#637);
#637 = CARTESIAN_POINT('',(3.,48.25,15.));
#638 = SURFACE_CURVE('',#639,(#644,#651),.PCURVE_S1.);
#639 = CIRCLE('',#640,2.2);
#640 = AXIS2_PLACEMENT_3D('',#641,#642,#643);
#641 = CARTESIAN_POINT('',(3.,46.05,15.));
#642 = DIRECTION('',(-1.,0.,0.));
#643 = DIRECTION('',(0.,1.,0.));
#644 = PCURVE('',#80,#645);
#645 = DEFINITIONAL_REPRESENTATION('',(#646),#650);
#646 = LINE('',#647,#648);
#647 = CARTESIAN_POINT('',(-6.28318530718,-16.));
#648 = VECTOR('',#649,1.);
#649 = DIRECTION('',(1.,-0.));
#650 = ( GEOMETRIC_REPRESENTATION_CONTEXT(2) 
PARAMETRIC_REPRESENTATION_CONTEXT() REPRESENTATION_CONTEXT('2D SPACE',''
  ) );
#651 = PCURVE('',#652,#657);
#652 = PLANE('',#653);
#653 = AXIS2_PLACEMENT_3D('',#654,#655,#656);
#654 = CARTESIAN_POINT('',(3.,-13.,-2.));
#655 = DIRECTION('',(1.,0.,0.));
#656 = DIRECTION('',(0.,0.,1.));
#657 = DEFINITIONAL_REPRESENTATION('',(#658),#666);
#658 = ( BOUNDED_CURVE() B_SPLINE_CURVE(2,(#659,#660,#661,#662,#663,#664
,#665),.UNSPECIFIED.,.T.,.F.) B_SPLINE_CURVE_WITH_KNOTS((1,2,2,2,2,1),(
    -2.094395102393,0.,2.094395102393,4.188790204786,6.28318530718,
8.377580409573),.UNSPECIFIED.) CURVE() GEOMETRIC_REPRESENTATION_ITEM() 
RATIONAL_B_SPLINE_CURVE((1.,0.5,1.,0.5,1.,0.5,1.)) REPRESENTATION_ITEM(
  '') );
#659 = CARTESIAN_POINT('',(17.,-61.25));
#660 = CARTESIAN_POINT('',(13.189488223348,-61.25));
#661 = CARTESIAN_POINT('',(15.094744111674,-57.95));
#662 = CARTESIAN_POINT('',(17.,-54.65));
#663 = CARTESIAN_POINT('',(18.905255888326,-57.95));
#664 = CARTESIAN_POINT('',(20.810511776652,-61.25));
#665 = CARTESIAN_POINT('',(17.,-61.25));
#666 = ( GEOMETRIC_REPRESENTATION_CONTEXT(2) 
PARAMETRIC_REPRESENTATION_CONTEXT() REPRESENTATION_CONTEXT('2D SPACE',''
  ) );
#667 = ORIENTED_EDGE('',*,*,#668,.T.);
#668 = EDGE_CURVE('',#636,#327,#669,.T.);
#669 = SEAM_CURVE('',#670,(#674,#681),.PCURVE_S1.);
#670 = LINE('',#671,#672);
#671 = CARTESIAN_POINT('',(-13.,48.25,15.));
#672 = VECTOR('',#673,1.);
#673 = DIRECTION('',(1.,0.,0.));
#674 = PCURVE('',#80,#675);
#675 = DEFINITIONAL_REPRESENTATION('',(#676),#680);
#676 = LINE('',#677,#678);
#677 = CARTESIAN_POINT('',(-6.28318530718,0.));
#678 = VECTOR('',#679,1.);
#679 = DIRECTION('',(-0.,-1.));
#680 = ( GEOMETRIC_REPRESENTATION_CONTEXT(2) 
PARAMETRIC_REPRESENTATION_CONTEXT() REPRESENTATION_CONTEXT('2D SPACE',''
  ) );
#681 = PCURVE('',#80,#682);
#682 = DEFINITIONAL_REPRESENTATION('',(#683),#687);
#683 = LINE('',#684,#685);
#684 = CARTESIAN_POINT('',(-0.,0.));
#685 = VECTOR('',#686,1.);
#686 = DIRECTION('',(-0.,-1.));
#687 = ( GEOMETRIC_REPRESENTATION_CONTEXT(2) 
PARAMETRIC_REPRESENTATION_CONTEXT() REPRESENTATION_CONTEXT('2D SPACE',''
  ) );
#688 = ORIENTED_EDGE('',*,*,#326,.F.);
#689 = ORIENTED_EDGE('',*,*,#56,.T.);
#690 = ORIENTED_EDGE('',*,*,#691,.T.);
#691 = EDGE_CURVE('',#57,#97,#692,.T.);
#692 = SURFACE_CURVE('',#693,(#698,#705),.PCURVE_S1.);
#693 = CIRCLE('',#694,2.2);
#694 = AXIS2_PLACEMENT_3D('',#695,#696,#697);
#695 = CARTESIAN_POINT('',(13.,46.05,15.));
#696 = DIRECTION('',(1.,0.,0.));
#697 = DIRECTION('',(0.,1.,0.));
#698 = PCURVE('',#80,#699);
#699 = DEFINITIONAL_REPRESENTATION('',(#700),#704);
#700 = LINE('',#701,#702);
#701 = CARTESIAN_POINT('',(-0.,-26.));
#702 = VECTOR('',#703,1.);
#703 = DIRECTION('',(-1.,0.));
#704 = ( GEOMETRIC_REPRESENTATION_CONTEXT(2) 
PARAMETRIC_REPRESENTATION_CONTEXT() REPRESENTATION_CONTEXT('2D SPACE',''
  ) );
#705 = PCURVE('',#112,#706);
#706 = DEFINITIONAL_REPRESENTATION('',(#707),#711);
#707 = CIRCLE('',#708,2.2);
#708 = AXIS2_PLACEMENT_2D('',#709,#710);
#709 = CARTESIAN_POINT('',(1.7763568394E-15,0.));
#710 = DIRECTION('',(0.,-1.));
#711 = ( GEOMETRIC_REPRESENTATION_CONTEXT(2) 
PARAMETRIC_REPRESENTATION_CONTEXT() REPRESENTATION_CONTEXT('2D SPACE',''
  ) );
#712 = ORIENTED_EDGE('',*,*,#124,.T.);
#713 = ORIENTED_EDGE('',*,*,#354,.F.);
#714 = ORIENTED_EDGE('',*,*,#668,.F.);
#715 = ADVANCED_FACE('',(#716),#227,.T.);
#716 = FACE_BOUND('',#717,.T.);
#717 = EDGE_LOOP('',(#718,#719,#742,#770));
#718 = ORIENTED_EDGE('',*,*,#211,.F.);
#719 = ORIENTED_EDGE('',*,*,#720,.F.);
#720 = EDGE_CURVE('',#721,#212,#723,.T.);
#721 = VERTEX_POINT('',#722);
#722 = CARTESIAN_POINT('',(2.22044604925E-16,-52.05,28.5));
#723 = SURFACE_CURVE('',#724,(#728,#735),.PCURVE_S1.);
#724 = LINE('',#725,#726);
#725 = CARTESIAN_POINT('',(2.22044604925E-16,-52.05,28.5));
#726 = VECTOR('',#727,1.);
#727 = DIRECTION('',(0.,1.,0.));
#728 = PCURVE('',#227,#729);
#729 = DEFINITIONAL_REPRESENTATION('',(#730),#734);
#730 = LINE('',#731,#732);
#731 = CARTESIAN_POINT('',(28.5,0.));
#732 = VECTOR('',#733,1.);
#733 = DIRECTION('',(0.,-1.));
#734 = ( GEOMETRIC_REPRESENTATION_CONTEXT(2) 
PARAMETRIC_REPRESENTATION_CONTEXT() REPRESENTATION_CONTEXT('2D SPACE',''
  ) );
#735 = PCURVE('',#565,#736);
#736 = DEFINITIONAL_REPRESENTATION('',(#737),#741);
#737 = LINE('',#738,#739);
#738 = CARTESIAN_POINT('',(1.570796326795,0.));
#739 = VECTOR('',#740,1.);
#740 = DIRECTION('',(0.,1.));
#741 = ( GEOMETRIC_REPRESENTATION_CONTEXT(2) 
PARAMETRIC_REPRESENTATION_CONTEXT() REPRESENTATION_CONTEXT('2D SPACE',''
  ) );
#742 = ORIENTED_EDGE('',*,*,#743,.F.);
#743 = EDGE_CURVE('',#744,#721,#746,.T.);
#744 = VERTEX_POINT('',#745);
#745 = CARTESIAN_POINT('',(0.,-52.05,0.));
#746 = SURFACE_CURVE('',#747,(#751,#758),.PCURVE_S1.);
#747 = LINE('',#748,#749);
#748 = CARTESIAN_POINT('',(0.,-52.05,0.));
#749 = VECTOR('',#750,1.);
#750 = DIRECTION('',(0.,0.,1.));
#751 = PCURVE('',#227,#752);
#752 = DEFINITIONAL_REPRESENTATION('',(#753),#757);
#753 = LINE('',#754,#755);
#754 = CARTESIAN_POINT('',(0.,0.));
#755 = VECTOR('',#756,1.);
#756 = DIRECTION('',(1.,0.));
#757 = ( GEOMETRIC_REPRESENTATION_CONTEXT(2) 
PARAMETRIC_REPRESENTATION_CONTEXT() REPRESENTATION_CONTEXT('2D SPACE',''
  ) );
#758 = PCURVE('',#759,#764);
#759 = CYLINDRICAL_SURFACE('',#760,52.05);
#760 = AXIS2_PLACEMENT_3D('',#761,#762,#763);
#761 = CARTESIAN_POINT('',(0.,0.,0.));
#762 = DIRECTION('',(-0.,-0.,-1.));
#763 = DIRECTION('',(1.,0.,0.));
#764 = DEFINITIONAL_REPRESENTATION('',(#765),#769);
#765 = LINE('',#766,#767);
#766 = CARTESIAN_POINT('',(-4.712388980385,0.));
#767 = VECTOR('',#768,1.);
#768 = DIRECTION('',(-0.,-1.));
#769 = ( GEOMETRIC_REPRESENTATION_CONTEXT(2) 
PARAMETRIC_REPRESENTATION_CONTEXT() REPRESENTATION_CONTEXT('2D SPACE',''
  ) );
#770 = ORIENTED_EDGE('',*,*,#771,.T.);
#771 = EDGE_CURVE('',#744,#183,#772,.T.);
#772 = SURFACE_CURVE('',#773,(#777,#784),.PCURVE_S1.);
#773 = LINE('',#774,#775);
#774 = CARTESIAN_POINT('',(0.,-52.05,0.));
#775 = VECTOR('',#776,1.);
#776 = DIRECTION('',(0.,1.,0.));
#777 = PCURVE('',#227,#778);
#778 = DEFINITIONAL_REPRESENTATION('',(#779),#783);
#779 = LINE('',#780,#781);
#780 = CARTESIAN_POINT('',(0.,0.));
#781 = VECTOR('',#782,1.);
#782 = DIRECTION('',(0.,-1.));
#783 = ( GEOMETRIC_REPRESENTATION_CONTEXT(2) 
PARAMETRIC_REPRESENTATION_CONTEXT() REPRESENTATION_CONTEXT('2D SPACE',''
  ) );
#784 = PCURVE('',#199,#785);
#785 = DEFINITIONAL_REPRESENTATION('',(#786),#790);
#786 = LINE('',#787,#788);
#787 = CARTESIAN_POINT('',(3.720134685761E-15,-52.05));
#788 = VECTOR('',#789,1.);
#789 = DIRECTION('',(0.,1.));
#790 = ( GEOMETRIC_REPRESENTATION_CONTEXT(2) 
PARAMETRIC_REPRESENTATION_CONTEXT() REPRESENTATION_CONTEXT('2D SPACE',''
  ) );
#791 = ADVANCED_FACE('',(#792),#112,.F.);
#792 = FACE_BOUND('',#793,.F.);
#793 = EDGE_LOOP('',(#794,#795));
#794 = ORIENTED_EDGE('',*,*,#96,.F.);
#795 = ORIENTED_EDGE('',*,*,#691,.T.);
#796 = ADVANCED_FACE('',(#797),#199,.F.);
#797 = FACE_BOUND('',#798,.F.);
#798 = EDGE_LOOP('',(#799,#829,#853,#881,#909,#937,#966,#994,#1017,#1045
    ,#1067,#1068,#1069,#1070,#1093,#1116,#1144,#1172,#1201,#1229,#1257,
    #1285));
#799 = ORIENTED_EDGE('',*,*,#800,.F.);
#800 = EDGE_CURVE('',#801,#803,#805,.T.);
#801 = VERTEX_POINT('',#802);
#802 = CARTESIAN_POINT('',(-10.,51.080353366044,0.));
#803 = VERTEX_POINT('',#804);
#804 = CARTESIAN_POINT('',(-10.,53.55,0.));
#805 = SURFACE_CURVE('',#806,(#810,#817),.PCURVE_S1.);
#806 = LINE('',#807,#808);
#807 = CARTESIAN_POINT('',(-10.,38.55,0.));
#808 = VECTOR('',#809,1.);
#809 = DIRECTION('',(0.,1.,0.));
#810 = PCURVE('',#199,#811);
#811 = DEFINITIONAL_REPRESENTATION('',(#812),#816);
#812 = LINE('',#813,#814);
#813 = CARTESIAN_POINT('',(-10.,38.55));
#814 = VECTOR('',#815,1.);
#815 = DIRECTION('',(0.,1.));
#816 = ( GEOMETRIC_REPRESENTATION_CONTEXT(2) 
PARAMETRIC_REPRESENTATION_CONTEXT() REPRESENTATION_CONTEXT('2D SPACE',''
  ) );
#817 = PCURVE('',#818,#823);
#818 = PLANE('',#819);
#819 = AXIS2_PLACEMENT_3D('',#820,#821,#822);
#820 = CARTESIAN_POINT('',(-10.,38.55,0.));
#821 = DIRECTION('',(1.,0.,0.));
#822 = DIRECTION('',(0.,0.,1.));
#823 = DEFINITIONAL_REPRESENTATION('',(#824),#828);
#824 = LINE('',#825,#826);
#825 = CARTESIAN_POINT('',(0.,0.));
#826 = VECTOR('',#827,1.);
#827 = DIRECTION('',(0.,-1.));
#828 = ( GEOMETRIC_REPRESENTATION_CONTEXT(2) 
PARAMETRIC_REPRESENTATION_CONTEXT() REPRESENTATION_CONTEXT('2D SPACE',''
  ) );
#829 = ORIENTED_EDGE('',*,*,#830,.T.);
#830 = EDGE_CURVE('',#801,#831,#833,.T.);
#831 = VERTEX_POINT('',#832);
#832 = CARTESIAN_POINT('',(-48.45825523066,18.999999999999,0.));
#833 = SURFACE_CURVE('',#834,(#839,#846),.PCURVE_S1.);
#834 = CIRCLE('',#835,52.05);
#835 = AXIS2_PLACEMENT_3D('',#836,#837,#838);
#836 = CARTESIAN_POINT('',(0.,0.,0.));
#837 = DIRECTION('',(0.,0.,1.));
#838 = DIRECTION('',(1.,0.,0.));
#839 = PCURVE('',#199,#840);
#840 = DEFINITIONAL_REPRESENTATION('',(#841),#845);
#841 = CIRCLE('',#842,52.05);
#842 = AXIS2_PLACEMENT_2D('',#843,#844);
#843 = CARTESIAN_POINT('',(3.720134685761E-15,6.058705378236E-17));
#844 = DIRECTION('',(1.,0.));
#845 = ( GEOMETRIC_REPRESENTATION_CONTEXT(2) 
PARAMETRIC_REPRESENTATION_CONTEXT() REPRESENTATION_CONTEXT('2D SPACE',''
  ) );
#846 = PCURVE('',#759,#847);
#847 = DEFINITIONAL_REPRESENTATION('',(#848),#852);
#848 = LINE('',#849,#850);
#849 = CARTESIAN_POINT('',(-0.,0.));
#850 = VECTOR('',#851,1.);
#851 = DIRECTION('',(-1.,0.));
#852 = ( GEOMETRIC_REPRESENTATION_CONTEXT(2) 
PARAMETRIC_REPRESENTATION_CONTEXT() REPRESENTATION_CONTEXT('2D SPACE',''
  ) );
#853 = ORIENTED_EDGE('',*,*,#854,.F.);
#854 = EDGE_CURVE('',#855,#831,#857,.T.);
#855 = VERTEX_POINT('',#856);
#856 = CARTESIAN_POINT('',(-112.,19.,0.));
#857 = SURFACE_CURVE('',#858,(#862,#869),.PCURVE_S1.);
#858 = LINE('',#859,#860);
#859 = CARTESIAN_POINT('',(-112.,19.,0.));
#860 = VECTOR('',#861,1.);
#861 = DIRECTION('',(1.,0.,0.));
#862 = PCURVE('',#199,#863);
#863 = DEFINITIONAL_REPRESENTATION('',(#864),#868);
#864 = LINE('',#865,#866);
#865 = CARTESIAN_POINT('',(-112.,19.));
#866 = VECTOR('',#867,1.);
#867 = DIRECTION('',(1.,0.));
#868 = ( GEOMETRIC_REPRESENTATION_CONTEXT(2) 
PARAMETRIC_REPRESENTATION_CONTEXT() REPRESENTATION_CONTEXT('2D SPACE',''
  ) );
#869 = PCURVE('',#870,#875);
#870 = PLANE('',#871);
#871 = AXIS2_PLACEMENT_3D('',#872,#873,#874);
#872 = CARTESIAN_POINT('',(-112.,19.,0.));
#873 = DIRECTION('',(0.,1.,0.));
#874 = DIRECTION('',(0.,0.,1.));
#875 = DEFINITIONAL_REPRESENTATION('',(#876),#880);
#876 = LINE('',#877,#878);
#877 = CARTESIAN_POINT('',(0.,0.));
#878 = VECTOR('',#879,1.);
#879 = DIRECTION('',(0.,1.));
#880 = ( GEOMETRIC_REPRESENTATION_CONTEXT(2) 
PARAMETRIC_REPRESENTATION_CONTEXT() REPRESENTATION_CONTEXT('2D SPACE',''
  ) );
#881 = ORIENTED_EDGE('',*,*,#882,.F.);
#882 = EDGE_CURVE('',#883,#855,#885,.T.);
#883 = VERTEX_POINT('',#884);
#884 = CARTESIAN_POINT('',(-112.,13.,0.));
#885 = SURFACE_CURVE('',#886,(#890,#897),.PCURVE_S1.);
#886 = LINE('',#887,#888);
#887 = CARTESIAN_POINT('',(-112.,13.,0.));
#888 = VECTOR('',#889,1.);
#889 = DIRECTION('',(0.,1.,0.));
#890 = PCURVE('',#199,#891);
#891 = DEFINITIONAL_REPRESENTATION('',(#892),#896);
#892 = LINE('',#893,#894);
#893 = CARTESIAN_POINT('',(-112.,13.));
#894 = VECTOR('',#895,1.);
#895 = DIRECTION('',(0.,1.));
#896 = ( GEOMETRIC_REPRESENTATION_CONTEXT(2) 
PARAMETRIC_REPRESENTATION_CONTEXT() REPRESENTATION_CONTEXT('2D SPACE',''
  ) );
#897 = PCURVE('',#898,#903);
#898 = PLANE('',#899);
#899 = AXIS2_PLACEMENT_3D('',#900,#901,#902);
#900 = CARTESIAN_POINT('',(-112.,13.,0.));
#901 = DIRECTION('',(1.,0.,0.));
#902 = DIRECTION('',(0.,0.,1.));
#903 = DEFINITIONAL_REPRESENTATION('',(#904),#908);
#904 = LINE('',#905,#906);
#905 = CARTESIAN_POINT('',(0.,0.));
#906 = VECTOR('',#907,1.);
#907 = DIRECTION('',(0.,-1.));
#908 = ( GEOMETRIC_REPRESENTATION_CONTEXT(2) 
PARAMETRIC_REPRESENTATION_CONTEXT() REPRESENTATION_CONTEXT('2D SPACE',''
  ) );
#909 = ORIENTED_EDGE('',*,*,#910,.T.);
#910 = EDGE_CURVE('',#883,#911,#913,.T.);
#911 = VERTEX_POINT('',#912);
#912 = CARTESIAN_POINT('',(-50.40042162522,13.,0.));
#913 = SURFACE_CURVE('',#914,(#918,#925),.PCURVE_S1.);
#914 = LINE('',#915,#916);
#915 = CARTESIAN_POINT('',(-112.,13.,0.));
#916 = VECTOR('',#917,1.);
#917 = DIRECTION('',(1.,0.,0.));
#918 = PCURVE('',#199,#919);
#919 = DEFINITIONAL_REPRESENTATION('',(#920),#924);
#920 = LINE('',#921,#922);
#921 = CARTESIAN_POINT('',(-112.,13.));
#922 = VECTOR('',#923,1.);
#923 = DIRECTION('',(1.,0.));
#924 = ( GEOMETRIC_REPRESENTATION_CONTEXT(2) 
PARAMETRIC_REPRESENTATION_CONTEXT() REPRESENTATION_CONTEXT('2D SPACE',''
  ) );
#925 = PCURVE('',#926,#931);
#926 = PLANE('',#927);
#927 = AXIS2_PLACEMENT_3D('',#928,#929,#930);
#928 = CARTESIAN_POINT('',(-112.,13.,0.));
#929 = DIRECTION('',(0.,1.,0.));
#930 = DIRECTION('',(0.,0.,1.));
#931 = DEFINITIONAL_REPRESENTATION('',(#932),#936);
#932 = LINE('',#933,#934);
#933 = CARTESIAN_POINT('',(0.,0.));
#934 = VECTOR('',#935,1.);
#935 = DIRECTION('',(0.,1.));
#936 = ( GEOMETRIC_REPRESENTATION_CONTEXT(2) 
PARAMETRIC_REPRESENTATION_CONTEXT() REPRESENTATION_CONTEXT('2D SPACE',''
  ) );
#937 = ORIENTED_EDGE('',*,*,#938,.T.);
#938 = EDGE_CURVE('',#911,#939,#941,.T.);
#939 = VERTEX_POINT('',#940);
#940 = CARTESIAN_POINT('',(-50.40042162522,-13.,0.));
#941 = SURFACE_CURVE('',#942,(#947,#954),.PCURVE_S1.);
#942 = CIRCLE('',#943,52.05);
#943 = AXIS2_PLACEMENT_3D('',#944,#945,#946);
#944 = CARTESIAN_POINT('',(0.,0.,0.));
#945 = DIRECTION('',(0.,0.,1.));
#946 = DIRECTION('',(1.,0.,0.));
#947 = PCURVE('',#199,#948);
#948 = DEFINITIONAL_REPRESENTATION('',(#949),#953);
#949 = CIRCLE('',#950,52.05);
#950 = AXIS2_PLACEMENT_2D('',#951,#952);
#951 = CARTESIAN_POINT('',(3.720134685761E-15,6.058705378236E-17));
#952 = DIRECTION('',(1.,0.));
#953 = ( GEOMETRIC_REPRESENTATION_CONTEXT(2) 
PARAMETRIC_REPRESENTATION_CONTEXT() REPRESENTATION_CONTEXT('2D SPACE',''
  ) );
#954 = PCURVE('',#955,#960);
#955 = CYLINDRICAL_SURFACE('',#956,52.05);
#956 = AXIS2_PLACEMENT_3D('',#957,#958,#959);
#957 = CARTESIAN_POINT('',(0.,0.,0.));
#958 = DIRECTION('',(-0.,-0.,-1.));
#959 = DIRECTION('',(1.,0.,0.));
#960 = DEFINITIONAL_REPRESENTATION('',(#961),#965);
#961 = LINE('',#962,#963);
#962 = CARTESIAN_POINT('',(-0.,0.));
#963 = VECTOR('',#964,1.);
#964 = DIRECTION('',(-1.,0.));
#965 = ( GEOMETRIC_REPRESENTATION_CONTEXT(2) 
PARAMETRIC_REPRESENTATION_CONTEXT() REPRESENTATION_CONTEXT('2D SPACE',''
  ) );
#966 = ORIENTED_EDGE('',*,*,#967,.F.);
#967 = EDGE_CURVE('',#968,#939,#970,.T.);
#968 = VERTEX_POINT('',#969);
#969 = CARTESIAN_POINT('',(-112.,-13.,0.));
#970 = SURFACE_CURVE('',#971,(#975,#982),.PCURVE_S1.);
#971 = LINE('',#972,#973);
#972 = CARTESIAN_POINT('',(-112.,-13.,0.));
#973 = VECTOR('',#974,1.);
#974 = DIRECTION('',(1.,0.,0.));
#975 = PCURVE('',#199,#976);
#976 = DEFINITIONAL_REPRESENTATION('',(#977),#981);
#977 = LINE('',#978,#979);
#978 = CARTESIAN_POINT('',(-112.,-13.));
#979 = VECTOR('',#980,1.);
#980 = DIRECTION('',(1.,0.));
#981 = ( GEOMETRIC_REPRESENTATION_CONTEXT(2) 
PARAMETRIC_REPRESENTATION_CONTEXT() REPRESENTATION_CONTEXT('2D SPACE',''
  ) );
#982 = PCURVE('',#983,#988);
#983 = PLANE('',#984);
#984 = AXIS2_PLACEMENT_3D('',#985,#986,#987);
#985 = CARTESIAN_POINT('',(-112.,-13.,0.));
#986 = DIRECTION('',(0.,1.,0.));
#987 = DIRECTION('',(0.,0.,1.));
#988 = DEFINITIONAL_REPRESENTATION('',(#989),#993);
#989 = LINE('',#990,#991);
#990 = CARTESIAN_POINT('',(0.,0.));
#991 = VECTOR('',#992,1.);
#992 = DIRECTION('',(0.,1.));
#993 = ( GEOMETRIC_REPRESENTATION_CONTEXT(2) 
PARAMETRIC_REPRESENTATION_CONTEXT() REPRESENTATION_CONTEXT('2D SPACE',''
  ) );
#994 = ORIENTED_EDGE('',*,*,#995,.F.);
#995 = EDGE_CURVE('',#996,#968,#998,.T.);
#996 = VERTEX_POINT('',#997);
#997 = CARTESIAN_POINT('',(-112.,-19.,0.));
#998 = SURFACE_CURVE('',#999,(#1003,#1010),.PCURVE_S1.);
#999 = LINE('',#1000,#1001);
#1000 = CARTESIAN_POINT('',(-112.,-19.,0.));
#1001 = VECTOR('',#1002,1.);
#1002 = DIRECTION('',(0.,1.,0.));
#1003 = PCURVE('',#199,#1004);
#1004 = DEFINITIONAL_REPRESENTATION('',(#1005),#1009);
#1005 = LINE('',#1006,#1007);
#1006 = CARTESIAN_POINT('',(-112.,-19.));
#1007 = VECTOR('',#1008,1.);
#1008 = DIRECTION('',(0.,1.));
#1009 = ( GEOMETRIC_REPRESENTATION_CONTEXT(2) 
PARAMETRIC_REPRESENTATION_CONTEXT() REPRESENTATION_CONTEXT('2D SPACE',''
  ) );
#1010 = PCURVE('',#898,#1011);
#1011 = DEFINITIONAL_REPRESENTATION('',(#1012),#1016);
#1012 = LINE('',#1013,#1014);
#1013 = CARTESIAN_POINT('',(0.,32.));
#1014 = VECTOR('',#1015,1.);
#1015 = DIRECTION('',(0.,-1.));
#1016 = ( GEOMETRIC_REPRESENTATION_CONTEXT(2) 
PARAMETRIC_REPRESENTATION_CONTEXT() REPRESENTATION_CONTEXT('2D SPACE',''
  ) );
#1017 = ORIENTED_EDGE('',*,*,#1018,.T.);
#1018 = EDGE_CURVE('',#996,#1019,#1021,.T.);
#1019 = VERTEX_POINT('',#1020);
#1020 = CARTESIAN_POINT('',(-48.45825523066,-19.,0.));
#1021 = SURFACE_CURVE('',#1022,(#1026,#1033),.PCURVE_S1.);
#1022 = LINE('',#1023,#1024);
#1023 = CARTESIAN_POINT('',(-112.,-19.,0.));
#1024 = VECTOR('',#1025,1.);
#1025 = DIRECTION('',(1.,0.,0.));
#1026 = PCURVE('',#199,#1027);
#1027 = DEFINITIONAL_REPRESENTATION('',(#1028),#1032);
#1028 = LINE('',#1029,#1030);
#1029 = CARTESIAN_POINT('',(-112.,-19.));
#1030 = VECTOR('',#1031,1.);
#1031 = DIRECTION('',(1.,0.));
#1032 = ( GEOMETRIC_REPRESENTATION_CONTEXT(2) 
PARAMETRIC_REPRESENTATION_CONTEXT() REPRESENTATION_CONTEXT('2D SPACE',''
  ) );
#1033 = PCURVE('',#1034,#1039);
#1034 = PLANE('',#1035);
#1035 = AXIS2_PLACEMENT_3D('',#1036,#1037,#1038);
#1036 = CARTESIAN_POINT('',(-112.,-19.,0.));
#1037 = DIRECTION('',(0.,1.,0.));
#1038 = DIRECTION('',(0.,0.,1.));
#1039 = DEFINITIONAL_REPRESENTATION('',(#1040),#1044);
#1040 = LINE('',#1041,#1042);
#1041 = CARTESIAN_POINT('',(0.,0.));
#1042 = VECTOR('',#1043,1.);
#1043 = DIRECTION('',(0.,1.));
#1044 = ( GEOMETRIC_REPRESENTATION_CONTEXT(2) 
PARAMETRIC_REPRESENTATION_CONTEXT() REPRESENTATION_CONTEXT('2D SPACE',''
  ) );
#1045 = ORIENTED_EDGE('',*,*,#1046,.T.);
#1046 = EDGE_CURVE('',#1019,#744,#1047,.T.);
#1047 = SURFACE_CURVE('',#1048,(#1053,#1060),.PCURVE_S1.);
#1048 = CIRCLE('',#1049,52.05);
#1049 = AXIS2_PLACEMENT_3D('',#1050,#1051,#1052);
#1050 = CARTESIAN_POINT('',(0.,0.,0.));
#1051 = DIRECTION('',(0.,0.,1.));
#1052 = DIRECTION('',(1.,0.,0.));
#1053 = PCURVE('',#199,#1054);
#1054 = DEFINITIONAL_REPRESENTATION('',(#1055),#1059);
#1055 = CIRCLE('',#1056,52.05);
#1056 = AXIS2_PLACEMENT_2D('',#1057,#1058);
#1057 = CARTESIAN_POINT('',(3.720134685761E-15,6.058705378236E-17));
#1058 = DIRECTION('',(1.,0.));
#1059 = ( GEOMETRIC_REPRESENTATION_CONTEXT(2) 
PARAMETRIC_REPRESENTATION_CONTEXT() REPRESENTATION_CONTEXT('2D SPACE',''
  ) );
#1060 = PCURVE('',#759,#1061);
#1061 = DEFINITIONAL_REPRESENTATION('',(#1062),#1066);
#1062 = LINE('',#1063,#1064);
#1063 = CARTESIAN_POINT('',(-0.,0.));
#1064 = VECTOR('',#1065,1.);
#1065 = DIRECTION('',(-1.,0.));
#1066 = ( GEOMETRIC_REPRESENTATION_CONTEXT(2) 
PARAMETRIC_REPRESENTATION_CONTEXT() REPRESENTATION_CONTEXT('2D SPACE',''
  ) );
#1067 = ORIENTED_EDGE('',*,*,#771,.T.);
#1068 = ORIENTED_EDGE('',*,*,#182,.T.);
#1069 = ORIENTED_EDGE('',*,*,#381,.T.);
#1070 = ORIENTED_EDGE('',*,*,#1071,.F.);
#1071 = EDGE_CURVE('',#1072,#270,#1074,.T.);
#1072 = VERTEX_POINT('',#1073);
#1073 = CARTESIAN_POINT('',(3.,53.55,0.));
#1074 = SURFACE_CURVE('',#1075,(#1079,#1086),.PCURVE_S1.);
#1075 = LINE('',#1076,#1077);
#1076 = CARTESIAN_POINT('',(3.,53.55,0.));
#1077 = VECTOR('',#1078,1.);
#1078 = DIRECTION('',(1.,0.,0.));
#1079 = PCURVE('',#199,#1080);
#1080 = DEFINITIONAL_REPRESENTATION('',(#1081),#1085);
#1081 = LINE('',#1082,#1083);
#1082 = CARTESIAN_POINT('',(3.,53.55));
#1083 = VECTOR('',#1084,1.);
#1084 = DIRECTION('',(1.,0.));
#1085 = ( GEOMETRIC_REPRESENTATION_CONTEXT(2) 
PARAMETRIC_REPRESENTATION_CONTEXT() REPRESENTATION_CONTEXT('2D SPACE',''
  ) );
#1086 = PCURVE('',#287,#1087);
#1087 = DEFINITIONAL_REPRESENTATION('',(#1088),#1092);
#1088 = LINE('',#1089,#1090);
#1089 = CARTESIAN_POINT('',(0.,0.));
#1090 = VECTOR('',#1091,1.);
#1091 = DIRECTION('',(0.,1.));
#1092 = ( GEOMETRIC_REPRESENTATION_CONTEXT(2) 
PARAMETRIC_REPRESENTATION_CONTEXT() REPRESENTATION_CONTEXT('2D SPACE',''
  ) );
#1093 = ORIENTED_EDGE('',*,*,#1094,.F.);
#1094 = EDGE_CURVE('',#1095,#1072,#1097,.T.);
#1095 = VERTEX_POINT('',#1096);
#1096 = CARTESIAN_POINT('',(3.,38.55,0.));
#1097 = SURFACE_CURVE('',#1098,(#1102,#1109),.PCURVE_S1.);
#1098 = LINE('',#1099,#1100);
#1099 = CARTESIAN_POINT('',(3.,38.55,0.));
#1100 = VECTOR('',#1101,1.);
#1101 = DIRECTION('',(0.,1.,0.));
#1102 = PCURVE('',#199,#1103);
#1103 = DEFINITIONAL_REPRESENTATION('',(#1104),#1108);
#1104 = LINE('',#1105,#1106);
#1105 = CARTESIAN_POINT('',(3.,38.55));
#1106 = VECTOR('',#1107,1.);
#1107 = DIRECTION('',(0.,1.));
#1108 = ( GEOMETRIC_REPRESENTATION_CONTEXT(2) 
PARAMETRIC_REPRESENTATION_CONTEXT() REPRESENTATION_CONTEXT('2D SPACE',''
  ) );
#1109 = PCURVE('',#652,#1110);
#1110 = DEFINITIONAL_REPRESENTATION('',(#1111),#1115);
#1111 = LINE('',#1112,#1113);
#1112 = CARTESIAN_POINT('',(2.,-51.55));
#1113 = VECTOR('',#1114,1.);
#1114 = DIRECTION('',(0.,-1.));
#1115 = ( GEOMETRIC_REPRESENTATION_CONTEXT(2) 
PARAMETRIC_REPRESENTATION_CONTEXT() REPRESENTATION_CONTEXT('2D SPACE',''
  ) );
#1116 = ORIENTED_EDGE('',*,*,#1117,.T.);
#1117 = EDGE_CURVE('',#1095,#1118,#1120,.T.);
#1118 = VERTEX_POINT('',#1119);
#1119 = CARTESIAN_POINT('',(10.,38.55,0.));
#1120 = SURFACE_CURVE('',#1121,(#1125,#1132),.PCURVE_S1.);
#1121 = LINE('',#1122,#1123);
#1122 = CARTESIAN_POINT('',(3.,38.55,0.));
#1123 = VECTOR('',#1124,1.);
#1124 = DIRECTION('',(1.,0.,0.));
#1125 = PCURVE('',#199,#1126);
#1126 = DEFINITIONAL_REPRESENTATION('',(#1127),#1131);
#1127 = LINE('',#1128,#1129);
#1128 = CARTESIAN_POINT('',(3.,38.55));
#1129 = VECTOR('',#1130,1.);
#1130 = DIRECTION('',(1.,0.));
#1131 = ( GEOMETRIC_REPRESENTATION_CONTEXT(2) 
PARAMETRIC_REPRESENTATION_CONTEXT() REPRESENTATION_CONTEXT('2D SPACE',''
  ) );
#1132 = PCURVE('',#1133,#1138);
#1133 = PLANE('',#1134);
#1134 = AXIS2_PLACEMENT_3D('',#1135,#1136,#1137);
#1135 = CARTESIAN_POINT('',(3.,38.55,0.));
#1136 = DIRECTION('',(0.,1.,0.));
#1137 = DIRECTION('',(0.,0.,1.));
#1138 = DEFINITIONAL_REPRESENTATION('',(#1139),#1143);
#1139 = LINE('',#1140,#1141);
#1140 = CARTESIAN_POINT('',(0.,0.));
#1141 = VECTOR('',#1142,1.);
#1142 = DIRECTION('',(0.,1.));
#1143 = ( GEOMETRIC_REPRESENTATION_CONTEXT(2) 
PARAMETRIC_REPRESENTATION_CONTEXT() REPRESENTATION_CONTEXT('2D SPACE',''
  ) );
#1144 = ORIENTED_EDGE('',*,*,#1145,.T.);
#1145 = EDGE_CURVE('',#1118,#1146,#1148,.T.);
#1146 = VERTEX_POINT('',#1147);
#1147 = CARTESIAN_POINT('',(10.000000000001,39.813345752398,0.));
#1148 = SURFACE_CURVE('',#1149,(#1153,#1160),.PCURVE_S1.);
#1149 = LINE('',#1150,#1151);
#1150 = CARTESIAN_POINT('',(10.,38.55,0.));
#1151 = VECTOR('',#1152,1.);
#1152 = DIRECTION('',(0.,1.,0.));
#1153 = PCURVE('',#199,#1154);
#1154 = DEFINITIONAL_REPRESENTATION('',(#1155),#1159);
#1155 = LINE('',#1156,#1157);
#1156 = CARTESIAN_POINT('',(10.,38.55));
#1157 = VECTOR('',#1158,1.);
#1158 = DIRECTION('',(0.,1.));
#1159 = ( GEOMETRIC_REPRESENTATION_CONTEXT(2) 
PARAMETRIC_REPRESENTATION_CONTEXT() REPRESENTATION_CONTEXT('2D SPACE',''
  ) );
#1160 = PCURVE('',#1161,#1166);
#1161 = PLANE('',#1162);
#1162 = AXIS2_PLACEMENT_3D('',#1163,#1164,#1165);
#1163 = CARTESIAN_POINT('',(10.,38.55,0.));
#1164 = DIRECTION('',(1.,0.,0.));
#1165 = DIRECTION('',(0.,0.,1.));
#1166 = DEFINITIONAL_REPRESENTATION('',(#1167),#1171);
#1167 = LINE('',#1168,#1169);
#1168 = CARTESIAN_POINT('',(0.,0.));
#1169 = VECTOR('',#1170,1.);
#1170 = DIRECTION('',(0.,-1.));
#1171 = ( GEOMETRIC_REPRESENTATION_CONTEXT(2) 
PARAMETRIC_REPRESENTATION_CONTEXT() REPRESENTATION_CONTEXT('2D SPACE',''
  ) );
#1172 = ORIENTED_EDGE('',*,*,#1173,.F.);
#1173 = EDGE_CURVE('',#1174,#1146,#1176,.T.);
#1174 = VERTEX_POINT('',#1175);
#1175 = CARTESIAN_POINT('',(-9.999999999999,39.813345752399,0.));
#1176 = SURFACE_CURVE('',#1177,(#1182,#1189),.PCURVE_S1.);
#1177 = CIRCLE('',#1178,41.05);
#1178 = AXIS2_PLACEMENT_3D('',#1179,#1180,#1181);
#1179 = CARTESIAN_POINT('',(2.235075980712E-13,1.208149178763E-15,0.));
#1180 = DIRECTION('',(0.,0.,1.));
#1181 = DIRECTION('',(-0.243605359318,0.969874439766,0.));
#1182 = PCURVE('',#199,#1183);
#1183 = DEFINITIONAL_REPRESENTATION('',(#1184),#1188);
#1184 = CIRCLE('',#1185,41.05);
#1185 = AXIS2_PLACEMENT_2D('',#1186,#1187);
#1186 = CARTESIAN_POINT('',(2.27227732757E-13,1.268736232546E-15));
#1187 = DIRECTION('',(-0.243605359318,0.969874439766));
#1188 = ( GEOMETRIC_REPRESENTATION_CONTEXT(2) 
PARAMETRIC_REPRESENTATION_CONTEXT() REPRESENTATION_CONTEXT('2D SPACE',''
  ) );
#1189 = PCURVE('',#1190,#1195);
#1190 = CYLINDRICAL_SURFACE('',#1191,41.05);
#1191 = AXIS2_PLACEMENT_3D('',#1192,#1193,#1194);
#1192 = CARTESIAN_POINT('',(2.235075980712E-13,1.208149178763E-15,0.));
#1193 = DIRECTION('',(-0.,-0.,-1.));
#1194 = DIRECTION('',(1.,0.,0.));
#1195 = DEFINITIONAL_REPRESENTATION('',(#1196),#1200);
#1196 = LINE('',#1197,#1198);
#1197 = CARTESIAN_POINT('',(-1.816877799027,0.));
#1198 = VECTOR('',#1199,1.);
#1199 = DIRECTION('',(-1.,0.));
#1200 = ( GEOMETRIC_REPRESENTATION_CONTEXT(2) 
PARAMETRIC_REPRESENTATION_CONTEXT() REPRESENTATION_CONTEXT('2D SPACE',''
  ) );
#1201 = ORIENTED_EDGE('',*,*,#1202,.F.);
#1202 = EDGE_CURVE('',#1203,#1174,#1205,.T.);
#1203 = VERTEX_POINT('',#1204);
#1204 = CARTESIAN_POINT('',(-10.,38.55,0.));
#1205 = SURFACE_CURVE('',#1206,(#1210,#1217),.PCURVE_S1.);
#1206 = LINE('',#1207,#1208);
#1207 = CARTESIAN_POINT('',(-10.,38.55,0.));
#1208 = VECTOR('',#1209,1.);
#1209 = DIRECTION('',(0.,1.,0.));
#1210 = PCURVE('',#199,#1211);
#1211 = DEFINITIONAL_REPRESENTATION('',(#1212),#1216);
#1212 = LINE('',#1213,#1214);
#1213 = CARTESIAN_POINT('',(-10.,38.55));
#1214 = VECTOR('',#1215,1.);
#1215 = DIRECTION('',(0.,1.));
#1216 = ( GEOMETRIC_REPRESENTATION_CONTEXT(2) 
PARAMETRIC_REPRESENTATION_CONTEXT() REPRESENTATION_CONTEXT('2D SPACE',''
  ) );
#1217 = PCURVE('',#1218,#1223);
#1218 = PLANE('',#1219);
#1219 = AXIS2_PLACEMENT_3D('',#1220,#1221,#1222);
#1220 = CARTESIAN_POINT('',(-10.,38.55,0.));
#1221 = DIRECTION('',(1.,0.,0.));
#1222 = DIRECTION('',(0.,0.,1.));
#1223 = DEFINITIONAL_REPRESENTATION('',(#1224),#1228);
#1224 = LINE('',#1225,#1226);
#1225 = CARTESIAN_POINT('',(0.,0.));
#1226 = VECTOR('',#1227,1.);
#1227 = DIRECTION('',(0.,-1.));
#1228 = ( GEOMETRIC_REPRESENTATION_CONTEXT(2) 
PARAMETRIC_REPRESENTATION_CONTEXT() REPRESENTATION_CONTEXT('2D SPACE',''
  ) );
#1229 = ORIENTED_EDGE('',*,*,#1230,.T.);
#1230 = EDGE_CURVE('',#1203,#1231,#1233,.T.);
#1231 = VERTEX_POINT('',#1232);
#1232 = CARTESIAN_POINT('',(-3.,38.55,0.));
#1233 = SURFACE_CURVE('',#1234,(#1238,#1245),.PCURVE_S1.);
#1234 = LINE('',#1235,#1236);
#1235 = CARTESIAN_POINT('',(-10.,38.55,0.));
#1236 = VECTOR('',#1237,1.);
#1237 = DIRECTION('',(1.,0.,0.));
#1238 = PCURVE('',#199,#1239);
#1239 = DEFINITIONAL_REPRESENTATION('',(#1240),#1244);
#1240 = LINE('',#1241,#1242);
#1241 = CARTESIAN_POINT('',(-10.,38.55));
#1242 = VECTOR('',#1243,1.);
#1243 = DIRECTION('',(1.,0.));
#1244 = ( GEOMETRIC_REPRESENTATION_CONTEXT(2) 
PARAMETRIC_REPRESENTATION_CONTEXT() REPRESENTATION_CONTEXT('2D SPACE',''
  ) );
#1245 = PCURVE('',#1246,#1251);
#1246 = PLANE('',#1247);
#1247 = AXIS2_PLACEMENT_3D('',#1248,#1249,#1250);
#1248 = CARTESIAN_POINT('',(-10.,38.55,0.));
#1249 = DIRECTION('',(0.,1.,0.));
#1250 = DIRECTION('',(0.,0.,1.));
#1251 = DEFINITIONAL_REPRESENTATION('',(#1252),#1256);
#1252 = LINE('',#1253,#1254);
#1253 = CARTESIAN_POINT('',(0.,0.));
#1254 = VECTOR('',#1255,1.);
#1255 = DIRECTION('',(0.,1.));
#1256 = ( GEOMETRIC_REPRESENTATION_CONTEXT(2) 
PARAMETRIC_REPRESENTATION_CONTEXT() REPRESENTATION_CONTEXT('2D SPACE',''
  ) );
#1257 = ORIENTED_EDGE('',*,*,#1258,.F.);
#1258 = EDGE_CURVE('',#1259,#1231,#1261,.T.);
#1259 = VERTEX_POINT('',#1260);
#1260 = CARTESIAN_POINT('',(-3.,53.55,0.));
#1261 = SURFACE_CURVE('',#1262,(#1266,#1273),.PCURVE_S1.);
#1262 = LINE('',#1263,#1264);
#1263 = CARTESIAN_POINT('',(-3.,53.55,0.));
#1264 = VECTOR('',#1265,1.);
#1265 = DIRECTION('',(0.,-1.,0.));
#1266 = PCURVE('',#199,#1267);
#1267 = DEFINITIONAL_REPRESENTATION('',(#1268),#1272);
#1268 = LINE('',#1269,#1270);
#1269 = CARTESIAN_POINT('',(-3.,53.55));
#1270 = VECTOR('',#1271,1.);
#1271 = DIRECTION('',(0.,-1.));
#1272 = ( GEOMETRIC_REPRESENTATION_CONTEXT(2) 
PARAMETRIC_REPRESENTATION_CONTEXT() REPRESENTATION_CONTEXT('2D SPACE',''
  ) );
#1273 = PCURVE('',#1274,#1279);
#1274 = PLANE('',#1275);
#1275 = AXIS2_PLACEMENT_3D('',#1276,#1277,#1278);
#1276 = CARTESIAN_POINT('',(-3.,-13.,-2.));
#1277 = DIRECTION('',(1.,0.,0.));
#1278 = DIRECTION('',(0.,0.,1.));
#1279 = DEFINITIONAL_REPRESENTATION('',(#1280),#1284);
#1280 = LINE('',#1281,#1282);
#1281 = CARTESIAN_POINT('',(2.,-66.55));
#1282 = VECTOR('',#1283,1.);
#1283 = DIRECTION('',(0.,1.));
#1284 = ( GEOMETRIC_REPRESENTATION_CONTEXT(2) 
PARAMETRIC_REPRESENTATION_CONTEXT() REPRESENTATION_CONTEXT('2D SPACE',''
  ) );
#1285 = ORIENTED_EDGE('',*,*,#1286,.F.);
#1286 = EDGE_CURVE('',#803,#1259,#1287,.T.);
#1287 = SURFACE_CURVE('',#1288,(#1292,#1299),.PCURVE_S1.);
#1288 = LINE('',#1289,#1290);
#1289 = CARTESIAN_POINT('',(-10.,53.55,0.));
#1290 = VECTOR('',#1291,1.);
#1291 = DIRECTION('',(1.,0.,0.));
#1292 = PCURVE('',#199,#1293);
#1293 = DEFINITIONAL_REPRESENTATION('',(#1294),#1298);
#1294 = LINE('',#1295,#1296);
#1295 = CARTESIAN_POINT('',(-10.,53.55));
#1296 = VECTOR('',#1297,1.);
#1297 = DIRECTION('',(1.,0.));
#1298 = ( GEOMETRIC_REPRESENTATION_CONTEXT(2) 
PARAMETRIC_REPRESENTATION_CONTEXT() REPRESENTATION_CONTEXT('2D SPACE',''
  ) );
#1299 = PCURVE('',#1300,#1305);
#1300 = PLANE('',#1301);
#1301 = AXIS2_PLACEMENT_3D('',#1302,#1303,#1304);
#1302 = CARTESIAN_POINT('',(-10.,53.55,0.));
#1303 = DIRECTION('',(0.,1.,0.));
#1304 = DIRECTION('',(0.,0.,1.));
#1305 = DEFINITIONAL_REPRESENTATION('',(#1306),#1310);
#1306 = LINE('',#1307,#1308);
#1307 = CARTESIAN_POINT('',(0.,0.));
#1308 = VECTOR('',#1309,1.);
#1309 = DIRECTION('',(0.,1.));
#1310 = ( GEOMETRIC_REPRESENTATION_CONTEXT(2) 
PARAMETRIC_REPRESENTATION_CONTEXT() REPRESENTATION_CONTEXT('2D SPACE',''
  ) );
#1311 = ADVANCED_FACE('',(#1312),#287,.T.);
#1312 = FACE_BOUND('',#1313,.T.);
#1313 = EDGE_LOOP('',(#1314,#1315,#1316,#1339));
#1314 = ORIENTED_EDGE('',*,*,#269,.F.);
#1315 = ORIENTED_EDGE('',*,*,#1071,.F.);
#1316 = ORIENTED_EDGE('',*,*,#1317,.T.);
#1317 = EDGE_CURVE('',#1072,#1318,#1320,.T.);
#1318 = VERTEX_POINT('',#1319);
#1319 = CARTESIAN_POINT('',(3.,53.55,28.5));
#1320 = SURFACE_CURVE('',#1321,(#1325,#1332),.PCURVE_S1.);
#1321 = LINE('',#1322,#1323);
#1322 = CARTESIAN_POINT('',(3.,53.55,0.));
#1323 = VECTOR('',#1324,1.);
#1324 = DIRECTION('',(0.,0.,1.));
#1325 = PCURVE('',#287,#1326);
#1326 = DEFINITIONAL_REPRESENTATION('',(#1327),#1331);
#1327 = LINE('',#1328,#1329);
#1328 = CARTESIAN_POINT('',(0.,0.));
#1329 = VECTOR('',#1330,1.);
#1330 = DIRECTION('',(1.,0.));
#1331 = ( GEOMETRIC_REPRESENTATION_CONTEXT(2) 
PARAMETRIC_REPRESENTATION_CONTEXT() REPRESENTATION_CONTEXT('2D SPACE',''
  ) );
#1332 = PCURVE('',#652,#1333);
#1333 = DEFINITIONAL_REPRESENTATION('',(#1334),#1338);
#1334 = LINE('',#1335,#1336);
#1335 = CARTESIAN_POINT('',(2.,-66.55));
#1336 = VECTOR('',#1337,1.);
#1337 = DIRECTION('',(1.,0.));
#1338 = ( GEOMETRIC_REPRESENTATION_CONTEXT(2) 
PARAMETRIC_REPRESENTATION_CONTEXT() REPRESENTATION_CONTEXT('2D SPACE',''
  ) );
#1339 = ORIENTED_EDGE('',*,*,#1340,.T.);
#1340 = EDGE_CURVE('',#1318,#272,#1341,.T.);
#1341 = SURFACE_CURVE('',#1342,(#1346,#1353),.PCURVE_S1.);
#1342 = LINE('',#1343,#1344);
#1343 = CARTESIAN_POINT('',(3.,53.55,28.5));
#1344 = VECTOR('',#1345,1.);
#1345 = DIRECTION('',(1.,0.,0.));
#1346 = PCURVE('',#287,#1347);
#1347 = DEFINITIONAL_REPRESENTATION('',(#1348),#1352);
#1348 = LINE('',#1349,#1350);
#1349 = CARTESIAN_POINT('',(28.5,0.));
#1350 = VECTOR('',#1351,1.);
#1351 = DIRECTION('',(0.,1.));
#1352 = ( GEOMETRIC_REPRESENTATION_CONTEXT(2) 
PARAMETRIC_REPRESENTATION_CONTEXT() REPRESENTATION_CONTEXT('2D SPACE',''
  ) );
#1353 = PCURVE('',#1354,#1359);
#1354 = CYLINDRICAL_SURFACE('',#1355,1.5);
#1355 = AXIS2_PLACEMENT_3D('',#1356,#1357,#1358);
#1356 = CARTESIAN_POINT('',(3.,52.05,28.5));
#1357 = DIRECTION('',(1.,0.,0.));
#1358 = DIRECTION('',(0.,0.,1.));
#1359 = DEFINITIONAL_REPRESENTATION('',(#1360),#1364);
#1360 = LINE('',#1361,#1362);
#1361 = CARTESIAN_POINT('',(-1.570796326795,0.));
#1362 = VECTOR('',#1363,1.);
#1363 = DIRECTION('',(-0.,1.));
#1364 = ( GEOMETRIC_REPRESENTATION_CONTEXT(2) 
PARAMETRIC_REPRESENTATION_CONTEXT() REPRESENTATION_CONTEXT('2D SPACE',''
  ) );
#1365 = ADVANCED_FACE('',(#1366),#313,.T.);
#1366 = FACE_BOUND('',#1367,.F.);
#1367 = EDGE_LOOP('',(#1368,#1369,#1392,#1424));
#1368 = ORIENTED_EDGE('',*,*,#405,.T.);
#1369 = ORIENTED_EDGE('',*,*,#1370,.T.);
#1370 = EDGE_CURVE('',#406,#1371,#1373,.T.);
#1371 = VERTEX_POINT('',#1372);
#1372 = CARTESIAN_POINT('',(8.5,52.05,30.));
#1373 = SURFACE_CURVE('',#1374,(#1378,#1385),.PCURVE_S1.);
#1374 = LINE('',#1375,#1376);
#1375 = CARTESIAN_POINT('',(8.5,45.975020391513,30.));
#1376 = VECTOR('',#1377,1.);
#1377 = DIRECTION('',(0.,1.,0.));
#1378 = PCURVE('',#313,#1379);
#1379 = DEFINITIONAL_REPRESENTATION('',(#1380),#1384);
#1380 = LINE('',#1381,#1382);
#1381 = CARTESIAN_POINT('',(-1.570796326795,0.));
#1382 = VECTOR('',#1383,1.);
#1383 = DIRECTION('',(-0.,1.));
#1384 = ( GEOMETRIC_REPRESENTATION_CONTEXT(2) 
PARAMETRIC_REPRESENTATION_CONTEXT() REPRESENTATION_CONTEXT('2D SPACE',''
  ) );
#1385 = PCURVE('',#616,#1386);
#1386 = DEFINITIONAL_REPRESENTATION('',(#1387),#1391);
#1387 = LINE('',#1388,#1389);
#1388 = CARTESIAN_POINT('',(8.5,45.975020391513));
#1389 = VECTOR('',#1390,1.);
#1390 = DIRECTION('',(0.,1.));
#1391 = ( GEOMETRIC_REPRESENTATION_CONTEXT(2) 
PARAMETRIC_REPRESENTATION_CONTEXT() REPRESENTATION_CONTEXT('2D SPACE',''
  ) );
#1392 = ORIENTED_EDGE('',*,*,#1393,.T.);
#1393 = EDGE_CURVE('',#1371,#272,#1394,.T.);
#1394 = SURFACE_CURVE('',#1395,(#1400,#1412),.PCURVE_S1.);
#1395 = ELLIPSE('',#1396,2.12132034356,1.5);
#1396 = AXIS2_PLACEMENT_3D('',#1397,#1398,#1399);
#1397 = CARTESIAN_POINT('',(8.5,52.05,28.5));
#1398 = DIRECTION('',(-0.707106781187,0.707106781187,0.));
#1399 = DIRECTION('',(0.707106781187,0.707106781187,0.));
#1400 = PCURVE('',#313,#1401);
#1401 = DEFINITIONAL_REPRESENTATION('',(#1402),#1411);
#1402 = B_SPLINE_CURVE_WITH_KNOTS('',7,(#1403,#1404,#1405,#1406,#1407,
    #1408,#1409,#1410),.UNSPECIFIED.,.F.,.F.,(8,8),(4.712388980385,
    6.28318530718),.PIECEWISE_BEZIER_KNOTS.);
#1403 = CARTESIAN_POINT('',(-1.570796326795,6.074979608487));
#1404 = CARTESIAN_POINT('',(-1.346396851538,6.411578821371));
#1405 = CARTESIAN_POINT('',(-1.121997376282,6.748176667466));
#1406 = CARTESIAN_POINT('',(-0.897597901026,7.057099847147));
#1407 = CARTESIAN_POINT('',(-0.673198425769,7.310623365424));
#1408 = CARTESIAN_POINT('',(-0.448798950513,7.486856599571));
#1409 = CARTESIAN_POINT('',(-0.224399475256,7.574979608487));
#1410 = CARTESIAN_POINT('',(0.,7.574979608487));
#1411 = ( GEOMETRIC_REPRESENTATION_CONTEXT(2) 
PARAMETRIC_REPRESENTATION_CONTEXT() REPRESENTATION_CONTEXT('2D SPACE',''
  ) );
#1412 = PCURVE('',#1354,#1413);
#1413 = DEFINITIONAL_REPRESENTATION('',(#1414),#1423);
#1414 = B_SPLINE_CURVE_WITH_KNOTS('',7,(#1415,#1416,#1417,#1418,#1419,
    #1420,#1421,#1422),.UNSPECIFIED.,.F.,.F.,(8,8),(4.712388980385,
    6.28318530718),.PIECEWISE_BEZIER_KNOTS.);
#1415 = CARTESIAN_POINT('',(0.,5.5));
#1416 = CARTESIAN_POINT('',(-0.224399475256,5.836599212885));
#1417 = CARTESIAN_POINT('',(-0.448798950513,6.173197058979));
#1418 = CARTESIAN_POINT('',(-0.673198425769,6.482120238657));
#1419 = CARTESIAN_POINT('',(-0.897597901026,6.735643756943));
#1420 = CARTESIAN_POINT('',(-1.121997376282,6.911876991084));
#1421 = CARTESIAN_POINT('',(-1.346396851538,7.));
#1422 = CARTESIAN_POINT('',(-1.570796326795,7.));
#1423 = ( GEOMETRIC_REPRESENTATION_CONTEXT(2) 
PARAMETRIC_REPRESENTATION_CONTEXT() REPRESENTATION_CONTEXT('2D SPACE',''
  ) );
#1424 = ORIENTED_EDGE('',*,*,#299,.F.);
#1425 = ADVANCED_FACE('',(#1426),#616,.T.);
#1426 = FACE_BOUND('',#1427,.T.);
#1427 = EDGE_LOOP('',(#1428,#1429,#1430,#1453,#1481,#1509,#1537,#1570,
    #1598,#1626,#1654,#1682,#1710,#1739));
#1428 = ORIENTED_EDGE('',*,*,#601,.F.);
#1429 = ORIENTED_EDGE('',*,*,#1370,.T.);
#1430 = ORIENTED_EDGE('',*,*,#1431,.F.);
#1431 = EDGE_CURVE('',#1432,#1371,#1434,.T.);
#1432 = VERTEX_POINT('',#1433);
#1433 = CARTESIAN_POINT('',(4.5,52.05,30.));
#1434 = SURFACE_CURVE('',#1435,(#1439,#1446),.PCURVE_S1.);
#1435 = LINE('',#1436,#1437);
#1436 = CARTESIAN_POINT('',(3.,52.05,30.));
#1437 = VECTOR('',#1438,1.);
#1438 = DIRECTION('',(1.,0.,0.));
#1439 = PCURVE('',#616,#1440);
#1440 = DEFINITIONAL_REPRESENTATION('',(#1441),#1445);
#1441 = LINE('',#1442,#1443);
#1442 = CARTESIAN_POINT('',(3.,52.05));
#1443 = VECTOR('',#1444,1.);
#1444 = DIRECTION('',(1.,0.));
#1445 = ( GEOMETRIC_REPRESENTATION_CONTEXT(2) 
PARAMETRIC_REPRESENTATION_CONTEXT() REPRESENTATION_CONTEXT('2D SPACE',''
  ) );
#1446 = PCURVE('',#1354,#1447);
#1447 = DEFINITIONAL_REPRESENTATION('',(#1448),#1452);
#1448 = LINE('',#1449,#1450);
#1449 = CARTESIAN_POINT('',(-0.,0.));
#1450 = VECTOR('',#1451,1.);
#1451 = DIRECTION('',(-0.,1.));
#1452 = ( GEOMETRIC_REPRESENTATION_CONTEXT(2) 
PARAMETRIC_REPRESENTATION_CONTEXT() REPRESENTATION_CONTEXT('2D SPACE',''
  ) );
#1453 = ORIENTED_EDGE('',*,*,#1454,.T.);
#1454 = EDGE_CURVE('',#1432,#1455,#1457,.T.);
#1455 = VERTEX_POINT('',#1456);
#1456 = CARTESIAN_POINT('',(4.5,40.05,30.));
#1457 = SURFACE_CURVE('',#1458,(#1462,#1469),.PCURVE_S1.);
#1458 = LINE('',#1459,#1460);
#1459 = CARTESIAN_POINT('',(4.5,53.55,30.));
#1460 = VECTOR('',#1461,1.);
#1461 = DIRECTION('',(0.,-1.,0.));
#1462 = PCURVE('',#616,#1463);
#1463 = DEFINITIONAL_REPRESENTATION('',(#1464),#1468);
#1464 = LINE('',#1465,#1466);
#1465 = CARTESIAN_POINT('',(4.5,53.55));
#1466 = VECTOR('',#1467,1.);
#1467 = DIRECTION('',(0.,-1.));
#1468 = ( GEOMETRIC_REPRESENTATION_CONTEXT(2) 
PARAMETRIC_REPRESENTATION_CONTEXT() REPRESENTATION_CONTEXT('2D SPACE',''
  ) );
#1469 = PCURVE('',#1470,#1475);
#1470 = CYLINDRICAL_SURFACE('',#1471,1.5);
#1471 = AXIS2_PLACEMENT_3D('',#1472,#1473,#1474);
#1472 = CARTESIAN_POINT('',(4.5,53.55,28.5));
#1473 = DIRECTION('',(0.,-1.,0.));
#1474 = DIRECTION('',(0.,0.,1.));
#1475 = DEFINITIONAL_REPRESENTATION('',(#1476),#1480);
#1476 = LINE('',#1477,#1478);
#1477 = CARTESIAN_POINT('',(0.,0.));
#1478 = VECTOR('',#1479,1.);
#1479 = DIRECTION('',(0.,1.));
#1480 = ( GEOMETRIC_REPRESENTATION_CONTEXT(2) 
PARAMETRIC_REPRESENTATION_CONTEXT() REPRESENTATION_CONTEXT('2D SPACE',''
  ) );
#1481 = ORIENTED_EDGE('',*,*,#1482,.T.);
#1482 = EDGE_CURVE('',#1455,#1483,#1485,.T.);
#1483 = VERTEX_POINT('',#1484);
#1484 = CARTESIAN_POINT('',(8.5,40.05,30.));
#1485 = SURFACE_CURVE('',#1486,(#1490,#1497),.PCURVE_S1.);
#1486 = LINE('',#1487,#1488);
#1487 = CARTESIAN_POINT('',(3.,40.05,30.));
#1488 = VECTOR('',#1489,1.);
#1489 = DIRECTION('',(1.,0.,0.));
#1490 = PCURVE('',#616,#1491);
#1491 = DEFINITIONAL_REPRESENTATION('',(#1492),#1496);
#1492 = LINE('',#1493,#1494);
#1493 = CARTESIAN_POINT('',(3.,40.05));
#1494 = VECTOR('',#1495,1.);
#1495 = DIRECTION('',(1.,0.));
#1496 = ( GEOMETRIC_REPRESENTATION_CONTEXT(2) 
PARAMETRIC_REPRESENTATION_CONTEXT() REPRESENTATION_CONTEXT('2D SPACE',''
  ) );
#1497 = PCURVE('',#1498,#1503);
#1498 = CYLINDRICAL_SURFACE('',#1499,1.5);
#1499 = AXIS2_PLACEMENT_3D('',#1500,#1501,#1502);
#1500 = CARTESIAN_POINT('',(3.,40.05,28.5));
#1501 = DIRECTION('',(1.,0.,0.));
#1502 = DIRECTION('',(0.,0.,1.));
#1503 = DEFINITIONAL_REPRESENTATION('',(#1504),#1508);
#1504 = LINE('',#1505,#1506);
#1505 = CARTESIAN_POINT('',(0.,0.));
#1506 = VECTOR('',#1507,1.);
#1507 = DIRECTION('',(0.,1.));
#1508 = ( GEOMETRIC_REPRESENTATION_CONTEXT(2) 
PARAMETRIC_REPRESENTATION_CONTEXT() REPRESENTATION_CONTEXT('2D SPACE',''
  ) );
#1509 = ORIENTED_EDGE('',*,*,#1510,.T.);
#1510 = EDGE_CURVE('',#1483,#1511,#1513,.T.);
#1511 = VERTEX_POINT('',#1512);
#1512 = CARTESIAN_POINT('',(8.5,41.692355414392,30.));
#1513 = SURFACE_CURVE('',#1514,(#1518,#1525),.PCURVE_S1.);
#1514 = LINE('',#1515,#1516);
#1515 = CARTESIAN_POINT('',(8.5,38.55,30.));
#1516 = VECTOR('',#1517,1.);
#1517 = DIRECTION('',(0.,1.,0.));
#1518 = PCURVE('',#616,#1519);
#1519 = DEFINITIONAL_REPRESENTATION('',(#1520),#1524);
#1520 = LINE('',#1521,#1522);
#1521 = CARTESIAN_POINT('',(8.5,38.55));
#1522 = VECTOR('',#1523,1.);
#1523 = DIRECTION('',(0.,1.));
#1524 = ( GEOMETRIC_REPRESENTATION_CONTEXT(2) 
PARAMETRIC_REPRESENTATION_CONTEXT() REPRESENTATION_CONTEXT('2D SPACE',''
  ) );
#1525 = PCURVE('',#1526,#1531);
#1526 = CYLINDRICAL_SURFACE('',#1527,1.5);
#1527 = AXIS2_PLACEMENT_3D('',#1528,#1529,#1530);
#1528 = CARTESIAN_POINT('',(8.5,38.55,28.5));
#1529 = DIRECTION('',(0.,1.,0.));
#1530 = DIRECTION('',(0.,-0.,1.));
#1531 = DEFINITIONAL_REPRESENTATION('',(#1532),#1536);
#1532 = LINE('',#1533,#1534);
#1533 = CARTESIAN_POINT('',(0.,0.));
#1534 = VECTOR('',#1535,1.);
#1535 = DIRECTION('',(0.,1.));
#1536 = ( GEOMETRIC_REPRESENTATION_CONTEXT(2) 
PARAMETRIC_REPRESENTATION_CONTEXT() REPRESENTATION_CONTEXT('2D SPACE',''
  ) );
#1537 = ORIENTED_EDGE('',*,*,#1538,.T.);
#1538 = EDGE_CURVE('',#1511,#1539,#1541,.T.);
#1539 = VERTEX_POINT('',#1540);
#1540 = CARTESIAN_POINT('',(-8.5,41.692355414392,30.));
#1541 = SURFACE_CURVE('',#1542,(#1547,#1558),.PCURVE_S1.);
#1542 = CIRCLE('',#1543,42.55);
#1543 = AXIS2_PLACEMENT_3D('',#1544,#1545,#1546);
#1544 = CARTESIAN_POINT('',(2.235075980712E-13,1.208149178763E-15,30.));
#1545 = DIRECTION('',(0.,-0.,-1.));
#1546 = DIRECTION('',(0.243605359318,0.969874439766,-0.));
#1547 = PCURVE('',#616,#1548);
#1548 = DEFINITIONAL_REPRESENTATION('',(#1549),#1557);
#1549 = ( BOUNDED_CURVE() B_SPLINE_CURVE(2,(#1550,#1551,#1552,#1553,
#1554,#1555,#1556),.UNSPECIFIED.,.T.,.F.) B_SPLINE_CURVE_WITH_KNOTS((1,2
    ,2,2,2,1),(-2.094395102393,0.,2.094395102393,4.188790204786,
6.28318530718,8.377580409573),.UNSPECIFIED.) CURVE() 
GEOMETRIC_REPRESENTATION_ITEM() RATIONAL_B_SPLINE_CURVE((1.,0.5,1.,0.5,
1.,0.5,1.)) REPRESENTATION_ITEM('') );
#1550 = CARTESIAN_POINT('',(10.365408038978,41.268157412047));
#1551 = CARTESIAN_POINT('',(81.843953411393,23.314744047356));
#1552 = CARTESIAN_POINT('',(30.55656866672,-29.61078538836));
#1553 = CARTESIAN_POINT('',(-20.73081607795,-82.53631482409));
#1554 = CARTESIAN_POINT('',(-40.92197670569,-11.65737202367));
#1555 = CARTESIAN_POINT('',(-61.11313733343,59.221570776739));
#1556 = CARTESIAN_POINT('',(10.365408038978,41.268157412047));
#1557 = ( GEOMETRIC_REPRESENTATION_CONTEXT(2) 
PARAMETRIC_REPRESENTATION_CONTEXT() REPRESENTATION_CONTEXT('2D SPACE',''
  ) );
#1558 = PCURVE('',#1559,#1564);
#1559 = TOROIDAL_SURFACE('',#1560,42.55,1.5);
#1560 = AXIS2_PLACEMENT_3D('',#1561,#1562,#1563);
#1561 = CARTESIAN_POINT('',(2.235075980712E-13,1.208149178763E-15,28.5)
  );
#1562 = DIRECTION('',(0.,0.,1.));
#1563 = DIRECTION('',(0.243605359318,0.969874439766,-0.));
#1564 = DEFINITIONAL_REPRESENTATION('',(#1565),#1569);
#1565 = LINE('',#1566,#1567);
#1566 = CARTESIAN_POINT('',(-0.,1.570796326795));
#1567 = VECTOR('',#1568,1.);
#1568 = DIRECTION('',(-1.,0.));
#1569 = ( GEOMETRIC_REPRESENTATION_CONTEXT(2) 
PARAMETRIC_REPRESENTATION_CONTEXT() REPRESENTATION_CONTEXT('2D SPACE',''
  ) );
#1570 = ORIENTED_EDGE('',*,*,#1571,.F.);
#1571 = EDGE_CURVE('',#1572,#1539,#1574,.T.);
#1572 = VERTEX_POINT('',#1573);
#1573 = CARTESIAN_POINT('',(-8.5,40.05,30.));
#1574 = SURFACE_CURVE('',#1575,(#1579,#1586),.PCURVE_S1.);
#1575 = LINE('',#1576,#1577);
#1576 = CARTESIAN_POINT('',(-8.5,38.55,30.));
#1577 = VECTOR('',#1578,1.);
#1578 = DIRECTION('',(0.,1.,0.));
#1579 = PCURVE('',#616,#1580);
#1580 = DEFINITIONAL_REPRESENTATION('',(#1581),#1585);
#1581 = LINE('',#1582,#1583);
#1582 = CARTESIAN_POINT('',(-8.5,38.55));
#1583 = VECTOR('',#1584,1.);
#1584 = DIRECTION('',(0.,1.));
#1585 = ( GEOMETRIC_REPRESENTATION_CONTEXT(2) 
PARAMETRIC_REPRESENTATION_CONTEXT() REPRESENTATION_CONTEXT('2D SPACE',''
  ) );
#1586 = PCURVE('',#1587,#1592);
#1587 = CYLINDRICAL_SURFACE('',#1588,1.5);
#1588 = AXIS2_PLACEMENT_3D('',#1589,#1590,#1591);
#1589 = CARTESIAN_POINT('',(-8.5,38.55,28.5));
#1590 = DIRECTION('',(0.,1.,0.));
#1591 = DIRECTION('',(0.,-0.,1.));
#1592 = DEFINITIONAL_REPRESENTATION('',(#1593),#1597);
#1593 = LINE('',#1594,#1595);
#1594 = CARTESIAN_POINT('',(-0.,0.));
#1595 = VECTOR('',#1596,1.);
#1596 = DIRECTION('',(-0.,1.));
#1597 = ( GEOMETRIC_REPRESENTATION_CONTEXT(2) 
PARAMETRIC_REPRESENTATION_CONTEXT() REPRESENTATION_CONTEXT('2D SPACE',''
  ) );
#1598 = ORIENTED_EDGE('',*,*,#1599,.T.);
#1599 = EDGE_CURVE('',#1572,#1600,#1602,.T.);
#1600 = VERTEX_POINT('',#1601);
#1601 = CARTESIAN_POINT('',(-4.5,40.05,30.));
#1602 = SURFACE_CURVE('',#1603,(#1607,#1614),.PCURVE_S1.);
#1603 = LINE('',#1604,#1605);
#1604 = CARTESIAN_POINT('',(-10.,40.05,30.));
#1605 = VECTOR('',#1606,1.);
#1606 = DIRECTION('',(1.,0.,0.));
#1607 = PCURVE('',#616,#1608);
#1608 = DEFINITIONAL_REPRESENTATION('',(#1609),#1613);
#1609 = LINE('',#1610,#1611);
#1610 = CARTESIAN_POINT('',(-10.,40.05));
#1611 = VECTOR('',#1612,1.);
#1612 = DIRECTION('',(1.,0.));
#1613 = ( GEOMETRIC_REPRESENTATION_CONTEXT(2) 
PARAMETRIC_REPRESENTATION_CONTEXT() REPRESENTATION_CONTEXT('2D SPACE',''
  ) );
#1614 = PCURVE('',#1615,#1620);
#1615 = CYLINDRICAL_SURFACE('',#1616,1.5);
#1616 = AXIS2_PLACEMENT_3D('',#1617,#1618,#1619);
#1617 = CARTESIAN_POINT('',(-10.,40.05,28.5));
#1618 = DIRECTION('',(1.,0.,0.));
#1619 = DIRECTION('',(0.,0.,1.));
#1620 = DEFINITIONAL_REPRESENTATION('',(#1621),#1625);
#1621 = LINE('',#1622,#1623);
#1622 = CARTESIAN_POINT('',(0.,0.));
#1623 = VECTOR('',#1624,1.);
#1624 = DIRECTION('',(0.,1.));
#1625 = ( GEOMETRIC_REPRESENTATION_CONTEXT(2) 
PARAMETRIC_REPRESENTATION_CONTEXT() REPRESENTATION_CONTEXT('2D SPACE',''
  ) );
#1626 = ORIENTED_EDGE('',*,*,#1627,.T.);
#1627 = EDGE_CURVE('',#1600,#1628,#1630,.T.);
#1628 = VERTEX_POINT('',#1629);
#1629 = CARTESIAN_POINT('',(-4.5,52.05,30.));
#1630 = SURFACE_CURVE('',#1631,(#1635,#1642),.PCURVE_S1.);
#1631 = LINE('',#1632,#1633);
#1632 = CARTESIAN_POINT('',(-4.5,38.55,30.));
#1633 = VECTOR('',#1634,1.);
#1634 = DIRECTION('',(0.,1.,0.));
#1635 = PCURVE('',#616,#1636);
#1636 = DEFINITIONAL_REPRESENTATION('',(#1637),#1641);
#1637 = LINE('',#1638,#1639);
#1638 = CARTESIAN_POINT('',(-4.5,38.55));
#1639 = VECTOR('',#1640,1.);
#1640 = DIRECTION('',(0.,1.));
#1641 = ( GEOMETRIC_REPRESENTATION_CONTEXT(2) 
PARAMETRIC_REPRESENTATION_CONTEXT() REPRESENTATION_CONTEXT('2D SPACE',''
  ) );
#1642 = PCURVE('',#1643,#1648);
#1643 = CYLINDRICAL_SURFACE('',#1644,1.5);
#1644 = AXIS2_PLACEMENT_3D('',#1645,#1646,#1647);
#1645 = CARTESIAN_POINT('',(-4.5,38.55,28.5));
#1646 = DIRECTION('',(0.,1.,0.));
#1647 = DIRECTION('',(0.,-0.,1.));
#1648 = DEFINITIONAL_REPRESENTATION('',(#1649),#1653);
#1649 = LINE('',#1650,#1651);
#1650 = CARTESIAN_POINT('',(0.,0.));
#1651 = VECTOR('',#1652,1.);
#1652 = DIRECTION('',(0.,1.));
#1653 = ( GEOMETRIC_REPRESENTATION_CONTEXT(2) 
PARAMETRIC_REPRESENTATION_CONTEXT() REPRESENTATION_CONTEXT('2D SPACE',''
  ) );
#1654 = ORIENTED_EDGE('',*,*,#1655,.F.);
#1655 = EDGE_CURVE('',#1656,#1628,#1658,.T.);
#1656 = VERTEX_POINT('',#1657);
#1657 = CARTESIAN_POINT('',(-8.5,52.05,30.));
#1658 = SURFACE_CURVE('',#1659,(#1663,#1670),.PCURVE_S1.);
#1659 = LINE('',#1660,#1661);
#1660 = CARTESIAN_POINT('',(-10.,52.05,30.));
#1661 = VECTOR('',#1662,1.);
#1662 = DIRECTION('',(1.,0.,0.));
#1663 = PCURVE('',#616,#1664);
#1664 = DEFINITIONAL_REPRESENTATION('',(#1665),#1669);
#1665 = LINE('',#1666,#1667);
#1666 = CARTESIAN_POINT('',(-10.,52.05));
#1667 = VECTOR('',#1668,1.);
#1668 = DIRECTION('',(1.,0.));
#1669 = ( GEOMETRIC_REPRESENTATION_CONTEXT(2) 
PARAMETRIC_REPRESENTATION_CONTEXT() REPRESENTATION_CONTEXT('2D SPACE',''
  ) );
#1670 = PCURVE('',#1671,#1676);
#1671 = CYLINDRICAL_SURFACE('',#1672,1.5);
#1672 = AXIS2_PLACEMENT_3D('',#1673,#1674,#1675);
#1673 = CARTESIAN_POINT('',(-10.,52.05,28.5));
#1674 = DIRECTION('',(1.,0.,0.));
#1675 = DIRECTION('',(0.,0.,1.));
#1676 = DEFINITIONAL_REPRESENTATION('',(#1677),#1681);
#1677 = LINE('',#1678,#1679);
#1678 = CARTESIAN_POINT('',(-0.,0.));
#1679 = VECTOR('',#1680,1.);
#1680 = DIRECTION('',(-0.,1.));
#1681 = ( GEOMETRIC_REPRESENTATION_CONTEXT(2) 
PARAMETRIC_REPRESENTATION_CONTEXT() REPRESENTATION_CONTEXT('2D SPACE',''
  ) );
#1682 = ORIENTED_EDGE('',*,*,#1683,.F.);
#1683 = EDGE_CURVE('',#1684,#1656,#1686,.T.);
#1684 = VERTEX_POINT('',#1685);
#1685 = CARTESIAN_POINT('',(-8.5,49.830236804575,30.));
#1686 = SURFACE_CURVE('',#1687,(#1691,#1698),.PCURVE_S1.);
#1687 = LINE('',#1688,#1689);
#1688 = CARTESIAN_POINT('',(-8.5,51.080353366044,30.));
#1689 = VECTOR('',#1690,1.);
#1690 = DIRECTION('',(0.,1.,0.));
#1691 = PCURVE('',#616,#1692);
#1692 = DEFINITIONAL_REPRESENTATION('',(#1693),#1697);
#1693 = LINE('',#1694,#1695);
#1694 = CARTESIAN_POINT('',(-8.5,51.080353366044));
#1695 = VECTOR('',#1696,1.);
#1696 = DIRECTION('',(0.,1.));
#1697 = ( GEOMETRIC_REPRESENTATION_CONTEXT(2) 
PARAMETRIC_REPRESENTATION_CONTEXT() REPRESENTATION_CONTEXT('2D SPACE',''
  ) );
#1698 = PCURVE('',#1699,#1704);
#1699 = CYLINDRICAL_SURFACE('',#1700,1.5);
#1700 = AXIS2_PLACEMENT_3D('',#1701,#1702,#1703);
#1701 = CARTESIAN_POINT('',(-8.5,51.080353366044,28.5));
#1702 = DIRECTION('',(0.,1.,0.));
#1703 = DIRECTION('',(0.,-0.,1.));
#1704 = DEFINITIONAL_REPRESENTATION('',(#1705),#1709);
#1705 = LINE('',#1706,#1707);
#1706 = CARTESIAN_POINT('',(-0.,0.));
#1707 = VECTOR('',#1708,1.);
#1708 = DIRECTION('',(-0.,1.));
#1709 = ( GEOMETRIC_REPRESENTATION_CONTEXT(2) 
PARAMETRIC_REPRESENTATION_CONTEXT() REPRESENTATION_CONTEXT('2D SPACE',''
  ) );
#1710 = ORIENTED_EDGE('',*,*,#1711,.T.);
#1711 = EDGE_CURVE('',#1684,#1712,#1714,.T.);
#1712 = VERTEX_POINT('',#1713);
#1713 = CARTESIAN_POINT('',(-1.5,-50.52773990591,30.));
#1714 = SURFACE_CURVE('',#1715,(#1720,#1727),.PCURVE_S1.);
#1715 = CIRCLE('',#1716,50.55);
#1716 = AXIS2_PLACEMENT_3D('',#1717,#1718,#1719);
#1717 = CARTESIAN_POINT('',(0.,0.,30.));
#1718 = DIRECTION('',(0.,0.,1.));
#1719 = DIRECTION('',(-0.192122958694,0.98137086198,0.));
#1720 = PCURVE('',#616,#1721);
#1721 = DEFINITIONAL_REPRESENTATION('',(#1722),#1726);
#1722 = CIRCLE('',#1723,50.55);
#1723 = AXIS2_PLACEMENT_2D('',#1724,#1725);
#1724 = CARTESIAN_POINT('',(3.720134685761E-15,6.058705378236E-17));
#1725 = DIRECTION('',(-0.192122958694,0.98137086198));
#1726 = ( GEOMETRIC_REPRESENTATION_CONTEXT(2) 
PARAMETRIC_REPRESENTATION_CONTEXT() REPRESENTATION_CONTEXT('2D SPACE',''
  ) );
#1727 = PCURVE('',#1728,#1733);
#1728 = TOROIDAL_SURFACE('',#1729,50.55,1.5);
#1729 = AXIS2_PLACEMENT_3D('',#1730,#1731,#1732);
#1730 = CARTESIAN_POINT('',(0.,0.,28.5));
#1731 = DIRECTION('',(-0.,-0.,-1.));
#1732 = DIRECTION('',(-0.192122958694,0.98137086198,0.));
#1733 = DEFINITIONAL_REPRESENTATION('',(#1734),#1738);
#1734 = LINE('',#1735,#1736);
#1735 = CARTESIAN_POINT('',(-0.,4.712388980385));
#1736 = VECTOR('',#1737,1.);
#1737 = DIRECTION('',(-1.,0.));
#1738 = ( GEOMETRIC_REPRESENTATION_CONTEXT(2) 
PARAMETRIC_REPRESENTATION_CONTEXT() REPRESENTATION_CONTEXT('2D SPACE',''
  ) );
#1739 = ORIENTED_EDGE('',*,*,#1740,.T.);
#1740 = EDGE_CURVE('',#1712,#502,#1741,.T.);
#1741 = SURFACE_CURVE('',#1742,(#1746,#1753),.PCURVE_S1.);
#1742 = LINE('',#1743,#1744);
#1743 = CARTESIAN_POINT('',(-1.5,-52.05,30.));
#1744 = VECTOR('',#1745,1.);
#1745 = DIRECTION('',(0.,1.,0.));
#1746 = PCURVE('',#616,#1747);
#1747 = DEFINITIONAL_REPRESENTATION('',(#1748),#1752);
#1748 = LINE('',#1749,#1750);
#1749 = CARTESIAN_POINT('',(-1.5,-52.05));
#1750 = VECTOR('',#1751,1.);
#1751 = DIRECTION('',(0.,1.));
#1752 = ( GEOMETRIC_REPRESENTATION_CONTEXT(2) 
PARAMETRIC_REPRESENTATION_CONTEXT() REPRESENTATION_CONTEXT('2D SPACE',''
  ) );
#1753 = PCURVE('',#565,#1754);
#1754 = DEFINITIONAL_REPRESENTATION('',(#1755),#1759);
#1755 = LINE('',#1756,#1757);
#1756 = CARTESIAN_POINT('',(0.,0.));
#1757 = VECTOR('',#1758,1.);
#1758 = DIRECTION('',(0.,1.));
#1759 = ( GEOMETRIC_REPRESENTATION_CONTEXT(2) 
PARAMETRIC_REPRESENTATION_CONTEXT() REPRESENTATION_CONTEXT('2D SPACE',''
  ) );
#1760 = ADVANCED_FACE('',(#1761),#565,.T.);
#1761 = FACE_BOUND('',#1762,.T.);
#1762 = EDGE_LOOP('',(#1763,#1856,#1857,#1858));
#1763 = ORIENTED_EDGE('',*,*,#1764,.T.);
#1764 = EDGE_CURVE('',#1712,#721,#1765,.T.);
#1765 = SURFACE_CURVE('',#1766,(#1794,#1825),.PCURVE_S1.);
#1766 = B_SPLINE_CURVE_WITH_KNOTS('',6,(#1767,#1768,#1769,#1770,#1771,
    #1772,#1773,#1774,#1775,#1776,#1777,#1778,#1779,#1780,#1781,#1782,
    #1783,#1784,#1785,#1786,#1787,#1788,#1789,#1790,#1791,#1792,#1793),
  .UNSPECIFIED.,.F.,.F.,(7,5,5,5,5,7),(0.,0.269418380731,0.52098195334,
    0.688168453337,0.810703347492,1.),.UNSPECIFIED.);
#1767 = CARTESIAN_POINT('',(-1.499999982476,-50.52773990643,30.));
#1768 = CARTESIAN_POINT('',(-1.410430247465,-50.62000819207,
    30.000000018654));
#1769 = CARTESIAN_POINT('',(-1.32076483861,-50.71217267084,
    29.993581723282));
#1770 = CARTESIAN_POINT('',(-1.231257679238,-50.80397301909,
    29.980719892617));
#1771 = CARTESIAN_POINT('',(-1.142195128799,-50.89511851211,
    29.96130312574));
#1772 = CARTESIAN_POINT('',(-1.05390526478,-50.98528068029,
    29.935161579185));
#1773 = CARTESIAN_POINT('',(-0.885424003537,-51.15698129271,
    29.871084269216));
#1774 = CARTESIAN_POINT('',(-0.805108206605,-51.23867026817,
    29.834054102174));
#1775 = CARTESIAN_POINT('',(-0.726128983519,-51.3188445366,
    29.79071502266));
#1776 = CARTESIAN_POINT('',(-0.648908110594,-51.39708678438,
    29.740787287973));
#1777 = CARTESIAN_POINT('',(-0.573993034166,-51.47285785654,
    29.683969755295));
#1778 = CARTESIAN_POINT('',(-0.454315094662,-51.59370723874,
    29.577329519793));
#1779 = CARTESIAN_POINT('',(-0.407878856322,-51.64054382637,
    29.53156319737));
#1780 = CARTESIAN_POINT('',(-0.362997042581,-51.68576247454,
    29.482506113821));
#1781 = CARTESIAN_POINT('',(-0.319941019603,-51.72909648596,
    29.430072332948));
#1782 = CARTESIAN_POINT('',(-0.279038970123,-51.7702233827,
    29.374209320183));
#1783 = CARTESIAN_POINT('',(-0.212549242051,-51.83702269696,
    29.271459565128));
#1784 = CARTESIAN_POINT('',(-0.185792218635,-51.86388582365,
    29.22616499663));
#1785 = CARTESIAN_POINT('',(-0.160549972516,-51.88921201745,
    29.179037683438));
#1786 = CARTESIAN_POINT('',(-0.136996454245,-51.91283035136,
    29.130110628489));
#1787 = CARTESIAN_POINT('',(-0.115317508577,-51.93455818284,
    29.079456659742));
#1788 = CARTESIAN_POINT('',(-6.539264660895E-02,-51.98457509087,
    28.946472012822));
#1789 = CARTESIAN_POINT('',(-3.998096924971E-02,-52.01001234063,
    28.861858662761));
#1790 = CARTESIAN_POINT('',(-2.020890880702E-02,-52.02979115393,
    28.773931087782));
#1791 = CARTESIAN_POINT('',(-6.732679939532E-03,-52.04326730441,
    28.683516263458));
#1792 = CARTESIAN_POINT('',(-8.348877145181E-14,-52.05,28.591737418315)
  );
#1793 = CARTESIAN_POINT('',(-8.348877145181E-14,-52.05,28.5));
#1794 = PCURVE('',#565,#1795);
#1795 = DEFINITIONAL_REPRESENTATION('',(#1796),#1824);
#1796 = B_SPLINE_CURVE_WITH_KNOTS('',6,(#1797,#1798,#1799,#1800,#1801,
    #1802,#1803,#1804,#1805,#1806,#1807,#1808,#1809,#1810,#1811,#1812,
    #1813,#1814,#1815,#1816,#1817,#1818,#1819,#1820,#1821,#1822,#1823),
  .UNSPECIFIED.,.F.,.F.,(7,5,5,5,5,7),(0.,0.269418380731,0.52098195334,
    0.688168453337,0.810703347492,1.),.UNSPECIFIED.);
#1797 = CARTESIAN_POINT('',(1.168291522783E-08,1.522260093563));
#1798 = CARTESIAN_POINT('',(5.971313331602E-02,1.429991807929));
#1799 = CARTESIAN_POINT('',(0.119490267704,1.337827329151));
#1800 = CARTESIAN_POINT('',(0.17954440435,1.24602698091));
#1801 = CARTESIAN_POINT('',(0.240074449767,1.15488148789));
#1802 = CARTESIAN_POINT('',(0.301285108527,1.064719319708));
#1803 = CARTESIAN_POINT('',(0.421455056782,0.893018707282));
#1804 = CARTESIAN_POINT('',(0.480277421601,0.811329731822));
#1805 = CARTESIAN_POINT('',(0.540113092554,0.731155463391));
#1806 = CARTESIAN_POINT('',(0.601168006445,0.652913215618));
#1807 = CARTESIAN_POINT('',(0.663655323022,0.57714214346));
#1808 = CARTESIAN_POINT('',(0.770519617094,0.456292761251));
#1809 = CARTESIAN_POINT('',(0.813930595355,0.409456173623));
#1810 = CARTESIAN_POINT('',(0.858166968889,0.364237525456));
#1811 = CARTESIAN_POINT('',(0.903296504039,0.320903514035));
#1812 = CARTESIAN_POINT('',(0.949377219084,0.279776617291));
#1813 = CARTESIAN_POINT('',(1.03096805763,0.212977303037));
#1814 = CARTESIAN_POINT('',(1.066010610732,0.186114176345));
#1815 = CARTESIAN_POINT('',(1.10160394418,0.160787982543));
#1816 = CARTESIAN_POINT('',(1.137752812363,0.137169648639));
#1817 = CARTESIAN_POINT('',(1.174447190177,0.11544181716));
#1818 = CARTESIAN_POINT('',(1.269145326164,6.542490912569E-02));
#1819 = CARTESIAN_POINT('',(1.327909474228,3.998765936576E-02));
#1820 = CARTESIAN_POINT('',(1.387763392065,2.020884606201E-02));
#1821 = CARTESIAN_POINT('',(1.448452265524,6.732695583392E-03));
#1822 = CARTESIAN_POINT('',(1.509638047918,-5.617296785081E-18));
#1823 = CARTESIAN_POINT('',(1.570796326795,0.));
#1824 = ( GEOMETRIC_REPRESENTATION_CONTEXT(2) 
PARAMETRIC_REPRESENTATION_CONTEXT() REPRESENTATION_CONTEXT('2D SPACE',''
  ) );
#1825 = PCURVE('',#1728,#1826);
#1826 = DEFINITIONAL_REPRESENTATION('',(#1827),#1855);
#1827 = B_SPLINE_CURVE_WITH_KNOTS('',6,(#1828,#1829,#1830,#1831,#1832,
    #1833,#1834,#1835,#1836,#1837,#1838,#1839,#1840,#1841,#1842,#1843,
    #1844,#1845,#1846,#1847,#1848,#1849,#1850,#1851,#1852,#1853,#1854),
  .UNSPECIFIED.,.F.,.F.,(7,5,5,5,5,7),(0.,0.269418380731,0.52098195334,
    0.688168453337,0.810703347492,1.),.UNSPECIFIED.);
#1828 = CARTESIAN_POINT('',(-2.918589758327,4.712388980385));
#1829 = CARTESIAN_POINT('',(-2.920415044644,4.772102144712));
#1830 = CARTESIAN_POINT('',(-2.922234399716,4.83187920483));
#1831 = CARTESIAN_POINT('',(-2.924042692331,4.891933417066));
#1832 = CARTESIAN_POINT('',(-2.925834278435,4.952463419413));
#1833 = CARTESIAN_POINT('',(-2.927602841222,5.013674088912));
#1834 = CARTESIAN_POINT('',(-2.930964035061,5.133844037167));
#1835 = CARTESIAN_POINT('',(-2.932560068496,5.192666401986));
#1836 = CARTESIAN_POINT('',(-2.93412352681,5.252502072939));
#1837 = CARTESIAN_POINT('',(-2.935646487437,5.31355698683));
#1838 = CARTESIAN_POINT('',(-2.937118760355,5.376044303407));
#1839 = CARTESIAN_POINT('',(-2.939463169621,5.482908597479));
#1840 = CARTESIAN_POINT('',(-2.940370731909,5.52631957574));
#1841 = CARTESIAN_POINT('',(-2.94124598067,5.570555949274));
#1842 = CARTESIAN_POINT('',(-2.942083883854,5.615685484424));
#1843 = CARTESIAN_POINT('',(-2.94287835733,5.661766199469));
#1844 = CARTESIAN_POINT('',(-2.944167687163,5.743357038015));
#1845 = CARTESIAN_POINT('',(-2.944685831892,5.778399591116));
#1846 = CARTESIAN_POINT('',(-2.945174021588,5.813992924565));
#1847 = CARTESIAN_POINT('',(-2.945629030882,5.850141792748));
#1848 = CARTESIAN_POINT('',(-2.94604741264,5.886836170562));
#1849 = CARTESIAN_POINT('',(-2.947010122319,5.981534306549));
#1850 = CARTESIAN_POINT('',(-2.947499321666,6.040298454612));
#1851 = CARTESIAN_POINT('',(-2.947879447784,6.10015237245));
#1852 = CARTESIAN_POINT('',(-2.948138354081,6.160841245908));
#1853 = CARTESIAN_POINT('',(-2.948267704919,6.222027028303));
#1854 = CARTESIAN_POINT('',(-2.948267704919,6.28318530718));
#1855 = ( GEOMETRIC_REPRESENTATION_CONTEXT(2) 
PARAMETRIC_REPRESENTATION_CONTEXT() REPRESENTATION_CONTEXT('2D SPACE',''
  ) );
#1856 = ORIENTED_EDGE('',*,*,#720,.T.);
#1857 = ORIENTED_EDGE('',*,*,#501,.T.);
#1858 = ORIENTED_EDGE('',*,*,#1740,.F.);
#1859 = ADVANCED_FACE('',(#1860,#1908),#652,.F.);
#1860 = FACE_BOUND('',#1861,.F.);
#1861 = EDGE_LOOP('',(#1862,#1863,#1886,#1907));
#1862 = ORIENTED_EDGE('',*,*,#1317,.T.);
#1863 = ORIENTED_EDGE('',*,*,#1864,.T.);
#1864 = EDGE_CURVE('',#1318,#1865,#1867,.T.);
#1865 = VERTEX_POINT('',#1866);
#1866 = CARTESIAN_POINT('',(3.,38.55,28.5));
#1867 = SURFACE_CURVE('',#1868,(#1872,#1879),.PCURVE_S1.);
#1868 = LINE('',#1869,#1870);
#1869 = CARTESIAN_POINT('',(3.,53.55,28.5));
#1870 = VECTOR('',#1871,1.);
#1871 = DIRECTION('',(0.,-1.,0.));
#1872 = PCURVE('',#652,#1873);
#1873 = DEFINITIONAL_REPRESENTATION('',(#1874),#1878);
#1874 = LINE('',#1875,#1876);
#1875 = CARTESIAN_POINT('',(30.5,-66.55));
#1876 = VECTOR('',#1877,1.);
#1877 = DIRECTION('',(0.,1.));
#1878 = ( GEOMETRIC_REPRESENTATION_CONTEXT(2) 
PARAMETRIC_REPRESENTATION_CONTEXT() REPRESENTATION_CONTEXT('2D SPACE',''
  ) );
#1879 = PCURVE('',#1470,#1880);
#1880 = DEFINITIONAL_REPRESENTATION('',(#1881),#1885);
#1881 = LINE('',#1882,#1883);
#1882 = CARTESIAN_POINT('',(1.570796326795,0.));
#1883 = VECTOR('',#1884,1.);
#1884 = DIRECTION('',(0.,1.));
#1885 = ( GEOMETRIC_REPRESENTATION_CONTEXT(2) 
PARAMETRIC_REPRESENTATION_CONTEXT() REPRESENTATION_CONTEXT('2D SPACE',''
  ) );
#1886 = ORIENTED_EDGE('',*,*,#1887,.F.);
#1887 = EDGE_CURVE('',#1095,#1865,#1888,.T.);
#1888 = SURFACE_CURVE('',#1889,(#1893,#1900),.PCURVE_S1.);
#1889 = LINE('',#1890,#1891);
#1890 = CARTESIAN_POINT('',(3.,38.55,0.));
#1891 = VECTOR('',#1892,1.);
#1892 = DIRECTION('',(0.,0.,1.));
#1893 = PCURVE('',#652,#1894);
#1894 = DEFINITIONAL_REPRESENTATION('',(#1895),#1899);
#1895 = LINE('',#1896,#1897);
#1896 = CARTESIAN_POINT('',(2.,-51.55));
#1897 = VECTOR('',#1898,1.);
#1898 = DIRECTION('',(1.,0.));
#1899 = ( GEOMETRIC_REPRESENTATION_CONTEXT(2) 
PARAMETRIC_REPRESENTATION_CONTEXT() REPRESENTATION_CONTEXT('2D SPACE',''
  ) );
#1900 = PCURVE('',#1133,#1901);
#1901 = DEFINITIONAL_REPRESENTATION('',(#1902),#1906);
#1902 = LINE('',#1903,#1904);
#1903 = CARTESIAN_POINT('',(0.,0.));
#1904 = VECTOR('',#1905,1.);
#1905 = DIRECTION('',(1.,0.));
#1906 = ( GEOMETRIC_REPRESENTATION_CONTEXT(2) 
PARAMETRIC_REPRESENTATION_CONTEXT() REPRESENTATION_CONTEXT('2D SPACE',''
  ) );
#1907 = ORIENTED_EDGE('',*,*,#1094,.T.);
#1908 = FACE_BOUND('',#1909,.F.);
#1909 = EDGE_LOOP('',(#1910));
#1910 = ORIENTED_EDGE('',*,*,#635,.T.);
#1911 = ADVANCED_FACE('',(#1912),#759,.T.);
#1912 = FACE_BOUND('',#1913,.F.);
#1913 = EDGE_LOOP('',(#1914,#1915,#1916,#1939,#1971,#2003,#2031,#2063,
    #2095,#2123,#2156,#2184,#2216,#2248,#2276,#2308,#2340,#2361,#2362,
    #2385));
#1914 = ORIENTED_EDGE('',*,*,#743,.F.);
#1915 = ORIENTED_EDGE('',*,*,#1046,.F.);
#1916 = ORIENTED_EDGE('',*,*,#1917,.F.);
#1917 = EDGE_CURVE('',#1918,#1019,#1920,.T.);
#1918 = VERTEX_POINT('',#1919);
#1919 = CARTESIAN_POINT('',(-48.45825523066,-19.,14.060303038033));
#1920 = SURFACE_CURVE('',#1921,(#1925,#1932),.PCURVE_S1.);
#1921 = LINE('',#1922,#1923);
#1922 = CARTESIAN_POINT('',(-48.45825523066,-19.,0.));
#1923 = VECTOR('',#1924,1.);
#1924 = DIRECTION('',(-0.,-0.,-1.));
#1925 = PCURVE('',#759,#1926);
#1926 = DEFINITIONAL_REPRESENTATION('',(#1927),#1931);
#1927 = LINE('',#1928,#1929);
#1928 = CARTESIAN_POINT('',(-3.515261569967,0.));
#1929 = VECTOR('',#1930,1.);
#1930 = DIRECTION('',(-0.,1.));
#1931 = ( GEOMETRIC_REPRESENTATION_CONTEXT(2) 
PARAMETRIC_REPRESENTATION_CONTEXT() REPRESENTATION_CONTEXT('2D SPACE',''
  ) );
#1932 = PCURVE('',#1034,#1933);
#1933 = DEFINITIONAL_REPRESENTATION('',(#1934),#1938);
#1934 = LINE('',#1935,#1936);
#1935 = CARTESIAN_POINT('',(0.,63.541744769338));
#1936 = VECTOR('',#1937,1.);
#1937 = DIRECTION('',(-1.,0.));
#1938 = ( GEOMETRIC_REPRESENTATION_CONTEXT(2) 
PARAMETRIC_REPRESENTATION_CONTEXT() REPRESENTATION_CONTEXT('2D SPACE',''
  ) );
#1939 = ORIENTED_EDGE('',*,*,#1940,.F.);
#1940 = EDGE_CURVE('',#1941,#1918,#1943,.T.);
#1941 = VERTEX_POINT('',#1942);
#1942 = CARTESIAN_POINT('',(-45.89898458419,-24.54558441227,
    8.514718625761));
#1943 = SURFACE_CURVE('',#1944,(#1949,#1959),.PCURVE_S1.);
#1944 = ELLIPSE('',#1945,73.60981592152,52.05);
#1945 = AXIS2_PLACEMENT_3D('',#1946,#1947,#1948);
#1946 = CARTESIAN_POINT('',(0.,0.,33.060303038033));
#1947 = DIRECTION('',(0.,0.707106781187,-0.707106781187));
#1948 = DIRECTION('',(0.,-0.707106781187,-0.707106781187));
#1949 = PCURVE('',#759,#1950);
#1950 = DEFINITIONAL_REPRESENTATION('',(#1951),#1958);
#1951 = B_SPLINE_CURVE_WITH_KNOTS('',5,(#1952,#1953,#1954,#1955,#1956,
    #1957),.UNSPECIFIED.,.F.,.F.,(6,6),(1.061137795324,1.27421435458),
  .PIECEWISE_BEZIER_KNOTS.);
#1952 = CARTESIAN_POINT('',(-3.651251185061,-7.666190488338));
#1953 = CARTESIAN_POINT('',(-3.608635873209,-9.602418271628));
#1954 = CARTESIAN_POINT('',(-3.566020561358,-11.59629268776));
#1955 = CARTESIAN_POINT('',(-3.523405249507,-13.64048847754));
#1956 = CARTESIAN_POINT('',(-3.480789937656,-15.72724235507));
#1957 = CARTESIAN_POINT('',(-3.438174625805,-17.84852813742));
#1958 = ( GEOMETRIC_REPRESENTATION_CONTEXT(2) 
PARAMETRIC_REPRESENTATION_CONTEXT() REPRESENTATION_CONTEXT('2D SPACE',''
  ) );
#1959 = PCURVE('',#1960,#1965);
#1960 = PLANE('',#1961);
#1961 = AXIS2_PLACEMENT_3D('',#1962,#1963,#1964);
#1962 = CARTESIAN_POINT('',(-113.,-24.54558441227,8.514718625761));
#1963 = DIRECTION('',(0.,0.707106781187,-0.707106781187));
#1964 = DIRECTION('',(0.,0.707106781187,0.707106781187));
#1965 = DEFINITIONAL_REPRESENTATION('',(#1966),#1970);
#1966 = ELLIPSE('',#1967,73.60981592152,52.05);
#1967 = AXIS2_PLACEMENT_2D('',#1968,#1969);
#1968 = CARTESIAN_POINT('',(34.712698372208,113.));
#1969 = DIRECTION('',(-1.,0.));
#1970 = ( GEOMETRIC_REPRESENTATION_CONTEXT(2) 
PARAMETRIC_REPRESENTATION_CONTEXT() REPRESENTATION_CONTEXT('2D SPACE',''
  ) );
#1971 = ORIENTED_EDGE('',*,*,#1972,.T.);
#1972 = EDGE_CURVE('',#1941,#1973,#1975,.T.);
#1973 = VERTEX_POINT('',#1974);
#1974 = CARTESIAN_POINT('',(-44.05,-27.72724292099,11.696377134487));
#1975 = SURFACE_CURVE('',#1976,(#1981,#1991),.PCURVE_S1.);
#1976 = ELLIPSE('',#1977,73.60981592152,52.05);
#1977 = AXIS2_PLACEMENT_3D('',#1978,#1979,#1980);
#1978 = CARTESIAN_POINT('',(0.,0.,-16.03086578651));
#1979 = DIRECTION('',(0.,0.707106781187,0.707106781187));
#1980 = DIRECTION('',(0.,0.707106781187,-0.707106781187));
#1981 = PCURVE('',#759,#1982);
#1982 = DEFINITIONAL_REPRESENTATION('',(#1983),#1990);
#1983 = B_SPLINE_CURVE_WITH_KNOTS('',5,(#1984,#1985,#1986,#1987,#1988,
    #1989),.UNSPECIFIED.,.F.,.F.,(6,6),(2.043477222237,2.279566915432),
  .PIECEWISE_BEZIER_KNOTS.);
#1984 = CARTESIAN_POINT('',(-3.614273549032,-7.666190488338));
#1985 = CARTESIAN_POINT('',(-3.661491487671,-9.85440040197));
#1986 = CARTESIAN_POINT('',(-3.70870942631,-11.97656873228));
#1987 = CARTESIAN_POINT('',(-3.755927364949,-14.02253057437));
#1988 = CARTESIAN_POINT('',(-3.803145303588,-15.9827388103));
#1989 = CARTESIAN_POINT('',(-3.850363242227,-17.84852813742));
#1990 = ( GEOMETRIC_REPRESENTATION_CONTEXT(2) 
PARAMETRIC_REPRESENTATION_CONTEXT() REPRESENTATION_CONTEXT('2D SPACE',''
  ) );
#1991 = PCURVE('',#1992,#1997);
#1992 = PLANE('',#1993);
#1993 = AXIS2_PLACEMENT_3D('',#1994,#1995,#1996);
#1994 = CARTESIAN_POINT('',(-113.,-33.03086578651,17.));
#1995 = DIRECTION('',(0.,0.707106781187,0.707106781187));
#1996 = DIRECTION('',(1.,0.,0.));
#1997 = DEFINITIONAL_REPRESENTATION('',(#1998),#2002);
#1998 = ELLIPSE('',#1999,73.60981592152,52.05);
#1999 = AXIS2_PLACEMENT_2D('',#2000,#2001);
#2000 = CARTESIAN_POINT('',(113.,46.712698372208));
#2001 = DIRECTION('',(0.,1.));
#2002 = ( GEOMETRIC_REPRESENTATION_CONTEXT(2) 
PARAMETRIC_REPRESENTATION_CONTEXT() REPRESENTATION_CONTEXT('2D SPACE',''
  ) );
#2003 = ORIENTED_EDGE('',*,*,#2004,.F.);
#2004 = EDGE_CURVE('',#2005,#1973,#2007,.T.);
#2005 = VERTEX_POINT('',#2006);
#2006 = CARTESIAN_POINT('',(-44.05,-27.72724292099,22.303622865513));
#2007 = SURFACE_CURVE('',#2008,(#2012,#2019),.PCURVE_S1.);
#2008 = LINE('',#2009,#2010);
#2009 = CARTESIAN_POINT('',(-44.05,-27.72724292099,0.));
#2010 = VECTOR('',#2011,1.);
#2011 = DIRECTION('',(-0.,-0.,-1.));
#2012 = PCURVE('',#759,#2013);
#2013 = DEFINITIONAL_REPRESENTATION('',(#2014),#2018);
#2014 = LINE('',#2015,#2016);
#2015 = CARTESIAN_POINT('',(-3.703385089914,0.));
#2016 = VECTOR('',#2017,1.);
#2017 = DIRECTION('',(-0.,1.));
#2018 = ( GEOMETRIC_REPRESENTATION_CONTEXT(2) 
PARAMETRIC_REPRESENTATION_CONTEXT() REPRESENTATION_CONTEXT('2D SPACE',''
  ) );
#2019 = PCURVE('',#2020,#2025);
#2020 = PLANE('',#2021);
#2021 = AXIS2_PLACEMENT_3D('',#2022,#2023,#2024);
#2022 = CARTESIAN_POINT('',(-44.05,-33.03086578651,17.));
#2023 = DIRECTION('',(1.,0.,0.));
#2024 = DIRECTION('',(0.,0.707106781187,0.707106781187));
#2025 = DEFINITIONAL_REPRESENTATION('',(#2026),#2030);
#2026 = LINE('',#2027,#2028);
#2027 = CARTESIAN_POINT('',(-8.270587587111,-15.77104297323));
#2028 = VECTOR('',#2029,1.);
#2029 = DIRECTION('',(-0.707106781187,-0.707106781187));
#2030 = ( GEOMETRIC_REPRESENTATION_CONTEXT(2) 
PARAMETRIC_REPRESENTATION_CONTEXT() REPRESENTATION_CONTEXT('2D SPACE',''
  ) );
#2031 = ORIENTED_EDGE('',*,*,#2032,.T.);
#2032 = EDGE_CURVE('',#2005,#2033,#2035,.T.);
#2033 = VERTEX_POINT('',#2034);
#2034 = CARTESIAN_POINT('',(-45.89898458419,-24.54558441227,
    25.485281374239));
#2035 = SURFACE_CURVE('',#2036,(#2041,#2051),.PCURVE_S1.);
#2036 = ELLIPSE('',#2037,73.60981592152,52.05);
#2037 = AXIS2_PLACEMENT_3D('',#2038,#2039,#2040);
#2038 = CARTESIAN_POINT('',(0.,0.,50.03086578651));
#2039 = DIRECTION('',(0.,0.707106781187,-0.707106781187));
#2040 = DIRECTION('',(0.,-0.707106781187,-0.707106781187));
#2041 = PCURVE('',#759,#2042);
#2042 = DEFINITIONAL_REPRESENTATION('',(#2043),#2050);
#2043 = B_SPLINE_CURVE_WITH_KNOTS('',5,(#2044,#2045,#2046,#2047,#2048,
    #2049),.UNSPECIFIED.,.F.,.F.,(6,6),(0.862025738158,1.098115431352),
  .PIECEWISE_BEZIER_KNOTS.);
#2044 = CARTESIAN_POINT('',(-3.850363242227,-16.15147186257));
#2045 = CARTESIAN_POINT('',(-3.803145303588,-18.01726118969));
#2046 = CARTESIAN_POINT('',(-3.755927364949,-19.97746942562));
#2047 = CARTESIAN_POINT('',(-3.70870942631,-22.02343126771));
#2048 = CARTESIAN_POINT('',(-3.661491487671,-24.14559959803));
#2049 = CARTESIAN_POINT('',(-3.614273549032,-26.33380951166));
#2050 = ( GEOMETRIC_REPRESENTATION_CONTEXT(2) 
PARAMETRIC_REPRESENTATION_CONTEXT() REPRESENTATION_CONTEXT('2D SPACE',''
  ) );
#2051 = PCURVE('',#2052,#2057);
#2052 = PLANE('',#2053);
#2053 = AXIS2_PLACEMENT_3D('',#2054,#2055,#2056);
#2054 = CARTESIAN_POINT('',(-113.,-33.03086578651,17.));
#2055 = DIRECTION('',(0.,0.707106781187,-0.707106781187));
#2056 = DIRECTION('',(0.,0.707106781187,0.707106781187));
#2057 = DEFINITIONAL_REPRESENTATION('',(#2058),#2062);
#2058 = ELLIPSE('',#2059,73.60981592152,52.05);
#2059 = AXIS2_PLACEMENT_2D('',#2060,#2061);
#2060 = CARTESIAN_POINT('',(46.712698372208,113.));
#2061 = DIRECTION('',(-1.,0.));
#2062 = ( GEOMETRIC_REPRESENTATION_CONTEXT(2) 
PARAMETRIC_REPRESENTATION_CONTEXT() REPRESENTATION_CONTEXT('2D SPACE',''
  ) );
#2063 = ORIENTED_EDGE('',*,*,#2064,.F.);
#2064 = EDGE_CURVE('',#2065,#2033,#2067,.T.);
#2065 = VERTEX_POINT('',#2066);
#2066 = CARTESIAN_POINT('',(-47.17205210715,-22.,22.939696961967));
#2067 = SURFACE_CURVE('',#2068,(#2073,#2083),.PCURVE_S1.);
#2068 = ELLIPSE('',#2069,73.60981592152,52.05);
#2069 = AXIS2_PLACEMENT_3D('',#2070,#2071,#2072);
#2070 = CARTESIAN_POINT('',(0.,0.,0.939696961967));
#2071 = DIRECTION('',(0.,0.707106781187,0.707106781187));
#2072 = DIRECTION('',(0.,0.707106781187,-0.707106781187));
#2073 = PCURVE('',#759,#2074);
#2074 = DEFINITIONAL_REPRESENTATION('',(#2075),#2082);
#2075 = B_SPLINE_CURVE_WITH_KNOTS('',5,(#2076,#2077,#2078,#2079,#2080,
    #2081),.UNSPECIFIED.,.F.,.F.,(6,6),(1.86737829901,2.080454858266),
  .PIECEWISE_BEZIER_KNOTS.);
#2076 = CARTESIAN_POINT('',(-3.438174625805,-16.15147186257));
#2077 = CARTESIAN_POINT('',(-3.480789937656,-18.27275764493));
#2078 = CARTESIAN_POINT('',(-3.523405249507,-20.35951152245));
#2079 = CARTESIAN_POINT('',(-3.566020561358,-22.40370731223));
#2080 = CARTESIAN_POINT('',(-3.608635873209,-24.39758172837));
#2081 = CARTESIAN_POINT('',(-3.651251185061,-26.33380951166));
#2082 = ( GEOMETRIC_REPRESENTATION_CONTEXT(2) 
PARAMETRIC_REPRESENTATION_CONTEXT() REPRESENTATION_CONTEXT('2D SPACE',''
  ) );
#2083 = PCURVE('',#2084,#2089);
#2084 = PLANE('',#2085);
#2085 = AXIS2_PLACEMENT_3D('',#2086,#2087,#2088);
#2086 = CARTESIAN_POINT('',(-113.,-24.54558441227,25.485281374239));
#2087 = DIRECTION('',(0.,0.707106781187,0.707106781187));
#2088 = DIRECTION('',(1.,0.,0.));
#2089 = DEFINITIONAL_REPRESENTATION('',(#2090),#2094);
#2090 = ELLIPSE('',#2091,73.60981592152,52.05);
#2091 = AXIS2_PLACEMENT_2D('',#2092,#2093);
#2092 = CARTESIAN_POINT('',(113.,34.712698372208));
#2093 = DIRECTION('',(0.,1.));
#2094 = ( GEOMETRIC_REPRESENTATION_CONTEXT(2) 
PARAMETRIC_REPRESENTATION_CONTEXT() REPRESENTATION_CONTEXT('2D SPACE',''
  ) );
#2095 = ORIENTED_EDGE('',*,*,#2096,.F.);
#2096 = EDGE_CURVE('',#2097,#2065,#2099,.T.);
#2097 = VERTEX_POINT('',#2098);
#2098 = CARTESIAN_POINT('',(-47.17205210715,-22.,25.));
#2099 = SURFACE_CURVE('',#2100,(#2104,#2111),.PCURVE_S1.);
#2100 = LINE('',#2101,#2102);
#2101 = CARTESIAN_POINT('',(-47.17205210715,-22.,0.));
#2102 = VECTOR('',#2103,1.);
#2103 = DIRECTION('',(-0.,-0.,-1.));
#2104 = PCURVE('',#759,#2105);
#2105 = DEFINITIONAL_REPRESENTATION('',(#2106),#2110);
#2106 = LINE('',#2107,#2108);
#2107 = CARTESIAN_POINT('',(-3.577982615974,0.));
#2108 = VECTOR('',#2109,1.);
#2109 = DIRECTION('',(-0.,1.));
#2110 = ( GEOMETRIC_REPRESENTATION_CONTEXT(2) 
PARAMETRIC_REPRESENTATION_CONTEXT() REPRESENTATION_CONTEXT('2D SPACE',''
  ) );
#2111 = PCURVE('',#2112,#2117);
#2112 = PLANE('',#2113);
#2113 = AXIS2_PLACEMENT_3D('',#2114,#2115,#2116);
#2114 = CARTESIAN_POINT('',(-112.,-22.,17.));
#2115 = DIRECTION('',(0.,1.,0.));
#2116 = DIRECTION('',(0.,0.,1.));
#2117 = DEFINITIONAL_REPRESENTATION('',(#2118),#2122);
#2118 = LINE('',#2119,#2120);
#2119 = CARTESIAN_POINT('',(-17.,64.827947892847));
#2120 = VECTOR('',#2121,1.);
#2121 = DIRECTION('',(-1.,0.));
#2122 = ( GEOMETRIC_REPRESENTATION_CONTEXT(2) 
PARAMETRIC_REPRESENTATION_CONTEXT() REPRESENTATION_CONTEXT('2D SPACE',''
  ) );
#2123 = ORIENTED_EDGE('',*,*,#2124,.T.);
#2124 = EDGE_CURVE('',#2097,#2125,#2127,.T.);
#2125 = VERTEX_POINT('',#2126);
#2126 = CARTESIAN_POINT('',(-47.17205210715,22.,25.));
#2127 = SURFACE_CURVE('',#2128,(#2133,#2140),.PCURVE_S1.);
#2128 = CIRCLE('',#2129,52.05);
#2129 = AXIS2_PLACEMENT_3D('',#2130,#2131,#2132);
#2130 = CARTESIAN_POINT('',(0.,0.,25.));
#2131 = DIRECTION('',(0.,0.,-1.));
#2132 = DIRECTION('',(1.,0.,0.));
#2133 = PCURVE('',#759,#2134);
#2134 = DEFINITIONAL_REPRESENTATION('',(#2135),#2139);
#2135 = LINE('',#2136,#2137);
#2136 = CARTESIAN_POINT('',(-6.28318530718,-25.));
#2137 = VECTOR('',#2138,1.);
#2138 = DIRECTION('',(1.,-0.));
#2139 = ( GEOMETRIC_REPRESENTATION_CONTEXT(2) 
PARAMETRIC_REPRESENTATION_CONTEXT() REPRESENTATION_CONTEXT('2D SPACE',''
  ) );
#2140 = PCURVE('',#2141,#2146);
#2141 = PLANE('',#2142);
#2142 = AXIS2_PLACEMENT_3D('',#2143,#2144,#2145);
#2143 = CARTESIAN_POINT('',(-112.,-22.,25.));
#2144 = DIRECTION('',(0.,0.,1.));
#2145 = DIRECTION('',(1.,0.,0.));
#2146 = DEFINITIONAL_REPRESENTATION('',(#2147),#2155);
#2147 = ( BOUNDED_CURVE() B_SPLINE_CURVE(2,(#2148,#2149,#2150,#2151,
#2152,#2153,#2154),.UNSPECIFIED.,.T.,.F.) B_SPLINE_CURVE_WITH_KNOTS((1,2
    ,2,2,2,1),(-2.094395102393,0.,2.094395102393,4.188790204786,
6.28318530718,8.377580409573),.UNSPECIFIED.) CURVE() 
GEOMETRIC_REPRESENTATION_ITEM() RATIONAL_B_SPLINE_CURVE((1.,0.5,1.,0.5,
1.,0.5,1.)) REPRESENTATION_ITEM('') );
#2148 = CARTESIAN_POINT('',(164.05,22.));
#2149 = CARTESIAN_POINT('',(164.05,-68.15324453396));
#2150 = CARTESIAN_POINT('',(85.975,-23.07662226698));
#2151 = CARTESIAN_POINT('',(7.9,22.));
#2152 = CARTESIAN_POINT('',(85.975,67.07662226698));
#2153 = CARTESIAN_POINT('',(164.05,112.15324453396));
#2154 = CARTESIAN_POINT('',(164.05,22.));
#2155 = ( GEOMETRIC_REPRESENTATION_CONTEXT(2) 
PARAMETRIC_REPRESENTATION_CONTEXT() REPRESENTATION_CONTEXT('2D SPACE',''
  ) );
#2156 = ORIENTED_EDGE('',*,*,#2157,.T.);
#2157 = EDGE_CURVE('',#2125,#2158,#2160,.T.);
#2158 = VERTEX_POINT('',#2159);
#2159 = CARTESIAN_POINT('',(-47.17205210715,22.,22.939696961967));
#2160 = SURFACE_CURVE('',#2161,(#2165,#2172),.PCURVE_S1.);
#2161 = LINE('',#2162,#2163);
#2162 = CARTESIAN_POINT('',(-47.17205210715,22.,0.));
#2163 = VECTOR('',#2164,1.);
#2164 = DIRECTION('',(-0.,-0.,-1.));
#2165 = PCURVE('',#759,#2166);
#2166 = DEFINITIONAL_REPRESENTATION('',(#2167),#2171);
#2167 = LINE('',#2168,#2169);
#2168 = CARTESIAN_POINT('',(-2.705202691205,0.));
#2169 = VECTOR('',#2170,1.);
#2170 = DIRECTION('',(-0.,1.));
#2171 = ( GEOMETRIC_REPRESENTATION_CONTEXT(2) 
PARAMETRIC_REPRESENTATION_CONTEXT() REPRESENTATION_CONTEXT('2D SPACE',''
  ) );
#2172 = PCURVE('',#2173,#2178);
#2173 = PLANE('',#2174);
#2174 = AXIS2_PLACEMENT_3D('',#2175,#2176,#2177);
#2175 = CARTESIAN_POINT('',(-112.,22.,17.));
#2176 = DIRECTION('',(0.,1.,0.));
#2177 = DIRECTION('',(0.,0.,1.));
#2178 = DEFINITIONAL_REPRESENTATION('',(#2179),#2183);
#2179 = LINE('',#2180,#2181);
#2180 = CARTESIAN_POINT('',(-17.,64.827947892847));
#2181 = VECTOR('',#2182,1.);
#2182 = DIRECTION('',(-1.,0.));
#2183 = ( GEOMETRIC_REPRESENTATION_CONTEXT(2) 
PARAMETRIC_REPRESENTATION_CONTEXT() REPRESENTATION_CONTEXT('2D SPACE',''
  ) );
#2184 = ORIENTED_EDGE('',*,*,#2185,.F.);
#2185 = EDGE_CURVE('',#2186,#2158,#2188,.T.);
#2186 = VERTEX_POINT('',#2187);
#2187 = CARTESIAN_POINT('',(-45.89898458419,24.545584412272,
    25.485281374239));
#2188 = SURFACE_CURVE('',#2189,(#2194,#2204),.PCURVE_S1.);
#2189 = ELLIPSE('',#2190,73.60981592152,52.05);
#2190 = AXIS2_PLACEMENT_3D('',#2191,#2192,#2193);
#2191 = CARTESIAN_POINT('',(0.,0.,0.939696961967));
#2192 = DIRECTION('',(0.,-0.707106781187,0.707106781187));
#2193 = DIRECTION('',(0.,-0.707106781187,-0.707106781187));
#2194 = PCURVE('',#759,#2195);
#2195 = DEFINITIONAL_REPRESENTATION('',(#2196),#2203);
#2196 = B_SPLINE_CURVE_WITH_KNOTS('',5,(#2197,#2198,#2199,#2200,#2201,
    #2202),.UNSPECIFIED.,.F.,.F.,(6,6),(4.202730448914,4.41580700817),
  .PIECEWISE_BEZIER_KNOTS.);
#2197 = CARTESIAN_POINT('',(-2.631934122119,-26.33380951166));
#2198 = CARTESIAN_POINT('',(-2.67454943397,-24.39758172837));
#2199 = CARTESIAN_POINT('',(-2.717164745821,-22.40370731223));
#2200 = CARTESIAN_POINT('',(-2.759780057673,-20.35951152245));
#2201 = CARTESIAN_POINT('',(-2.802395369524,-18.27275764493));
#2202 = CARTESIAN_POINT('',(-2.845010681375,-16.15147186257));
#2203 = ( GEOMETRIC_REPRESENTATION_CONTEXT(2) 
PARAMETRIC_REPRESENTATION_CONTEXT() REPRESENTATION_CONTEXT('2D SPACE',''
  ) );
#2204 = PCURVE('',#2205,#2210);
#2205 = PLANE('',#2206);
#2206 = AXIS2_PLACEMENT_3D('',#2207,#2208,#2209);
#2207 = CARTESIAN_POINT('',(-113.,16.060303038033,17.));
#2208 = DIRECTION('',(0.,-0.707106781187,0.707106781187));
#2209 = DIRECTION('',(1.,0.,0.));
#2210 = DEFINITIONAL_REPRESENTATION('',(#2211),#2215);
#2211 = ELLIPSE('',#2212,73.60981592152,52.05);
#2212 = AXIS2_PLACEMENT_2D('',#2213,#2214);
#2213 = CARTESIAN_POINT('',(113.,-22.7126983722));
#2214 = DIRECTION('',(0.,-1.));
#2215 = ( GEOMETRIC_REPRESENTATION_CONTEXT(2) 
PARAMETRIC_REPRESENTATION_CONTEXT() REPRESENTATION_CONTEXT('2D SPACE',''
  ) );
#2216 = ORIENTED_EDGE('',*,*,#2217,.F.);
#2217 = EDGE_CURVE('',#2218,#2186,#2220,.T.);
#2218 = VERTEX_POINT('',#2219);
#2219 = CARTESIAN_POINT('',(-44.05,27.727242920997,22.303622865513));
#2220 = SURFACE_CURVE('',#2221,(#2226,#2236),.PCURVE_S1.);
#2221 = ELLIPSE('',#2222,73.60981592152,52.05);
#2222 = AXIS2_PLACEMENT_3D('',#2223,#2224,#2225);
#2223 = CARTESIAN_POINT('',(0.,0.,50.03086578651));
#2224 = DIRECTION('',(0.,0.707106781187,0.707106781187));
#2225 = DIRECTION('',(0.,0.707106781187,-0.707106781187));
#2226 = PCURVE('',#759,#2227);
#2227 = DEFINITIONAL_REPRESENTATION('',(#2228),#2235);
#2228 = B_SPLINE_CURVE_WITH_KNOTS('',5,(#2229,#2230,#2231,#2232,#2233,
    #2234),.UNSPECIFIED.,.F.,.F.,(6,6),(0.862025738158,1.098115431352),
  .PIECEWISE_BEZIER_KNOTS.);
#2229 = CARTESIAN_POINT('',(-2.432822064953,-16.15147186257));
#2230 = CARTESIAN_POINT('',(-2.480040003592,-18.01726118969));
#2231 = CARTESIAN_POINT('',(-2.527257942231,-19.97746942562));
#2232 = CARTESIAN_POINT('',(-2.574475880869,-22.02343126771));
#2233 = CARTESIAN_POINT('',(-2.621693819508,-24.14559959803));
#2234 = CARTESIAN_POINT('',(-2.668911758147,-26.33380951166));
#2235 = ( GEOMETRIC_REPRESENTATION_CONTEXT(2) 
PARAMETRIC_REPRESENTATION_CONTEXT() REPRESENTATION_CONTEXT('2D SPACE',''
  ) );
#2236 = PCURVE('',#2237,#2242);
#2237 = PLANE('',#2238);
#2238 = AXIS2_PLACEMENT_3D('',#2239,#2240,#2241);
#2239 = CARTESIAN_POINT('',(-113.,33.03086578651,17.));
#2240 = DIRECTION('',(0.,0.707106781187,0.707106781187));
#2241 = DIRECTION('',(0.,-0.707106781187,0.707106781187));
#2242 = DEFINITIONAL_REPRESENTATION('',(#2243),#2247);
#2243 = ELLIPSE('',#2244,73.60981592152,52.05);
#2244 = AXIS2_PLACEMENT_2D('',#2245,#2246);
#2245 = CARTESIAN_POINT('',(46.712698372208,113.));
#2246 = DIRECTION('',(-1.,0.));
#2247 = ( GEOMETRIC_REPRESENTATION_CONTEXT(2) 
PARAMETRIC_REPRESENTATION_CONTEXT() REPRESENTATION_CONTEXT('2D SPACE',''
  ) );
#2248 = ORIENTED_EDGE('',*,*,#2249,.T.);
#2249 = EDGE_CURVE('',#2218,#2250,#2252,.T.);
#2250 = VERTEX_POINT('',#2251);
#2251 = CARTESIAN_POINT('',(-44.05,27.727242920997,11.696377134487));
#2252 = SURFACE_CURVE('',#2253,(#2257,#2264),.PCURVE_S1.);
#2253 = LINE('',#2254,#2255);
#2254 = CARTESIAN_POINT('',(-44.05,27.727242920997,0.));
#2255 = VECTOR('',#2256,1.);
#2256 = DIRECTION('',(-0.,-0.,-1.));
#2257 = PCURVE('',#759,#2258);
#2258 = DEFINITIONAL_REPRESENTATION('',(#2259),#2263);
#2259 = LINE('',#2260,#2261);
#2260 = CARTESIAN_POINT('',(-2.579800217266,0.));
#2261 = VECTOR('',#2262,1.);
#2262 = DIRECTION('',(-0.,1.));
#2263 = ( GEOMETRIC_REPRESENTATION_CONTEXT(2) 
PARAMETRIC_REPRESENTATION_CONTEXT() REPRESENTATION_CONTEXT('2D SPACE',''
  ) );
#2264 = PCURVE('',#2265,#2270);
#2265 = PLANE('',#2266);
#2266 = AXIS2_PLACEMENT_3D('',#2267,#2268,#2269);
#2267 = CARTESIAN_POINT('',(-44.05,24.545584412272,8.514718625761));
#2268 = DIRECTION('',(1.,0.,0.));
#2269 = DIRECTION('',(0.,-0.707106781187,0.707106781187));
#2270 = DEFINITIONAL_REPRESENTATION('',(#2271),#2275);
#2271 = LINE('',#2272,#2273);
#2272 = CARTESIAN_POINT('',(-8.270587587111,3.771042973231));
#2273 = VECTOR('',#2274,1.);
#2274 = DIRECTION('',(-0.707106781187,0.707106781187));
#2275 = ( GEOMETRIC_REPRESENTATION_CONTEXT(2) 
PARAMETRIC_REPRESENTATION_CONTEXT() REPRESENTATION_CONTEXT('2D SPACE',''
  ) );
#2276 = ORIENTED_EDGE('',*,*,#2277,.T.);
#2277 = EDGE_CURVE('',#2250,#2278,#2280,.T.);
#2278 = VERTEX_POINT('',#2279);
#2279 = CARTESIAN_POINT('',(-45.89898458419,24.545584412272,
    8.514718625761));
#2280 = SURFACE_CURVE('',#2281,(#2286,#2296),.PCURVE_S1.);
#2281 = ELLIPSE('',#2282,73.60981592152,52.05);
#2282 = AXIS2_PLACEMENT_3D('',#2283,#2284,#2285);
#2283 = CARTESIAN_POINT('',(0.,0.,-16.03086578651));
#2284 = DIRECTION('',(0.,-0.707106781187,0.707106781187));
#2285 = DIRECTION('',(0.,-0.707106781187,-0.707106781187));
#2286 = PCURVE('',#759,#2287);
#2287 = DEFINITIONAL_REPRESENTATION('',(#2288),#2295);
#2288 = B_SPLINE_CURVE_WITH_KNOTS('',5,(#2289,#2290,#2291,#2292,#2293,
    #2294),.UNSPECIFIED.,.F.,.F.,(6,6),(4.003618391748,4.239708084942),
  .PIECEWISE_BEZIER_KNOTS.);
#2289 = CARTESIAN_POINT('',(-2.432822064953,-17.84852813742));
#2290 = CARTESIAN_POINT('',(-2.480040003592,-15.9827388103));
#2291 = CARTESIAN_POINT('',(-2.527257942231,-14.02253057437));
#2292 = CARTESIAN_POINT('',(-2.574475880869,-11.97656873228));
#2293 = CARTESIAN_POINT('',(-2.621693819508,-9.85440040197));
#2294 = CARTESIAN_POINT('',(-2.668911758147,-7.666190488338));
#2295 = ( GEOMETRIC_REPRESENTATION_CONTEXT(2) 
PARAMETRIC_REPRESENTATION_CONTEXT() REPRESENTATION_CONTEXT('2D SPACE',''
  ) );
#2296 = PCURVE('',#2297,#2302);
#2297 = PLANE('',#2298);
#2298 = AXIS2_PLACEMENT_3D('',#2299,#2300,#2301);
#2299 = CARTESIAN_POINT('',(-113.,24.545584412272,8.514718625761));
#2300 = DIRECTION('',(0.,-0.707106781187,0.707106781187));
#2301 = DIRECTION('',(1.,0.,0.));
#2302 = DEFINITIONAL_REPRESENTATION('',(#2303),#2307);
#2303 = ELLIPSE('',#2304,73.60981592152,52.05);
#2304 = AXIS2_PLACEMENT_2D('',#2305,#2306);
#2305 = CARTESIAN_POINT('',(113.,-34.7126983722));
#2306 = DIRECTION('',(0.,-1.));
#2307 = ( GEOMETRIC_REPRESENTATION_CONTEXT(2) 
PARAMETRIC_REPRESENTATION_CONTEXT() REPRESENTATION_CONTEXT('2D SPACE',''
  ) );
#2308 = ORIENTED_EDGE('',*,*,#2309,.T.);
#2309 = EDGE_CURVE('',#2278,#2310,#2312,.T.);
#2310 = VERTEX_POINT('',#2311);
#2311 = CARTESIAN_POINT('',(-48.45825523066,19.,14.060303038033));
#2312 = SURFACE_CURVE('',#2313,(#2318,#2328),.PCURVE_S1.);
#2313 = ELLIPSE('',#2314,73.60981592152,52.05);
#2314 = AXIS2_PLACEMENT_3D('',#2315,#2316,#2317);
#2315 = CARTESIAN_POINT('',(0.,0.,33.060303038033));
#2316 = DIRECTION('',(0.,0.707106781187,0.707106781187));
#2317 = DIRECTION('',(0.,0.707106781187,-0.707106781187));
#2318 = PCURVE('',#759,#2319);
#2319 = DEFINITIONAL_REPRESENTATION('',(#2320),#2327);
#2320 = B_SPLINE_CURVE_WITH_KNOTS('',5,(#2321,#2322,#2323,#2324,#2325,
    #2326),.UNSPECIFIED.,.F.,.F.,(6,6),(1.061137795324,1.27421435458),
  .PIECEWISE_BEZIER_KNOTS.);
#2321 = CARTESIAN_POINT('',(-2.631934122119,-7.666190488338));
#2322 = CARTESIAN_POINT('',(-2.67454943397,-9.602418271628));
#2323 = CARTESIAN_POINT('',(-2.717164745821,-11.59629268776));
#2324 = CARTESIAN_POINT('',(-2.759780057673,-13.64048847754));
#2325 = CARTESIAN_POINT('',(-2.802395369524,-15.72724235507));
#2326 = CARTESIAN_POINT('',(-2.845010681375,-17.84852813742));
#2327 = ( GEOMETRIC_REPRESENTATION_CONTEXT(2) 
PARAMETRIC_REPRESENTATION_CONTEXT() REPRESENTATION_CONTEXT('2D SPACE',''
  ) );
#2328 = PCURVE('',#2329,#2334);
#2329 = PLANE('',#2330);
#2330 = AXIS2_PLACEMENT_3D('',#2331,#2332,#2333);
#2331 = CARTESIAN_POINT('',(-113.,24.545584412272,8.514718625761));
#2332 = DIRECTION('',(0.,0.707106781187,0.707106781187));
#2333 = DIRECTION('',(0.,-0.707106781187,0.707106781187));
#2334 = DEFINITIONAL_REPRESENTATION('',(#2335),#2339);
#2335 = ELLIPSE('',#2336,73.60981592152,52.05);
#2336 = AXIS2_PLACEMENT_2D('',#2337,#2338);
#2337 = CARTESIAN_POINT('',(34.712698372208,113.));
#2338 = DIRECTION('',(-1.,0.));
#2339 = ( GEOMETRIC_REPRESENTATION_CONTEXT(2) 
PARAMETRIC_REPRESENTATION_CONTEXT() REPRESENTATION_CONTEXT('2D SPACE',''
  ) );
#2340 = ORIENTED_EDGE('',*,*,#2341,.T.);
#2341 = EDGE_CURVE('',#2310,#831,#2342,.T.);
#2342 = SURFACE_CURVE('',#2343,(#2347,#2354),.PCURVE_S1.);
#2343 = LINE('',#2344,#2345);
#2344 = CARTESIAN_POINT('',(-48.45825523066,19.,0.));
#2345 = VECTOR('',#2346,1.);
#2346 = DIRECTION('',(-0.,-0.,-1.));
#2347 = PCURVE('',#759,#2348);
#2348 = DEFINITIONAL_REPRESENTATION('',(#2349),#2353);
#2349 = LINE('',#2350,#2351);
#2350 = CARTESIAN_POINT('',(-2.767923737212,0.));
#2351 = VECTOR('',#2352,1.);
#2352 = DIRECTION('',(-0.,1.));
#2353 = ( GEOMETRIC_REPRESENTATION_CONTEXT(2) 
PARAMETRIC_REPRESENTATION_CONTEXT() REPRESENTATION_CONTEXT('2D SPACE',''
  ) );
#2354 = PCURVE('',#870,#2355);
#2355 = DEFINITIONAL_REPRESENTATION('',(#2356),#2360);
#2356 = LINE('',#2357,#2358);
#2357 = CARTESIAN_POINT('',(0.,63.541744769338));
#2358 = VECTOR('',#2359,1.);
#2359 = DIRECTION('',(-1.,0.));
#2360 = ( GEOMETRIC_REPRESENTATION_CONTEXT(2) 
PARAMETRIC_REPRESENTATION_CONTEXT() REPRESENTATION_CONTEXT('2D SPACE',''
  ) );
#2361 = ORIENTED_EDGE('',*,*,#830,.F.);
#2362 = ORIENTED_EDGE('',*,*,#2363,.F.);
#2363 = EDGE_CURVE('',#2364,#801,#2366,.T.);
#2364 = VERTEX_POINT('',#2365);
#2365 = CARTESIAN_POINT('',(-10.,51.080353366045,28.5));
#2366 = SURFACE_CURVE('',#2367,(#2371,#2378),.PCURVE_S1.);
#2367 = LINE('',#2368,#2369);
#2368 = CARTESIAN_POINT('',(-10.,51.080353366045,0.));
#2369 = VECTOR('',#2370,1.);
#2370 = DIRECTION('',(-0.,-0.,-1.));
#2371 = PCURVE('',#759,#2372);
#2372 = DEFINITIONAL_REPRESENTATION('',(#2373),#2377);
#2373 = LINE('',#2374,#2375);
#2374 = CARTESIAN_POINT('',(-1.764121275466,0.));
#2375 = VECTOR('',#2376,1.);
#2376 = DIRECTION('',(-0.,1.));
#2377 = ( GEOMETRIC_REPRESENTATION_CONTEXT(2) 
PARAMETRIC_REPRESENTATION_CONTEXT() REPRESENTATION_CONTEXT('2D SPACE',''
  ) );
#2378 = PCURVE('',#818,#2379);
#2379 = DEFINITIONAL_REPRESENTATION('',(#2380),#2384);
#2380 = LINE('',#2381,#2382);
#2381 = CARTESIAN_POINT('',(0.,-12.53035336604));
#2382 = VECTOR('',#2383,1.);
#2383 = DIRECTION('',(-1.,0.));
#2384 = ( GEOMETRIC_REPRESENTATION_CONTEXT(2) 
PARAMETRIC_REPRESENTATION_CONTEXT() REPRESENTATION_CONTEXT('2D SPACE',''
  ) );
#2385 = ORIENTED_EDGE('',*,*,#2386,.T.);
#2386 = EDGE_CURVE('',#2364,#721,#2387,.T.);
#2387 = SURFACE_CURVE('',#2388,(#2393,#2400),.PCURVE_S1.);
#2388 = CIRCLE('',#2389,52.05);
#2389 = AXIS2_PLACEMENT_3D('',#2390,#2391,#2392);
#2390 = CARTESIAN_POINT('',(0.,0.,28.5));
#2391 = DIRECTION('',(0.,0.,1.));
#2392 = DIRECTION('',(-0.192122958694,0.98137086198,0.));
#2393 = PCURVE('',#759,#2394);
#2394 = DEFINITIONAL_REPRESENTATION('',(#2395),#2399);
#2395 = LINE('',#2396,#2397);
#2396 = CARTESIAN_POINT('',(-1.764121275466,-28.5));
#2397 = VECTOR('',#2398,1.);
#2398 = DIRECTION('',(-1.,0.));
#2399 = ( GEOMETRIC_REPRESENTATION_CONTEXT(2) 
PARAMETRIC_REPRESENTATION_CONTEXT() REPRESENTATION_CONTEXT('2D SPACE',''
  ) );
#2400 = PCURVE('',#1728,#2401);
#2401 = DEFINITIONAL_REPRESENTATION('',(#2402),#2406);
#2402 = LINE('',#2403,#2404);
#2403 = CARTESIAN_POINT('',(-0.,6.28318530718));
#2404 = VECTOR('',#2405,1.);
#2405 = DIRECTION('',(-1.,0.));
#2406 = ( GEOMETRIC_REPRESENTATION_CONTEXT(2) 
PARAMETRIC_REPRESENTATION_CONTEXT() REPRESENTATION_CONTEXT('2D SPACE',''
  ) );
#2407 = ADVANCED_FACE('',(#2408),#818,.F.);
#2408 = FACE_BOUND('',#2409,.F.);
#2409 = EDGE_LOOP('',(#2410,#2433,#2454,#2455));
#2410 = ORIENTED_EDGE('',*,*,#2411,.T.);
#2411 = EDGE_CURVE('',#803,#2412,#2414,.T.);
#2412 = VERTEX_POINT('',#2413);
#2413 = CARTESIAN_POINT('',(-10.,53.55,28.5));
#2414 = SURFACE_CURVE('',#2415,(#2419,#2426),.PCURVE_S1.);
#2415 = LINE('',#2416,#2417);
#2416 = CARTESIAN_POINT('',(-10.,53.55,0.));
#2417 = VECTOR('',#2418,1.);
#2418 = DIRECTION('',(0.,0.,1.));
#2419 = PCURVE('',#818,#2420);
#2420 = DEFINITIONAL_REPRESENTATION('',(#2421),#2425);
#2421 = LINE('',#2422,#2423);
#2422 = CARTESIAN_POINT('',(0.,-15.));
#2423 = VECTOR('',#2424,1.);
#2424 = DIRECTION('',(1.,0.));
#2425 = ( GEOMETRIC_REPRESENTATION_CONTEXT(2) 
PARAMETRIC_REPRESENTATION_CONTEXT() REPRESENTATION_CONTEXT('2D SPACE',''
  ) );
#2426 = PCURVE('',#1300,#2427);
#2427 = DEFINITIONAL_REPRESENTATION('',(#2428),#2432);
#2428 = LINE('',#2429,#2430);
#2429 = CARTESIAN_POINT('',(0.,0.));
#2430 = VECTOR('',#2431,1.);
#2431 = DIRECTION('',(1.,0.));
#2432 = ( GEOMETRIC_REPRESENTATION_CONTEXT(2) 
PARAMETRIC_REPRESENTATION_CONTEXT() REPRESENTATION_CONTEXT('2D SPACE',''
  ) );
#2433 = ORIENTED_EDGE('',*,*,#2434,.F.);
#2434 = EDGE_CURVE('',#2364,#2412,#2435,.T.);
#2435 = SURFACE_CURVE('',#2436,(#2440,#2447),.PCURVE_S1.);
#2436 = LINE('',#2437,#2438);
#2437 = CARTESIAN_POINT('',(-10.,51.080353366044,28.5));
#2438 = VECTOR('',#2439,1.);
#2439 = DIRECTION('',(0.,1.,0.));
#2440 = PCURVE('',#818,#2441);
#2441 = DEFINITIONAL_REPRESENTATION('',(#2442),#2446);
#2442 = LINE('',#2443,#2444);
#2443 = CARTESIAN_POINT('',(28.5,-12.53035336604));
#2444 = VECTOR('',#2445,1.);
#2445 = DIRECTION('',(0.,-1.));
#2446 = ( GEOMETRIC_REPRESENTATION_CONTEXT(2) 
PARAMETRIC_REPRESENTATION_CONTEXT() REPRESENTATION_CONTEXT('2D SPACE',''
  ) );
#2447 = PCURVE('',#1699,#2448);
#2448 = DEFINITIONAL_REPRESENTATION('',(#2449),#2453);
#2449 = LINE('',#2450,#2451);
#2450 = CARTESIAN_POINT('',(-1.570796326795,0.));
#2451 = VECTOR('',#2452,1.);
#2452 = DIRECTION('',(-0.,1.));
#2453 = ( GEOMETRIC_REPRESENTATION_CONTEXT(2) 
PARAMETRIC_REPRESENTATION_CONTEXT() REPRESENTATION_CONTEXT('2D SPACE',''
  ) );
#2454 = ORIENTED_EDGE('',*,*,#2363,.T.);
#2455 = ORIENTED_EDGE('',*,*,#800,.T.);
#2456 = ADVANCED_FACE('',(#2457),#870,.T.);
#2457 = FACE_BOUND('',#2458,.T.);
#2458 = EDGE_LOOP('',(#2459,#2460,#2483,#2504));
#2459 = ORIENTED_EDGE('',*,*,#854,.F.);
#2460 = ORIENTED_EDGE('',*,*,#2461,.T.);
#2461 = EDGE_CURVE('',#855,#2462,#2464,.T.);
#2462 = VERTEX_POINT('',#2463);
#2463 = CARTESIAN_POINT('',(-112.,19.,14.060303038033));
#2464 = SURFACE_CURVE('',#2465,(#2469,#2476),.PCURVE_S1.);
#2465 = LINE('',#2466,#2467);
#2466 = CARTESIAN_POINT('',(-112.,19.,0.));
#2467 = VECTOR('',#2468,1.);
#2468 = DIRECTION('',(0.,0.,1.));
#2469 = PCURVE('',#870,#2470);
#2470 = DEFINITIONAL_REPRESENTATION('',(#2471),#2475);
#2471 = LINE('',#2472,#2473);
#2472 = CARTESIAN_POINT('',(0.,0.));
#2473 = VECTOR('',#2474,1.);
#2474 = DIRECTION('',(1.,0.));
#2475 = ( GEOMETRIC_REPRESENTATION_CONTEXT(2) 
PARAMETRIC_REPRESENTATION_CONTEXT() REPRESENTATION_CONTEXT('2D SPACE',''
  ) );
#2476 = PCURVE('',#898,#2477);
#2477 = DEFINITIONAL_REPRESENTATION('',(#2478),#2482);
#2478 = LINE('',#2479,#2480);
#2479 = CARTESIAN_POINT('',(0.,-6.));
#2480 = VECTOR('',#2481,1.);
#2481 = DIRECTION('',(1.,0.));
#2482 = ( GEOMETRIC_REPRESENTATION_CONTEXT(2) 
PARAMETRIC_REPRESENTATION_CONTEXT() REPRESENTATION_CONTEXT('2D SPACE',''
  ) );
#2483 = ORIENTED_EDGE('',*,*,#2484,.T.);
#2484 = EDGE_CURVE('',#2462,#2310,#2485,.T.);
#2485 = SURFACE_CURVE('',#2486,(#2490,#2497),.PCURVE_S1.);
#2486 = LINE('',#2487,#2488);
#2487 = CARTESIAN_POINT('',(-112.5,19.,14.060303038033));
#2488 = VECTOR('',#2489,1.);
#2489 = DIRECTION('',(1.,0.,0.));
#2490 = PCURVE('',#870,#2491);
#2491 = DEFINITIONAL_REPRESENTATION('',(#2492),#2496);
#2492 = LINE('',#2493,#2494);
#2493 = CARTESIAN_POINT('',(14.060303038033,-0.5));
#2494 = VECTOR('',#2495,1.);
#2495 = DIRECTION('',(0.,1.));
#2496 = ( GEOMETRIC_REPRESENTATION_CONTEXT(2) 
PARAMETRIC_REPRESENTATION_CONTEXT() REPRESENTATION_CONTEXT('2D SPACE',''
  ) );
#2497 = PCURVE('',#2329,#2498);
#2498 = DEFINITIONAL_REPRESENTATION('',(#2499),#2503);
#2499 = LINE('',#2500,#2501);
#2500 = CARTESIAN_POINT('',(7.842640687119,0.5));
#2501 = VECTOR('',#2502,1.);
#2502 = DIRECTION('',(0.,1.));
#2503 = ( GEOMETRIC_REPRESENTATION_CONTEXT(2) 
PARAMETRIC_REPRESENTATION_CONTEXT() REPRESENTATION_CONTEXT('2D SPACE',''
  ) );
#2504 = ORIENTED_EDGE('',*,*,#2341,.T.);
#2505 = ADVANCED_FACE('',(#2506),#898,.F.);
#2506 = FACE_BOUND('',#2507,.F.);
#2507 = EDGE_LOOP('',(#2508,#2531,#2559,#2580,#2581,#2582,#2605,#2628,
    #2651,#2674,#2697,#2720,#2743,#2764));
#2508 = ORIENTED_EDGE('',*,*,#2509,.T.);
#2509 = EDGE_CURVE('',#968,#2510,#2512,.T.);
#2510 = VERTEX_POINT('',#2511);
#2511 = CARTESIAN_POINT('',(-112.,-13.,17.));
#2512 = SURFACE_CURVE('',#2513,(#2517,#2524),.PCURVE_S1.);
#2513 = LINE('',#2514,#2515);
#2514 = CARTESIAN_POINT('',(-112.,-13.,0.));
#2515 = VECTOR('',#2516,1.);
#2516 = DIRECTION('',(0.,0.,1.));
#2517 = PCURVE('',#898,#2518);
#2518 = DEFINITIONAL_REPRESENTATION('',(#2519),#2523);
#2519 = LINE('',#2520,#2521);
#2520 = CARTESIAN_POINT('',(0.,26.));
#2521 = VECTOR('',#2522,1.);
#2522 = DIRECTION('',(1.,0.));
#2523 = ( GEOMETRIC_REPRESENTATION_CONTEXT(2) 
PARAMETRIC_REPRESENTATION_CONTEXT() REPRESENTATION_CONTEXT('2D SPACE',''
  ) );
#2524 = PCURVE('',#983,#2525);
#2525 = DEFINITIONAL_REPRESENTATION('',(#2526),#2530);
#2526 = LINE('',#2527,#2528);
#2527 = CARTESIAN_POINT('',(0.,0.));
#2528 = VECTOR('',#2529,1.);
#2529 = DIRECTION('',(1.,0.));
#2530 = ( GEOMETRIC_REPRESENTATION_CONTEXT(2) 
PARAMETRIC_REPRESENTATION_CONTEXT() REPRESENTATION_CONTEXT('2D SPACE',''
  ) );
#2531 = ORIENTED_EDGE('',*,*,#2532,.T.);
#2532 = EDGE_CURVE('',#2510,#2533,#2535,.T.);
#2533 = VERTEX_POINT('',#2534);
#2534 = CARTESIAN_POINT('',(-112.,13.,17.));
#2535 = SURFACE_CURVE('',#2536,(#2540,#2547),.PCURVE_S1.);
#2536 = LINE('',#2537,#2538);
#2537 = CARTESIAN_POINT('',(-112.,-22.,17.));
#2538 = VECTOR('',#2539,1.);
#2539 = DIRECTION('',(0.,1.,0.));
#2540 = PCURVE('',#898,#2541);
#2541 = DEFINITIONAL_REPRESENTATION('',(#2542),#2546);
#2542 = LINE('',#2543,#2544);
#2543 = CARTESIAN_POINT('',(17.,35.));
#2544 = VECTOR('',#2545,1.);
#2545 = DIRECTION('',(0.,-1.));
#2546 = ( GEOMETRIC_REPRESENTATION_CONTEXT(2) 
PARAMETRIC_REPRESENTATION_CONTEXT() REPRESENTATION_CONTEXT('2D SPACE',''
  ) );
#2547 = PCURVE('',#2548,#2553);
#2548 = PLANE('',#2549);
#2549 = AXIS2_PLACEMENT_3D('',#2550,#2551,#2552);
#2550 = CARTESIAN_POINT('',(-112.,-22.,17.));
#2551 = DIRECTION('',(0.,0.,1.));
#2552 = DIRECTION('',(1.,0.,0.));
#2553 = DEFINITIONAL_REPRESENTATION('',(#2554),#2558);
#2554 = LINE('',#2555,#2556);
#2555 = CARTESIAN_POINT('',(0.,0.));
#2556 = VECTOR('',#2557,1.);
#2557 = DIRECTION('',(0.,1.));
#2558 = ( GEOMETRIC_REPRESENTATION_CONTEXT(2) 
PARAMETRIC_REPRESENTATION_CONTEXT() REPRESENTATION_CONTEXT('2D SPACE',''
  ) );
#2559 = ORIENTED_EDGE('',*,*,#2560,.F.);
#2560 = EDGE_CURVE('',#883,#2533,#2561,.T.);
#2561 = SURFACE_CURVE('',#2562,(#2566,#2573),.PCURVE_S1.);
#2562 = LINE('',#2563,#2564);
#2563 = CARTESIAN_POINT('',(-112.,13.,0.));
#2564 = VECTOR('',#2565,1.);
#2565 = DIRECTION('',(0.,0.,1.));
#2566 = PCURVE('',#898,#2567);
#2567 = DEFINITIONAL_REPRESENTATION('',(#2568),#2572);
#2568 = LINE('',#2569,#2570);
#2569 = CARTESIAN_POINT('',(0.,0.));
#2570 = VECTOR('',#2571,1.);
#2571 = DIRECTION('',(1.,0.));
#2572 = ( GEOMETRIC_REPRESENTATION_CONTEXT(2) 
PARAMETRIC_REPRESENTATION_CONTEXT() REPRESENTATION_CONTEXT('2D SPACE',''
  ) );
#2573 = PCURVE('',#926,#2574);
#2574 = DEFINITIONAL_REPRESENTATION('',(#2575),#2579);
#2575 = LINE('',#2576,#2577);
#2576 = CARTESIAN_POINT('',(0.,0.));
#2577 = VECTOR('',#2578,1.);
#2578 = DIRECTION('',(1.,0.));
#2579 = ( GEOMETRIC_REPRESENTATION_CONTEXT(2) 
PARAMETRIC_REPRESENTATION_CONTEXT() REPRESENTATION_CONTEXT('2D SPACE',''
  ) );
#2580 = ORIENTED_EDGE('',*,*,#882,.T.);
#2581 = ORIENTED_EDGE('',*,*,#2461,.T.);
#2582 = ORIENTED_EDGE('',*,*,#2583,.T.);
#2583 = EDGE_CURVE('',#2462,#2584,#2586,.T.);
#2584 = VERTEX_POINT('',#2585);
#2585 = CARTESIAN_POINT('',(-112.,16.060303038033,17.));
#2586 = SURFACE_CURVE('',#2587,(#2591,#2598),.PCURVE_S1.);
#2587 = LINE('',#2588,#2589);
#2588 = CARTESIAN_POINT('',(-112.,23.787867965644,9.272435072389));
#2589 = VECTOR('',#2590,1.);
#2590 = DIRECTION('',(0.,-0.707106781187,0.707106781187));
#2591 = PCURVE('',#898,#2592);
#2592 = DEFINITIONAL_REPRESENTATION('',(#2593),#2597);
#2593 = LINE('',#2594,#2595);
#2594 = CARTESIAN_POINT('',(9.272435072389,-10.78786796564));
#2595 = VECTOR('',#2596,1.);
#2596 = DIRECTION('',(0.707106781187,0.707106781187));
#2597 = ( GEOMETRIC_REPRESENTATION_CONTEXT(2) 
PARAMETRIC_REPRESENTATION_CONTEXT() REPRESENTATION_CONTEXT('2D SPACE',''
  ) );
#2598 = PCURVE('',#2329,#2599);
#2599 = DEFINITIONAL_REPRESENTATION('',(#2600),#2604);
#2600 = LINE('',#2601,#2602);
#2601 = CARTESIAN_POINT('',(1.071572875254,1.));
#2602 = VECTOR('',#2603,1.);
#2603 = DIRECTION('',(1.,0.));
#2604 = ( GEOMETRIC_REPRESENTATION_CONTEXT(2) 
PARAMETRIC_REPRESENTATION_CONTEXT() REPRESENTATION_CONTEXT('2D SPACE',''
  ) );
#2605 = ORIENTED_EDGE('',*,*,#2606,.F.);
#2606 = EDGE_CURVE('',#2607,#2584,#2609,.T.);
#2607 = VERTEX_POINT('',#2608);
#2608 = CARTESIAN_POINT('',(-112.,22.,22.939696961967));
#2609 = SURFACE_CURVE('',#2610,(#2614,#2621),.PCURVE_S1.);
#2610 = LINE('',#2611,#2612);
#2611 = CARTESIAN_POINT('',(-112.,11.045227278525,11.984924240492));
#2612 = VECTOR('',#2613,1.);
#2613 = DIRECTION('',(0.,-0.707106781187,-0.707106781187));
#2614 = PCURVE('',#898,#2615);
#2615 = DEFINITIONAL_REPRESENTATION('',(#2616),#2620);
#2616 = LINE('',#2617,#2618);
#2617 = CARTESIAN_POINT('',(11.984924240492,1.954772721475));
#2618 = VECTOR('',#2619,1.);
#2619 = DIRECTION('',(-0.707106781187,0.707106781187));
#2620 = ( GEOMETRIC_REPRESENTATION_CONTEXT(2) 
PARAMETRIC_REPRESENTATION_CONTEXT() REPRESENTATION_CONTEXT('2D SPACE',''
  ) );
#2621 = PCURVE('',#2205,#2622);
#2622 = DEFINITIONAL_REPRESENTATION('',(#2623),#2627);
#2623 = LINE('',#2624,#2625);
#2624 = CARTESIAN_POINT('',(1.,-7.092388155425));
#2625 = VECTOR('',#2626,1.);
#2626 = DIRECTION('',(0.,-1.));
#2627 = ( GEOMETRIC_REPRESENTATION_CONTEXT(2) 
PARAMETRIC_REPRESENTATION_CONTEXT() REPRESENTATION_CONTEXT('2D SPACE',''
  ) );
#2628 = ORIENTED_EDGE('',*,*,#2629,.T.);
#2629 = EDGE_CURVE('',#2607,#2630,#2632,.T.);
#2630 = VERTEX_POINT('',#2631);
#2631 = CARTESIAN_POINT('',(-112.,22.,25.));
#2632 = SURFACE_CURVE('',#2633,(#2637,#2644),.PCURVE_S1.);
#2633 = LINE('',#2634,#2635);
#2634 = CARTESIAN_POINT('',(-112.,22.,17.));
#2635 = VECTOR('',#2636,1.);
#2636 = DIRECTION('',(0.,0.,1.));
#2637 = PCURVE('',#898,#2638);
#2638 = DEFINITIONAL_REPRESENTATION('',(#2639),#2643);
#2639 = LINE('',#2640,#2641);
#2640 = CARTESIAN_POINT('',(17.,-9.));
#2641 = VECTOR('',#2642,1.);
#2642 = DIRECTION('',(1.,0.));
#2643 = ( GEOMETRIC_REPRESENTATION_CONTEXT(2) 
PARAMETRIC_REPRESENTATION_CONTEXT() REPRESENTATION_CONTEXT('2D SPACE',''
  ) );
#2644 = PCURVE('',#2173,#2645);
#2645 = DEFINITIONAL_REPRESENTATION('',(#2646),#2650);
#2646 = LINE('',#2647,#2648);
#2647 = CARTESIAN_POINT('',(0.,0.));
#2648 = VECTOR('',#2649,1.);
#2649 = DIRECTION('',(1.,0.));
#2650 = ( GEOMETRIC_REPRESENTATION_CONTEXT(2) 
PARAMETRIC_REPRESENTATION_CONTEXT() REPRESENTATION_CONTEXT('2D SPACE',''
  ) );
#2651 = ORIENTED_EDGE('',*,*,#2652,.F.);
#2652 = EDGE_CURVE('',#2653,#2630,#2655,.T.);
#2653 = VERTEX_POINT('',#2654);
#2654 = CARTESIAN_POINT('',(-112.,-22.,25.));
#2655 = SURFACE_CURVE('',#2656,(#2660,#2667),.PCURVE_S1.);
#2656 = LINE('',#2657,#2658);
#2657 = CARTESIAN_POINT('',(-112.,-22.,25.));
#2658 = VECTOR('',#2659,1.);
#2659 = DIRECTION('',(0.,1.,0.));
#2660 = PCURVE('',#898,#2661);
#2661 = DEFINITIONAL_REPRESENTATION('',(#2662),#2666);
#2662 = LINE('',#2663,#2664);
#2663 = CARTESIAN_POINT('',(25.,35.));
#2664 = VECTOR('',#2665,1.);
#2665 = DIRECTION('',(0.,-1.));
#2666 = ( GEOMETRIC_REPRESENTATION_CONTEXT(2) 
PARAMETRIC_REPRESENTATION_CONTEXT() REPRESENTATION_CONTEXT('2D SPACE',''
  ) );
#2667 = PCURVE('',#2141,#2668);
#2668 = DEFINITIONAL_REPRESENTATION('',(#2669),#2673);
#2669 = LINE('',#2670,#2671);
#2670 = CARTESIAN_POINT('',(0.,0.));
#2671 = VECTOR('',#2672,1.);
#2672 = DIRECTION('',(0.,1.));
#2673 = ( GEOMETRIC_REPRESENTATION_CONTEXT(2) 
PARAMETRIC_REPRESENTATION_CONTEXT() REPRESENTATION_CONTEXT('2D SPACE',''
  ) );
#2674 = ORIENTED_EDGE('',*,*,#2675,.F.);
#2675 = EDGE_CURVE('',#2676,#2653,#2678,.T.);
#2676 = VERTEX_POINT('',#2677);
#2677 = CARTESIAN_POINT('',(-112.,-22.,22.939696961967));
#2678 = SURFACE_CURVE('',#2679,(#2683,#2690),.PCURVE_S1.);
#2679 = LINE('',#2680,#2681);
#2680 = CARTESIAN_POINT('',(-112.,-22.,17.));
#2681 = VECTOR('',#2682,1.);
#2682 = DIRECTION('',(0.,0.,1.));
#2683 = PCURVE('',#898,#2684);
#2684 = DEFINITIONAL_REPRESENTATION('',(#2685),#2689);
#2685 = LINE('',#2686,#2687);
#2686 = CARTESIAN_POINT('',(17.,35.));
#2687 = VECTOR('',#2688,1.);
#2688 = DIRECTION('',(1.,0.));
#2689 = ( GEOMETRIC_REPRESENTATION_CONTEXT(2) 
PARAMETRIC_REPRESENTATION_CONTEXT() REPRESENTATION_CONTEXT('2D SPACE',''
  ) );
#2690 = PCURVE('',#2112,#2691);
#2691 = DEFINITIONAL_REPRESENTATION('',(#2692),#2696);
#2692 = LINE('',#2693,#2694);
#2693 = CARTESIAN_POINT('',(0.,0.));
#2694 = VECTOR('',#2695,1.);
#2695 = DIRECTION('',(1.,0.));
#2696 = ( GEOMETRIC_REPRESENTATION_CONTEXT(2) 
PARAMETRIC_REPRESENTATION_CONTEXT() REPRESENTATION_CONTEXT('2D SPACE',''
  ) );
#2697 = ORIENTED_EDGE('',*,*,#2698,.F.);
#2698 = EDGE_CURVE('',#2699,#2676,#2701,.T.);
#2699 = VERTEX_POINT('',#2700);
#2700 = CARTESIAN_POINT('',(-112.,-16.06030303803,17.));
#2701 = SURFACE_CURVE('',#2702,(#2706,#2713),.PCURVE_S1.);
#2702 = LINE('',#2703,#2704);
#2703 = CARTESIAN_POINT('',(-112.,-8.787867965644,9.727564927611));
#2704 = VECTOR('',#2705,1.);
#2705 = DIRECTION('',(0.,-0.707106781187,0.707106781187));
#2706 = PCURVE('',#898,#2707);
#2707 = DEFINITIONAL_REPRESENTATION('',(#2708),#2712);
#2708 = LINE('',#2709,#2710);
#2709 = CARTESIAN_POINT('',(9.727564927611,21.787867965644));
#2710 = VECTOR('',#2711,1.);
#2711 = DIRECTION('',(0.707106781187,0.707106781187));
#2712 = ( GEOMETRIC_REPRESENTATION_CONTEXT(2) 
PARAMETRIC_REPRESENTATION_CONTEXT() REPRESENTATION_CONTEXT('2D SPACE',''
  ) );
#2713 = PCURVE('',#2084,#2714);
#2714 = DEFINITIONAL_REPRESENTATION('',(#2715),#2719);
#2715 = LINE('',#2716,#2717);
#2716 = CARTESIAN_POINT('',(1.,22.28477631085));
#2717 = VECTOR('',#2718,1.);
#2718 = DIRECTION('',(0.,-1.));
#2719 = ( GEOMETRIC_REPRESENTATION_CONTEXT(2) 
PARAMETRIC_REPRESENTATION_CONTEXT() REPRESENTATION_CONTEXT('2D SPACE',''
  ) );
#2720 = ORIENTED_EDGE('',*,*,#2721,.F.);
#2721 = EDGE_CURVE('',#2722,#2699,#2724,.T.);
#2722 = VERTEX_POINT('',#2723);
#2723 = CARTESIAN_POINT('',(-112.,-19.,14.060303038033));
#2724 = SURFACE_CURVE('',#2725,(#2729,#2736),.PCURVE_S1.);
#2725 = LINE('',#2726,#2727);
#2726 = CARTESIAN_POINT('',(-112.,-17.28786796564,15.772435072389));
#2727 = VECTOR('',#2728,1.);
#2728 = DIRECTION('',(-0.,0.707106781187,0.707106781187));
#2729 = PCURVE('',#898,#2730);
#2730 = DEFINITIONAL_REPRESENTATION('',(#2731),#2735);
#2731 = LINE('',#2732,#2733);
#2732 = CARTESIAN_POINT('',(15.772435072389,30.287867965644));
#2733 = VECTOR('',#2734,1.);
#2734 = DIRECTION('',(0.707106781187,-0.707106781187));
#2735 = ( GEOMETRIC_REPRESENTATION_CONTEXT(2) 
PARAMETRIC_REPRESENTATION_CONTEXT() REPRESENTATION_CONTEXT('2D SPACE',''
  ) );
#2736 = PCURVE('',#1960,#2737);
#2737 = DEFINITIONAL_REPRESENTATION('',(#2738),#2742);
#2738 = LINE('',#2739,#2740);
#2739 = CARTESIAN_POINT('',(10.263961030679,1.));
#2740 = VECTOR('',#2741,1.);
#2741 = DIRECTION('',(1.,0.));
#2742 = ( GEOMETRIC_REPRESENTATION_CONTEXT(2) 
PARAMETRIC_REPRESENTATION_CONTEXT() REPRESENTATION_CONTEXT('2D SPACE',''
  ) );
#2743 = ORIENTED_EDGE('',*,*,#2744,.F.);
#2744 = EDGE_CURVE('',#996,#2722,#2745,.T.);
#2745 = SURFACE_CURVE('',#2746,(#2750,#2757),.PCURVE_S1.);
#2746 = LINE('',#2747,#2748);
#2747 = CARTESIAN_POINT('',(-112.,-19.,0.));
#2748 = VECTOR('',#2749,1.);
#2749 = DIRECTION('',(0.,0.,1.));
#2750 = PCURVE('',#898,#2751);
#2751 = DEFINITIONAL_REPRESENTATION('',(#2752),#2756);
#2752 = LINE('',#2753,#2754);
#2753 = CARTESIAN_POINT('',(0.,32.));
#2754 = VECTOR('',#2755,1.);
#2755 = DIRECTION('',(1.,0.));
#2756 = ( GEOMETRIC_REPRESENTATION_CONTEXT(2) 
PARAMETRIC_REPRESENTATION_CONTEXT() REPRESENTATION_CONTEXT('2D SPACE',''
  ) );
#2757 = PCURVE('',#1034,#2758);
#2758 = DEFINITIONAL_REPRESENTATION('',(#2759),#2763);
#2759 = LINE('',#2760,#2761);
#2760 = CARTESIAN_POINT('',(0.,0.));
#2761 = VECTOR('',#2762,1.);
#2762 = DIRECTION('',(1.,0.));
#2763 = ( GEOMETRIC_REPRESENTATION_CONTEXT(2) 
PARAMETRIC_REPRESENTATION_CONTEXT() REPRESENTATION_CONTEXT('2D SPACE',''
  ) );
#2764 = ORIENTED_EDGE('',*,*,#995,.T.);
#2765 = ADVANCED_FACE('',(#2766),#926,.F.);
#2766 = FACE_BOUND('',#2767,.F.);
#2767 = EDGE_LOOP('',(#2768,#2769,#2770,#2793));
#2768 = ORIENTED_EDGE('',*,*,#910,.F.);
#2769 = ORIENTED_EDGE('',*,*,#2560,.T.);
#2770 = ORIENTED_EDGE('',*,*,#2771,.T.);
#2771 = EDGE_CURVE('',#2533,#2772,#2774,.T.);
#2772 = VERTEX_POINT('',#2773);
#2773 = CARTESIAN_POINT('',(-50.40042162522,13.,17.));
#2774 = SURFACE_CURVE('',#2775,(#2779,#2786),.PCURVE_S1.);
#2775 = LINE('',#2776,#2777);
#2776 = CARTESIAN_POINT('',(-112.,13.,17.));
#2777 = VECTOR('',#2778,1.);
#2778 = DIRECTION('',(1.,0.,0.));
#2779 = PCURVE('',#926,#2780);
#2780 = DEFINITIONAL_REPRESENTATION('',(#2781),#2785);
#2781 = LINE('',#2782,#2783);
#2782 = CARTESIAN_POINT('',(17.,0.));
#2783 = VECTOR('',#2784,1.);
#2784 = DIRECTION('',(0.,1.));
#2785 = ( GEOMETRIC_REPRESENTATION_CONTEXT(2) 
PARAMETRIC_REPRESENTATION_CONTEXT() REPRESENTATION_CONTEXT('2D SPACE',''
  ) );
#2786 = PCURVE('',#2548,#2787);
#2787 = DEFINITIONAL_REPRESENTATION('',(#2788),#2792);
#2788 = LINE('',#2789,#2790);
#2789 = CARTESIAN_POINT('',(0.,35.));
#2790 = VECTOR('',#2791,1.);
#2791 = DIRECTION('',(1.,0.));
#2792 = ( GEOMETRIC_REPRESENTATION_CONTEXT(2) 
PARAMETRIC_REPRESENTATION_CONTEXT() REPRESENTATION_CONTEXT('2D SPACE',''
  ) );
#2793 = ORIENTED_EDGE('',*,*,#2794,.T.);
#2794 = EDGE_CURVE('',#2772,#911,#2795,.T.);
#2795 = SURFACE_CURVE('',#2796,(#2800,#2807),.PCURVE_S1.);
#2796 = LINE('',#2797,#2798);
#2797 = CARTESIAN_POINT('',(-50.40042162522,13.,0.));
#2798 = VECTOR('',#2799,1.);
#2799 = DIRECTION('',(-0.,-0.,-1.));
#2800 = PCURVE('',#926,#2801);
#2801 = DEFINITIONAL_REPRESENTATION('',(#2802),#2806);
#2802 = LINE('',#2803,#2804);
#2803 = CARTESIAN_POINT('',(0.,61.599578374779));
#2804 = VECTOR('',#2805,1.);
#2805 = DIRECTION('',(-1.,0.));
#2806 = ( GEOMETRIC_REPRESENTATION_CONTEXT(2) 
PARAMETRIC_REPRESENTATION_CONTEXT() REPRESENTATION_CONTEXT('2D SPACE',''
  ) );
#2807 = PCURVE('',#955,#2808);
#2808 = DEFINITIONAL_REPRESENTATION('',(#2809),#2813);
#2809 = LINE('',#2810,#2811);
#2810 = CARTESIAN_POINT('',(-2.889160420182,0.));
#2811 = VECTOR('',#2812,1.);
#2812 = DIRECTION('',(-0.,1.));
#2813 = ( GEOMETRIC_REPRESENTATION_CONTEXT(2) 
PARAMETRIC_REPRESENTATION_CONTEXT() REPRESENTATION_CONTEXT('2D SPACE',''
  ) );
#2814 = ADVANCED_FACE('',(#2815),#955,.T.);
#2815 = FACE_BOUND('',#2816,.F.);
#2816 = EDGE_LOOP('',(#2817,#2818,#2846,#2867));
#2817 = ORIENTED_EDGE('',*,*,#2794,.F.);
#2818 = ORIENTED_EDGE('',*,*,#2819,.F.);
#2819 = EDGE_CURVE('',#2820,#2772,#2822,.T.);
#2820 = VERTEX_POINT('',#2821);
#2821 = CARTESIAN_POINT('',(-50.40042162522,-13.,17.));
#2822 = SURFACE_CURVE('',#2823,(#2828,#2835),.PCURVE_S1.);
#2823 = CIRCLE('',#2824,52.05);
#2824 = AXIS2_PLACEMENT_3D('',#2825,#2826,#2827);
#2825 = CARTESIAN_POINT('',(0.,0.,17.));
#2826 = DIRECTION('',(0.,0.,-1.));
#2827 = DIRECTION('',(1.,0.,0.));
#2828 = PCURVE('',#955,#2829);
#2829 = DEFINITIONAL_REPRESENTATION('',(#2830),#2834);
#2830 = LINE('',#2831,#2832);
#2831 = CARTESIAN_POINT('',(-6.28318530718,-17.));
#2832 = VECTOR('',#2833,1.);
#2833 = DIRECTION('',(1.,-0.));
#2834 = ( GEOMETRIC_REPRESENTATION_CONTEXT(2) 
PARAMETRIC_REPRESENTATION_CONTEXT() REPRESENTATION_CONTEXT('2D SPACE',''
  ) );
#2835 = PCURVE('',#2548,#2836);
#2836 = DEFINITIONAL_REPRESENTATION('',(#2837),#2845);
#2837 = ( BOUNDED_CURVE() B_SPLINE_CURVE(2,(#2838,#2839,#2840,#2841,
#2842,#2843,#2844),.UNSPECIFIED.,.T.,.F.) B_SPLINE_CURVE_WITH_KNOTS((1,2
    ,2,2,2,1),(-2.094395102393,0.,2.094395102393,4.188790204786,
6.28318530718,8.377580409573),.UNSPECIFIED.) CURVE() 
GEOMETRIC_REPRESENTATION_ITEM() RATIONAL_B_SPLINE_CURVE((1.,0.5,1.,0.5,
1.,0.5,1.)) REPRESENTATION_ITEM('') );
#2838 = CARTESIAN_POINT('',(164.05,22.));
#2839 = CARTESIAN_POINT('',(164.05,-68.15324453396));
#2840 = CARTESIAN_POINT('',(85.975,-23.07662226698));
#2841 = CARTESIAN_POINT('',(7.9,22.));
#2842 = CARTESIAN_POINT('',(85.975,67.07662226698));
#2843 = CARTESIAN_POINT('',(164.05,112.15324453396));
#2844 = CARTESIAN_POINT('',(164.05,22.));
#2845 = ( GEOMETRIC_REPRESENTATION_CONTEXT(2) 
PARAMETRIC_REPRESENTATION_CONTEXT() REPRESENTATION_CONTEXT('2D SPACE',''
  ) );
#2846 = ORIENTED_EDGE('',*,*,#2847,.T.);
#2847 = EDGE_CURVE('',#2820,#939,#2848,.T.);
#2848 = SURFACE_CURVE('',#2849,(#2853,#2860),.PCURVE_S1.);
#2849 = LINE('',#2850,#2851);
#2850 = CARTESIAN_POINT('',(-50.40042162522,-13.,0.));
#2851 = VECTOR('',#2852,1.);
#2852 = DIRECTION('',(-0.,-0.,-1.));
#2853 = PCURVE('',#955,#2854);
#2854 = DEFINITIONAL_REPRESENTATION('',(#2855),#2859);
#2855 = LINE('',#2856,#2857);
#2856 = CARTESIAN_POINT('',(-3.394024886998,0.));
#2857 = VECTOR('',#2858,1.);
#2858 = DIRECTION('',(-0.,1.));
#2859 = ( GEOMETRIC_REPRESENTATION_CONTEXT(2) 
PARAMETRIC_REPRESENTATION_CONTEXT() REPRESENTATION_CONTEXT('2D SPACE',''
  ) );
#2860 = PCURVE('',#983,#2861);
#2861 = DEFINITIONAL_REPRESENTATION('',(#2862),#2866);
#2862 = LINE('',#2863,#2864);
#2863 = CARTESIAN_POINT('',(0.,61.599578374779));
#2864 = VECTOR('',#2865,1.);
#2865 = DIRECTION('',(-1.,0.));
#2866 = ( GEOMETRIC_REPRESENTATION_CONTEXT(2) 
PARAMETRIC_REPRESENTATION_CONTEXT() REPRESENTATION_CONTEXT('2D SPACE',''
  ) );
#2867 = ORIENTED_EDGE('',*,*,#938,.F.);
#2868 = ADVANCED_FACE('',(#2869),#983,.T.);
#2869 = FACE_BOUND('',#2870,.T.);
#2870 = EDGE_LOOP('',(#2871,#2872,#2873,#2894));
#2871 = ORIENTED_EDGE('',*,*,#967,.F.);
#2872 = ORIENTED_EDGE('',*,*,#2509,.T.);
#2873 = ORIENTED_EDGE('',*,*,#2874,.T.);
#2874 = EDGE_CURVE('',#2510,#2820,#2875,.T.);
#2875 = SURFACE_CURVE('',#2876,(#2880,#2887),.PCURVE_S1.);
#2876 = LINE('',#2877,#2878);
#2877 = CARTESIAN_POINT('',(-112.,-13.,17.));
#2878 = VECTOR('',#2879,1.);
#2879 = DIRECTION('',(1.,0.,0.));
#2880 = PCURVE('',#983,#2881);
#2881 = DEFINITIONAL_REPRESENTATION('',(#2882),#2886);
#2882 = LINE('',#2883,#2884);
#2883 = CARTESIAN_POINT('',(17.,0.));
#2884 = VECTOR('',#2885,1.);
#2885 = DIRECTION('',(0.,1.));
#2886 = ( GEOMETRIC_REPRESENTATION_CONTEXT(2) 
PARAMETRIC_REPRESENTATION_CONTEXT() REPRESENTATION_CONTEXT('2D SPACE',''
  ) );
#2887 = PCURVE('',#2548,#2888);
#2888 = DEFINITIONAL_REPRESENTATION('',(#2889),#2893);
#2889 = LINE('',#2890,#2891);
#2890 = CARTESIAN_POINT('',(0.,9.));
#2891 = VECTOR('',#2892,1.);
#2892 = DIRECTION('',(1.,0.));
#2893 = ( GEOMETRIC_REPRESENTATION_CONTEXT(2) 
PARAMETRIC_REPRESENTATION_CONTEXT() REPRESENTATION_CONTEXT('2D SPACE',''
  ) );
#2894 = ORIENTED_EDGE('',*,*,#2847,.T.);
#2895 = ADVANCED_FACE('',(#2896),#1034,.F.);
#2896 = FACE_BOUND('',#2897,.F.);
#2897 = EDGE_LOOP('',(#2898,#2899,#2900,#2921));
#2898 = ORIENTED_EDGE('',*,*,#1018,.F.);
#2899 = ORIENTED_EDGE('',*,*,#2744,.T.);
#2900 = ORIENTED_EDGE('',*,*,#2901,.F.);
#2901 = EDGE_CURVE('',#1918,#2722,#2902,.T.);
#2902 = SURFACE_CURVE('',#2903,(#2907,#2914),.PCURVE_S1.);
#2903 = LINE('',#2904,#2905);
#2904 = CARTESIAN_POINT('',(-112.5,-19.,14.060303038033));
#2905 = VECTOR('',#2906,1.);
#2906 = DIRECTION('',(-1.,0.,0.));
#2907 = PCURVE('',#1034,#2908);
#2908 = DEFINITIONAL_REPRESENTATION('',(#2909),#2913);
#2909 = LINE('',#2910,#2911);
#2910 = CARTESIAN_POINT('',(14.060303038033,-0.5));
#2911 = VECTOR('',#2912,1.);
#2912 = DIRECTION('',(0.,-1.));
#2913 = ( GEOMETRIC_REPRESENTATION_CONTEXT(2) 
PARAMETRIC_REPRESENTATION_CONTEXT() REPRESENTATION_CONTEXT('2D SPACE',''
  ) );
#2914 = PCURVE('',#1960,#2915);
#2915 = DEFINITIONAL_REPRESENTATION('',(#2916),#2920);
#2916 = LINE('',#2917,#2918);
#2917 = CARTESIAN_POINT('',(7.842640687119,0.5));
#2918 = VECTOR('',#2919,1.);
#2919 = DIRECTION('',(0.,-1.));
#2920 = ( GEOMETRIC_REPRESENTATION_CONTEXT(2) 
PARAMETRIC_REPRESENTATION_CONTEXT() REPRESENTATION_CONTEXT('2D SPACE',''
  ) );
#2921 = ORIENTED_EDGE('',*,*,#1917,.T.);
#2922 = ADVANCED_FACE('',(#2923),#1133,.F.);
#2923 = FACE_BOUND('',#2924,.F.);
#2924 = EDGE_LOOP('',(#2925,#2948,#2949,#2950));
#2925 = ORIENTED_EDGE('',*,*,#2926,.F.);
#2926 = EDGE_CURVE('',#1118,#2927,#2929,.T.);
#2927 = VERTEX_POINT('',#2928);
#2928 = CARTESIAN_POINT('',(10.,38.55,28.5));
#2929 = SURFACE_CURVE('',#2930,(#2934,#2941),.PCURVE_S1.);
#2930 = LINE('',#2931,#2932);
#2931 = CARTESIAN_POINT('',(10.,38.55,0.));
#2932 = VECTOR('',#2933,1.);
#2933 = DIRECTION('',(0.,0.,1.));
#2934 = PCURVE('',#1133,#2935);
#2935 = DEFINITIONAL_REPRESENTATION('',(#2936),#2940);
#2936 = LINE('',#2937,#2938);
#2937 = CARTESIAN_POINT('',(0.,7.));
#2938 = VECTOR('',#2939,1.);
#2939 = DIRECTION('',(1.,0.));
#2940 = ( GEOMETRIC_REPRESENTATION_CONTEXT(2) 
PARAMETRIC_REPRESENTATION_CONTEXT() REPRESENTATION_CONTEXT('2D SPACE',''
  ) );
#2941 = PCURVE('',#1161,#2942);
#2942 = DEFINITIONAL_REPRESENTATION('',(#2943),#2947);
#2943 = LINE('',#2944,#2945);
#2944 = CARTESIAN_POINT('',(0.,0.));
#2945 = VECTOR('',#2946,1.);
#2946 = DIRECTION('',(1.,0.));
#2947 = ( GEOMETRIC_REPRESENTATION_CONTEXT(2) 
PARAMETRIC_REPRESENTATION_CONTEXT() REPRESENTATION_CONTEXT('2D SPACE',''
  ) );
#2948 = ORIENTED_EDGE('',*,*,#1117,.F.);
#2949 = ORIENTED_EDGE('',*,*,#1887,.T.);
#2950 = ORIENTED_EDGE('',*,*,#2951,.T.);
#2951 = EDGE_CURVE('',#1865,#2927,#2952,.T.);
#2952 = SURFACE_CURVE('',#2953,(#2957,#2964),.PCURVE_S1.);
#2953 = LINE('',#2954,#2955);
#2954 = CARTESIAN_POINT('',(3.,38.55,28.5));
#2955 = VECTOR('',#2956,1.);
#2956 = DIRECTION('',(1.,0.,0.));
#2957 = PCURVE('',#1133,#2958);
#2958 = DEFINITIONAL_REPRESENTATION('',(#2959),#2963);
#2959 = LINE('',#2960,#2961);
#2960 = CARTESIAN_POINT('',(28.5,0.));
#2961 = VECTOR('',#2962,1.);
#2962 = DIRECTION('',(0.,1.));
#2963 = ( GEOMETRIC_REPRESENTATION_CONTEXT(2) 
PARAMETRIC_REPRESENTATION_CONTEXT() REPRESENTATION_CONTEXT('2D SPACE',''
  ) );
#2964 = PCURVE('',#1498,#2965);
#2965 = DEFINITIONAL_REPRESENTATION('',(#2966),#2970);
#2966 = LINE('',#2967,#2968);
#2967 = CARTESIAN_POINT('',(1.570796326795,0.));
#2968 = VECTOR('',#2969,1.);
#2969 = DIRECTION('',(0.,1.));
#2970 = ( GEOMETRIC_REPRESENTATION_CONTEXT(2) 
PARAMETRIC_REPRESENTATION_CONTEXT() REPRESENTATION_CONTEXT('2D SPACE',''
  ) );
#2971 = ADVANCED_FACE('',(#2972),#1161,.T.);
#2972 = FACE_BOUND('',#2973,.T.);
#2973 = EDGE_LOOP('',(#2974,#2997,#3018,#3019));
#2974 = ORIENTED_EDGE('',*,*,#2975,.F.);
#2975 = EDGE_CURVE('',#2976,#1146,#2978,.T.);
#2976 = VERTEX_POINT('',#2977);
#2977 = CARTESIAN_POINT('',(10.,39.813345752398,28.5));
#2978 = SURFACE_CURVE('',#2979,(#2983,#2990),.PCURVE_S1.);
#2979 = LINE('',#2980,#2981);
#2980 = CARTESIAN_POINT('',(10.,39.813345752398,0.));
#2981 = VECTOR('',#2982,1.);
#2982 = DIRECTION('',(-0.,-0.,-1.));
#2983 = PCURVE('',#1161,#2984);
#2984 = DEFINITIONAL_REPRESENTATION('',(#2985),#2989);
#2985 = LINE('',#2986,#2987);
#2986 = CARTESIAN_POINT('',(0.,-1.263345752398));
#2987 = VECTOR('',#2988,1.);
#2988 = DIRECTION('',(-1.,0.));
#2989 = ( GEOMETRIC_REPRESENTATION_CONTEXT(2) 
PARAMETRIC_REPRESENTATION_CONTEXT() REPRESENTATION_CONTEXT('2D SPACE',''
  ) );
#2990 = PCURVE('',#1190,#2991);
#2991 = DEFINITIONAL_REPRESENTATION('',(#2992),#2996);
#2992 = LINE('',#2993,#2994);
#2993 = CARTESIAN_POINT('',(-7.607900161742,0.));
#2994 = VECTOR('',#2995,1.);
#2995 = DIRECTION('',(-0.,1.));
#2996 = ( GEOMETRIC_REPRESENTATION_CONTEXT(2) 
PARAMETRIC_REPRESENTATION_CONTEXT() REPRESENTATION_CONTEXT('2D SPACE',''
  ) );
#2997 = ORIENTED_EDGE('',*,*,#2998,.F.);
#2998 = EDGE_CURVE('',#2927,#2976,#2999,.T.);
#2999 = SURFACE_CURVE('',#3000,(#3004,#3011),.PCURVE_S1.);
#3000 = LINE('',#3001,#3002);
#3001 = CARTESIAN_POINT('',(10.,38.55,28.5));
#3002 = VECTOR('',#3003,1.);
#3003 = DIRECTION('',(0.,1.,0.));
#3004 = PCURVE('',#1161,#3005);
#3005 = DEFINITIONAL_REPRESENTATION('',(#3006),#3010);
#3006 = LINE('',#3007,#3008);
#3007 = CARTESIAN_POINT('',(28.5,0.));
#3008 = VECTOR('',#3009,1.);
#3009 = DIRECTION('',(0.,-1.));
#3010 = ( GEOMETRIC_REPRESENTATION_CONTEXT(2) 
PARAMETRIC_REPRESENTATION_CONTEXT() REPRESENTATION_CONTEXT('2D SPACE',''
  ) );
#3011 = PCURVE('',#1526,#3012);
#3012 = DEFINITIONAL_REPRESENTATION('',(#3013),#3017);
#3013 = LINE('',#3014,#3015);
#3014 = CARTESIAN_POINT('',(1.570796326795,0.));
#3015 = VECTOR('',#3016,1.);
#3016 = DIRECTION('',(0.,1.));
#3017 = ( GEOMETRIC_REPRESENTATION_CONTEXT(2) 
PARAMETRIC_REPRESENTATION_CONTEXT() REPRESENTATION_CONTEXT('2D SPACE',''
  ) );
#3018 = ORIENTED_EDGE('',*,*,#2926,.F.);
#3019 = ORIENTED_EDGE('',*,*,#1145,.T.);
#3020 = ADVANCED_FACE('',(#3021),#1190,.F.);
#3021 = FACE_BOUND('',#3022,.T.);
#3022 = EDGE_LOOP('',(#3023,#3046,#3068,#3069));
#3023 = ORIENTED_EDGE('',*,*,#3024,.F.);
#3024 = EDGE_CURVE('',#3025,#1174,#3027,.T.);
#3025 = VERTEX_POINT('',#3026);
#3026 = CARTESIAN_POINT('',(-10.,39.813345752398,28.5));
#3027 = SURFACE_CURVE('',#3028,(#3032,#3039),.PCURVE_S1.);
#3028 = LINE('',#3029,#3030);
#3029 = CARTESIAN_POINT('',(-10.,39.813345752398,0.));
#3030 = VECTOR('',#3031,1.);
#3031 = DIRECTION('',(-0.,-0.,-1.));
#3032 = PCURVE('',#1190,#3033);
#3033 = DEFINITIONAL_REPRESENTATION('',(#3034),#3038);
#3034 = LINE('',#3035,#3036);
#3035 = CARTESIAN_POINT('',(-1.816877799027,0.));
#3036 = VECTOR('',#3037,1.);
#3037 = DIRECTION('',(-0.,1.));
#3038 = ( GEOMETRIC_REPRESENTATION_CONTEXT(2) 
PARAMETRIC_REPRESENTATION_CONTEXT() REPRESENTATION_CONTEXT('2D SPACE',''
  ) );
#3039 = PCURVE('',#1218,#3040);
#3040 = DEFINITIONAL_REPRESENTATION('',(#3041),#3045);
#3041 = LINE('',#3042,#3043);
#3042 = CARTESIAN_POINT('',(0.,-1.263345752398));
#3043 = VECTOR('',#3044,1.);
#3044 = DIRECTION('',(-1.,0.));
#3045 = ( GEOMETRIC_REPRESENTATION_CONTEXT(2) 
PARAMETRIC_REPRESENTATION_CONTEXT() REPRESENTATION_CONTEXT('2D SPACE',''
  ) );
#3046 = ORIENTED_EDGE('',*,*,#3047,.F.);
#3047 = EDGE_CURVE('',#2976,#3025,#3048,.T.);
#3048 = SURFACE_CURVE('',#3049,(#3054,#3061),.PCURVE_S1.);
#3049 = CIRCLE('',#3050,41.05);
#3050 = AXIS2_PLACEMENT_3D('',#3051,#3052,#3053);
#3051 = CARTESIAN_POINT('',(2.235075980712E-13,1.208149178763E-15,28.5)
  );
#3052 = DIRECTION('',(0.,-0.,-1.));
#3053 = DIRECTION('',(0.243605359318,0.969874439766,-0.));
#3054 = PCURVE('',#1190,#3055);
#3055 = DEFINITIONAL_REPRESENTATION('',(#3056),#3060);
#3056 = LINE('',#3057,#3058);
#3057 = CARTESIAN_POINT('',(-7.607900161742,-28.5));
#3058 = VECTOR('',#3059,1.);
#3059 = DIRECTION('',(1.,-0.));
#3060 = ( GEOMETRIC_REPRESENTATION_CONTEXT(2) 
PARAMETRIC_REPRESENTATION_CONTEXT() REPRESENTATION_CONTEXT('2D SPACE',''
  ) );
#3061 = PCURVE('',#1559,#3062);
#3062 = DEFINITIONAL_REPRESENTATION('',(#3063),#3067);
#3063 = LINE('',#3064,#3065);
#3064 = CARTESIAN_POINT('',(-0.,3.14159265359));
#3065 = VECTOR('',#3066,1.);
#3066 = DIRECTION('',(-1.,0.));
#3067 = ( GEOMETRIC_REPRESENTATION_CONTEXT(2) 
PARAMETRIC_REPRESENTATION_CONTEXT() REPRESENTATION_CONTEXT('2D SPACE',''
  ) );
#3068 = ORIENTED_EDGE('',*,*,#2975,.T.);
#3069 = ORIENTED_EDGE('',*,*,#1173,.F.);
#3070 = ADVANCED_FACE('',(#3071),#1218,.F.);
#3071 = FACE_BOUND('',#3072,.F.);
#3072 = EDGE_LOOP('',(#3073,#3074,#3097,#3118));
#3073 = ORIENTED_EDGE('',*,*,#3024,.F.);
#3074 = ORIENTED_EDGE('',*,*,#3075,.F.);
#3075 = EDGE_CURVE('',#3076,#3025,#3078,.T.);
#3076 = VERTEX_POINT('',#3077);
#3077 = CARTESIAN_POINT('',(-10.,38.55,28.5));
#3078 = SURFACE_CURVE('',#3079,(#3083,#3090),.PCURVE_S1.);
#3079 = LINE('',#3080,#3081);
#3080 = CARTESIAN_POINT('',(-10.,38.55,28.5));
#3081 = VECTOR('',#3082,1.);
#3082 = DIRECTION('',(0.,1.,0.));
#3083 = PCURVE('',#1218,#3084);
#3084 = DEFINITIONAL_REPRESENTATION('',(#3085),#3089);
#3085 = LINE('',#3086,#3087);
#3086 = CARTESIAN_POINT('',(28.5,0.));
#3087 = VECTOR('',#3088,1.);
#3088 = DIRECTION('',(0.,-1.));
#3089 = ( GEOMETRIC_REPRESENTATION_CONTEXT(2) 
PARAMETRIC_REPRESENTATION_CONTEXT() REPRESENTATION_CONTEXT('2D SPACE',''
  ) );
#3090 = PCURVE('',#1587,#3091);
#3091 = DEFINITIONAL_REPRESENTATION('',(#3092),#3096);
#3092 = LINE('',#3093,#3094);
#3093 = CARTESIAN_POINT('',(-1.570796326795,0.));
#3094 = VECTOR('',#3095,1.);
#3095 = DIRECTION('',(-0.,1.));
#3096 = ( GEOMETRIC_REPRESENTATION_CONTEXT(2) 
PARAMETRIC_REPRESENTATION_CONTEXT() REPRESENTATION_CONTEXT('2D SPACE',''
  ) );
#3097 = ORIENTED_EDGE('',*,*,#3098,.F.);
#3098 = EDGE_CURVE('',#1203,#3076,#3099,.T.);
#3099 = SURFACE_CURVE('',#3100,(#3104,#3111),.PCURVE_S1.);
#3100 = LINE('',#3101,#3102);
#3101 = CARTESIAN_POINT('',(-10.,38.55,0.));
#3102 = VECTOR('',#3103,1.);
#3103 = DIRECTION('',(0.,0.,1.));
#3104 = PCURVE('',#1218,#3105);
#3105 = DEFINITIONAL_REPRESENTATION('',(#3106),#3110);
#3106 = LINE('',#3107,#3108);
#3107 = CARTESIAN_POINT('',(0.,0.));
#3108 = VECTOR('',#3109,1.);
#3109 = DIRECTION('',(1.,0.));
#3110 = ( GEOMETRIC_REPRESENTATION_CONTEXT(2) 
PARAMETRIC_REPRESENTATION_CONTEXT() REPRESENTATION_CONTEXT('2D SPACE',''
  ) );
#3111 = PCURVE('',#1246,#3112);
#3112 = DEFINITIONAL_REPRESENTATION('',(#3113),#3117);
#3113 = LINE('',#3114,#3115);
#3114 = CARTESIAN_POINT('',(0.,0.));
#3115 = VECTOR('',#3116,1.);
#3116 = DIRECTION('',(1.,0.));
#3117 = ( GEOMETRIC_REPRESENTATION_CONTEXT(2) 
PARAMETRIC_REPRESENTATION_CONTEXT() REPRESENTATION_CONTEXT('2D SPACE',''
  ) );
#3118 = ORIENTED_EDGE('',*,*,#1202,.T.);
#3119 = ADVANCED_FACE('',(#3120),#1246,.F.);
#3120 = FACE_BOUND('',#3121,.F.);
#3121 = EDGE_LOOP('',(#3122,#3145,#3146,#3147));
#3122 = ORIENTED_EDGE('',*,*,#3123,.F.);
#3123 = EDGE_CURVE('',#1231,#3124,#3126,.T.);
#3124 = VERTEX_POINT('',#3125);
#3125 = CARTESIAN_POINT('',(-3.,38.55,28.5));
#3126 = SURFACE_CURVE('',#3127,(#3131,#3138),.PCURVE_S1.);
#3127 = LINE('',#3128,#3129);
#3128 = CARTESIAN_POINT('',(-3.,38.55,0.));
#3129 = VECTOR('',#3130,1.);
#3130 = DIRECTION('',(0.,0.,1.));
#3131 = PCURVE('',#1246,#3132);
#3132 = DEFINITIONAL_REPRESENTATION('',(#3133),#3137);
#3133 = LINE('',#3134,#3135);
#3134 = CARTESIAN_POINT('',(0.,7.));
#3135 = VECTOR('',#3136,1.);
#3136 = DIRECTION('',(1.,0.));
#3137 = ( GEOMETRIC_REPRESENTATION_CONTEXT(2) 
PARAMETRIC_REPRESENTATION_CONTEXT() REPRESENTATION_CONTEXT('2D SPACE',''
  ) );
#3138 = PCURVE('',#1274,#3139);
#3139 = DEFINITIONAL_REPRESENTATION('',(#3140),#3144);
#3140 = LINE('',#3141,#3142);
#3141 = CARTESIAN_POINT('',(2.,-51.55));
#3142 = VECTOR('',#3143,1.);
#3143 = DIRECTION('',(1.,0.));
#3144 = ( GEOMETRIC_REPRESENTATION_CONTEXT(2) 
PARAMETRIC_REPRESENTATION_CONTEXT() REPRESENTATION_CONTEXT('2D SPACE',''
  ) );
#3145 = ORIENTED_EDGE('',*,*,#1230,.F.);
#3146 = ORIENTED_EDGE('',*,*,#3098,.T.);
#3147 = ORIENTED_EDGE('',*,*,#3148,.T.);
#3148 = EDGE_CURVE('',#3076,#3124,#3149,.T.);
#3149 = SURFACE_CURVE('',#3150,(#3154,#3161),.PCURVE_S1.);
#3150 = LINE('',#3151,#3152);
#3151 = CARTESIAN_POINT('',(-10.,38.55,28.5));
#3152 = VECTOR('',#3153,1.);
#3153 = DIRECTION('',(1.,0.,0.));
#3154 = PCURVE('',#1246,#3155);
#3155 = DEFINITIONAL_REPRESENTATION('',(#3156),#3160);
#3156 = LINE('',#3157,#3158);
#3157 = CARTESIAN_POINT('',(28.5,0.));
#3158 = VECTOR('',#3159,1.);
#3159 = DIRECTION('',(0.,1.));
#3160 = ( GEOMETRIC_REPRESENTATION_CONTEXT(2) 
PARAMETRIC_REPRESENTATION_CONTEXT() REPRESENTATION_CONTEXT('2D SPACE',''
  ) );
#3161 = PCURVE('',#1615,#3162);
#3162 = DEFINITIONAL_REPRESENTATION('',(#3163),#3167);
#3163 = LINE('',#3164,#3165);
#3164 = CARTESIAN_POINT('',(1.570796326795,0.));
#3165 = VECTOR('',#3166,1.);
#3166 = DIRECTION('',(0.,1.));
#3167 = ( GEOMETRIC_REPRESENTATION_CONTEXT(2) 
PARAMETRIC_REPRESENTATION_CONTEXT() REPRESENTATION_CONTEXT('2D SPACE',''
  ) );
#3168 = ADVANCED_FACE('',(#3169,#3217),#1274,.T.);
#3169 = FACE_BOUND('',#3170,.T.);
#3170 = EDGE_LOOP('',(#3171,#3194,#3215,#3216));
#3171 = ORIENTED_EDGE('',*,*,#3172,.T.);
#3172 = EDGE_CURVE('',#1259,#3173,#3175,.T.);
#3173 = VERTEX_POINT('',#3174);
#3174 = CARTESIAN_POINT('',(-3.,53.55,28.5));
#3175 = SURFACE_CURVE('',#3176,(#3180,#3187),.PCURVE_S1.);
#3176 = LINE('',#3177,#3178);
#3177 = CARTESIAN_POINT('',(-3.,53.55,0.));
#3178 = VECTOR('',#3179,1.);
#3179 = DIRECTION('',(0.,0.,1.));
#3180 = PCURVE('',#1274,#3181);
#3181 = DEFINITIONAL_REPRESENTATION('',(#3182),#3186);
#3182 = LINE('',#3183,#3184);
#3183 = CARTESIAN_POINT('',(2.,-66.55));
#3184 = VECTOR('',#3185,1.);
#3185 = DIRECTION('',(1.,0.));
#3186 = ( GEOMETRIC_REPRESENTATION_CONTEXT(2) 
PARAMETRIC_REPRESENTATION_CONTEXT() REPRESENTATION_CONTEXT('2D SPACE',''
  ) );
#3187 = PCURVE('',#1300,#3188);
#3188 = DEFINITIONAL_REPRESENTATION('',(#3189),#3193);
#3189 = LINE('',#3190,#3191);
#3190 = CARTESIAN_POINT('',(0.,7.));
#3191 = VECTOR('',#3192,1.);
#3192 = DIRECTION('',(1.,0.));
#3193 = ( GEOMETRIC_REPRESENTATION_CONTEXT(2) 
PARAMETRIC_REPRESENTATION_CONTEXT() REPRESENTATION_CONTEXT('2D SPACE',''
  ) );
#3194 = ORIENTED_EDGE('',*,*,#3195,.F.);
#3195 = EDGE_CURVE('',#3124,#3173,#3196,.T.);
#3196 = SURFACE_CURVE('',#3197,(#3201,#3208),.PCURVE_S1.);
#3197 = LINE('',#3198,#3199);
#3198 = CARTESIAN_POINT('',(-3.,38.55,28.5));
#3199 = VECTOR('',#3200,1.);
#3200 = DIRECTION('',(0.,1.,0.));
#3201 = PCURVE('',#1274,#3202);
#3202 = DEFINITIONAL_REPRESENTATION('',(#3203),#3207);
#3203 = LINE('',#3204,#3205);
#3204 = CARTESIAN_POINT('',(30.5,-51.55));
#3205 = VECTOR('',#3206,1.);
#3206 = DIRECTION('',(0.,-1.));
#3207 = ( GEOMETRIC_REPRESENTATION_CONTEXT(2) 
PARAMETRIC_REPRESENTATION_CONTEXT() REPRESENTATION_CONTEXT('2D SPACE',''
  ) );
#3208 = PCURVE('',#1643,#3209);
#3209 = DEFINITIONAL_REPRESENTATION('',(#3210),#3214);
#3210 = LINE('',#3211,#3212);
#3211 = CARTESIAN_POINT('',(1.570796326795,0.));
#3212 = VECTOR('',#3213,1.);
#3213 = DIRECTION('',(0.,1.));
#3214 = ( GEOMETRIC_REPRESENTATION_CONTEXT(2) 
PARAMETRIC_REPRESENTATION_CONTEXT() REPRESENTATION_CONTEXT('2D SPACE',''
  ) );
#3215 = ORIENTED_EDGE('',*,*,#3123,.F.);
#3216 = ORIENTED_EDGE('',*,*,#1258,.F.);
#3217 = FACE_BOUND('',#3218,.T.);
#3218 = EDGE_LOOP('',(#3219));
#3219 = ORIENTED_EDGE('',*,*,#3220,.T.);
#3220 = EDGE_CURVE('',#3221,#3221,#3223,.T.);
#3221 = VERTEX_POINT('',#3222);
#3222 = CARTESIAN_POINT('',(-3.,48.25,15.));
#3223 = SURFACE_CURVE('',#3224,(#3229,#3240),.PCURVE_S1.);
#3224 = CIRCLE('',#3225,2.2);
#3225 = AXIS2_PLACEMENT_3D('',#3226,#3227,#3228);
#3226 = CARTESIAN_POINT('',(-3.,46.05,15.));
#3227 = DIRECTION('',(-1.,0.,0.));
#3228 = DIRECTION('',(0.,1.,0.));
#3229 = PCURVE('',#1274,#3230);
#3230 = DEFINITIONAL_REPRESENTATION('',(#3231),#3239);
#3231 = ( BOUNDED_CURVE() B_SPLINE_CURVE(2,(#3232,#3233,#3234,#3235,
#3236,#3237,#3238),.UNSPECIFIED.,.T.,.F.) B_SPLINE_CURVE_WITH_KNOTS((1,2
    ,2,2,2,1),(-2.094395102393,0.,2.094395102393,4.188790204786,
6.28318530718,8.377580409573),.UNSPECIFIED.) CURVE() 
GEOMETRIC_REPRESENTATION_ITEM() RATIONAL_B_SPLINE_CURVE((1.,0.5,1.,0.5,
1.,0.5,1.)) REPRESENTATION_ITEM('') );
#3232 = CARTESIAN_POINT('',(17.,-61.25));
#3233 = CARTESIAN_POINT('',(13.189488223348,-61.25));
#3234 = CARTESIAN_POINT('',(15.094744111674,-57.95));
#3235 = CARTESIAN_POINT('',(17.,-54.65));
#3236 = CARTESIAN_POINT('',(18.905255888326,-57.95));
#3237 = CARTESIAN_POINT('',(20.810511776652,-61.25));
#3238 = CARTESIAN_POINT('',(17.,-61.25));
#3239 = ( GEOMETRIC_REPRESENTATION_CONTEXT(2) 
PARAMETRIC_REPRESENTATION_CONTEXT() REPRESENTATION_CONTEXT('2D SPACE',''
  ) );
#3240 = PCURVE('',#3241,#3246);
#3241 = CYLINDRICAL_SURFACE('',#3242,2.2);
#3242 = AXIS2_PLACEMENT_3D('',#3243,#3244,#3245);
#3243 = CARTESIAN_POINT('',(-13.,46.05,15.));
#3244 = DIRECTION('',(-1.,-0.,-0.));
#3245 = DIRECTION('',(0.,1.,0.));
#3246 = DEFINITIONAL_REPRESENTATION('',(#3247),#3251);
#3247 = LINE('',#3248,#3249);
#3248 = CARTESIAN_POINT('',(-6.28318530718,-10.));
#3249 = VECTOR('',#3250,1.);
#3250 = DIRECTION('',(1.,-0.));
#3251 = ( GEOMETRIC_REPRESENTATION_CONTEXT(2) 
PARAMETRIC_REPRESENTATION_CONTEXT() REPRESENTATION_CONTEXT('2D SPACE',''
  ) );
#3252 = ADVANCED_FACE('',(#3253),#1300,.T.);
#3253 = FACE_BOUND('',#3254,.T.);
#3254 = EDGE_LOOP('',(#3255,#3256,#3257,#3258));
#3255 = ORIENTED_EDGE('',*,*,#3172,.F.);
#3256 = ORIENTED_EDGE('',*,*,#1286,.F.);
#3257 = ORIENTED_EDGE('',*,*,#2411,.T.);
#3258 = ORIENTED_EDGE('',*,*,#3259,.T.);
#3259 = EDGE_CURVE('',#2412,#3173,#3260,.T.);
#3260 = SURFACE_CURVE('',#3261,(#3265,#3272),.PCURVE_S1.);
#3261 = LINE('',#3262,#3263);
#3262 = CARTESIAN_POINT('',(-10.,53.55,28.5));
#3263 = VECTOR('',#3264,1.);
#3264 = DIRECTION('',(1.,0.,0.));
#3265 = PCURVE('',#1300,#3266);
#3266 = DEFINITIONAL_REPRESENTATION('',(#3267),#3271);
#3267 = LINE('',#3268,#3269);
#3268 = CARTESIAN_POINT('',(28.5,0.));
#3269 = VECTOR('',#3270,1.);
#3270 = DIRECTION('',(0.,1.));
#3271 = ( GEOMETRIC_REPRESENTATION_CONTEXT(2) 
PARAMETRIC_REPRESENTATION_CONTEXT() REPRESENTATION_CONTEXT('2D SPACE',''
  ) );
#3272 = PCURVE('',#1671,#3273);
#3273 = DEFINITIONAL_REPRESENTATION('',(#3274),#3278);
#3274 = LINE('',#3275,#3276);
#3275 = CARTESIAN_POINT('',(-1.570796326795,0.));
#3276 = VECTOR('',#3277,1.);
#3277 = DIRECTION('',(-0.,1.));
#3278 = ( GEOMETRIC_REPRESENTATION_CONTEXT(2) 
PARAMETRIC_REPRESENTATION_CONTEXT() REPRESENTATION_CONTEXT('2D SPACE',''
  ) );
#3279 = ADVANCED_FACE('',(#3280),#1354,.T.);
#3280 = FACE_BOUND('',#3281,.F.);
#3281 = EDGE_LOOP('',(#3282,#3314,#3315,#3316));
#3282 = ORIENTED_EDGE('',*,*,#3283,.T.);
#3283 = EDGE_CURVE('',#1432,#1318,#3284,.T.);
#3284 = SURFACE_CURVE('',#3285,(#3290,#3302),.PCURVE_S1.);
#3285 = ELLIPSE('',#3286,2.12132034356,1.5);
#3286 = AXIS2_PLACEMENT_3D('',#3287,#3288,#3289);
#3287 = CARTESIAN_POINT('',(4.5,52.05,28.5));
#3288 = DIRECTION('',(-0.707106781187,-0.707106781187,0.));
#3289 = DIRECTION('',(0.707106781187,-0.707106781187,0.));
#3290 = PCURVE('',#1354,#3291);
#3291 = DEFINITIONAL_REPRESENTATION('',(#3292),#3301);
#3292 = B_SPLINE_CURVE_WITH_KNOTS('',7,(#3293,#3294,#3295,#3296,#3297,
    #3298,#3299,#3300),.UNSPECIFIED.,.F.,.F.,(8,8),(1.570796326795,
    3.14159265359),.PIECEWISE_BEZIER_KNOTS.);
#3293 = CARTESIAN_POINT('',(0.,1.5));
#3294 = CARTESIAN_POINT('',(-0.224399475256,1.163400787115));
#3295 = CARTESIAN_POINT('',(-0.448798950513,0.826802941021));
#3296 = CARTESIAN_POINT('',(-0.673198425769,0.517879761339));
#3297 = CARTESIAN_POINT('',(-0.897597901026,0.264356243062));
#3298 = CARTESIAN_POINT('',(-1.121997376282,8.812300891495E-02));
#3299 = CARTESIAN_POINT('',(-1.346396851538,-4.122151486547E-17));
#3300 = CARTESIAN_POINT('',(-1.570796326795,0.));
#3301 = ( GEOMETRIC_REPRESENTATION_CONTEXT(2) 
PARAMETRIC_REPRESENTATION_CONTEXT() REPRESENTATION_CONTEXT('2D SPACE',''
  ) );
#3302 = PCURVE('',#1470,#3303);
#3303 = DEFINITIONAL_REPRESENTATION('',(#3304),#3313);
#3304 = B_SPLINE_CURVE_WITH_KNOTS('',7,(#3305,#3306,#3307,#3308,#3309,
    #3310,#3311,#3312),.UNSPECIFIED.,.F.,.F.,(8,8),(1.570796326795,
    3.14159265359),.PIECEWISE_BEZIER_KNOTS.);
#3305 = CARTESIAN_POINT('',(0.,1.5));
#3306 = CARTESIAN_POINT('',(0.224399475256,1.163400787115));
#3307 = CARTESIAN_POINT('',(0.448798950513,0.826802941022));
#3308 = CARTESIAN_POINT('',(0.673198425769,0.517879761339));
#3309 = CARTESIAN_POINT('',(0.897597901026,0.264356243062));
#3310 = CARTESIAN_POINT('',(1.121997376282,8.812300891488E-02));
#3311 = CARTESIAN_POINT('',(1.346396851538,-4.122151486547E-17));
#3312 = CARTESIAN_POINT('',(1.570796326795,0.));
#3313 = ( GEOMETRIC_REPRESENTATION_CONTEXT(2) 
PARAMETRIC_REPRESENTATION_CONTEXT() REPRESENTATION_CONTEXT('2D SPACE',''
  ) );
#3314 = ORIENTED_EDGE('',*,*,#1340,.T.);
#3315 = ORIENTED_EDGE('',*,*,#1393,.F.);
#3316 = ORIENTED_EDGE('',*,*,#1431,.F.);
#3317 = ADVANCED_FACE('',(#3318),#1728,.T.);
#3318 = FACE_BOUND('',#3319,.F.);
#3319 = EDGE_LOOP('',(#3320,#3410,#3411,#3412));
#3320 = ORIENTED_EDGE('',*,*,#3321,.F.);
#3321 = EDGE_CURVE('',#1684,#2364,#3322,.T.);
#3322 = SURFACE_CURVE('',#3323,(#3350,#3380),.PCURVE_S1.);
#3323 = B_SPLINE_CURVE_WITH_KNOTS('',7,(#3324,#3325,#3326,#3327,#3328,
    #3329,#3330,#3331,#3332,#3333,#3334,#3335,#3336,#3337,#3338,#3339,
    #3340,#3341,#3342,#3343,#3344,#3345,#3346,#3347,#3348,#3349),
  .UNSPECIFIED.,.F.,.F.,(8,6,6,6,8),(0.,0.468977384748,0.642444393775,
    0.77924673271,1.),.UNSPECIFIED.);
#3324 = CARTESIAN_POINT('',(-8.500000011456,49.830236802621,30.));
#3325 = CARTESIAN_POINT('',(-8.638814292388,49.947377386457,
    29.999999807385));
#3326 = CARTESIAN_POINT('',(-8.777664309547,50.064226693596,
    29.985013659927));
#3327 = CARTESIAN_POINT('',(-8.915650484086,50.180028925057,
    29.955021608444));
#3328 = CARTESIAN_POINT('',(-9.051638094658,50.29384118222,
    29.90966447972));
#3329 = CARTESIAN_POINT('',(-9.184160288254,50.404459152299,
    29.848426751985));
#3330 = CARTESIAN_POINT('',(-9.3114358599,50.510436071295,29.770785345)
  );
#3331 = CARTESIAN_POINT('',(-9.475453127987,50.646712252758,
    29.64091287084));
#3332 = CARTESIAN_POINT('',(-9.518686240153,50.682601920652,
    29.603514157491));
#3333 = CARTESIAN_POINT('',(-9.560741416046,50.717484421032,
    29.563757213653));
#3334 = CARTESIAN_POINT('',(-9.60147408183,50.751242839877,
    29.521623085516));
#3335 = CARTESIAN_POINT('',(-9.640721624626,50.7837457328,
    29.477105061277));
#3336 = CARTESIAN_POINT('',(-9.67830533416,50.814848731969,
    29.430213362145));
#3337 = CARTESIAN_POINT('',(-9.742207953087,50.867698314799,
    29.342152497031));
#3338 = CARTESIAN_POINT('',(-9.769227266662,50.890031726005,
    29.301870719248));
#3339 = CARTESIAN_POINT('',(-9.794995055394,50.911319481012,
    29.260152305773));
#3340 = CARTESIAN_POINT('',(-9.819408082792,50.93147821028,
    29.217027228611));
#3341 = CARTESIAN_POINT('',(-9.842358266602,50.950420633904,
    29.17254046344));
#3342 = CARTESIAN_POINT('',(-9.863735839795,50.968058115157,
    29.126754827086));
#3343 = CARTESIAN_POINT('',(-9.915216358802,51.010517375906,
    29.003909885206));
#3344 = CARTESIAN_POINT('',(-9.942641250192,51.033120713281,
    28.924859082092));
#3345 = CARTESIAN_POINT('',(-9.965217038292,51.05171672168,
    28.84301194514));
#3346 = CARTESIAN_POINT('',(-9.982509288279,51.065954812884,
    28.7588941393));
#3347 = CARTESIAN_POINT('',(-9.994172047785,51.075555711905,
    28.673154106882));
#3348 = CARTESIAN_POINT('',(-10.,51.080353366045,28.586562015209));
#3349 = CARTESIAN_POINT('',(-10.,51.080353366045,28.5));
#3350 = PCURVE('',#1728,#3351);
#3351 = DEFINITIONAL_REPRESENTATION('',(#3352),#3379);
#3352 = B_SPLINE_CURVE_WITH_KNOTS('',7,(#3353,#3354,#3355,#3356,#3357,
    #3358,#3359,#3360,#3361,#3362,#3363,#3364,#3365,#3366,#3367,#3368,
    #3369,#3370,#3371,#3372,#3373,#3374,#3375,#3376,#3377,#3378),
  .UNSPECIFIED.,.F.,.F.,(8,6,6,6,8),(0.,0.468977384748,0.642444393775,
    0.77924673271,1.),.UNSPECIFIED.);
#3353 = CARTESIAN_POINT('',(2.437195179872E-02,4.712388980385));
#3354 = CARTESIAN_POINT('',(2.205463173973E-02,4.804931999619));
#3355 = CARTESIAN_POINT('',(1.975049477156E-02,4.897497821032));
#3356 = CARTESIAN_POINT('',(1.747440086213E-02,4.990785465264));
#3357 = CARTESIAN_POINT('',(1.524461028833E-02,5.085326213871));
#3358 = CARTESIAN_POINT('',(1.308416548948E-02,5.181655944967));
#3359 = CARTESIAN_POINT('',(1.102036497847E-02,5.280309720581));
#3360 = CARTESIAN_POINT('',(8.373257496838E-03,5.419782575407));
#3361 = CARTESIAN_POINT('',(7.676832988918E-03,5.457856282057));
#3362 = CARTESIAN_POINT('',(7.000625421552E-03,5.496377356548));
#3363 = CARTESIAN_POINT('',(6.346831317145E-03,5.53537422114));
#3364 = CARTESIAN_POINT('',(5.717919188269E-03,5.574871083472));
#3365 = CARTESIAN_POINT('',(5.116598497728E-03,5.614888156285));
#3366 = CARTESIAN_POINT('',(4.095627363216E-03,5.687424003883));
#3367 = CARTESIAN_POINT('',(3.664466644296E-03,5.719738227222));
#3368 = CARTESIAN_POINT('',(3.253749397974E-03,5.752390832611));
#3369 = CARTESIAN_POINT('',(2.865039912387E-03,5.78538393593));
#3370 = CARTESIAN_POINT('',(2.499975878989E-03,5.818714723675));
#3371 = CARTESIAN_POINT('',(2.160220443884E-03,5.852374693144));
#3372 = CARTESIAN_POINT('',(1.342649590288E-03,5.941171899263));
#3373 = CARTESIAN_POINT('',(9.077730758964E-04,5.996843409905));
#3374 = CARTESIAN_POINT('',(5.502415389467E-04,6.053254407472));
#3375 = CARTESIAN_POINT('',(2.766289427605E-04,6.110275065154));
#3376 = CARTESIAN_POINT('',(9.217439208964E-05,6.16774933318));
#3377 = CARTESIAN_POINT('',(2.299094248315E-10,6.225477297041));
#3378 = CARTESIAN_POINT('',(2.299094248315E-10,6.28318530718));
#3379 = ( GEOMETRIC_REPRESENTATION_CONTEXT(2) 
PARAMETRIC_REPRESENTATION_CONTEXT() REPRESENTATION_CONTEXT('2D SPACE',''
  ) );
#3380 = PCURVE('',#1699,#3381);
#3381 = DEFINITIONAL_REPRESENTATION('',(#3382),#3409);
#3382 = B_SPLINE_CURVE_WITH_KNOTS('',7,(#3383,#3384,#3385,#3386,#3387,
    #3388,#3389,#3390,#3391,#3392,#3393,#3394,#3395,#3396,#3397,#3398,
    #3399,#3400,#3401,#3402,#3403,#3404,#3405,#3406,#3407,#3408),
  .UNSPECIFIED.,.F.,.F.,(8,6,6,6,8),(0.,0.468977384748,0.642444393775,
    0.77924673271,1.),.UNSPECIFIED.);
#3383 = CARTESIAN_POINT('',(-7.637051879783E-09,-1.250116563424));
#3384 = CARTESIAN_POINT('',(-9.254299481436E-02,-1.132975979588));
#3385 = CARTESIAN_POINT('',(-0.185108883834,-1.016126672448));
#3386 = CARTESIAN_POINT('',(-0.278396439791,-0.900324440987));
#3387 = CARTESIAN_POINT('',(-0.37293726037,-0.786512183825));
#3388 = CARTESIAN_POINT('',(-0.469266957166,-0.675894213746));
#3389 = CARTESIAN_POINT('',(-0.567920740196,-0.569917294749));
#3390 = CARTESIAN_POINT('',(-0.707393595022,-0.433641113287));
#3391 = CARTESIAN_POINT('',(-0.745467301672,-0.397751445393));
#3392 = CARTESIAN_POINT('',(-0.783988376163,-0.362868945012));
#3393 = CARTESIAN_POINT('',(-0.822985240755,-0.329110526168));
#3394 = CARTESIAN_POINT('',(-0.862482103087,-0.296607633244));
#3395 = CARTESIAN_POINT('',(-0.9024991759,-0.265504634075));
#3396 = CARTESIAN_POINT('',(-0.975035023499,-0.212655051246));
#3397 = CARTESIAN_POINT('',(-1.007349246838,-0.190321640039));
#3398 = CARTESIAN_POINT('',(-1.040001852227,-0.169033885033));
#3399 = CARTESIAN_POINT('',(-1.072994955545,-0.148875155764));
#3400 = CARTESIAN_POINT('',(-1.106325743291,-0.12993273214));
#3401 = CARTESIAN_POINT('',(-1.139985712759,-0.112295250887));
#3402 = CARTESIAN_POINT('',(-1.228782918878,-6.983599013875E-02));
#3403 = CARTESIAN_POINT('',(-1.284454429521,-4.723265276359E-02));
#3404 = CARTESIAN_POINT('',(-1.340865427087,-2.863664436464E-02));
#3405 = CARTESIAN_POINT('',(-1.39788608477,-1.439855316063E-02));
#3406 = CARTESIAN_POINT('',(-1.455360352795,-4.79765413926E-03));
#3407 = CARTESIAN_POINT('',(-1.513088316656,3.623767952377E-13));
#3408 = CARTESIAN_POINT('',(-1.570796326795,3.623767952377E-13));
#3409 = ( GEOMETRIC_REPRESENTATION_CONTEXT(2) 
PARAMETRIC_REPRESENTATION_CONTEXT() REPRESENTATION_CONTEXT('2D SPACE',''
  ) );
#3410 = ORIENTED_EDGE('',*,*,#1711,.T.);
#3411 = ORIENTED_EDGE('',*,*,#1764,.T.);
#3412 = ORIENTED_EDGE('',*,*,#2386,.F.);
#3413 = ADVANCED_FACE('',(#3414),#1470,.T.);
#3414 = FACE_BOUND('',#3415,.T.);
#3415 = EDGE_LOOP('',(#3416,#3417,#3418,#3450));
#3416 = ORIENTED_EDGE('',*,*,#3283,.T.);
#3417 = ORIENTED_EDGE('',*,*,#1864,.T.);
#3418 = ORIENTED_EDGE('',*,*,#3419,.F.);
#3419 = EDGE_CURVE('',#1455,#1865,#3420,.T.);
#3420 = SURFACE_CURVE('',#3421,(#3426,#3438),.PCURVE_S1.);
#3421 = ELLIPSE('',#3422,2.12132034356,1.5);
#3422 = AXIS2_PLACEMENT_3D('',#3423,#3424,#3425);
#3423 = CARTESIAN_POINT('',(4.5,40.05,28.5));
#3424 = DIRECTION('',(0.707106781187,-0.707106781187,0.));
#3425 = DIRECTION('',(-0.707106781187,-0.707106781187,0.));
#3426 = PCURVE('',#1470,#3427);
#3427 = DEFINITIONAL_REPRESENTATION('',(#3428),#3437);
#3428 = B_SPLINE_CURVE_WITH_KNOTS('',7,(#3429,#3430,#3431,#3432,#3433,
    #3434,#3435,#3436),.UNSPECIFIED.,.F.,.F.,(8,8),(4.712388980385,
    6.28318530718),.PIECEWISE_BEZIER_KNOTS.);
#3429 = CARTESIAN_POINT('',(0.,13.5));
#3430 = CARTESIAN_POINT('',(0.224399475256,13.836599212885));
#3431 = CARTESIAN_POINT('',(0.448798950513,14.17319705898));
#3432 = CARTESIAN_POINT('',(0.673198425769,14.482120238659));
#3433 = CARTESIAN_POINT('',(0.897597901026,14.735643756941));
#3434 = CARTESIAN_POINT('',(1.121997376282,14.911876991085));
#3435 = CARTESIAN_POINT('',(1.346396851538,15.));
#3436 = CARTESIAN_POINT('',(1.570796326795,15.));
#3437 = ( GEOMETRIC_REPRESENTATION_CONTEXT(2) 
PARAMETRIC_REPRESENTATION_CONTEXT() REPRESENTATION_CONTEXT('2D SPACE',''
  ) );
#3438 = PCURVE('',#1498,#3439);
#3439 = DEFINITIONAL_REPRESENTATION('',(#3440),#3449);
#3440 = B_SPLINE_CURVE_WITH_KNOTS('',7,(#3441,#3442,#3443,#3444,#3445,
    #3446,#3447,#3448),.UNSPECIFIED.,.F.,.F.,(8,8),(4.712388980385,
    6.28318530718),.PIECEWISE_BEZIER_KNOTS.);
#3441 = CARTESIAN_POINT('',(0.,1.5));
#3442 = CARTESIAN_POINT('',(0.224399475256,1.163400787115));
#3443 = CARTESIAN_POINT('',(0.448798950513,0.826802941022));
#3444 = CARTESIAN_POINT('',(0.673198425769,0.517879761339));
#3445 = CARTESIAN_POINT('',(0.897597901026,0.264356243063));
#3446 = CARTESIAN_POINT('',(1.121997376282,8.812300891488E-02));
#3447 = CARTESIAN_POINT('',(1.346396851538,8.244302973093E-17));
#3448 = CARTESIAN_POINT('',(1.570796326795,0.));
#3449 = ( GEOMETRIC_REPRESENTATION_CONTEXT(2) 
PARAMETRIC_REPRESENTATION_CONTEXT() REPRESENTATION_CONTEXT('2D SPACE',''
  ) );
#3450 = ORIENTED_EDGE('',*,*,#1454,.F.);
#3451 = ADVANCED_FACE('',(#3452),#1699,.T.);
#3452 = FACE_BOUND('',#3453,.F.);
#3453 = EDGE_LOOP('',(#3454,#3455,#3456,#3488));
#3454 = ORIENTED_EDGE('',*,*,#3321,.T.);
#3455 = ORIENTED_EDGE('',*,*,#2434,.T.);
#3456 = ORIENTED_EDGE('',*,*,#3457,.F.);
#3457 = EDGE_CURVE('',#1656,#2412,#3458,.T.);
#3458 = SURFACE_CURVE('',#3459,(#3464,#3476),.PCURVE_S1.);
#3459 = ELLIPSE('',#3460,2.12132034356,1.5);
#3460 = AXIS2_PLACEMENT_3D('',#3461,#3462,#3463);
#3461 = CARTESIAN_POINT('',(-8.5,52.05,28.5));
#3462 = DIRECTION('',(-0.707106781187,-0.707106781187,0.));
#3463 = DIRECTION('',(0.707106781187,-0.707106781187,0.));
#3464 = PCURVE('',#1699,#3465);
#3465 = DEFINITIONAL_REPRESENTATION('',(#3466),#3475);
#3466 = B_SPLINE_CURVE_WITH_KNOTS('',7,(#3467,#3468,#3469,#3470,#3471,
    #3472,#3473,#3474),.UNSPECIFIED.,.F.,.F.,(8,8),(1.570796326795,
    3.14159265359),.PIECEWISE_BEZIER_KNOTS.);
#3467 = CARTESIAN_POINT('',(0.,0.969646633956));
#3468 = CARTESIAN_POINT('',(-0.224399475256,1.30624584684));
#3469 = CARTESIAN_POINT('',(-0.448798950513,1.642843692934));
#3470 = CARTESIAN_POINT('',(-0.673198425769,1.951766872616));
#3471 = CARTESIAN_POINT('',(-0.897597901026,2.205290390893));
#3472 = CARTESIAN_POINT('',(-1.121997376282,2.381523625041));
#3473 = CARTESIAN_POINT('',(-1.346396851538,2.469646633956));
#3474 = CARTESIAN_POINT('',(-1.570796326795,2.469646633956));
#3475 = ( GEOMETRIC_REPRESENTATION_CONTEXT(2) 
PARAMETRIC_REPRESENTATION_CONTEXT() REPRESENTATION_CONTEXT('2D SPACE',''
  ) );
#3476 = PCURVE('',#1671,#3477);
#3477 = DEFINITIONAL_REPRESENTATION('',(#3478),#3487);
#3478 = B_SPLINE_CURVE_WITH_KNOTS('',7,(#3479,#3480,#3481,#3482,#3483,
    #3484,#3485,#3486),.UNSPECIFIED.,.F.,.F.,(8,8),(1.570796326795,
    3.14159265359),.PIECEWISE_BEZIER_KNOTS.);
#3479 = CARTESIAN_POINT('',(0.,1.5));
#3480 = CARTESIAN_POINT('',(-0.224399475256,1.163400787115));
#3481 = CARTESIAN_POINT('',(-0.448798950513,0.826802941021));
#3482 = CARTESIAN_POINT('',(-0.673198425769,0.517879761339));
#3483 = CARTESIAN_POINT('',(-0.897597901026,0.264356243062));
#3484 = CARTESIAN_POINT('',(-1.121997376282,8.812300891501E-02));
#3485 = CARTESIAN_POINT('',(-1.346396851538,-4.122151486547E-17));
#3486 = CARTESIAN_POINT('',(-1.570796326795,0.));
#3487 = ( GEOMETRIC_REPRESENTATION_CONTEXT(2) 
PARAMETRIC_REPRESENTATION_CONTEXT() REPRESENTATION_CONTEXT('2D SPACE',''
  ) );
#3488 = ORIENTED_EDGE('',*,*,#1683,.F.);
#3489 = ADVANCED_FACE('',(#3490),#1498,.T.);
#3490 = FACE_BOUND('',#3491,.T.);
#3491 = EDGE_LOOP('',(#3492,#3493,#3494,#3526));
#3492 = ORIENTED_EDGE('',*,*,#3419,.T.);
#3493 = ORIENTED_EDGE('',*,*,#2951,.T.);
#3494 = ORIENTED_EDGE('',*,*,#3495,.F.);
#3495 = EDGE_CURVE('',#1483,#2927,#3496,.T.);
#3496 = SURFACE_CURVE('',#3497,(#3502,#3514),.PCURVE_S1.);
#3497 = ELLIPSE('',#3498,2.12132034356,1.5);
#3498 = AXIS2_PLACEMENT_3D('',#3499,#3500,#3501);
#3499 = CARTESIAN_POINT('',(8.5,40.05,28.5));
#3500 = DIRECTION('',(0.707106781187,0.707106781187,0.));
#3501 = DIRECTION('',(0.707106781187,-0.707106781187,0.));
#3502 = PCURVE('',#1498,#3503);
#3503 = DEFINITIONAL_REPRESENTATION('',(#3504),#3513);
#3504 = B_SPLINE_CURVE_WITH_KNOTS('',7,(#3505,#3506,#3507,#3508,#3509,
    #3510,#3511,#3512),.UNSPECIFIED.,.F.,.F.,(8,8),(4.712388980385,
    6.28318530718),.PIECEWISE_BEZIER_KNOTS.);
#3505 = CARTESIAN_POINT('',(0.,5.5));
#3506 = CARTESIAN_POINT('',(0.224399475256,5.836599212885));
#3507 = CARTESIAN_POINT('',(0.448798950513,6.173197058977));
#3508 = CARTESIAN_POINT('',(0.673198425769,6.482120238662));
#3509 = CARTESIAN_POINT('',(0.897597901026,6.735643756937));
#3510 = CARTESIAN_POINT('',(1.121997376282,6.911876991086));
#3511 = CARTESIAN_POINT('',(1.346396851538,7.));
#3512 = CARTESIAN_POINT('',(1.570796326795,7.));
#3513 = ( GEOMETRIC_REPRESENTATION_CONTEXT(2) 
PARAMETRIC_REPRESENTATION_CONTEXT() REPRESENTATION_CONTEXT('2D SPACE',''
  ) );
#3514 = PCURVE('',#1526,#3515);
#3515 = DEFINITIONAL_REPRESENTATION('',(#3516),#3525);
#3516 = B_SPLINE_CURVE_WITH_KNOTS('',7,(#3517,#3518,#3519,#3520,#3521,
    #3522,#3523,#3524),.UNSPECIFIED.,.F.,.F.,(8,8),(4.712388980385,
    6.28318530718),.PIECEWISE_BEZIER_KNOTS.);
#3517 = CARTESIAN_POINT('',(0.,1.5));
#3518 = CARTESIAN_POINT('',(0.224399475256,1.163400787115));
#3519 = CARTESIAN_POINT('',(0.448798950513,0.826802941021));
#3520 = CARTESIAN_POINT('',(0.673198425769,0.51787976134));
#3521 = CARTESIAN_POINT('',(0.897597901026,0.264356243062));
#3522 = CARTESIAN_POINT('',(1.121997376282,8.812300891503E-02));
#3523 = CARTESIAN_POINT('',(1.346396851538,8.244302973093E-17));
#3524 = CARTESIAN_POINT('',(1.570796326795,0.));
#3525 = ( GEOMETRIC_REPRESENTATION_CONTEXT(2) 
PARAMETRIC_REPRESENTATION_CONTEXT() REPRESENTATION_CONTEXT('2D SPACE',''
  ) );
#3526 = ORIENTED_EDGE('',*,*,#1482,.F.);
#3527 = ADVANCED_FACE('',(#3528),#1671,.T.);
#3528 = FACE_BOUND('',#3529,.F.);
#3529 = EDGE_LOOP('',(#3530,#3531,#3532,#3564));
#3530 = ORIENTED_EDGE('',*,*,#3457,.T.);
#3531 = ORIENTED_EDGE('',*,*,#3259,.T.);
#3532 = ORIENTED_EDGE('',*,*,#3533,.F.);
#3533 = EDGE_CURVE('',#1628,#3173,#3534,.T.);
#3534 = SURFACE_CURVE('',#3535,(#3540,#3552),.PCURVE_S1.);
#3535 = ELLIPSE('',#3536,2.12132034356,1.5);
#3536 = AXIS2_PLACEMENT_3D('',#3537,#3538,#3539);
#3537 = CARTESIAN_POINT('',(-4.5,52.05,28.5));
#3538 = DIRECTION('',(-0.707106781187,0.707106781187,0.));
#3539 = DIRECTION('',(0.707106781187,0.707106781187,0.));
#3540 = PCURVE('',#1671,#3541);
#3541 = DEFINITIONAL_REPRESENTATION('',(#3542),#3551);
#3542 = B_SPLINE_CURVE_WITH_KNOTS('',7,(#3543,#3544,#3545,#3546,#3547,
    #3548,#3549,#3550),.UNSPECIFIED.,.F.,.F.,(8,8),(4.712388980385,
    6.28318530718),.PIECEWISE_BEZIER_KNOTS.);
#3543 = CARTESIAN_POINT('',(0.,5.5));
#3544 = CARTESIAN_POINT('',(-0.224399475256,5.836599212885));
#3545 = CARTESIAN_POINT('',(-0.448798950513,6.173197058977));
#3546 = CARTESIAN_POINT('',(-0.673198425769,6.482120238662));
#3547 = CARTESIAN_POINT('',(-0.897597901026,6.735643756937));
#3548 = CARTESIAN_POINT('',(-1.121997376282,6.911876991086));
#3549 = CARTESIAN_POINT('',(-1.346396851538,7.));
#3550 = CARTESIAN_POINT('',(-1.570796326795,7.));
#3551 = ( GEOMETRIC_REPRESENTATION_CONTEXT(2) 
PARAMETRIC_REPRESENTATION_CONTEXT() REPRESENTATION_CONTEXT('2D SPACE',''
  ) );
#3552 = PCURVE('',#1643,#3553);
#3553 = DEFINITIONAL_REPRESENTATION('',(#3554),#3563);
#3554 = B_SPLINE_CURVE_WITH_KNOTS('',7,(#3555,#3556,#3557,#3558,#3559,
    #3560,#3561,#3562),.UNSPECIFIED.,.F.,.F.,(8,8),(4.712388980385,
    6.28318530718),.PIECEWISE_BEZIER_KNOTS.);
#3555 = CARTESIAN_POINT('',(0.,13.5));
#3556 = CARTESIAN_POINT('',(0.224399475256,13.836599212885));
#3557 = CARTESIAN_POINT('',(0.448798950513,14.17319705898));
#3558 = CARTESIAN_POINT('',(0.673198425769,14.482120238659));
#3559 = CARTESIAN_POINT('',(0.897597901026,14.735643756941));
#3560 = CARTESIAN_POINT('',(1.121997376282,14.911876991085));
#3561 = CARTESIAN_POINT('',(1.346396851538,15.));
#3562 = CARTESIAN_POINT('',(1.570796326795,15.));
#3563 = ( GEOMETRIC_REPRESENTATION_CONTEXT(2) 
PARAMETRIC_REPRESENTATION_CONTEXT() REPRESENTATION_CONTEXT('2D SPACE',''
  ) );
#3564 = ORIENTED_EDGE('',*,*,#1655,.F.);
#3565 = ADVANCED_FACE('',(#3566),#1526,.T.);
#3566 = FACE_BOUND('',#3567,.T.);
#3567 = EDGE_LOOP('',(#3568,#3569,#3570,#3696));
#3568 = ORIENTED_EDGE('',*,*,#3495,.T.);
#3569 = ORIENTED_EDGE('',*,*,#2998,.T.);
#3570 = ORIENTED_EDGE('',*,*,#3571,.F.);
#3571 = EDGE_CURVE('',#1511,#2976,#3572,.T.);
#3572 = SURFACE_CURVE('',#3573,(#3612,#3654),.PCURVE_S1.);
#3573 = B_SPLINE_CURVE_WITH_KNOTS('',7,(#3574,#3575,#3576,#3577,#3578,
    #3579,#3580,#3581,#3582,#3583,#3584,#3585,#3586,#3587,#3588,#3589,
    #3590,#3591,#3592,#3593,#3594,#3595,#3596,#3597,#3598,#3599,#3600,
    #3601,#3602,#3603,#3604,#3605,#3606,#3607,#3608,#3609,#3610,#3611),
  .UNSPECIFIED.,.F.,.F.,(8,6,6,6,6,6,8),(0.,3.423135871176E-02,
    0.338130675586,0.613341968959,0.7570370812,0.855137410355,1.),
  .UNSPECIFIED.);
#3574 = CARTESIAN_POINT('',(8.5,41.692355412429,30.));
#3575 = CARTESIAN_POINT('',(8.509551977242,41.68065954351,
    29.999999999998));
#3576 = CARTESIAN_POINT('',(8.519102033977,41.668962195667,
    29.999929035355));
#3577 = CARTESIAN_POINT('',(8.528649926068,41.65726366782,
    29.999787157403));
#3578 = CARTESIAN_POINT('',(8.53819540948,41.645564258703,
    29.999574407246));
#3579 = CARTESIAN_POINT('',(8.547738240278,41.633864266864,
    29.999290815756));
#3580 = CARTESIAN_POINT('',(8.557278174631,41.622163990671,
    29.998936403577));
#3581 = CARTESIAN_POINT('',(8.651480764895,41.506591084194,
    29.994736139201));
#3582 = CARTESIAN_POINT('',(8.735887842092,41.402733338668,
    29.985380504222));
#3583 = CARTESIAN_POINT('',(8.819884057591,41.299077289408,
    29.970454178095));
#3584 = CARTESIAN_POINT('',(8.903298160111,41.195836494782,
    29.949894809925));
#3585 = CARTESIAN_POINT('',(8.985937610446,41.093254581633,
    29.923583055595));
#3586 = CARTESIAN_POINT('',(9.067580696973,40.991615988296,
    29.891328773483));
#3587 = CARTESIAN_POINT('',(9.220757129975,40.800385487879,
    29.817961988249));
#3588 = CARTESIAN_POINT('',(9.292476008821,40.71061364264,
    29.777992805145));
#3589 = CARTESIAN_POINT('',(9.362958806835,40.622159665945,
    29.732687425623));
#3590 = CARTESIAN_POINT('',(9.431948982415,40.535357221809,29.6817540251
    ));
#3591 = CARTESIAN_POINT('',(9.499083366042,40.450679308149,
    29.624841597022));
#3592 = CARTESIAN_POINT('',(9.563892277571,40.368740862936,
    29.56155092388));
#3593 = CARTESIAN_POINT('',(9.658028044008,40.249465967616,
    29.454650924265));
#3594 = CARTESIAN_POINT('',(9.689498712472,40.209542542651,
    29.416103402976));
#3595 = CARTESIAN_POINT('',(9.720057822013,40.170729821114,
    29.375601861605));
#3596 = CARTESIAN_POINT('',(9.749587314565,40.133182378728,
    29.333075259495));
#3597 = CARTESIAN_POINT('',(9.777943104562,40.097088722736,
    29.288461145483));
#3598 = CARTESIAN_POINT('',(9.804955745531,40.062670578453,
    29.241709482618));
#3599 = CARTESIAN_POINT('',(9.847823061468,40.008002416589,
    29.15938684442));
#3600 = CARTESIAN_POINT('',(9.864496076857,39.986725193131,
    29.124979713718));
#3601 = CARTESIAN_POINT('',(9.880387798294,39.966432090274,
    29.089557391908));
#3602 = CARTESIAN_POINT('',(9.895426798199,39.947216515292,
    29.053122398125));
#3603 = CARTESIAN_POINT('',(9.909535220303,39.929180245131,
    29.015690470718));
#3604 = CARTESIAN_POINT('',(9.922631433997,39.912429973621,
    28.977293578477));
#3605 = CARTESIAN_POINT('',(9.952354676411,39.874397822927,
    28.879933768131));
#3606 = CARTESIAN_POINT('',(9.967700392614,39.854747303014,
    28.819855679384));
#3607 = CARTESIAN_POINT('',(9.980380208248,39.838500050259,
    28.757971455828));
#3608 = CARTESIAN_POINT('',(9.990124262462,39.826008786122,
    28.694588479639));
#3609 = CARTESIAN_POINT('',(9.996709528388,39.817564891957,
    28.630110106915));
#3610 = CARTESIAN_POINT('',(10.,39.813345752398,28.565042941403));
#3611 = CARTESIAN_POINT('',(10.,39.813345752398,28.5));
#3612 = PCURVE('',#1526,#3613);
#3613 = DEFINITIONAL_REPRESENTATION('',(#3614),#3653);
#3614 = B_SPLINE_CURVE_WITH_KNOTS('',7,(#3615,#3616,#3617,#3618,#3619,
    #3620,#3621,#3622,#3623,#3624,#3625,#3626,#3627,#3628,#3629,#3630,
    #3631,#3632,#3633,#3634,#3635,#3636,#3637,#3638,#3639,#3640,#3641,
    #3642,#3643,#3644,#3645,#3646,#3647,#3648,#3649,#3650,#3651,#3652),
  .UNSPECIFIED.,.F.,.F.,(8,6,6,6,6,6,8),(0.,3.423135871176E-02,
    0.338130675586,0.613341968959,0.7570370812,0.855137410355,1.),
  .UNSPECIFIED.);
#3615 = CARTESIAN_POINT('',(0.,3.142355412429));
#3616 = CARTESIAN_POINT('',(6.367984684166E-03,3.13065954351));
#3617 = CARTESIAN_POINT('',(1.273468941308E-02,3.118962195667));
#3618 = CARTESIAN_POINT('',(1.910037261585E-02,3.10726366782));
#3619 = CARTESIAN_POINT('',(2.546529262848E-02,3.095564258703));
#3620 = CARTESIAN_POINT('',(3.182970769382E-02,3.083864266864));
#3621 = CARTESIAN_POINT('',(3.819387596161E-02,3.072163990671));
#3622 = CARTESIAN_POINT('',(0.101057998332,2.956591084194));
#3623 = CARTESIAN_POINT('',(0.157551552264,2.852733338668));
#3624 = CARTESIAN_POINT('',(0.214230608898,2.749077289408));
#3625 = CARTESIAN_POINT('',(0.271279669487,2.645836494782));
#3626 = CARTESIAN_POINT('',(0.328886532345,2.543254581633));
#3627 = CARTESIAN_POINT('',(0.387263887378,2.441615988296));
#3628 = CARTESIAN_POINT('',(0.50049070949,2.250385487879));
#3629 = CARTESIAN_POINT('',(0.555122585412,2.16061364264));
#3630 = CARTESIAN_POINT('',(0.610802866469,2.072159665945));
#3631 = CARTESIAN_POINT('',(0.6677492546,1.985357221809));
#3632 = CARTESIAN_POINT('',(0.726198924429,1.900679308149));
#3633 = CARTESIAN_POINT('',(0.786418997911,1.818740862936));
#3634 = CARTESIAN_POINT('',(0.881378995197,1.699465967616));
#3635 = CARTESIAN_POINT('',(0.914530938031,1.659542542651));
#3636 = CARTESIAN_POINT('',(0.948315379539,1.620729821114));
#3637 = CARTESIAN_POINT('',(0.982781300398,1.583182378728));
#3638 = CARTESIAN_POINT('',(1.017973828387,1.547088722736));
#3639 = CARTESIAN_POINT('',(1.053935555338,1.512670578453));
#3640 = CARTESIAN_POINT('',(1.115812219528,1.458002416589));
#3641 = CARTESIAN_POINT('',(1.141291003863,1.436725193131));
#3642 = CARTESIAN_POINT('',(1.167155219733,1.416432090274));
#3643 = CARTESIAN_POINT('',(1.193410892841,1.397216515292));
#3644 = CARTESIAN_POINT('',(1.220058052818,1.379180245131));
#3645 = CARTESIAN_POINT('',(1.247089724076,1.362429973621));
#3646 = CARTESIAN_POINT('',(1.314953652673,1.324397822927));
#3647 = CARTESIAN_POINT('',(1.356247447221,1.304747303014));
#3648 = CARTESIAN_POINT('',(1.398282348811,1.288500050259));
#3649 = CARTESIAN_POINT('',(1.440937387965,1.276008786122));
#3650 = CARTESIAN_POINT('',(1.484056302105,1.267564891957));
#3651 = CARTESIAN_POINT('',(1.52743436586,1.263345752398));
#3652 = CARTESIAN_POINT('',(1.570796326795,1.263345752398));
#3653 = ( GEOMETRIC_REPRESENTATION_CONTEXT(2) 
PARAMETRIC_REPRESENTATION_CONTEXT() REPRESENTATION_CONTEXT('2D SPACE',''
  ) );
#3654 = PCURVE('',#1559,#3655);
#3655 = DEFINITIONAL_REPRESENTATION('',(#3656),#3695);
#3656 = B_SPLINE_CURVE_WITH_KNOTS('',7,(#3657,#3658,#3659,#3660,#3661,
    #3662,#3663,#3664,#3665,#3666,#3667,#3668,#3669,#3670,#3671,#3672,
    #3673,#3674,#3675,#3676,#3677,#3678,#3679,#3680,#3681,#3682,#3683,
    #3684,#3685,#3686,#3687,#3688,#3689,#3690,#3691,#3692,#3693,#3694),
  .UNSPECIFIED.,.F.,.F.,(8,6,6,6,6,6,8),(0.,3.423135871176E-02,
    0.338130675586,0.613341968959,0.7570370812,0.855137410355,1.),
  .UNSPECIFIED.);
#3657 = CARTESIAN_POINT('',(4.496340943304E-02,1.570796326795));
#3658 = CARTESIAN_POINT('',(4.468853584633E-02,1.577164309687));
#3659 = CARTESIAN_POINT('',(4.441355556148E-02,1.583531014339));
#3660 = CARTESIAN_POINT('',(4.413847552135E-02,1.589896698049));
#3661 = CARTESIAN_POINT('',(4.386330268767E-02,1.596261618449));
#3662 = CARTESIAN_POINT('',(4.358804404098E-02,1.602626033495));
#3663 = CARTESIAN_POINT('',(4.331270658068E-02,1.608990201474));
#3664 = CARTESIAN_POINT('',(4.059226774371E-02,1.671854323844));
#3665 = CARTESIAN_POINT('',(3.814190402328E-02,1.728347877776));
#3666 = CARTESIAN_POINT('',(3.569059392499E-02,1.78502693441));
#3667 = CARTESIAN_POINT('',(3.324341757432E-02,1.842075994999));
#3668 = CARTESIAN_POINT('',(3.080623774086E-02,1.899682857857));
#3669 = CARTESIAN_POINT('',(2.838597359118E-02,1.95806021289));
#3670 = CARTESIAN_POINT('',(2.382222171031E-02,2.071287035002));
#3671 = CARTESIAN_POINT('',(2.167540393383E-02,2.125918910925));
#3672 = CARTESIAN_POINT('',(1.955582674761E-02,2.181599191981));
#3673 = CARTESIAN_POINT('',(1.74716960755E-02,2.238545580113));
#3674 = CARTESIAN_POINT('',(1.543466030272E-02,2.296995249941));
#3675 = CARTESIAN_POINT('',(1.345992493698E-02,2.357215323423));
#3676 = CARTESIAN_POINT('',(1.058057628472E-02,2.45217532071));
#3677 = CARTESIAN_POINT('',(9.615909223379E-03,2.485327263543));
#3678 = CARTESIAN_POINT('',(8.677233632434E-03,2.519111705051));
#3679 = CARTESIAN_POINT('',(7.768372975934E-03,2.55357762591));
#3680 = CARTESIAN_POINT('',(6.893987693835E-03,2.5887701539));
#3681 = CARTESIAN_POINT('',(6.059560444381E-03,2.62473188085));
#3682 = CARTESIAN_POINT('',(4.733293253381E-03,2.68660854504));
#3683 = CARTESIAN_POINT('',(4.2168362003E-03,2.712087329376));
#3684 = CARTESIAN_POINT('',(3.724027734563E-03,2.737951545245));
#3685 = CARTESIAN_POINT('',(3.25717667805E-03,2.764207218354));
#3686 = CARTESIAN_POINT('',(2.818798107159E-03,2.79085437833));
#3687 = CARTESIAN_POINT('',(2.411528332754E-03,2.817886049588));
#3688 = CARTESIAN_POINT('',(1.486517730112E-03,2.885749978185));
#3689 = CARTESIAN_POINT('',(1.008304466434E-03,2.927043772733));
#3690 = CARTESIAN_POINT('',(6.12719602981E-04,2.969078674324));
#3691 = CARTESIAN_POINT('',(3.084789194219E-04,3.011733713477));
#3692 = CARTESIAN_POINT('',(1.027802712033E-04,3.054852627618));
#3693 = CARTESIAN_POINT('',(9.232614672783E-12,3.098230691372));
#3694 = CARTESIAN_POINT('',(9.232614672783E-12,3.141592652307));
#3695 = ( GEOMETRIC_REPRESENTATION_CONTEXT(2) 
PARAMETRIC_REPRESENTATION_CONTEXT() REPRESENTATION_CONTEXT('2D SPACE',''
  ) );
#3696 = ORIENTED_EDGE('',*,*,#1510,.F.);
#3697 = ADVANCED_FACE('',(#3698),#1643,.T.);
#3698 = FACE_BOUND('',#3699,.T.);
#3699 = EDGE_LOOP('',(#3700,#3732,#3733,#3734));
#3700 = ORIENTED_EDGE('',*,*,#3701,.T.);
#3701 = EDGE_CURVE('',#1600,#3124,#3702,.T.);
#3702 = SURFACE_CURVE('',#3703,(#3708,#3720),.PCURVE_S1.);
#3703 = ELLIPSE('',#3704,2.12132034356,1.5);
#3704 = AXIS2_PLACEMENT_3D('',#3705,#3706,#3707);
#3705 = CARTESIAN_POINT('',(-4.5,40.05,28.5));
#3706 = DIRECTION('',(0.707106781187,0.707106781187,0.));
#3707 = DIRECTION('',(0.707106781187,-0.707106781187,0.));
#3708 = PCURVE('',#1643,#3709);
#3709 = DEFINITIONAL_REPRESENTATION('',(#3710),#3719);
#3710 = B_SPLINE_CURVE_WITH_KNOTS('',7,(#3711,#3712,#3713,#3714,#3715,
    #3716,#3717,#3718),.UNSPECIFIED.,.F.,.F.,(8,8),(4.712388980385,
    6.28318530718),.PIECEWISE_BEZIER_KNOTS.);
#3711 = CARTESIAN_POINT('',(0.,1.5));
#3712 = CARTESIAN_POINT('',(0.224399475256,1.163400787115));
#3713 = CARTESIAN_POINT('',(0.448798950513,0.826802941021));
#3714 = CARTESIAN_POINT('',(0.673198425769,0.51787976134));
#3715 = CARTESIAN_POINT('',(0.897597901026,0.264356243062));
#3716 = CARTESIAN_POINT('',(1.121997376282,8.812300891503E-02));
#3717 = CARTESIAN_POINT('',(1.346396851538,8.244302973093E-17));
#3718 = CARTESIAN_POINT('',(1.570796326795,0.));
#3719 = ( GEOMETRIC_REPRESENTATION_CONTEXT(2) 
PARAMETRIC_REPRESENTATION_CONTEXT() REPRESENTATION_CONTEXT('2D SPACE',''
  ) );
#3720 = PCURVE('',#1615,#3721);
#3721 = DEFINITIONAL_REPRESENTATION('',(#3722),#3731);
#3722 = B_SPLINE_CURVE_WITH_KNOTS('',7,(#3723,#3724,#3725,#3726,#3727,
    #3728,#3729,#3730),.UNSPECIFIED.,.F.,.F.,(8,8),(4.712388980385,
    6.28318530718),.PIECEWISE_BEZIER_KNOTS.);
#3723 = CARTESIAN_POINT('',(0.,5.5));
#3724 = CARTESIAN_POINT('',(0.224399475256,5.836599212885));
#3725 = CARTESIAN_POINT('',(0.448798950513,6.173197058977));
#3726 = CARTESIAN_POINT('',(0.673198425769,6.482120238662));
#3727 = CARTESIAN_POINT('',(0.897597901026,6.735643756937));
#3728 = CARTESIAN_POINT('',(1.121997376282,6.911876991086));
#3729 = CARTESIAN_POINT('',(1.346396851538,7.));
#3730 = CARTESIAN_POINT('',(1.570796326795,7.));
#3731 = ( GEOMETRIC_REPRESENTATION_CONTEXT(2) 
PARAMETRIC_REPRESENTATION_CONTEXT() REPRESENTATION_CONTEXT('2D SPACE',''
  ) );
#3732 = ORIENTED_EDGE('',*,*,#3195,.T.);
#3733 = ORIENTED_EDGE('',*,*,#3533,.F.);
#3734 = ORIENTED_EDGE('',*,*,#1627,.F.);
#3735 = ADVANCED_FACE('',(#3736),#1559,.T.);
#3736 = FACE_BOUND('',#3737,.F.);
#3737 = EDGE_LOOP('',(#3738,#3739,#3740,#3866));
#3738 = ORIENTED_EDGE('',*,*,#3571,.F.);
#3739 = ORIENTED_EDGE('',*,*,#1538,.T.);
#3740 = ORIENTED_EDGE('',*,*,#3741,.T.);
#3741 = EDGE_CURVE('',#1539,#3025,#3742,.T.);
#3742 = SURFACE_CURVE('',#3743,(#3782,#3824),.PCURVE_S1.);
#3743 = B_SPLINE_CURVE_WITH_KNOTS('',7,(#3744,#3745,#3746,#3747,#3748,
    #3749,#3750,#3751,#3752,#3753,#3754,#3755,#3756,#3757,#3758,#3759,
    #3760,#3761,#3762,#3763,#3764,#3765,#3766,#3767,#3768,#3769,#3770,
    #3771,#3772,#3773,#3774,#3775,#3776,#3777,#3778,#3779,#3780,#3781),
  .UNSPECIFIED.,.F.,.F.,(8,6,6,6,6,6,8),(0.,3.42313587523E-02,
    0.338130675624,0.613341968992,0.757037081229,0.855137410381,1.),
  .UNSPECIFIED.);
#3744 = CARTESIAN_POINT('',(-8.5,41.692355412435,30.));
#3745 = CARTESIAN_POINT('',(-8.509551977248,41.680659543499,
    29.999999999998));
#3746 = CARTESIAN_POINT('',(-8.519102033994,41.668962195643,
    29.999929035355));
#3747 = CARTESIAN_POINT('',(-8.528649926098,41.657263667783,
    29.999787157403));
#3748 = CARTESIAN_POINT('',(-8.538195409522,41.645564258652,
    29.999574407245));
#3749 = CARTESIAN_POINT('',(-8.547738240332,41.6338642668,
    29.999290815755));
#3750 = CARTESIAN_POINT('',(-8.557278174696,41.622163990592,
    29.998936403575));
#3751 = CARTESIAN_POINT('',(-8.651480764969,41.506591084102,
    29.994736139194));
#3752 = CARTESIAN_POINT('',(-8.735887842166,41.402733338577,
    29.98538050421));
#3753 = CARTESIAN_POINT('',(-8.819884057664,41.299077289317,
    29.97045417808));
#3754 = CARTESIAN_POINT('',(-8.903298160182,41.195836494693,
    29.949894809905));
#3755 = CARTESIAN_POINT('',(-8.985937610517,41.093254581545,
    29.923583055571));
#3756 = CARTESIAN_POINT('',(-9.067580697043,40.991615988209,
    29.891328773455));
#3757 = CARTESIAN_POINT('',(-9.220757130041,40.800385487796,
    29.817961988213));
#3758 = CARTESIAN_POINT('',(-9.292476008884,40.71061364256,
    29.777992805106));
#3759 = CARTESIAN_POINT('',(-9.362958806897,40.622159665867,
    29.732687425579));
#3760 = CARTESIAN_POINT('',(-9.431948982473,40.535357221736,
    29.681754025054));
#3761 = CARTESIAN_POINT('',(-9.499083366099,40.450679308078,
    29.624841596972));
#3762 = CARTESIAN_POINT('',(-9.563892277624,40.368740862869,
    29.561550923827));
#3763 = CARTESIAN_POINT('',(-9.658028044056,40.249465967555,
    29.454650924206));
#3764 = CARTESIAN_POINT('',(-9.689498712518,40.209542542592,
    29.416103402916));
#3765 = CARTESIAN_POINT('',(-9.720057822057,40.170729821058,
    29.375601861544));
#3766 = CARTESIAN_POINT('',(-9.749587314606,40.133182378674,
    29.333075259432));
#3767 = CARTESIAN_POINT('',(-9.777943104601,40.097088722685,
    29.288461145419));
#3768 = CARTESIAN_POINT('',(-9.804955745568,40.062670578405,
    29.241709482552));
#3769 = CARTESIAN_POINT('',(-9.847823061502,40.008002416547,
    29.159386844352));
#3770 = CARTESIAN_POINT('',(-9.864496076888,39.986725193091,
    29.124979713649));
#3771 = CARTESIAN_POINT('',(-9.880387798324,39.966432090235,
    29.089557391839));
#3772 = CARTESIAN_POINT('',(-9.895426798227,39.947216515257,
    29.053122398055));
#3773 = CARTESIAN_POINT('',(-9.909535220329,39.929180245097,
    29.015690470647));
#3774 = CARTESIAN_POINT('',(-9.922631434021,39.91242997359,
    28.977293578406));
#3775 = CARTESIAN_POINT('',(-9.952354676427,39.874397822906,
    28.879933768067));
#3776 = CARTESIAN_POINT('',(-9.967700392625,39.854747303,28.819855679329
    ));
#3777 = CARTESIAN_POINT('',(-9.980380208255,39.83850005025,
    28.757971455783));
#3778 = CARTESIAN_POINT('',(-9.990124262465,39.826008786117,
    28.694588479605));
#3779 = CARTESIAN_POINT('',(-9.99670952839,39.817564891955,
    28.630110106892));
#3780 = CARTESIAN_POINT('',(-10.,39.813345752398,28.565042941391));
#3781 = CARTESIAN_POINT('',(-10.,39.813345752398,28.5));
#3782 = PCURVE('',#1559,#3783);
#3783 = DEFINITIONAL_REPRESENTATION('',(#3784),#3823);
#3784 = B_SPLINE_CURVE_WITH_KNOTS('',7,(#3785,#3786,#3787,#3788,#3789,
    #3790,#3791,#3792,#3793,#3794,#3795,#3796,#3797,#3798,#3799,#3800,
    #3801,#3802,#3803,#3804,#3805,#3806,#3807,#3808,#3809,#3810,#3811,
    #3812,#3813,#3814,#3815,#3816,#3817,#3818,#3819,#3820,#3821,#3822),
  .UNSPECIFIED.,.F.,.F.,(8,6,6,6,6,6,8),(0.,3.42313587523E-02,
    0.338130675624,0.613341968992,0.757037081229,0.855137410381,1.),
  .UNSPECIFIED.);
#3785 = CARTESIAN_POINT('',(-5.835985772139,1.570796328073));
#3786 = CARTESIAN_POINT('',(-5.835710898552,1.577164310976));
#3787 = CARTESIAN_POINT('',(-5.835435918266,1.583531015635));
#3788 = CARTESIAN_POINT('',(-5.835160838226,1.589896699352));
#3789 = CARTESIAN_POINT('',(-5.834885665392,1.596261619759));
#3790 = CARTESIAN_POINT('',(-5.834610406745,1.602626034812));
#3791 = CARTESIAN_POINT('',(-5.834335069284,1.608990202799));
#3792 = CARTESIAN_POINT('',(-5.831614630447,1.671854325177));
#3793 = CARTESIAN_POINT('',(-5.829164266727,1.728347879109));
#3794 = CARTESIAN_POINT('',(-5.826712956628,1.785026935743));
#3795 = CARTESIAN_POINT('',(-5.824265780278,1.842075996331));
#3796 = CARTESIAN_POINT('',(-5.821828600444,1.89968285919));
#3797 = CARTESIAN_POINT('',(-5.819408336295,1.958060214223));
#3798 = CARTESIAN_POINT('',(-5.814844584414,2.071287036335));
#3799 = CARTESIAN_POINT('',(-5.812697766637,2.125918912257));
#3800 = CARTESIAN_POINT('',(-5.810578189451,2.181599193314));
#3801 = CARTESIAN_POINT('',(-5.808494058779,2.238545581444));
#3802 = CARTESIAN_POINT('',(-5.806457023006,2.296995251274));
#3803 = CARTESIAN_POINT('',(-5.804482287641,2.357215324756));
#3804 = CARTESIAN_POINT('',(-5.801602938989,2.452175322042));
#3805 = CARTESIAN_POINT('',(-5.800638271927,2.485327264876));
#3806 = CARTESIAN_POINT('',(-5.799699596337,2.519111706384));
#3807 = CARTESIAN_POINT('',(-5.79879073568,2.553577627243));
#3808 = CARTESIAN_POINT('',(-5.797916350398,2.588770155233));
#3809 = CARTESIAN_POINT('',(-5.797081923149,2.624731882183));
#3810 = CARTESIAN_POINT('',(-5.795755655958,2.686608546373));
#3811 = CARTESIAN_POINT('',(-5.795239198905,2.712087330709));
#3812 = CARTESIAN_POINT('',(-5.794746390439,2.737951546578));
#3813 = CARTESIAN_POINT('',(-5.794279539383,2.764207219687));
#3814 = CARTESIAN_POINT('',(-5.793841160812,2.790854379663));
#3815 = CARTESIAN_POINT('',(-5.793433891037,2.817886050921));
#3816 = CARTESIAN_POINT('',(-5.792508880435,2.885749979511));
#3817 = CARTESIAN_POINT('',(-5.792030667172,2.927043774053));
#3818 = CARTESIAN_POINT('',(-5.791635082308,2.969078675636));
#3819 = CARTESIAN_POINT('',(-5.791330841625,3.011733714783));
#3820 = CARTESIAN_POINT('',(-5.791125142977,3.054852628916));
#3821 = CARTESIAN_POINT('',(-5.791022362715,3.098230692662));
#3822 = CARTESIAN_POINT('',(-5.791022362715,3.14159265359));
#3823 = ( GEOMETRIC_REPRESENTATION_CONTEXT(2) 
PARAMETRIC_REPRESENTATION_CONTEXT() REPRESENTATION_CONTEXT('2D SPACE',''
  ) );
#3824 = PCURVE('',#1587,#3825);
#3825 = DEFINITIONAL_REPRESENTATION('',(#3826),#3865);
#3826 = B_SPLINE_CURVE_WITH_KNOTS('',7,(#3827,#3828,#3829,#3830,#3831,
    #3832,#3833,#3834,#3835,#3836,#3837,#3838,#3839,#3840,#3841,#3842,
    #3843,#3844,#3845,#3846,#3847,#3848,#3849,#3850,#3851,#3852,#3853,
    #3854,#3855,#3856,#3857,#3858,#3859,#3860,#3861,#3862,#3863,#3864),
  .UNSPECIFIED.,.F.,.F.,(8,6,6,6,6,6,8),(0.,3.42313587523E-02,
    0.338130675624,0.613341968992,0.757037081229,0.855137410381,1.),
  .UNSPECIFIED.);
#3827 = CARTESIAN_POINT('',(0.,3.142355412435));
#3828 = CARTESIAN_POINT('',(-6.367984688238E-03,3.130659543499));
#3829 = CARTESIAN_POINT('',(-1.273468942458E-02,3.118962195643));
#3830 = CARTESIAN_POINT('',(-1.910037263592E-02,3.107263667783));
#3831 = CARTESIAN_POINT('',(-2.546529265684E-02,3.095564258652));
#3832 = CARTESIAN_POINT('',(-3.182970772966E-02,3.0838642668));
#3833 = CARTESIAN_POINT('',(-3.819387600438E-02,3.072163990592));
#3834 = CARTESIAN_POINT('',(-0.101057998382,2.956591084102));
#3835 = CARTESIAN_POINT('',(-0.157551552314,2.852733338577));
#3836 = CARTESIAN_POINT('',(-0.214230608948,2.749077289317));
#3837 = CARTESIAN_POINT('',(-0.271279669536,2.645836494693));
#3838 = CARTESIAN_POINT('',(-0.328886532395,2.543254581545));
#3839 = CARTESIAN_POINT('',(-0.387263887428,2.441615988209));
#3840 = CARTESIAN_POINT('',(-0.50049070954,2.250385487796));
#3841 = CARTESIAN_POINT('',(-0.555122585462,2.16061364256));
#3842 = CARTESIAN_POINT('',(-0.61080286652,2.072159665867));
#3843 = CARTESIAN_POINT('',(-0.667749254649,1.985357221736));
#3844 = CARTESIAN_POINT('',(-0.726198924479,1.900679308078));
#3845 = CARTESIAN_POINT('',(-0.786418997961,1.818740862869));
#3846 = CARTESIAN_POINT('',(-0.881378995248,1.699465967555));
#3847 = CARTESIAN_POINT('',(-0.914530938081,1.659542542592));
#3848 = CARTESIAN_POINT('',(-0.948315379589,1.620729821058));
#3849 = CARTESIAN_POINT('',(-0.982781300448,1.583182378674));
#3850 = CARTESIAN_POINT('',(-1.017973828438,1.547088722685));
#3851 = CARTESIAN_POINT('',(-1.053935555388,1.512670578405));
#3852 = CARTESIAN_POINT('',(-1.115812219579,1.458002416547));
#3853 = CARTESIAN_POINT('',(-1.141291003914,1.436725193091));
#3854 = CARTESIAN_POINT('',(-1.167155219783,1.416432090235));
#3855 = CARTESIAN_POINT('',(-1.193410892892,1.397216515257));
#3856 = CARTESIAN_POINT('',(-1.220058052868,1.379180245097));
#3857 = CARTESIAN_POINT('',(-1.247089724126,1.36242997359));
#3858 = CARTESIAN_POINT('',(-1.314953652717,1.324397822906));
#3859 = CARTESIAN_POINT('',(-1.356247447258,1.304747303));
#3860 = CARTESIAN_POINT('',(-1.398282348842,1.28850005025));
#3861 = CARTESIAN_POINT('',(-1.440937387988,1.276008786117));
#3862 = CARTESIAN_POINT('',(-1.484056302121,1.267564891955));
#3863 = CARTESIAN_POINT('',(-1.527434365867,1.263345752398));
#3864 = CARTESIAN_POINT('',(-1.570796326795,1.263345752398));
#3865 = ( GEOMETRIC_REPRESENTATION_CONTEXT(2) 
PARAMETRIC_REPRESENTATION_CONTEXT() REPRESENTATION_CONTEXT('2D SPACE',''
  ) );
#3866 = ORIENTED_EDGE('',*,*,#3047,.F.);
#3867 = ADVANCED_FACE('',(#3868),#1615,.T.);
#3868 = FACE_BOUND('',#3869,.T.);
#3869 = EDGE_LOOP('',(#3870,#3902,#3903,#3904));
#3870 = ORIENTED_EDGE('',*,*,#3871,.T.);
#3871 = EDGE_CURVE('',#1572,#3076,#3872,.T.);
#3872 = SURFACE_CURVE('',#3873,(#3878,#3890),.PCURVE_S1.);
#3873 = ELLIPSE('',#3874,2.12132034356,1.5);
#3874 = AXIS2_PLACEMENT_3D('',#3875,#3876,#3877);
#3875 = CARTESIAN_POINT('',(-8.5,40.05,28.5));
#3876 = DIRECTION('',(0.707106781187,-0.707106781187,-0.));
#3877 = DIRECTION('',(0.707106781187,0.707106781187,0.));
#3878 = PCURVE('',#1615,#3879);
#3879 = DEFINITIONAL_REPRESENTATION('',(#3880),#3889);
#3880 = B_SPLINE_CURVE_WITH_KNOTS('',7,(#3881,#3882,#3883,#3884,#3885,
    #3886,#3887,#3888),.UNSPECIFIED.,.F.,.F.,(8,8),(1.570796326795,
    3.14159265359),.PIECEWISE_BEZIER_KNOTS.);
#3881 = CARTESIAN_POINT('',(0.,1.5));
#3882 = CARTESIAN_POINT('',(0.224399475256,1.163400787115));
#3883 = CARTESIAN_POINT('',(0.448798950513,0.826802941021));
#3884 = CARTESIAN_POINT('',(0.673198425769,0.517879761339));
#3885 = CARTESIAN_POINT('',(0.897597901026,0.264356243062));
#3886 = CARTESIAN_POINT('',(1.121997376282,8.812300891501E-02));
#3887 = CARTESIAN_POINT('',(1.346396851538,-4.122151486547E-17));
#3888 = CARTESIAN_POINT('',(1.570796326795,0.));
#3889 = ( GEOMETRIC_REPRESENTATION_CONTEXT(2) 
PARAMETRIC_REPRESENTATION_CONTEXT() REPRESENTATION_CONTEXT('2D SPACE',''
  ) );
#3890 = PCURVE('',#1587,#3891);
#3891 = DEFINITIONAL_REPRESENTATION('',(#3892),#3901);
#3892 = B_SPLINE_CURVE_WITH_KNOTS('',7,(#3893,#3894,#3895,#3896,#3897,
    #3898,#3899,#3900),.UNSPECIFIED.,.F.,.F.,(8,8),(1.570796326795,
    3.14159265359),.PIECEWISE_BEZIER_KNOTS.);
#3893 = CARTESIAN_POINT('',(0.,1.5));
#3894 = CARTESIAN_POINT('',(-0.224399475256,1.163400787115));
#3895 = CARTESIAN_POINT('',(-0.448798950513,0.826802941022));
#3896 = CARTESIAN_POINT('',(-0.673198425769,0.517879761339));
#3897 = CARTESIAN_POINT('',(-0.897597901026,0.264356243062));
#3898 = CARTESIAN_POINT('',(-1.121997376282,8.812300891488E-02));
#3899 = CARTESIAN_POINT('',(-1.346396851538,-4.122151486547E-17));
#3900 = CARTESIAN_POINT('',(-1.570796326795,0.));
#3901 = ( GEOMETRIC_REPRESENTATION_CONTEXT(2) 
PARAMETRIC_REPRESENTATION_CONTEXT() REPRESENTATION_CONTEXT('2D SPACE',''
  ) );
#3902 = ORIENTED_EDGE('',*,*,#3148,.T.);
#3903 = ORIENTED_EDGE('',*,*,#3701,.F.);
#3904 = ORIENTED_EDGE('',*,*,#1599,.F.);
#3905 = ADVANCED_FACE('',(#3906),#1587,.T.);
#3906 = FACE_BOUND('',#3907,.F.);
#3907 = EDGE_LOOP('',(#3908,#3909,#3910,#3911));
#3908 = ORIENTED_EDGE('',*,*,#3871,.T.);
#3909 = ORIENTED_EDGE('',*,*,#3075,.T.);
#3910 = ORIENTED_EDGE('',*,*,#3741,.F.);
#3911 = ORIENTED_EDGE('',*,*,#1571,.F.);
#3912 = ADVANCED_FACE('',(#3913),#1960,.F.);
#3913 = FACE_BOUND('',#3914,.F.);
#3914 = EDGE_LOOP('',(#3915,#3938,#3939,#3940,#3941,#3964));
#3915 = ORIENTED_EDGE('',*,*,#3916,.F.);
#3916 = EDGE_CURVE('',#1941,#3917,#3919,.T.);
#3917 = VERTEX_POINT('',#3918);
#3918 = CARTESIAN_POINT('',(-44.05,-24.54558441227,8.514718625761));
#3919 = SURFACE_CURVE('',#3920,(#3924,#3931),.PCURVE_S1.);
#3920 = LINE('',#3921,#3922);
#3921 = CARTESIAN_POINT('',(-113.,-24.54558441227,8.514718625761));
#3922 = VECTOR('',#3923,1.);
#3923 = DIRECTION('',(1.,0.,0.));
#3924 = PCURVE('',#1960,#3925);
#3925 = DEFINITIONAL_REPRESENTATION('',(#3926),#3930);
#3926 = LINE('',#3927,#3928);
#3927 = CARTESIAN_POINT('',(0.,0.));
#3928 = VECTOR('',#3929,1.);
#3929 = DIRECTION('',(0.,1.));
#3930 = ( GEOMETRIC_REPRESENTATION_CONTEXT(2) 
PARAMETRIC_REPRESENTATION_CONTEXT() REPRESENTATION_CONTEXT('2D SPACE',''
  ) );
#3931 = PCURVE('',#1992,#3932);
#3932 = DEFINITIONAL_REPRESENTATION('',(#3933),#3937);
#3933 = LINE('',#3934,#3935);
#3934 = CARTESIAN_POINT('',(0.,12.));
#3935 = VECTOR('',#3936,1.);
#3936 = DIRECTION('',(1.,0.));
#3937 = ( GEOMETRIC_REPRESENTATION_CONTEXT(2) 
PARAMETRIC_REPRESENTATION_CONTEXT() REPRESENTATION_CONTEXT('2D SPACE',''
  ) );
#3938 = ORIENTED_EDGE('',*,*,#1940,.T.);
#3939 = ORIENTED_EDGE('',*,*,#2901,.T.);
#3940 = ORIENTED_EDGE('',*,*,#2721,.T.);
#3941 = ORIENTED_EDGE('',*,*,#3942,.T.);
#3942 = EDGE_CURVE('',#2699,#3943,#3945,.T.);
#3943 = VERTEX_POINT('',#3944);
#3944 = CARTESIAN_POINT('',(-44.05,-16.06030303803,17.));
#3945 = SURFACE_CURVE('',#3946,(#3950,#3957),.PCURVE_S1.);
#3946 = LINE('',#3947,#3948);
#3947 = CARTESIAN_POINT('',(-113.,-16.06030303803,17.));
#3948 = VECTOR('',#3949,1.);
#3949 = DIRECTION('',(1.,0.,0.));
#3950 = PCURVE('',#1960,#3951);
#3951 = DEFINITIONAL_REPRESENTATION('',(#3952),#3956);
#3952 = LINE('',#3953,#3954);
#3953 = CARTESIAN_POINT('',(12.,0.));
#3954 = VECTOR('',#3955,1.);
#3955 = DIRECTION('',(0.,1.));
#3956 = ( GEOMETRIC_REPRESENTATION_CONTEXT(2) 
PARAMETRIC_REPRESENTATION_CONTEXT() REPRESENTATION_CONTEXT('2D SPACE',''
  ) );
#3957 = PCURVE('',#2084,#3958);
#3958 = DEFINITIONAL_REPRESENTATION('',(#3959),#3963);
#3959 = LINE('',#3960,#3961);
#3960 = CARTESIAN_POINT('',(0.,12.));
#3961 = VECTOR('',#3962,1.);
#3962 = DIRECTION('',(1.,0.));
#3963 = ( GEOMETRIC_REPRESENTATION_CONTEXT(2) 
PARAMETRIC_REPRESENTATION_CONTEXT() REPRESENTATION_CONTEXT('2D SPACE',''
  ) );
#3964 = ORIENTED_EDGE('',*,*,#3965,.F.);
#3965 = EDGE_CURVE('',#3917,#3943,#3966,.T.);
#3966 = SURFACE_CURVE('',#3967,(#3971,#3978),.PCURVE_S1.);
#3967 = LINE('',#3968,#3969);
#3968 = CARTESIAN_POINT('',(-44.05,-24.54558441227,8.514718625761));
#3969 = VECTOR('',#3970,1.);
#3970 = DIRECTION('',(0.,0.707106781187,0.707106781187));
#3971 = PCURVE('',#1960,#3972);
#3972 = DEFINITIONAL_REPRESENTATION('',(#3973),#3977);
#3973 = LINE('',#3974,#3975);
#3974 = CARTESIAN_POINT('',(0.,68.95));
#3975 = VECTOR('',#3976,1.);
#3976 = DIRECTION('',(1.,0.));
#3977 = ( GEOMETRIC_REPRESENTATION_CONTEXT(2) 
PARAMETRIC_REPRESENTATION_CONTEXT() REPRESENTATION_CONTEXT('2D SPACE',''
  ) );
#3978 = PCURVE('',#2020,#3979);
#3979 = DEFINITIONAL_REPRESENTATION('',(#3980),#3984);
#3980 = LINE('',#3981,#3982);
#3981 = CARTESIAN_POINT('',(4.440892098501E-15,-12.));
#3982 = VECTOR('',#3983,1.);
#3983 = DIRECTION('',(1.,0.));
#3984 = ( GEOMETRIC_REPRESENTATION_CONTEXT(2) 
PARAMETRIC_REPRESENTATION_CONTEXT() REPRESENTATION_CONTEXT('2D SPACE',''
  ) );
#3985 = ADVANCED_FACE('',(#3986),#1992,.T.);
#3986 = FACE_BOUND('',#3987,.T.);
#3987 = EDGE_LOOP('',(#3988,#3989,#3990));
#3988 = ORIENTED_EDGE('',*,*,#3916,.F.);
#3989 = ORIENTED_EDGE('',*,*,#1972,.T.);
#3990 = ORIENTED_EDGE('',*,*,#3991,.T.);
#3991 = EDGE_CURVE('',#1973,#3917,#3992,.T.);
#3992 = SURFACE_CURVE('',#3993,(#3997,#4004),.PCURVE_S1.);
#3993 = LINE('',#3994,#3995);
#3994 = CARTESIAN_POINT('',(-44.05,-33.03086578651,17.));
#3995 = VECTOR('',#3996,1.);
#3996 = DIRECTION('',(0.,0.707106781187,-0.707106781187));
#3997 = PCURVE('',#1992,#3998);
#3998 = DEFINITIONAL_REPRESENTATION('',(#3999),#4003);
#3999 = LINE('',#4000,#4001);
#4000 = CARTESIAN_POINT('',(68.95,0.));
#4001 = VECTOR('',#4002,1.);
#4002 = DIRECTION('',(0.,1.));
#4003 = ( GEOMETRIC_REPRESENTATION_CONTEXT(2) 
PARAMETRIC_REPRESENTATION_CONTEXT() REPRESENTATION_CONTEXT('2D SPACE',''
  ) );
#4004 = PCURVE('',#2020,#4005);
#4005 = DEFINITIONAL_REPRESENTATION('',(#4006),#4010);
#4006 = LINE('',#4007,#4008);
#4007 = CARTESIAN_POINT('',(0.,0.));
#4008 = VECTOR('',#4009,1.);
#4009 = DIRECTION('',(0.,-1.));
#4010 = ( GEOMETRIC_REPRESENTATION_CONTEXT(2) 
PARAMETRIC_REPRESENTATION_CONTEXT() REPRESENTATION_CONTEXT('2D SPACE',''
  ) );
#4011 = ADVANCED_FACE('',(#4012),#2329,.T.);
#4012 = FACE_BOUND('',#4013,.T.);
#4013 = EDGE_LOOP('',(#4014,#4037,#4038,#4039,#4040,#4063));
#4014 = ORIENTED_EDGE('',*,*,#4015,.F.);
#4015 = EDGE_CURVE('',#2278,#4016,#4018,.T.);
#4016 = VERTEX_POINT('',#4017);
#4017 = CARTESIAN_POINT('',(-44.05,24.545584412272,8.514718625761));
#4018 = SURFACE_CURVE('',#4019,(#4023,#4030),.PCURVE_S1.);
#4019 = LINE('',#4020,#4021);
#4020 = CARTESIAN_POINT('',(-113.,24.545584412272,8.514718625761));
#4021 = VECTOR('',#4022,1.);
#4022 = DIRECTION('',(1.,0.,0.));
#4023 = PCURVE('',#2329,#4024);
#4024 = DEFINITIONAL_REPRESENTATION('',(#4025),#4029);
#4025 = LINE('',#4026,#4027);
#4026 = CARTESIAN_POINT('',(0.,0.));
#4027 = VECTOR('',#4028,1.);
#4028 = DIRECTION('',(0.,1.));
#4029 = ( GEOMETRIC_REPRESENTATION_CONTEXT(2) 
PARAMETRIC_REPRESENTATION_CONTEXT() REPRESENTATION_CONTEXT('2D SPACE',''
  ) );
#4030 = PCURVE('',#2297,#4031);
#4031 = DEFINITIONAL_REPRESENTATION('',(#4032),#4036);
#4032 = LINE('',#4033,#4034);
#4033 = CARTESIAN_POINT('',(0.,0.));
#4034 = VECTOR('',#4035,1.);
#4035 = DIRECTION('',(1.,0.));
#4036 = ( GEOMETRIC_REPRESENTATION_CONTEXT(2) 
PARAMETRIC_REPRESENTATION_CONTEXT() REPRESENTATION_CONTEXT('2D SPACE',''
  ) );
#4037 = ORIENTED_EDGE('',*,*,#2309,.T.);
#4038 = ORIENTED_EDGE('',*,*,#2484,.F.);
#4039 = ORIENTED_EDGE('',*,*,#2583,.T.);
#4040 = ORIENTED_EDGE('',*,*,#4041,.T.);
#4041 = EDGE_CURVE('',#2584,#4042,#4044,.T.);
#4042 = VERTEX_POINT('',#4043);
#4043 = CARTESIAN_POINT('',(-44.05,16.060303038033,17.));
#4044 = SURFACE_CURVE('',#4045,(#4049,#4056),.PCURVE_S1.);
#4045 = LINE('',#4046,#4047);
#4046 = CARTESIAN_POINT('',(-113.,16.060303038033,17.));
#4047 = VECTOR('',#4048,1.);
#4048 = DIRECTION('',(1.,0.,0.));
#4049 = PCURVE('',#2329,#4050);
#4050 = DEFINITIONAL_REPRESENTATION('',(#4051),#4055);
#4051 = LINE('',#4052,#4053);
#4052 = CARTESIAN_POINT('',(12.,0.));
#4053 = VECTOR('',#4054,1.);
#4054 = DIRECTION('',(0.,1.));
#4055 = ( GEOMETRIC_REPRESENTATION_CONTEXT(2) 
PARAMETRIC_REPRESENTATION_CONTEXT() REPRESENTATION_CONTEXT('2D SPACE',''
  ) );
#4056 = PCURVE('',#2205,#4057);
#4057 = DEFINITIONAL_REPRESENTATION('',(#4058),#4062);
#4058 = LINE('',#4059,#4060);
#4059 = CARTESIAN_POINT('',(0.,0.));
#4060 = VECTOR('',#4061,1.);
#4061 = DIRECTION('',(1.,0.));
#4062 = ( GEOMETRIC_REPRESENTATION_CONTEXT(2) 
PARAMETRIC_REPRESENTATION_CONTEXT() REPRESENTATION_CONTEXT('2D SPACE',''
  ) );
#4063 = ORIENTED_EDGE('',*,*,#4064,.F.);
#4064 = EDGE_CURVE('',#4016,#4042,#4065,.T.);
#4065 = SURFACE_CURVE('',#4066,(#4070,#4077),.PCURVE_S1.);
#4066 = LINE('',#4067,#4068);
#4067 = CARTESIAN_POINT('',(-44.05,24.545584412272,8.514718625761));
#4068 = VECTOR('',#4069,1.);
#4069 = DIRECTION('',(0.,-0.707106781187,0.707106781187));
#4070 = PCURVE('',#2329,#4071);
#4071 = DEFINITIONAL_REPRESENTATION('',(#4072),#4076);
#4072 = LINE('',#4073,#4074);
#4073 = CARTESIAN_POINT('',(0.,68.95));
#4074 = VECTOR('',#4075,1.);
#4075 = DIRECTION('',(1.,0.));
#4076 = ( GEOMETRIC_REPRESENTATION_CONTEXT(2) 
PARAMETRIC_REPRESENTATION_CONTEXT() REPRESENTATION_CONTEXT('2D SPACE',''
  ) );
#4077 = PCURVE('',#2265,#4078);
#4078 = DEFINITIONAL_REPRESENTATION('',(#4079),#4083);
#4079 = LINE('',#4080,#4081);
#4080 = CARTESIAN_POINT('',(0.,0.));
#4081 = VECTOR('',#4082,1.);
#4082 = DIRECTION('',(1.,0.));
#4083 = ( GEOMETRIC_REPRESENTATION_CONTEXT(2) 
PARAMETRIC_REPRESENTATION_CONTEXT() REPRESENTATION_CONTEXT('2D SPACE',''
  ) );
#4084 = ADVANCED_FACE('',(#4085),#2020,.F.);
#4085 = FACE_BOUND('',#4086,.F.);
#4086 = EDGE_LOOP('',(#4087,#4110,#4111,#4112,#4113));
#4087 = ORIENTED_EDGE('',*,*,#4088,.F.);
#4088 = EDGE_CURVE('',#2005,#4089,#4091,.T.);
#4089 = VERTEX_POINT('',#4090);
#4090 = CARTESIAN_POINT('',(-44.05,-24.54558441227,25.485281374239));
#4091 = SURFACE_CURVE('',#4092,(#4096,#4103),.PCURVE_S1.);
#4092 = LINE('',#4093,#4094);
#4093 = CARTESIAN_POINT('',(-44.05,-33.03086578651,17.));
#4094 = VECTOR('',#4095,1.);
#4095 = DIRECTION('',(0.,0.707106781187,0.707106781187));
#4096 = PCURVE('',#2020,#4097);
#4097 = DEFINITIONAL_REPRESENTATION('',(#4098),#4102);
#4098 = LINE('',#4099,#4100);
#4099 = CARTESIAN_POINT('',(0.,0.));
#4100 = VECTOR('',#4101,1.);
#4101 = DIRECTION('',(1.,0.));
#4102 = ( GEOMETRIC_REPRESENTATION_CONTEXT(2) 
PARAMETRIC_REPRESENTATION_CONTEXT() REPRESENTATION_CONTEXT('2D SPACE',''
  ) );
#4103 = PCURVE('',#2052,#4104);
#4104 = DEFINITIONAL_REPRESENTATION('',(#4105),#4109);
#4105 = LINE('',#4106,#4107);
#4106 = CARTESIAN_POINT('',(0.,68.95));
#4107 = VECTOR('',#4108,1.);
#4108 = DIRECTION('',(1.,0.));
#4109 = ( GEOMETRIC_REPRESENTATION_CONTEXT(2) 
PARAMETRIC_REPRESENTATION_CONTEXT() REPRESENTATION_CONTEXT('2D SPACE',''
  ) );
#4110 = ORIENTED_EDGE('',*,*,#2004,.T.);
#4111 = ORIENTED_EDGE('',*,*,#3991,.T.);
#4112 = ORIENTED_EDGE('',*,*,#3965,.T.);
#4113 = ORIENTED_EDGE('',*,*,#4114,.F.);
#4114 = EDGE_CURVE('',#4089,#3943,#4115,.T.);
#4115 = SURFACE_CURVE('',#4116,(#4120,#4127),.PCURVE_S1.);
#4116 = LINE('',#4117,#4118);
#4117 = CARTESIAN_POINT('',(-44.05,-24.54558441227,25.485281374239));
#4118 = VECTOR('',#4119,1.);
#4119 = DIRECTION('',(0.,0.707106781187,-0.707106781187));
#4120 = PCURVE('',#2020,#4121);
#4121 = DEFINITIONAL_REPRESENTATION('',(#4122),#4126);
#4122 = LINE('',#4123,#4124);
#4123 = CARTESIAN_POINT('',(12.,-8.881784197001E-16));
#4124 = VECTOR('',#4125,1.);
#4125 = DIRECTION('',(0.,-1.));
#4126 = ( GEOMETRIC_REPRESENTATION_CONTEXT(2) 
PARAMETRIC_REPRESENTATION_CONTEXT() REPRESENTATION_CONTEXT('2D SPACE',''
  ) );
#4127 = PCURVE('',#2084,#4128);
#4128 = DEFINITIONAL_REPRESENTATION('',(#4129),#4133);
#4129 = LINE('',#4130,#4131);
#4130 = CARTESIAN_POINT('',(68.95,0.));
#4131 = VECTOR('',#4132,1.);
#4132 = DIRECTION('',(0.,1.));
#4133 = ( GEOMETRIC_REPRESENTATION_CONTEXT(2) 
PARAMETRIC_REPRESENTATION_CONTEXT() REPRESENTATION_CONTEXT('2D SPACE',''
  ) );
#4134 = ADVANCED_FACE('',(#4135),#2297,.T.);
#4135 = FACE_BOUND('',#4136,.T.);
#4136 = EDGE_LOOP('',(#4137,#4138,#4139));
#4137 = ORIENTED_EDGE('',*,*,#2277,.T.);
#4138 = ORIENTED_EDGE('',*,*,#4015,.T.);
#4139 = ORIENTED_EDGE('',*,*,#4140,.T.);
#4140 = EDGE_CURVE('',#4016,#2250,#4141,.T.);
#4141 = SURFACE_CURVE('',#4142,(#4146,#4153),.PCURVE_S1.);
#4142 = LINE('',#4143,#4144);
#4143 = CARTESIAN_POINT('',(-44.05,24.545584412272,8.514718625761));
#4144 = VECTOR('',#4145,1.);
#4145 = DIRECTION('',(0.,0.707106781187,0.707106781187));
#4146 = PCURVE('',#2297,#4147);
#4147 = DEFINITIONAL_REPRESENTATION('',(#4148),#4152);
#4148 = LINE('',#4149,#4150);
#4149 = CARTESIAN_POINT('',(68.95,0.));
#4150 = VECTOR('',#4151,1.);
#4151 = DIRECTION('',(0.,1.));
#4152 = ( GEOMETRIC_REPRESENTATION_CONTEXT(2) 
PARAMETRIC_REPRESENTATION_CONTEXT() REPRESENTATION_CONTEXT('2D SPACE',''
  ) );
#4153 = PCURVE('',#2265,#4154);
#4154 = DEFINITIONAL_REPRESENTATION('',(#4155),#4159);
#4155 = LINE('',#4156,#4157);
#4156 = CARTESIAN_POINT('',(0.,0.));
#4157 = VECTOR('',#4158,1.);
#4158 = DIRECTION('',(0.,-1.));
#4159 = ( GEOMETRIC_REPRESENTATION_CONTEXT(2) 
PARAMETRIC_REPRESENTATION_CONTEXT() REPRESENTATION_CONTEXT('2D SPACE',''
  ) );
#4160 = ADVANCED_FACE('',(#4161),#2052,.T.);
#4161 = FACE_BOUND('',#4162,.T.);
#4162 = EDGE_LOOP('',(#4163,#4164,#4165));
#4163 = ORIENTED_EDGE('',*,*,#4088,.F.);
#4164 = ORIENTED_EDGE('',*,*,#2032,.T.);
#4165 = ORIENTED_EDGE('',*,*,#4166,.T.);
#4166 = EDGE_CURVE('',#2033,#4089,#4167,.T.);
#4167 = SURFACE_CURVE('',#4168,(#4172,#4179),.PCURVE_S1.);
#4168 = LINE('',#4169,#4170);
#4169 = CARTESIAN_POINT('',(-113.,-24.54558441227,25.485281374239));
#4170 = VECTOR('',#4171,1.);
#4171 = DIRECTION('',(1.,0.,0.));
#4172 = PCURVE('',#2052,#4173);
#4173 = DEFINITIONAL_REPRESENTATION('',(#4174),#4178);
#4174 = LINE('',#4175,#4176);
#4175 = CARTESIAN_POINT('',(12.,0.));
#4176 = VECTOR('',#4177,1.);
#4177 = DIRECTION('',(0.,1.));
#4178 = ( GEOMETRIC_REPRESENTATION_CONTEXT(2) 
PARAMETRIC_REPRESENTATION_CONTEXT() REPRESENTATION_CONTEXT('2D SPACE',''
  ) );
#4179 = PCURVE('',#2084,#4180);
#4180 = DEFINITIONAL_REPRESENTATION('',(#4181),#4185);
#4181 = LINE('',#4182,#4183);
#4182 = CARTESIAN_POINT('',(0.,0.));
#4183 = VECTOR('',#4184,1.);
#4184 = DIRECTION('',(1.,0.));
#4185 = ( GEOMETRIC_REPRESENTATION_CONTEXT(2) 
PARAMETRIC_REPRESENTATION_CONTEXT() REPRESENTATION_CONTEXT('2D SPACE',''
  ) );
#4186 = ADVANCED_FACE('',(#4187),#2265,.F.);
#4187 = FACE_BOUND('',#4188,.F.);
#4188 = EDGE_LOOP('',(#4189,#4212,#4213,#4214,#4215));
#4189 = ORIENTED_EDGE('',*,*,#4190,.F.);
#4190 = EDGE_CURVE('',#4042,#4191,#4193,.T.);
#4191 = VERTEX_POINT('',#4192);
#4192 = CARTESIAN_POINT('',(-44.05,24.545584412272,25.485281374239));
#4193 = SURFACE_CURVE('',#4194,(#4198,#4205),.PCURVE_S1.);
#4194 = LINE('',#4195,#4196);
#4195 = CARTESIAN_POINT('',(-44.05,16.060303038033,17.));
#4196 = VECTOR('',#4197,1.);
#4197 = DIRECTION('',(0.,0.707106781187,0.707106781187));
#4198 = PCURVE('',#2265,#4199);
#4199 = DEFINITIONAL_REPRESENTATION('',(#4200),#4204);
#4200 = LINE('',#4201,#4202);
#4201 = CARTESIAN_POINT('',(12.,-4.440892098501E-15));
#4202 = VECTOR('',#4203,1.);
#4203 = DIRECTION('',(0.,-1.));
#4204 = ( GEOMETRIC_REPRESENTATION_CONTEXT(2) 
PARAMETRIC_REPRESENTATION_CONTEXT() REPRESENTATION_CONTEXT('2D SPACE',''
  ) );
#4205 = PCURVE('',#2205,#4206);
#4206 = DEFINITIONAL_REPRESENTATION('',(#4207),#4211);
#4207 = LINE('',#4208,#4209);
#4208 = CARTESIAN_POINT('',(68.95,0.));
#4209 = VECTOR('',#4210,1.);
#4210 = DIRECTION('',(0.,1.));
#4211 = ( GEOMETRIC_REPRESENTATION_CONTEXT(2) 
PARAMETRIC_REPRESENTATION_CONTEXT() REPRESENTATION_CONTEXT('2D SPACE',''
  ) );
#4212 = ORIENTED_EDGE('',*,*,#4064,.F.);
#4213 = ORIENTED_EDGE('',*,*,#4140,.T.);
#4214 = ORIENTED_EDGE('',*,*,#2249,.F.);
#4215 = ORIENTED_EDGE('',*,*,#4216,.T.);
#4216 = EDGE_CURVE('',#2218,#4191,#4217,.T.);
#4217 = SURFACE_CURVE('',#4218,(#4222,#4229),.PCURVE_S1.);
#4218 = LINE('',#4219,#4220);
#4219 = CARTESIAN_POINT('',(-44.05,33.03086578651,17.));
#4220 = VECTOR('',#4221,1.);
#4221 = DIRECTION('',(0.,-0.707106781187,0.707106781187));
#4222 = PCURVE('',#2265,#4223);
#4223 = DEFINITIONAL_REPRESENTATION('',(#4224),#4228);
#4224 = LINE('',#4225,#4226);
#4225 = CARTESIAN_POINT('',(-4.440892098501E-15,-12.));
#4226 = VECTOR('',#4227,1.);
#4227 = DIRECTION('',(1.,0.));
#4228 = ( GEOMETRIC_REPRESENTATION_CONTEXT(2) 
PARAMETRIC_REPRESENTATION_CONTEXT() REPRESENTATION_CONTEXT('2D SPACE',''
  ) );
#4229 = PCURVE('',#2237,#4230);
#4230 = DEFINITIONAL_REPRESENTATION('',(#4231),#4235);
#4231 = LINE('',#4232,#4233);
#4232 = CARTESIAN_POINT('',(0.,68.95));
#4233 = VECTOR('',#4234,1.);
#4234 = DIRECTION('',(1.,0.));
#4235 = ( GEOMETRIC_REPRESENTATION_CONTEXT(2) 
PARAMETRIC_REPRESENTATION_CONTEXT() REPRESENTATION_CONTEXT('2D SPACE',''
  ) );
#4236 = ADVANCED_FACE('',(#4237),#2084,.F.);
#4237 = FACE_BOUND('',#4238,.F.);
#4238 = EDGE_LOOP('',(#4239,#4240,#4241,#4262,#4263,#4264));
#4239 = ORIENTED_EDGE('',*,*,#3942,.F.);
#4240 = ORIENTED_EDGE('',*,*,#2698,.T.);
#4241 = ORIENTED_EDGE('',*,*,#4242,.T.);
#4242 = EDGE_CURVE('',#2676,#2065,#4243,.T.);
#4243 = SURFACE_CURVE('',#4244,(#4248,#4255),.PCURVE_S1.);
#4244 = LINE('',#4245,#4246);
#4245 = CARTESIAN_POINT('',(-112.5,-22.,22.939696961967));
#4246 = VECTOR('',#4247,1.);
#4247 = DIRECTION('',(1.,0.,0.));
#4248 = PCURVE('',#2084,#4249);
#4249 = DEFINITIONAL_REPRESENTATION('',(#4250),#4254);
#4250 = LINE('',#4251,#4252);
#4251 = CARTESIAN_POINT('',(0.5,3.6));
#4252 = VECTOR('',#4253,1.);
#4253 = DIRECTION('',(1.,0.));
#4254 = ( GEOMETRIC_REPRESENTATION_CONTEXT(2) 
PARAMETRIC_REPRESENTATION_CONTEXT() REPRESENTATION_CONTEXT('2D SPACE',''
  ) );
#4255 = PCURVE('',#2112,#4256);
#4256 = DEFINITIONAL_REPRESENTATION('',(#4257),#4261);
#4257 = LINE('',#4258,#4259);
#4258 = CARTESIAN_POINT('',(5.939696961967,-0.5));
#4259 = VECTOR('',#4260,1.);
#4260 = DIRECTION('',(0.,1.));
#4261 = ( GEOMETRIC_REPRESENTATION_CONTEXT(2) 
PARAMETRIC_REPRESENTATION_CONTEXT() REPRESENTATION_CONTEXT('2D SPACE',''
  ) );
#4262 = ORIENTED_EDGE('',*,*,#2064,.T.);
#4263 = ORIENTED_EDGE('',*,*,#4166,.T.);
#4264 = ORIENTED_EDGE('',*,*,#4114,.T.);
#4265 = ADVANCED_FACE('',(#4266),#2237,.F.);
#4266 = FACE_BOUND('',#4267,.F.);
#4267 = EDGE_LOOP('',(#4268,#4269,#4270));
#4268 = ORIENTED_EDGE('',*,*,#4216,.F.);
#4269 = ORIENTED_EDGE('',*,*,#2217,.T.);
#4270 = ORIENTED_EDGE('',*,*,#4271,.T.);
#4271 = EDGE_CURVE('',#2186,#4191,#4272,.T.);
#4272 = SURFACE_CURVE('',#4273,(#4277,#4284),.PCURVE_S1.);
#4273 = LINE('',#4274,#4275);
#4274 = CARTESIAN_POINT('',(-113.,24.545584412272,25.485281374239));
#4275 = VECTOR('',#4276,1.);
#4276 = DIRECTION('',(1.,0.,0.));
#4277 = PCURVE('',#2237,#4278);
#4278 = DEFINITIONAL_REPRESENTATION('',(#4279),#4283);
#4279 = LINE('',#4280,#4281);
#4280 = CARTESIAN_POINT('',(12.,0.));
#4281 = VECTOR('',#4282,1.);
#4282 = DIRECTION('',(0.,1.));
#4283 = ( GEOMETRIC_REPRESENTATION_CONTEXT(2) 
PARAMETRIC_REPRESENTATION_CONTEXT() REPRESENTATION_CONTEXT('2D SPACE',''
  ) );
#4284 = PCURVE('',#2205,#4285);
#4285 = DEFINITIONAL_REPRESENTATION('',(#4286),#4290);
#4286 = LINE('',#4287,#4288);
#4287 = CARTESIAN_POINT('',(0.,12.));
#4288 = VECTOR('',#4289,1.);
#4289 = DIRECTION('',(1.,0.));
#4290 = ( GEOMETRIC_REPRESENTATION_CONTEXT(2) 
PARAMETRIC_REPRESENTATION_CONTEXT() REPRESENTATION_CONTEXT('2D SPACE',''
  ) );
#4291 = ADVANCED_FACE('',(#4292),#2112,.F.);
#4292 = FACE_BOUND('',#4293,.F.);
#4293 = EDGE_LOOP('',(#4294,#4295,#4296,#4317));
#4294 = ORIENTED_EDGE('',*,*,#4242,.F.);
#4295 = ORIENTED_EDGE('',*,*,#2675,.T.);
#4296 = ORIENTED_EDGE('',*,*,#4297,.T.);
#4297 = EDGE_CURVE('',#2653,#2097,#4298,.T.);
#4298 = SURFACE_CURVE('',#4299,(#4303,#4310),.PCURVE_S1.);
#4299 = LINE('',#4300,#4301);
#4300 = CARTESIAN_POINT('',(-112.,-22.,25.));
#4301 = VECTOR('',#4302,1.);
#4302 = DIRECTION('',(1.,0.,0.));
#4303 = PCURVE('',#2112,#4304);
#4304 = DEFINITIONAL_REPRESENTATION('',(#4305),#4309);
#4305 = LINE('',#4306,#4307);
#4306 = CARTESIAN_POINT('',(8.,0.));
#4307 = VECTOR('',#4308,1.);
#4308 = DIRECTION('',(0.,1.));
#4309 = ( GEOMETRIC_REPRESENTATION_CONTEXT(2) 
PARAMETRIC_REPRESENTATION_CONTEXT() REPRESENTATION_CONTEXT('2D SPACE',''
  ) );
#4310 = PCURVE('',#2141,#4311);
#4311 = DEFINITIONAL_REPRESENTATION('',(#4312),#4316);
#4312 = LINE('',#4313,#4314);
#4313 = CARTESIAN_POINT('',(0.,0.));
#4314 = VECTOR('',#4315,1.);
#4315 = DIRECTION('',(1.,0.));
#4316 = ( GEOMETRIC_REPRESENTATION_CONTEXT(2) 
PARAMETRIC_REPRESENTATION_CONTEXT() REPRESENTATION_CONTEXT('2D SPACE',''
  ) );
#4317 = ORIENTED_EDGE('',*,*,#2096,.T.);
#4318 = ADVANCED_FACE('',(#4319),#2205,.F.);
#4319 = FACE_BOUND('',#4320,.F.);
#4320 = EDGE_LOOP('',(#4321,#4322,#4323,#4344,#4345,#4346));
#4321 = ORIENTED_EDGE('',*,*,#4271,.F.);
#4322 = ORIENTED_EDGE('',*,*,#2185,.T.);
#4323 = ORIENTED_EDGE('',*,*,#4324,.F.);
#4324 = EDGE_CURVE('',#2607,#2158,#4325,.T.);
#4325 = SURFACE_CURVE('',#4326,(#4330,#4337),.PCURVE_S1.);
#4326 = LINE('',#4327,#4328);
#4327 = CARTESIAN_POINT('',(-112.5,22.,22.939696961967));
#4328 = VECTOR('',#4329,1.);
#4329 = DIRECTION('',(1.,0.,-0.));
#4330 = PCURVE('',#2205,#4331);
#4331 = DEFINITIONAL_REPRESENTATION('',(#4332),#4336);
#4332 = LINE('',#4333,#4334);
#4333 = CARTESIAN_POINT('',(0.5,8.4));
#4334 = VECTOR('',#4335,1.);
#4335 = DIRECTION('',(1.,0.));
#4336 = ( GEOMETRIC_REPRESENTATION_CONTEXT(2) 
PARAMETRIC_REPRESENTATION_CONTEXT() REPRESENTATION_CONTEXT('2D SPACE',''
  ) );
#4337 = PCURVE('',#2173,#4338);
#4338 = DEFINITIONAL_REPRESENTATION('',(#4339),#4343);
#4339 = LINE('',#4340,#4341);
#4340 = CARTESIAN_POINT('',(5.939696961967,-0.5));
#4341 = VECTOR('',#4342,1.);
#4342 = DIRECTION('',(0.,1.));
#4343 = ( GEOMETRIC_REPRESENTATION_CONTEXT(2) 
PARAMETRIC_REPRESENTATION_CONTEXT() REPRESENTATION_CONTEXT('2D SPACE',''
  ) );
#4344 = ORIENTED_EDGE('',*,*,#2606,.T.);
#4345 = ORIENTED_EDGE('',*,*,#4041,.T.);
#4346 = ORIENTED_EDGE('',*,*,#4190,.T.);
#4347 = ADVANCED_FACE('',(#4348,#4374,#4405,#4436,#4550,#4581),#2141,.T.
  );
#4348 = FACE_BOUND('',#4349,.T.);
#4349 = EDGE_LOOP('',(#4350,#4371,#4372,#4373));
#4350 = ORIENTED_EDGE('',*,*,#4351,.F.);
#4351 = EDGE_CURVE('',#2630,#2125,#4352,.T.);
#4352 = SURFACE_CURVE('',#4353,(#4357,#4364),.PCURVE_S1.);
#4353 = LINE('',#4354,#4355);
#4354 = CARTESIAN_POINT('',(-112.,22.,25.));
#4355 = VECTOR('',#4356,1.);
#4356 = DIRECTION('',(1.,0.,0.));
#4357 = PCURVE('',#2141,#4358);
#4358 = DEFINITIONAL_REPRESENTATION('',(#4359),#4363);
#4359 = LINE('',#4360,#4361);
#4360 = CARTESIAN_POINT('',(0.,44.));
#4361 = VECTOR('',#4362,1.);
#4362 = DIRECTION('',(1.,0.));
#4363 = ( GEOMETRIC_REPRESENTATION_CONTEXT(2) 
PARAMETRIC_REPRESENTATION_CONTEXT() REPRESENTATION_CONTEXT('2D SPACE',''
  ) );
#4364 = PCURVE('',#2173,#4365);
#4365 = DEFINITIONAL_REPRESENTATION('',(#4366),#4370);
#4366 = LINE('',#4367,#4368);
#4367 = CARTESIAN_POINT('',(8.,0.));
#4368 = VECTOR('',#4369,1.);
#4369 = DIRECTION('',(0.,1.));
#4370 = ( GEOMETRIC_REPRESENTATION_CONTEXT(2) 
PARAMETRIC_REPRESENTATION_CONTEXT() REPRESENTATION_CONTEXT('2D SPACE',''
  ) );
#4371 = ORIENTED_EDGE('',*,*,#2652,.F.);
#4372 = ORIENTED_EDGE('',*,*,#4297,.T.);
#4373 = ORIENTED_EDGE('',*,*,#2124,.T.);
#4374 = FACE_BOUND('',#4375,.T.);
#4375 = EDGE_LOOP('',(#4376));
#4376 = ORIENTED_EDGE('',*,*,#4377,.F.);
#4377 = EDGE_CURVE('',#4378,#4378,#4380,.T.);
#4378 = VERTEX_POINT('',#4379);
#4379 = CARTESIAN_POINT('',(-101.9,-16.,25.));
#4380 = SURFACE_CURVE('',#4381,(#4386,#4393),.PCURVE_S1.);
#4381 = CIRCLE('',#4382,2.1);
#4382 = AXIS2_PLACEMENT_3D('',#4383,#4384,#4385);
#4383 = CARTESIAN_POINT('',(-104.,-16.,25.));
#4384 = DIRECTION('',(0.,0.,1.));
#4385 = DIRECTION('',(1.,0.,0.));
#4386 = PCURVE('',#2141,#4387);
#4387 = DEFINITIONAL_REPRESENTATION('',(#4388),#4392);
#4388 = CIRCLE('',#4389,2.1);
#4389 = AXIS2_PLACEMENT_2D('',#4390,#4391);
#4390 = CARTESIAN_POINT('',(8.,6.));
#4391 = DIRECTION('',(1.,0.));
#4392 = ( GEOMETRIC_REPRESENTATION_CONTEXT(2) 
PARAMETRIC_REPRESENTATION_CONTEXT() REPRESENTATION_CONTEXT('2D SPACE',''
  ) );
#4393 = PCURVE('',#4394,#4399);
#4394 = CYLINDRICAL_SURFACE('',#4395,2.1);
#4395 = AXIS2_PLACEMENT_3D('',#4396,#4397,#4398);
#4396 = CARTESIAN_POINT('',(-104.,-16.,25.));
#4397 = DIRECTION('',(0.,0.,1.));
#4398 = DIRECTION('',(1.,0.,0.));
#4399 = DEFINITIONAL_REPRESENTATION('',(#4400),#4404);
#4400 = LINE('',#4401,#4402);
#4401 = CARTESIAN_POINT('',(0.,0.));
#4402 = VECTOR('',#4403,1.);
#4403 = DIRECTION('',(1.,0.));
#4404 = ( GEOMETRIC_REPRESENTATION_CONTEXT(2) 
PARAMETRIC_REPRESENTATION_CONTEXT() REPRESENTATION_CONTEXT('2D SPACE',''
  ) );
#4405 = FACE_BOUND('',#4406,.T.);
#4406 = EDGE_LOOP('',(#4407));
#4407 = ORIENTED_EDGE('',*,*,#4408,.F.);
#4408 = EDGE_CURVE('',#4409,#4409,#4411,.T.);
#4409 = VERTEX_POINT('',#4410);
#4410 = CARTESIAN_POINT('',(-57.9,-16.,25.));
#4411 = SURFACE_CURVE('',#4412,(#4417,#4424),.PCURVE_S1.);
#4412 = CIRCLE('',#4413,2.1);
#4413 = AXIS2_PLACEMENT_3D('',#4414,#4415,#4416);
#4414 = CARTESIAN_POINT('',(-60.,-16.,25.));
#4415 = DIRECTION('',(0.,0.,1.));
#4416 = DIRECTION('',(1.,0.,0.));
#4417 = PCURVE('',#2141,#4418);
#4418 = DEFINITIONAL_REPRESENTATION('',(#4419),#4423);
#4419 = CIRCLE('',#4420,2.1);
#4420 = AXIS2_PLACEMENT_2D('',#4421,#4422);
#4421 = CARTESIAN_POINT('',(52.,6.));
#4422 = DIRECTION('',(1.,0.));
#4423 = ( GEOMETRIC_REPRESENTATION_CONTEXT(2) 
PARAMETRIC_REPRESENTATION_CONTEXT() REPRESENTATION_CONTEXT('2D SPACE',''
  ) );
#4424 = PCURVE('',#4425,#4430);
#4425 = CYLINDRICAL_SURFACE('',#4426,2.1);
#4426 = AXIS2_PLACEMENT_3D('',#4427,#4428,#4429);
#4427 = CARTESIAN_POINT('',(-60.,-16.,25.));
#4428 = DIRECTION('',(0.,0.,1.));
#4429 = DIRECTION('',(1.,0.,0.));
#4430 = DEFINITIONAL_REPRESENTATION('',(#4431),#4435);
#4431 = LINE('',#4432,#4433);
#4432 = CARTESIAN_POINT('',(0.,0.));
#4433 = VECTOR('',#4434,1.);
#4434 = DIRECTION('',(1.,0.));
#4435 = ( GEOMETRIC_REPRESENTATION_CONTEXT(2) 
PARAMETRIC_REPRESENTATION_CONTEXT() REPRESENTATION_CONTEXT('2D SPACE',''
  ) );
#4436 = FACE_BOUND('',#4437,.T.);
#4437 = EDGE_LOOP('',(#4438,#4468,#4496,#4524));
#4438 = ORIENTED_EDGE('',*,*,#4439,.T.);
#4439 = EDGE_CURVE('',#4440,#4442,#4444,.T.);
#4440 = VERTEX_POINT('',#4441);
#4441 = CARTESIAN_POINT('',(-60.,-12.,25.));
#4442 = VERTEX_POINT('',#4443);
#4443 = CARTESIAN_POINT('',(-104.,-12.,25.));
#4444 = SURFACE_CURVE('',#4445,(#4449,#4456),.PCURVE_S1.);
#4445 = LINE('',#4446,#4447);
#4446 = CARTESIAN_POINT('',(-108.,-12.,25.));
#4447 = VECTOR('',#4448,1.);
#4448 = DIRECTION('',(-1.,0.,0.));
#4449 = PCURVE('',#2141,#4450);
#4450 = DEFINITIONAL_REPRESENTATION('',(#4451),#4455);
#4451 = LINE('',#4452,#4453);
#4452 = CARTESIAN_POINT('',(4.,10.));
#4453 = VECTOR('',#4454,1.);
#4454 = DIRECTION('',(-1.,0.));
#4455 = ( GEOMETRIC_REPRESENTATION_CONTEXT(2) 
PARAMETRIC_REPRESENTATION_CONTEXT() REPRESENTATION_CONTEXT('2D SPACE',''
  ) );
#4456 = PCURVE('',#4457,#4462);
#4457 = PLANE('',#4458);
#4458 = AXIS2_PLACEMENT_3D('',#4459,#4460,#4461);
#4459 = CARTESIAN_POINT('',(-104.,-12.,5.));
#4460 = DIRECTION('',(0.,1.,0.));
#4461 = DIRECTION('',(0.,0.,1.));
#4462 = DEFINITIONAL_REPRESENTATION('',(#4463),#4467);
#4463 = LINE('',#4464,#4465);
#4464 = CARTESIAN_POINT('',(20.,-4.));
#4465 = VECTOR('',#4466,1.);
#4466 = DIRECTION('',(0.,-1.));
#4467 = ( GEOMETRIC_REPRESENTATION_CONTEXT(2) 
PARAMETRIC_REPRESENTATION_CONTEXT() REPRESENTATION_CONTEXT('2D SPACE',''
  ) );
#4468 = ORIENTED_EDGE('',*,*,#4469,.T.);
#4469 = EDGE_CURVE('',#4442,#4470,#4472,.T.);
#4470 = VERTEX_POINT('',#4471);
#4471 = CARTESIAN_POINT('',(-104.,12.,25.));
#4472 = SURFACE_CURVE('',#4473,(#4477,#4484),.PCURVE_S1.);
#4473 = LINE('',#4474,#4475);
#4474 = CARTESIAN_POINT('',(-104.,-17.,25.));
#4475 = VECTOR('',#4476,1.);
#4476 = DIRECTION('',(0.,1.,0.));
#4477 = PCURVE('',#2141,#4478);
#4478 = DEFINITIONAL_REPRESENTATION('',(#4479),#4483);
#4479 = LINE('',#4480,#4481);
#4480 = CARTESIAN_POINT('',(8.,5.));
#4481 = VECTOR('',#4482,1.);
#4482 = DIRECTION('',(0.,1.));
#4483 = ( GEOMETRIC_REPRESENTATION_CONTEXT(2) 
PARAMETRIC_REPRESENTATION_CONTEXT() REPRESENTATION_CONTEXT('2D SPACE',''
  ) );
#4484 = PCURVE('',#4485,#4490);
#4485 = PLANE('',#4486);
#4486 = AXIS2_PLACEMENT_3D('',#4487,#4488,#4489);
#4487 = CARTESIAN_POINT('',(-104.,-12.,5.));
#4488 = DIRECTION('',(1.,0.,0.));
#4489 = DIRECTION('',(0.,0.,1.));
#4490 = DEFINITIONAL_REPRESENTATION('',(#4491),#4495);
#4491 = LINE('',#4492,#4493);
#4492 = CARTESIAN_POINT('',(20.,5.));
#4493 = VECTOR('',#4494,1.);
#4494 = DIRECTION('',(0.,-1.));
#4495 = ( GEOMETRIC_REPRESENTATION_CONTEXT(2) 
PARAMETRIC_REPRESENTATION_CONTEXT() REPRESENTATION_CONTEXT('2D SPACE',''
  ) );
#4496 = ORIENTED_EDGE('',*,*,#4497,.F.);
#4497 = EDGE_CURVE('',#4498,#4470,#4500,.T.);
#4498 = VERTEX_POINT('',#4499);
#4499 = CARTESIAN_POINT('',(-60.,12.,25.));
#4500 = SURFACE_CURVE('',#4501,(#4505,#4512),.PCURVE_S1.);
#4501 = LINE('',#4502,#4503);
#4502 = CARTESIAN_POINT('',(-108.,12.,25.));
#4503 = VECTOR('',#4504,1.);
#4504 = DIRECTION('',(-1.,0.,0.));
#4505 = PCURVE('',#2141,#4506);
#4506 = DEFINITIONAL_REPRESENTATION('',(#4507),#4511);
#4507 = LINE('',#4508,#4509);
#4508 = CARTESIAN_POINT('',(4.,34.));
#4509 = VECTOR('',#4510,1.);
#4510 = DIRECTION('',(-1.,0.));
#4511 = ( GEOMETRIC_REPRESENTATION_CONTEXT(2) 
PARAMETRIC_REPRESENTATION_CONTEXT() REPRESENTATION_CONTEXT('2D SPACE',''
  ) );
#4512 = PCURVE('',#4513,#4518);
#4513 = PLANE('',#4514);
#4514 = AXIS2_PLACEMENT_3D('',#4515,#4516,#4517);
#4515 = CARTESIAN_POINT('',(-104.,12.,5.));
#4516 = DIRECTION('',(0.,1.,0.));
#4517 = DIRECTION('',(0.,0.,1.));
#4518 = DEFINITIONAL_REPRESENTATION('',(#4519),#4523);
#4519 = LINE('',#4520,#4521);
#4520 = CARTESIAN_POINT('',(20.,-4.));
#4521 = VECTOR('',#4522,1.);
#4522 = DIRECTION('',(0.,-1.));
#4523 = ( GEOMETRIC_REPRESENTATION_CONTEXT(2) 
PARAMETRIC_REPRESENTATION_CONTEXT() REPRESENTATION_CONTEXT('2D SPACE',''
  ) );
#4524 = ORIENTED_EDGE('',*,*,#4525,.F.);
#4525 = EDGE_CURVE('',#4440,#4498,#4526,.T.);
#4526 = SURFACE_CURVE('',#4527,(#4531,#4538),.PCURVE_S1.);
#4527 = LINE('',#4528,#4529);
#4528 = CARTESIAN_POINT('',(-60.,-17.,25.));
#4529 = VECTOR('',#4530,1.);
#4530 = DIRECTION('',(0.,1.,0.));
#4531 = PCURVE('',#2141,#4532);
#4532 = DEFINITIONAL_REPRESENTATION('',(#4533),#4537);
#4533 = LINE('',#4534,#4535);
#4534 = CARTESIAN_POINT('',(52.,5.));
#4535 = VECTOR('',#4536,1.);
#4536 = DIRECTION('',(0.,1.));
#4537 = ( GEOMETRIC_REPRESENTATION_CONTEXT(2) 
PARAMETRIC_REPRESENTATION_CONTEXT() REPRESENTATION_CONTEXT('2D SPACE',''
  ) );
#4538 = PCURVE('',#4539,#4544);
#4539 = PLANE('',#4540);
#4540 = AXIS2_PLACEMENT_3D('',#4541,#4542,#4543);
#4541 = CARTESIAN_POINT('',(-60.,-12.,5.));
#4542 = DIRECTION('',(1.,0.,0.));
#4543 = DIRECTION('',(0.,0.,1.));
#4544 = DEFINITIONAL_REPRESENTATION('',(#4545),#4549);
#4545 = LINE('',#4546,#4547);
#4546 = CARTESIAN_POINT('',(20.,5.));
#4547 = VECTOR('',#4548,1.);
#4548 = DIRECTION('',(0.,-1.));
#4549 = ( GEOMETRIC_REPRESENTATION_CONTEXT(2) 
PARAMETRIC_REPRESENTATION_CONTEXT() REPRESENTATION_CONTEXT('2D SPACE',''
  ) );
#4550 = FACE_BOUND('',#4551,.T.);
#4551 = EDGE_LOOP('',(#4552));
#4552 = ORIENTED_EDGE('',*,*,#4553,.F.);
#4553 = EDGE_CURVE('',#4554,#4554,#4556,.T.);
#4554 = VERTEX_POINT('',#4555);
#4555 = CARTESIAN_POINT('',(-101.9,16.,25.));
#4556 = SURFACE_CURVE('',#4557,(#4562,#4569),.PCURVE_S1.);
#4557 = CIRCLE('',#4558,2.1);
#4558 = AXIS2_PLACEMENT_3D('',#4559,#4560,#4561);
#4559 = CARTESIAN_POINT('',(-104.,16.,25.));
#4560 = DIRECTION('',(0.,0.,1.));
#4561 = DIRECTION('',(1.,0.,0.));
#4562 = PCURVE('',#2141,#4563);
#4563 = DEFINITIONAL_REPRESENTATION('',(#4564),#4568);
#4564 = CIRCLE('',#4565,2.1);
#4565 = AXIS2_PLACEMENT_2D('',#4566,#4567);
#4566 = CARTESIAN_POINT('',(8.,38.));
#4567 = DIRECTION('',(1.,0.));
#4568 = ( GEOMETRIC_REPRESENTATION_CONTEXT(2) 
PARAMETRIC_REPRESENTATION_CONTEXT() REPRESENTATION_CONTEXT('2D SPACE',''
  ) );
#4569 = PCURVE('',#4570,#4575);
#4570 = CYLINDRICAL_SURFACE('',#4571,2.1);
#4571 = AXIS2_PLACEMENT_3D('',#4572,#4573,#4574);
#4572 = CARTESIAN_POINT('',(-104.,16.,25.));
#4573 = DIRECTION('',(0.,0.,1.));
#4574 = DIRECTION('',(1.,0.,0.));
#4575 = DEFINITIONAL_REPRESENTATION('',(#4576),#4580);
#4576 = LINE('',#4577,#4578);
#4577 = CARTESIAN_POINT('',(0.,0.));
#4578 = VECTOR('',#4579,1.);
#4579 = DIRECTION('',(1.,0.));
#4580 = ( GEOMETRIC_REPRESENTATION_CONTEXT(2) 
PARAMETRIC_REPRESENTATION_CONTEXT() REPRESENTATION_CONTEXT('2D SPACE',''
  ) );
#4581 = FACE_BOUND('',#4582,.T.);
#4582 = EDGE_LOOP('',(#4583));
#4583 = ORIENTED_EDGE('',*,*,#4584,.F.);
#4584 = EDGE_CURVE('',#4585,#4585,#4587,.T.);
#4585 = VERTEX_POINT('',#4586);
#4586 = CARTESIAN_POINT('',(-57.9,16.,25.));
#4587 = SURFACE_CURVE('',#4588,(#4593,#4600),.PCURVE_S1.);
#4588 = CIRCLE('',#4589,2.1);
#4589 = AXIS2_PLACEMENT_3D('',#4590,#4591,#4592);
#4590 = CARTESIAN_POINT('',(-60.,16.,25.));
#4591 = DIRECTION('',(0.,0.,1.));
#4592 = DIRECTION('',(1.,0.,0.));
#4593 = PCURVE('',#2141,#4594);
#4594 = DEFINITIONAL_REPRESENTATION('',(#4595),#4599);
#4595 = CIRCLE('',#4596,2.1);
#4596 = AXIS2_PLACEMENT_2D('',#4597,#4598);
#4597 = CARTESIAN_POINT('',(52.,38.));
#4598 = DIRECTION('',(1.,0.));
#4599 = ( GEOMETRIC_REPRESENTATION_CONTEXT(2) 
PARAMETRIC_REPRESENTATION_CONTEXT() REPRESENTATION_CONTEXT('2D SPACE',''
  ) );
#4600 = PCURVE('',#4601,#4606);
#4601 = CYLINDRICAL_SURFACE('',#4602,2.1);
#4602 = AXIS2_PLACEMENT_3D('',#4603,#4604,#4605);
#4603 = CARTESIAN_POINT('',(-60.,16.,25.));
#4604 = DIRECTION('',(0.,0.,1.));
#4605 = DIRECTION('',(1.,0.,0.));
#4606 = DEFINITIONAL_REPRESENTATION('',(#4607),#4611);
#4607 = LINE('',#4608,#4609);
#4608 = CARTESIAN_POINT('',(0.,0.));
#4609 = VECTOR('',#4610,1.);
#4610 = DIRECTION('',(1.,0.));
#4611 = ( GEOMETRIC_REPRESENTATION_CONTEXT(2) 
PARAMETRIC_REPRESENTATION_CONTEXT() REPRESENTATION_CONTEXT('2D SPACE',''
  ) );
#4612 = ADVANCED_FACE('',(#4613),#2173,.T.);
#4613 = FACE_BOUND('',#4614,.T.);
#4614 = EDGE_LOOP('',(#4615,#4616,#4617,#4618));
#4615 = ORIENTED_EDGE('',*,*,#4324,.F.);
#4616 = ORIENTED_EDGE('',*,*,#2629,.T.);
#4617 = ORIENTED_EDGE('',*,*,#4351,.T.);
#4618 = ORIENTED_EDGE('',*,*,#2157,.T.);
#4619 = ADVANCED_FACE('',(#4620,#4626),#2548,.F.);
#4620 = FACE_BOUND('',#4621,.F.);
#4621 = EDGE_LOOP('',(#4622,#4623,#4624,#4625));
#4622 = ORIENTED_EDGE('',*,*,#2532,.F.);
#4623 = ORIENTED_EDGE('',*,*,#2874,.T.);
#4624 = ORIENTED_EDGE('',*,*,#2819,.T.);
#4625 = ORIENTED_EDGE('',*,*,#2771,.F.);
#4626 = FACE_BOUND('',#4627,.F.);
#4627 = EDGE_LOOP('',(#4628,#4653,#4676,#4699));
#4628 = ORIENTED_EDGE('',*,*,#4629,.T.);
#4629 = EDGE_CURVE('',#4630,#4632,#4634,.T.);
#4630 = VERTEX_POINT('',#4631);
#4631 = CARTESIAN_POINT('',(-60.,-12.,17.));
#4632 = VERTEX_POINT('',#4633);
#4633 = CARTESIAN_POINT('',(-104.,-12.,17.));
#4634 = SURFACE_CURVE('',#4635,(#4639,#4646),.PCURVE_S1.);
#4635 = LINE('',#4636,#4637);
#4636 = CARTESIAN_POINT('',(-108.,-12.,17.));
#4637 = VECTOR('',#4638,1.);
#4638 = DIRECTION('',(-1.,0.,0.));
#4639 = PCURVE('',#2548,#4640);
#4640 = DEFINITIONAL_REPRESENTATION('',(#4641),#4645);
#4641 = LINE('',#4642,#4643);
#4642 = CARTESIAN_POINT('',(4.,10.));
#4643 = VECTOR('',#4644,1.);
#4644 = DIRECTION('',(-1.,0.));
#4645 = ( GEOMETRIC_REPRESENTATION_CONTEXT(2) 
PARAMETRIC_REPRESENTATION_CONTEXT() REPRESENTATION_CONTEXT('2D SPACE',''
  ) );
#4646 = PCURVE('',#4457,#4647);
#4647 = DEFINITIONAL_REPRESENTATION('',(#4648),#4652);
#4648 = LINE('',#4649,#4650);
#4649 = CARTESIAN_POINT('',(12.,-4.));
#4650 = VECTOR('',#4651,1.);
#4651 = DIRECTION('',(0.,-1.));
#4652 = ( GEOMETRIC_REPRESENTATION_CONTEXT(2) 
PARAMETRIC_REPRESENTATION_CONTEXT() REPRESENTATION_CONTEXT('2D SPACE',''
  ) );
#4653 = ORIENTED_EDGE('',*,*,#4654,.T.);
#4654 = EDGE_CURVE('',#4632,#4655,#4657,.T.);
#4655 = VERTEX_POINT('',#4656);
#4656 = CARTESIAN_POINT('',(-104.,12.,17.));
#4657 = SURFACE_CURVE('',#4658,(#4662,#4669),.PCURVE_S1.);
#4658 = LINE('',#4659,#4660);
#4659 = CARTESIAN_POINT('',(-104.,-17.,17.));
#4660 = VECTOR('',#4661,1.);
#4661 = DIRECTION('',(0.,1.,0.));
#4662 = PCURVE('',#2548,#4663);
#4663 = DEFINITIONAL_REPRESENTATION('',(#4664),#4668);
#4664 = LINE('',#4665,#4666);
#4665 = CARTESIAN_POINT('',(8.,5.));
#4666 = VECTOR('',#4667,1.);
#4667 = DIRECTION('',(0.,1.));
#4668 = ( GEOMETRIC_REPRESENTATION_CONTEXT(2) 
PARAMETRIC_REPRESENTATION_CONTEXT() REPRESENTATION_CONTEXT('2D SPACE',''
  ) );
#4669 = PCURVE('',#4485,#4670);
#4670 = DEFINITIONAL_REPRESENTATION('',(#4671),#4675);
#4671 = LINE('',#4672,#4673);
#4672 = CARTESIAN_POINT('',(12.,5.));
#4673 = VECTOR('',#4674,1.);
#4674 = DIRECTION('',(0.,-1.));
#4675 = ( GEOMETRIC_REPRESENTATION_CONTEXT(2) 
PARAMETRIC_REPRESENTATION_CONTEXT() REPRESENTATION_CONTEXT('2D SPACE',''
  ) );
#4676 = ORIENTED_EDGE('',*,*,#4677,.F.);
#4677 = EDGE_CURVE('',#4678,#4655,#4680,.T.);
#4678 = VERTEX_POINT('',#4679);
#4679 = CARTESIAN_POINT('',(-60.,12.,17.));
#4680 = SURFACE_CURVE('',#4681,(#4685,#4692),.PCURVE_S1.);
#4681 = LINE('',#4682,#4683);
#4682 = CARTESIAN_POINT('',(-108.,12.,17.));
#4683 = VECTOR('',#4684,1.);
#4684 = DIRECTION('',(-1.,0.,0.));
#4685 = PCURVE('',#2548,#4686);
#4686 = DEFINITIONAL_REPRESENTATION('',(#4687),#4691);
#4687 = LINE('',#4688,#4689);
#4688 = CARTESIAN_POINT('',(4.,34.));
#4689 = VECTOR('',#4690,1.);
#4690 = DIRECTION('',(-1.,0.));
#4691 = ( GEOMETRIC_REPRESENTATION_CONTEXT(2) 
PARAMETRIC_REPRESENTATION_CONTEXT() REPRESENTATION_CONTEXT('2D SPACE',''
  ) );
#4692 = PCURVE('',#4513,#4693);
#4693 = DEFINITIONAL_REPRESENTATION('',(#4694),#4698);
#4694 = LINE('',#4695,#4696);
#4695 = CARTESIAN_POINT('',(12.,-4.));
#4696 = VECTOR('',#4697,1.);
#4697 = DIRECTION('',(0.,-1.));
#4698 = ( GEOMETRIC_REPRESENTATION_CONTEXT(2) 
PARAMETRIC_REPRESENTATION_CONTEXT() REPRESENTATION_CONTEXT('2D SPACE',''
  ) );
#4699 = ORIENTED_EDGE('',*,*,#4700,.F.);
#4700 = EDGE_CURVE('',#4630,#4678,#4701,.T.);
#4701 = SURFACE_CURVE('',#4702,(#4706,#4713),.PCURVE_S1.);
#4702 = LINE('',#4703,#4704);
#4703 = CARTESIAN_POINT('',(-60.,-17.,17.));
#4704 = VECTOR('',#4705,1.);
#4705 = DIRECTION('',(0.,1.,0.));
#4706 = PCURVE('',#2548,#4707);
#4707 = DEFINITIONAL_REPRESENTATION('',(#4708),#4712);
#4708 = LINE('',#4709,#4710);
#4709 = CARTESIAN_POINT('',(52.,5.));
#4710 = VECTOR('',#4711,1.);
#4711 = DIRECTION('',(0.,1.));
#4712 = ( GEOMETRIC_REPRESENTATION_CONTEXT(2) 
PARAMETRIC_REPRESENTATION_CONTEXT() REPRESENTATION_CONTEXT('2D SPACE',''
  ) );
#4713 = PCURVE('',#4539,#4714);
#4714 = DEFINITIONAL_REPRESENTATION('',(#4715),#4719);
#4715 = LINE('',#4716,#4717);
#4716 = CARTESIAN_POINT('',(12.,5.));
#4717 = VECTOR('',#4718,1.);
#4718 = DIRECTION('',(0.,-1.));
#4719 = ( GEOMETRIC_REPRESENTATION_CONTEXT(2) 
PARAMETRIC_REPRESENTATION_CONTEXT() REPRESENTATION_CONTEXT('2D SPACE',''
  ) );
#4720 = ADVANCED_FACE('',(#4721),#3241,.F.);
#4721 = FACE_BOUND('',#4722,.T.);
#4722 = EDGE_LOOP('',(#4723,#4752,#4773,#4774));
#4723 = ORIENTED_EDGE('',*,*,#4724,.F.);
#4724 = EDGE_CURVE('',#4725,#4725,#4727,.T.);
#4725 = VERTEX_POINT('',#4726);
#4726 = CARTESIAN_POINT('',(-13.,48.25,15.));
#4727 = SURFACE_CURVE('',#4728,(#4733,#4740),.PCURVE_S1.);
#4728 = CIRCLE('',#4729,2.2);
#4729 = AXIS2_PLACEMENT_3D('',#4730,#4731,#4732);
#4730 = CARTESIAN_POINT('',(-13.,46.05,15.));
#4731 = DIRECTION('',(1.,0.,0.));
#4732 = DIRECTION('',(0.,1.,0.));
#4733 = PCURVE('',#3241,#4734);
#4734 = DEFINITIONAL_REPRESENTATION('',(#4735),#4739);
#4735 = LINE('',#4736,#4737);
#4736 = CARTESIAN_POINT('',(-0.,0.));
#4737 = VECTOR('',#4738,1.);
#4738 = DIRECTION('',(-1.,0.));
#4739 = ( GEOMETRIC_REPRESENTATION_CONTEXT(2) 
PARAMETRIC_REPRESENTATION_CONTEXT() REPRESENTATION_CONTEXT('2D SPACE',''
  ) );
#4740 = PCURVE('',#4741,#4746);
#4741 = PLANE('',#4742);
#4742 = AXIS2_PLACEMENT_3D('',#4743,#4744,#4745);
#4743 = CARTESIAN_POINT('',(-13.,46.05,15.));
#4744 = DIRECTION('',(1.,0.,0.));
#4745 = DIRECTION('',(-0.,0.,1.));
#4746 = DEFINITIONAL_REPRESENTATION('',(#4747),#4751);
#4747 = CIRCLE('',#4748,2.2);
#4748 = AXIS2_PLACEMENT_2D('',#4749,#4750);
#4749 = CARTESIAN_POINT('',(1.7763568394E-15,0.));
#4750 = DIRECTION('',(0.,-1.));
#4751 = ( GEOMETRIC_REPRESENTATION_CONTEXT(2) 
PARAMETRIC_REPRESENTATION_CONTEXT() REPRESENTATION_CONTEXT('2D SPACE',''
  ) );
#4752 = ORIENTED_EDGE('',*,*,#4753,.T.);
#4753 = EDGE_CURVE('',#4725,#3221,#4754,.T.);
#4754 = SEAM_CURVE('',#4755,(#4759,#4766),.PCURVE_S1.);
#4755 = LINE('',#4756,#4757);
#4756 = CARTESIAN_POINT('',(-13.,48.25,15.));
#4757 = VECTOR('',#4758,1.);
#4758 = DIRECTION('',(1.,0.,0.));
#4759 = PCURVE('',#3241,#4760);
#4760 = DEFINITIONAL_REPRESENTATION('',(#4761),#4765);
#4761 = LINE('',#4762,#4763);
#4762 = CARTESIAN_POINT('',(-6.28318530718,0.));
#4763 = VECTOR('',#4764,1.);
#4764 = DIRECTION('',(-0.,-1.));
#4765 = ( GEOMETRIC_REPRESENTATION_CONTEXT(2) 
PARAMETRIC_REPRESENTATION_CONTEXT() REPRESENTATION_CONTEXT('2D SPACE',''
  ) );
#4766 = PCURVE('',#3241,#4767);
#4767 = DEFINITIONAL_REPRESENTATION('',(#4768),#4772);
#4768 = LINE('',#4769,#4770);
#4769 = CARTESIAN_POINT('',(-0.,0.));
#4770 = VECTOR('',#4771,1.);
#4771 = DIRECTION('',(-0.,-1.));
#4772 = ( GEOMETRIC_REPRESENTATION_CONTEXT(2) 
PARAMETRIC_REPRESENTATION_CONTEXT() REPRESENTATION_CONTEXT('2D SPACE',''
  ) );
#4773 = ORIENTED_EDGE('',*,*,#3220,.F.);
#4774 = ORIENTED_EDGE('',*,*,#4753,.F.);
#4775 = ADVANCED_FACE('',(#4776),#4394,.F.);
#4776 = FACE_BOUND('',#4777,.F.);
#4777 = EDGE_LOOP('',(#4778,#4801,#4828,#4829));
#4778 = ORIENTED_EDGE('',*,*,#4779,.T.);
#4779 = EDGE_CURVE('',#4378,#4780,#4782,.T.);
#4780 = VERTEX_POINT('',#4781);
#4781 = CARTESIAN_POINT('',(-101.9,-16.,19.5));
#4782 = SEAM_CURVE('',#4783,(#4787,#4794),.PCURVE_S1.);
#4783 = LINE('',#4784,#4785);
#4784 = CARTESIAN_POINT('',(-101.9,-16.,25.));
#4785 = VECTOR('',#4786,1.);
#4786 = DIRECTION('',(-0.,-0.,-1.));
#4787 = PCURVE('',#4394,#4788);
#4788 = DEFINITIONAL_REPRESENTATION('',(#4789),#4793);
#4789 = LINE('',#4790,#4791);
#4790 = CARTESIAN_POINT('',(0.,0.));
#4791 = VECTOR('',#4792,1.);
#4792 = DIRECTION('',(0.,-1.));
#4793 = ( GEOMETRIC_REPRESENTATION_CONTEXT(2) 
PARAMETRIC_REPRESENTATION_CONTEXT() REPRESENTATION_CONTEXT('2D SPACE',''
  ) );
#4794 = PCURVE('',#4394,#4795);
#4795 = DEFINITIONAL_REPRESENTATION('',(#4796),#4800);
#4796 = LINE('',#4797,#4798);
#4797 = CARTESIAN_POINT('',(6.28318530718,0.));
#4798 = VECTOR('',#4799,1.);
#4799 = DIRECTION('',(0.,-1.));
#4800 = ( GEOMETRIC_REPRESENTATION_CONTEXT(2) 
PARAMETRIC_REPRESENTATION_CONTEXT() REPRESENTATION_CONTEXT('2D SPACE',''
  ) );
#4801 = ORIENTED_EDGE('',*,*,#4802,.T.);
#4802 = EDGE_CURVE('',#4780,#4780,#4803,.T.);
#4803 = SURFACE_CURVE('',#4804,(#4809,#4816),.PCURVE_S1.);
#4804 = CIRCLE('',#4805,2.1);
#4805 = AXIS2_PLACEMENT_3D('',#4806,#4807,#4808);
#4806 = CARTESIAN_POINT('',(-104.,-16.,19.5));
#4807 = DIRECTION('',(0.,0.,1.));
#4808 = DIRECTION('',(1.,0.,0.));
#4809 = PCURVE('',#4394,#4810);
#4810 = DEFINITIONAL_REPRESENTATION('',(#4811),#4815);
#4811 = LINE('',#4812,#4813);
#4812 = CARTESIAN_POINT('',(0.,-5.5));
#4813 = VECTOR('',#4814,1.);
#4814 = DIRECTION('',(1.,0.));
#4815 = ( GEOMETRIC_REPRESENTATION_CONTEXT(2) 
PARAMETRIC_REPRESENTATION_CONTEXT() REPRESENTATION_CONTEXT('2D SPACE',''
  ) );
#4816 = PCURVE('',#4817,#4822);
#4817 = PLANE('',#4818);
#4818 = AXIS2_PLACEMENT_3D('',#4819,#4820,#4821);
#4819 = CARTESIAN_POINT('',(-104.,-16.,19.5));
#4820 = DIRECTION('',(0.,0.,1.));
#4821 = DIRECTION('',(1.,0.,-0.));
#4822 = DEFINITIONAL_REPRESENTATION('',(#4823),#4827);
#4823 = CIRCLE('',#4824,2.1);
#4824 = AXIS2_PLACEMENT_2D('',#4825,#4826);
#4825 = CARTESIAN_POINT('',(1.42108547152E-14,0.));
#4826 = DIRECTION('',(1.,0.));
#4827 = ( GEOMETRIC_REPRESENTATION_CONTEXT(2) 
PARAMETRIC_REPRESENTATION_CONTEXT() REPRESENTATION_CONTEXT('2D SPACE',''
  ) );
#4828 = ORIENTED_EDGE('',*,*,#4779,.F.);
#4829 = ORIENTED_EDGE('',*,*,#4377,.F.);
#4830 = ADVANCED_FACE('',(#4831),#4425,.F.);
#4831 = FACE_BOUND('',#4832,.F.);
#4832 = EDGE_LOOP('',(#4833,#4856,#4883,#4884));
#4833 = ORIENTED_EDGE('',*,*,#4834,.T.);
#4834 = EDGE_CURVE('',#4409,#4835,#4837,.T.);
#4835 = VERTEX_POINT('',#4836);
#4836 = CARTESIAN_POINT('',(-57.9,-16.,19.5));
#4837 = SEAM_CURVE('',#4838,(#4842,#4849),.PCURVE_S1.);
#4838 = LINE('',#4839,#4840);
#4839 = CARTESIAN_POINT('',(-57.9,-16.,25.));
#4840 = VECTOR('',#4841,1.);
#4841 = DIRECTION('',(-0.,-0.,-1.));
#4842 = PCURVE('',#4425,#4843);
#4843 = DEFINITIONAL_REPRESENTATION('',(#4844),#4848);
#4844 = LINE('',#4845,#4846);
#4845 = CARTESIAN_POINT('',(0.,0.));
#4846 = VECTOR('',#4847,1.);
#4847 = DIRECTION('',(0.,-1.));
#4848 = ( GEOMETRIC_REPRESENTATION_CONTEXT(2) 
PARAMETRIC_REPRESENTATION_CONTEXT() REPRESENTATION_CONTEXT('2D SPACE',''
  ) );
#4849 = PCURVE('',#4425,#4850);
#4850 = DEFINITIONAL_REPRESENTATION('',(#4851),#4855);
#4851 = LINE('',#4852,#4853);
#4852 = CARTESIAN_POINT('',(6.28318530718,0.));
#4853 = VECTOR('',#4854,1.);
#4854 = DIRECTION('',(0.,-1.));
#4855 = ( GEOMETRIC_REPRESENTATION_CONTEXT(2) 
PARAMETRIC_REPRESENTATION_CONTEXT() REPRESENTATION_CONTEXT('2D SPACE',''
  ) );
#4856 = ORIENTED_EDGE('',*,*,#4857,.T.);
#4857 = EDGE_CURVE('',#4835,#4835,#4858,.T.);
#4858 = SURFACE_CURVE('',#4859,(#4864,#4871),.PCURVE_S1.);
#4859 = CIRCLE('',#4860,2.1);
#4860 = AXIS2_PLACEMENT_3D('',#4861,#4862,#4863);
#4861 = CARTESIAN_POINT('',(-60.,-16.,19.5));
#4862 = DIRECTION('',(0.,0.,1.));
#4863 = DIRECTION('',(1.,0.,0.));
#4864 = PCURVE('',#4425,#4865);
#4865 = DEFINITIONAL_REPRESENTATION('',(#4866),#4870);
#4866 = LINE('',#4867,#4868);
#4867 = CARTESIAN_POINT('',(0.,-5.5));
#4868 = VECTOR('',#4869,1.);
#4869 = DIRECTION('',(1.,0.));
#4870 = ( GEOMETRIC_REPRESENTATION_CONTEXT(2) 
PARAMETRIC_REPRESENTATION_CONTEXT() REPRESENTATION_CONTEXT('2D SPACE',''
  ) );
#4871 = PCURVE('',#4872,#4877);
#4872 = PLANE('',#4873);
#4873 = AXIS2_PLACEMENT_3D('',#4874,#4875,#4876);
#4874 = CARTESIAN_POINT('',(-60.,-16.,19.5));
#4875 = DIRECTION('',(0.,0.,1.));
#4876 = DIRECTION('',(1.,0.,-0.));
#4877 = DEFINITIONAL_REPRESENTATION('',(#4878),#4882);
#4878 = CIRCLE('',#4879,2.1);
#4879 = AXIS2_PLACEMENT_2D('',#4880,#4881);
#4880 = CARTESIAN_POINT('',(7.105427357601E-15,0.));
#4881 = DIRECTION('',(1.,0.));
#4882 = ( GEOMETRIC_REPRESENTATION_CONTEXT(2) 
PARAMETRIC_REPRESENTATION_CONTEXT() REPRESENTATION_CONTEXT('2D SPACE',''
  ) );
#4883 = ORIENTED_EDGE('',*,*,#4834,.F.);
#4884 = ORIENTED_EDGE('',*,*,#4408,.F.);
#4885 = ADVANCED_FACE('',(#4886),#4457,.T.);
#4886 = FACE_BOUND('',#4887,.T.);
#4887 = EDGE_LOOP('',(#4888,#4909,#4910,#4931));
#4888 = ORIENTED_EDGE('',*,*,#4889,.F.);
#4889 = EDGE_CURVE('',#4630,#4440,#4890,.T.);
#4890 = SURFACE_CURVE('',#4891,(#4895,#4902),.PCURVE_S1.);
#4891 = LINE('',#4892,#4893);
#4892 = CARTESIAN_POINT('',(-60.,-12.,5.));
#4893 = VECTOR('',#4894,1.);
#4894 = DIRECTION('',(0.,0.,1.));
#4895 = PCURVE('',#4457,#4896);
#4896 = DEFINITIONAL_REPRESENTATION('',(#4897),#4901);
#4897 = LINE('',#4898,#4899);
#4898 = CARTESIAN_POINT('',(0.,44.));
#4899 = VECTOR('',#4900,1.);
#4900 = DIRECTION('',(1.,0.));
#4901 = ( GEOMETRIC_REPRESENTATION_CONTEXT(2) 
PARAMETRIC_REPRESENTATION_CONTEXT() REPRESENTATION_CONTEXT('2D SPACE',''
  ) );
#4902 = PCURVE('',#4539,#4903);
#4903 = DEFINITIONAL_REPRESENTATION('',(#4904),#4908);
#4904 = LINE('',#4905,#4906);
#4905 = CARTESIAN_POINT('',(0.,0.));
#4906 = VECTOR('',#4907,1.);
#4907 = DIRECTION('',(1.,0.));
#4908 = ( GEOMETRIC_REPRESENTATION_CONTEXT(2) 
PARAMETRIC_REPRESENTATION_CONTEXT() REPRESENTATION_CONTEXT('2D SPACE',''
  ) );
#4909 = ORIENTED_EDGE('',*,*,#4629,.T.);
#4910 = ORIENTED_EDGE('',*,*,#4911,.T.);
#4911 = EDGE_CURVE('',#4632,#4442,#4912,.T.);
#4912 = SURFACE_CURVE('',#4913,(#4917,#4924),.PCURVE_S1.);
#4913 = LINE('',#4914,#4915);
#4914 = CARTESIAN_POINT('',(-104.,-12.,5.));
#4915 = VECTOR('',#4916,1.);
#4916 = DIRECTION('',(0.,0.,1.));
#4917 = PCURVE('',#4457,#4918);
#4918 = DEFINITIONAL_REPRESENTATION('',(#4919),#4923);
#4919 = LINE('',#4920,#4921);
#4920 = CARTESIAN_POINT('',(0.,0.));
#4921 = VECTOR('',#4922,1.);
#4922 = DIRECTION('',(1.,0.));
#4923 = ( GEOMETRIC_REPRESENTATION_CONTEXT(2) 
PARAMETRIC_REPRESENTATION_CONTEXT() REPRESENTATION_CONTEXT('2D SPACE',''
  ) );
#4924 = PCURVE('',#4485,#4925);
#4925 = DEFINITIONAL_REPRESENTATION('',(#4926),#4930);
#4926 = LINE('',#4927,#4928);
#4927 = CARTESIAN_POINT('',(0.,0.));
#4928 = VECTOR('',#4929,1.);
#4929 = DIRECTION('',(1.,0.));
#4930 = ( GEOMETRIC_REPRESENTATION_CONTEXT(2) 
PARAMETRIC_REPRESENTATION_CONTEXT() REPRESENTATION_CONTEXT('2D SPACE',''
  ) );
#4931 = ORIENTED_EDGE('',*,*,#4439,.F.);
#4932 = ADVANCED_FACE('',(#4933),#4539,.F.);
#4933 = FACE_BOUND('',#4934,.F.);
#4934 = EDGE_LOOP('',(#4935,#4936,#4937,#4958));
#4935 = ORIENTED_EDGE('',*,*,#4889,.F.);
#4936 = ORIENTED_EDGE('',*,*,#4700,.T.);
#4937 = ORIENTED_EDGE('',*,*,#4938,.T.);
#4938 = EDGE_CURVE('',#4678,#4498,#4939,.T.);
#4939 = SURFACE_CURVE('',#4940,(#4944,#4951),.PCURVE_S1.);
#4940 = LINE('',#4941,#4942);
#4941 = CARTESIAN_POINT('',(-60.,12.,5.));
#4942 = VECTOR('',#4943,1.);
#4943 = DIRECTION('',(0.,0.,1.));
#4944 = PCURVE('',#4539,#4945);
#4945 = DEFINITIONAL_REPRESENTATION('',(#4946),#4950);
#4946 = LINE('',#4947,#4948);
#4947 = CARTESIAN_POINT('',(0.,-24.));
#4948 = VECTOR('',#4949,1.);
#4949 = DIRECTION('',(1.,0.));
#4950 = ( GEOMETRIC_REPRESENTATION_CONTEXT(2) 
PARAMETRIC_REPRESENTATION_CONTEXT() REPRESENTATION_CONTEXT('2D SPACE',''
  ) );
#4951 = PCURVE('',#4513,#4952);
#4952 = DEFINITIONAL_REPRESENTATION('',(#4953),#4957);
#4953 = LINE('',#4954,#4955);
#4954 = CARTESIAN_POINT('',(0.,44.));
#4955 = VECTOR('',#4956,1.);
#4956 = DIRECTION('',(1.,0.));
#4957 = ( GEOMETRIC_REPRESENTATION_CONTEXT(2) 
PARAMETRIC_REPRESENTATION_CONTEXT() REPRESENTATION_CONTEXT('2D SPACE',''
  ) );
#4958 = ORIENTED_EDGE('',*,*,#4525,.F.);
#4959 = ADVANCED_FACE('',(#4960),#4485,.T.);
#4960 = FACE_BOUND('',#4961,.T.);
#4961 = EDGE_LOOP('',(#4962,#4963,#4964,#4985));
#4962 = ORIENTED_EDGE('',*,*,#4911,.F.);
#4963 = ORIENTED_EDGE('',*,*,#4654,.T.);
#4964 = ORIENTED_EDGE('',*,*,#4965,.T.);
#4965 = EDGE_CURVE('',#4655,#4470,#4966,.T.);
#4966 = SURFACE_CURVE('',#4967,(#4971,#4978),.PCURVE_S1.);
#4967 = LINE('',#4968,#4969);
#4968 = CARTESIAN_POINT('',(-104.,12.,5.));
#4969 = VECTOR('',#4970,1.);
#4970 = DIRECTION('',(0.,0.,1.));
#4971 = PCURVE('',#4485,#4972);
#4972 = DEFINITIONAL_REPRESENTATION('',(#4973),#4977);
#4973 = LINE('',#4974,#4975);
#4974 = CARTESIAN_POINT('',(0.,-24.));
#4975 = VECTOR('',#4976,1.);
#4976 = DIRECTION('',(1.,0.));
#4977 = ( GEOMETRIC_REPRESENTATION_CONTEXT(2) 
PARAMETRIC_REPRESENTATION_CONTEXT() REPRESENTATION_CONTEXT('2D SPACE',''
  ) );
#4978 = PCURVE('',#4513,#4979);
#4979 = DEFINITIONAL_REPRESENTATION('',(#4980),#4984);
#4980 = LINE('',#4981,#4982);
#4981 = CARTESIAN_POINT('',(0.,0.));
#4982 = VECTOR('',#4983,1.);
#4983 = DIRECTION('',(1.,0.));
#4984 = ( GEOMETRIC_REPRESENTATION_CONTEXT(2) 
PARAMETRIC_REPRESENTATION_CONTEXT() REPRESENTATION_CONTEXT('2D SPACE',''
  ) );
#4985 = ORIENTED_EDGE('',*,*,#4469,.F.);
#4986 = ADVANCED_FACE('',(#4987),#4513,.F.);
#4987 = FACE_BOUND('',#4988,.F.);
#4988 = EDGE_LOOP('',(#4989,#4990,#4991,#4992));
#4989 = ORIENTED_EDGE('',*,*,#4938,.F.);
#4990 = ORIENTED_EDGE('',*,*,#4677,.T.);
#4991 = ORIENTED_EDGE('',*,*,#4965,.T.);
#4992 = ORIENTED_EDGE('',*,*,#4497,.F.);
#4993 = ADVANCED_FACE('',(#4994),#4570,.F.);
#4994 = FACE_BOUND('',#4995,.F.);
#4995 = EDGE_LOOP('',(#4996,#5019,#5046,#5047));
#4996 = ORIENTED_EDGE('',*,*,#4997,.T.);
#4997 = EDGE_CURVE('',#4554,#4998,#5000,.T.);
#4998 = VERTEX_POINT('',#4999);
#4999 = CARTESIAN_POINT('',(-101.9,16.,19.5));
#5000 = SEAM_CURVE('',#5001,(#5005,#5012),.PCURVE_S1.);
#5001 = LINE('',#5002,#5003);
#5002 = CARTESIAN_POINT('',(-101.9,16.,25.));
#5003 = VECTOR('',#5004,1.);
#5004 = DIRECTION('',(-0.,-0.,-1.));
#5005 = PCURVE('',#4570,#5006);
#5006 = DEFINITIONAL_REPRESENTATION('',(#5007),#5011);
#5007 = LINE('',#5008,#5009);
#5008 = CARTESIAN_POINT('',(0.,0.));
#5009 = VECTOR('',#5010,1.);
#5010 = DIRECTION('',(0.,-1.));
#5011 = ( GEOMETRIC_REPRESENTATION_CONTEXT(2) 
PARAMETRIC_REPRESENTATION_CONTEXT() REPRESENTATION_CONTEXT('2D SPACE',''
  ) );
#5012 = PCURVE('',#4570,#5013);
#5013 = DEFINITIONAL_REPRESENTATION('',(#5014),#5018);
#5014 = LINE('',#5015,#5016);
#5015 = CARTESIAN_POINT('',(6.28318530718,0.));
#5016 = VECTOR('',#5017,1.);
#5017 = DIRECTION('',(0.,-1.));
#5018 = ( GEOMETRIC_REPRESENTATION_CONTEXT(2) 
PARAMETRIC_REPRESENTATION_CONTEXT() REPRESENTATION_CONTEXT('2D SPACE',''
  ) );
#5019 = ORIENTED_EDGE('',*,*,#5020,.T.);
#5020 = EDGE_CURVE('',#4998,#4998,#5021,.T.);
#5021 = SURFACE_CURVE('',#5022,(#5027,#5034),.PCURVE_S1.);
#5022 = CIRCLE('',#5023,2.1);
#5023 = AXIS2_PLACEMENT_3D('',#5024,#5025,#5026);
#5024 = CARTESIAN_POINT('',(-104.,16.,19.5));
#5025 = DIRECTION('',(0.,0.,1.));
#5026 = DIRECTION('',(1.,0.,0.));
#5027 = PCURVE('',#4570,#5028);
#5028 = DEFINITIONAL_REPRESENTATION('',(#5029),#5033);
#5029 = LINE('',#5030,#5031);
#5030 = CARTESIAN_POINT('',(0.,-5.5));
#5031 = VECTOR('',#5032,1.);
#5032 = DIRECTION('',(1.,0.));
#5033 = ( GEOMETRIC_REPRESENTATION_CONTEXT(2) 
PARAMETRIC_REPRESENTATION_CONTEXT() REPRESENTATION_CONTEXT('2D SPACE',''
  ) );
#5034 = PCURVE('',#5035,#5040);
#5035 = PLANE('',#5036);
#5036 = AXIS2_PLACEMENT_3D('',#5037,#5038,#5039);
#5037 = CARTESIAN_POINT('',(-104.,16.,19.5));
#5038 = DIRECTION('',(0.,0.,1.));
#5039 = DIRECTION('',(1.,0.,-0.));
#5040 = DEFINITIONAL_REPRESENTATION('',(#5041),#5045);
#5041 = CIRCLE('',#5042,2.1);
#5042 = AXIS2_PLACEMENT_2D('',#5043,#5044);
#5043 = CARTESIAN_POINT('',(0.,0.));
#5044 = DIRECTION('',(1.,0.));
#5045 = ( GEOMETRIC_REPRESENTATION_CONTEXT(2) 
PARAMETRIC_REPRESENTATION_CONTEXT() REPRESENTATION_CONTEXT('2D SPACE',''
  ) );
#5046 = ORIENTED_EDGE('',*,*,#4997,.F.);
#5047 = ORIENTED_EDGE('',*,*,#4553,.F.);
#5048 = ADVANCED_FACE('',(#5049),#4601,.F.);
#5049 = FACE_BOUND('',#5050,.F.);
#5050 = EDGE_LOOP('',(#5051,#5074,#5101,#5102));
#5051 = ORIENTED_EDGE('',*,*,#5052,.T.);
#5052 = EDGE_CURVE('',#4585,#5053,#5055,.T.);
#5053 = VERTEX_POINT('',#5054);
#5054 = CARTESIAN_POINT('',(-57.9,16.,19.5));
#5055 = SEAM_CURVE('',#5056,(#5060,#5067),.PCURVE_S1.);
#5056 = LINE('',#5057,#5058);
#5057 = CARTESIAN_POINT('',(-57.9,16.,25.));
#5058 = VECTOR('',#5059,1.);
#5059 = DIRECTION('',(-0.,-0.,-1.));
#5060 = PCURVE('',#4601,#5061);
#5061 = DEFINITIONAL_REPRESENTATION('',(#5062),#5066);
#5062 = LINE('',#5063,#5064);
#5063 = CARTESIAN_POINT('',(0.,0.));
#5064 = VECTOR('',#5065,1.);
#5065 = DIRECTION('',(0.,-1.));
#5066 = ( GEOMETRIC_REPRESENTATION_CONTEXT(2) 
PARAMETRIC_REPRESENTATION_CONTEXT() REPRESENTATION_CONTEXT('2D SPACE',''
  ) );
#5067 = PCURVE('',#4601,#5068);
#5068 = DEFINITIONAL_REPRESENTATION('',(#5069),#5073);
#5069 = LINE('',#5070,#5071);
#5070 = CARTESIAN_POINT('',(6.28318530718,0.));
#5071 = VECTOR('',#5072,1.);
#5072 = DIRECTION('',(0.,-1.));
#5073 = ( GEOMETRIC_REPRESENTATION_CONTEXT(2) 
PARAMETRIC_REPRESENTATION_CONTEXT() REPRESENTATION_CONTEXT('2D SPACE',''
  ) );
#5074 = ORIENTED_EDGE('',*,*,#5075,.T.);
#5075 = EDGE_CURVE('',#5053,#5053,#5076,.T.);
#5076 = SURFACE_CURVE('',#5077,(#5082,#5089),.PCURVE_S1.);
#5077 = CIRCLE('',#5078,2.1);
#5078 = AXIS2_PLACEMENT_3D('',#5079,#5080,#5081);
#5079 = CARTESIAN_POINT('',(-60.,16.,19.5));
#5080 = DIRECTION('',(0.,0.,1.));
#5081 = DIRECTION('',(1.,0.,0.));
#5082 = PCURVE('',#4601,#5083);
#5083 = DEFINITIONAL_REPRESENTATION('',(#5084),#5088);
#5084 = LINE('',#5085,#5086);
#5085 = CARTESIAN_POINT('',(0.,-5.5));
#5086 = VECTOR('',#5087,1.);
#5087 = DIRECTION('',(1.,0.));
#5088 = ( GEOMETRIC_REPRESENTATION_CONTEXT(2) 
PARAMETRIC_REPRESENTATION_CONTEXT() REPRESENTATION_CONTEXT('2D SPACE',''
  ) );
#5089 = PCURVE('',#5090,#5095);
#5090 = PLANE('',#5091);
#5091 = AXIS2_PLACEMENT_3D('',#5092,#5093,#5094);
#5092 = CARTESIAN_POINT('',(-60.,16.,19.5));
#5093 = DIRECTION('',(0.,0.,1.));
#5094 = DIRECTION('',(1.,0.,-0.));
#5095 = DEFINITIONAL_REPRESENTATION('',(#5096),#5100);
#5096 = CIRCLE('',#5097,2.1);
#5097 = AXIS2_PLACEMENT_2D('',#5098,#5099);
#5098 = CARTESIAN_POINT('',(-1.42108547152E-14,0.));
#5099 = DIRECTION('',(1.,0.));
#5100 = ( GEOMETRIC_REPRESENTATION_CONTEXT(2) 
PARAMETRIC_REPRESENTATION_CONTEXT() REPRESENTATION_CONTEXT('2D SPACE',''
  ) );
#5101 = ORIENTED_EDGE('',*,*,#5052,.F.);
#5102 = ORIENTED_EDGE('',*,*,#4584,.F.);
#5103 = ADVANCED_FACE('',(#5104),#4741,.T.);
#5104 = FACE_BOUND('',#5105,.T.);
#5105 = EDGE_LOOP('',(#5106));
#5106 = ORIENTED_EDGE('',*,*,#4724,.T.);
#5107 = ADVANCED_FACE('',(#5108),#4817,.T.);
#5108 = FACE_BOUND('',#5109,.T.);
#5109 = EDGE_LOOP('',(#5110));
#5110 = ORIENTED_EDGE('',*,*,#4802,.T.);
#5111 = ADVANCED_FACE('',(#5112),#4872,.T.);
#5112 = FACE_BOUND('',#5113,.T.);
#5113 = EDGE_LOOP('',(#5114));
#5114 = ORIENTED_EDGE('',*,*,#4857,.T.);
#5115 = ADVANCED_FACE('',(#5116),#5035,.T.);
#5116 = FACE_BOUND('',#5117,.T.);
#5117 = EDGE_LOOP('',(#5118));
#5118 = ORIENTED_EDGE('',*,*,#5020,.T.);
#5119 = ADVANCED_FACE('',(#5120),#5090,.T.);
#5120 = FACE_BOUND('',#5121,.T.);
#5121 = EDGE_LOOP('',(#5122));
#5122 = ORIENTED_EDGE('',*,*,#5075,.T.);
#5123 = ( GEOMETRIC_REPRESENTATION_CONTEXT(3) 
GLOBAL_UNCERTAINTY_ASSIGNED_CONTEXT((#5127)) 
GLOBAL_UNIT_ASSIGNED_CONTEXT((#5124,#5125,#5126)) REPRESENTATION_CONTEXT
('Context #1','3D Context with UNIT and UNCERTAINTY') );
#5124 = ( LENGTH_UNIT() NAMED_UNIT(*) SI_UNIT(.MILLI.,.METRE.) );
#5125 = ( NAMED_UNIT(*) PLANE_ANGLE_UNIT() SI_UNIT($,.RADIAN.) );
#5126 = ( NAMED_UNIT(*) SI_UNIT($,.STERADIAN.) SOLID_ANGLE_UNIT() );
#5127 = UNCERTAINTY_MEASURE_WITH_UNIT(LENGTH_MEASURE(1.E-07),#5124,
  'distance_accuracy_value','confusion accuracy');
#5128 = PRODUCT_RELATED_PRODUCT_CATEGORY('part',$,(#7));
ENDSEC;
END-ISO-10303-21;
