ISO-10303-21;
HEADER;
FILE_DESCRIPTION(('Open CASCADE Model'),'2;1');
FILE_NAME('Open CASCADE Shape Model','2026-07-18T00:39:05',('Author'),(
    'Open CASCADE'),'Open CASCADE STEP processor 7.9','Open CASCADE 7.9'
  ,'Unknown');
FILE_SCHEMA(('AUTOMOTIVE_DESIGN { 1 0 10303 214 1 1 1 1 }'));
ENDSEC;
DATA;
#1 = APPLICATION_PROTOCOL_DEFINITION('international standard',
  'automotive_design',2000,#2);
#2 = APPLICATION_CONTEXT(
  'core data for automotive mechanical design processes');
#3 = SHAPE_DEFINITION_REPRESENTATION(#4,#10);
#4 = PRODUCT_DEFINITION_SHAPE('','',#5);
#5 = PRODUCT_DEFINITION('design','',#6,#9);
#6 = PRODUCT_DEFINITION_FORMATION('','',#7);
#7 = PRODUCT('Open CASCADE STEP translator 7.9 4',
  'Open CASCADE STEP translator 7.9 4','',(#8));
#8 = PRODUCT_CONTEXT('',#2,'mechanical');
#9 = PRODUCT_DEFINITION_CONTEXT('part definition',#2,'design');
#10 = ADVANCED_BREP_SHAPE_REPRESENTATION('',(#11,#15),#4906);
#11 = AXIS2_PLACEMENT_3D('',#12,#13,#14);
#12 = CARTESIAN_POINT('',(0.,0.,0.));
#13 = DIRECTION('',(0.,0.,1.));
#14 = DIRECTION('',(1.,0.,-0.));
#15 = MANIFOLD_SOLID_BREP('',#16);
#16 = CLOSED_SHELL('',(#17,#1124,#1128,#1945,#1993,#2085,#2092,#2117,
    #2164,#2643,#2668,#3090,#3518,#3565,#3590,#3615,#3693,#3744,#3822,
    #3871,#3940,#3965,#3972,#4025,#4080,#4127,#4154,#4181,#4188,#4243,
    #4290,#4317,#4344,#4351,#4406,#4461,#4488,#4515,#4666,#4741,#4791,
    #4839,#4846,#4853,#4857,#4861,#4865,#4869,#4895,#4899));
#17 = ADVANCED_FACE('',(#18,#422,#773),#31,.T.);
#18 = FACE_BOUND('',#19,.F.);
#19 = EDGE_LOOP('',(#20,#54,#77,#106,#132,#165,#191,#215,#241,#274,#300,
    #324,#345,#373,#399,#421));
#20 = ORIENTED_EDGE('',*,*,#21,.F.);
#21 = EDGE_CURVE('',#22,#22,#24,.T.);
#22 = VERTEX_POINT('',#23);
#23 = CARTESIAN_POINT('',(52.,0.,0.));
#24 = SURFACE_CURVE('',#25,(#30,#42),.PCURVE_S1.);
#25 = CIRCLE('',#26,52.);
#26 = AXIS2_PLACEMENT_3D('',#27,#28,#29);
#27 = CARTESIAN_POINT('',(0.,0.,0.));
#28 = DIRECTION('',(0.,0.,1.));
#29 = DIRECTION('',(1.,0.,0.));
#30 = PCURVE('',#31,#36);
#31 = CYLINDRICAL_SURFACE('',#32,52.);
#32 = AXIS2_PLACEMENT_3D('',#33,#34,#35);
#33 = CARTESIAN_POINT('',(0.,0.,0.));
#34 = DIRECTION('',(-0.,-0.,-1.));
#35 = DIRECTION('',(1.,0.,0.));
#36 = DEFINITIONAL_REPRESENTATION('',(#37),#41);
#37 = LINE('',#38,#39);
#38 = CARTESIAN_POINT('',(-0.,0.));
#39 = VECTOR('',#40,1.);
#40 = DIRECTION('',(-1.,0.));
#41 = ( GEOMETRIC_REPRESENTATION_CONTEXT(2) 
PARAMETRIC_REPRESENTATION_CONTEXT() REPRESENTATION_CONTEXT('2D SPACE',''
  ) );
#42 = PCURVE('',#43,#48);
#43 = PLANE('',#44);
#44 = AXIS2_PLACEMENT_3D('',#45,#46,#47);
#45 = CARTESIAN_POINT('',(-1.683003240049E-15,2.926288601623E-15,0.));
#46 = DIRECTION('',(0.,0.,1.));
#47 = DIRECTION('',(1.,0.,-0.));
#48 = DEFINITIONAL_REPRESENTATION('',(#49),#53);
#49 = CIRCLE('',#50,52.);
#50 = AXIS2_PLACEMENT_2D('',#51,#52);
#51 = CARTESIAN_POINT('',(1.683003240049E-15,-2.926288601623E-15));
#52 = DIRECTION('',(1.,0.));
#53 = ( GEOMETRIC_REPRESENTATION_CONTEXT(2) 
PARAMETRIC_REPRESENTATION_CONTEXT() REPRESENTATION_CONTEXT('2D SPACE',''
  ) );
#54 = ORIENTED_EDGE('',*,*,#55,.T.);
#55 = EDGE_CURVE('',#22,#56,#58,.T.);
#56 = VERTEX_POINT('',#57);
#57 = CARTESIAN_POINT('',(52.,0.,14.));
#58 = SEAM_CURVE('',#59,(#63,#70),.PCURVE_S1.);
#59 = LINE('',#60,#61);
#60 = CARTESIAN_POINT('',(52.,0.,0.));
#61 = VECTOR('',#62,1.);
#62 = DIRECTION('',(0.,0.,1.));
#63 = PCURVE('',#31,#64);
#64 = DEFINITIONAL_REPRESENTATION('',(#65),#69);
#65 = LINE('',#66,#67);
#66 = CARTESIAN_POINT('',(-6.28318530718,0.));
#67 = VECTOR('',#68,1.);
#68 = DIRECTION('',(-0.,-1.));
#69 = ( GEOMETRIC_REPRESENTATION_CONTEXT(2) 
PARAMETRIC_REPRESENTATION_CONTEXT() REPRESENTATION_CONTEXT('2D SPACE',''
  ) );
#70 = PCURVE('',#31,#71);
#71 = DEFINITIONAL_REPRESENTATION('',(#72),#76);
#72 = LINE('',#73,#74);
#73 = CARTESIAN_POINT('',(-0.,0.));
#74 = VECTOR('',#75,1.);
#75 = DIRECTION('',(-0.,-1.));
#76 = ( GEOMETRIC_REPRESENTATION_CONTEXT(2) 
PARAMETRIC_REPRESENTATION_CONTEXT() REPRESENTATION_CONTEXT('2D SPACE',''
  ) );
#77 = ORIENTED_EDGE('',*,*,#78,.T.);
#78 = EDGE_CURVE('',#56,#79,#81,.T.);
#79 = VERTEX_POINT('',#80);
#80 = CARTESIAN_POINT('',(-50.59644256269,12.000000000002,14.));
#81 = SURFACE_CURVE('',#82,(#87,#94),.PCURVE_S1.);
#82 = CIRCLE('',#83,52.);
#83 = AXIS2_PLACEMENT_3D('',#84,#85,#86);
#84 = CARTESIAN_POINT('',(0.,0.,14.));
#85 = DIRECTION('',(0.,0.,1.));
#86 = DIRECTION('',(1.,0.,0.));
#87 = PCURVE('',#31,#88);
#88 = DEFINITIONAL_REPRESENTATION('',(#89),#93);
#89 = LINE('',#90,#91);
#90 = CARTESIAN_POINT('',(-0.,-14.));
#91 = VECTOR('',#92,1.);
#92 = DIRECTION('',(-1.,0.));
#93 = ( GEOMETRIC_REPRESENTATION_CONTEXT(2) 
PARAMETRIC_REPRESENTATION_CONTEXT() REPRESENTATION_CONTEXT('2D SPACE',''
  ) );
#94 = PCURVE('',#95,#100);
#95 = PLANE('',#96);
#96 = AXIS2_PLACEMENT_3D('',#97,#98,#99);
#97 = CARTESIAN_POINT('',(-1.683003240049E-15,2.926288601623E-15,14.));
#98 = DIRECTION('',(0.,0.,1.));
#99 = DIRECTION('',(1.,0.,-0.));
#100 = DEFINITIONAL_REPRESENTATION('',(#101),#105);
#101 = CIRCLE('',#102,52.);
#102 = AXIS2_PLACEMENT_2D('',#103,#104);
#103 = CARTESIAN_POINT('',(1.683003240049E-15,-2.926288601623E-15));
#104 = DIRECTION('',(1.,0.));
#105 = ( GEOMETRIC_REPRESENTATION_CONTEXT(2) 
PARAMETRIC_REPRESENTATION_CONTEXT() REPRESENTATION_CONTEXT('2D SPACE',''
  ) );
#106 = ORIENTED_EDGE('',*,*,#107,.T.);
#107 = EDGE_CURVE('',#79,#108,#110,.T.);
#108 = VERTEX_POINT('',#109);
#109 = CARTESIAN_POINT('',(-50.59644256269,12.,9.));
#110 = SURFACE_CURVE('',#111,(#115,#121),.PCURVE_S1.);
#111 = LINE('',#112,#113);
#112 = CARTESIAN_POINT('',(-50.59644256269,12.,0.));
#113 = VECTOR('',#114,1.);
#114 = DIRECTION('',(-0.,-0.,-1.));
#115 = PCURVE('',#31,#116);
#116 = DEFINITIONAL_REPRESENTATION('',(#117),#120);
#117 = B_SPLINE_CURVE_WITH_KNOTS('',1,(#118,#119),.UNSPECIFIED.,.F.,.F.,
  (2,2),(-14.0000006,-8.5),.PIECEWISE_BEZIER_KNOTS.);
#118 = CARTESIAN_POINT('',(-2.908724475332,-14.0000006));
#119 = CARTESIAN_POINT('',(-2.908724475332,-8.5));
#120 = ( GEOMETRIC_REPRESENTATION_CONTEXT(2) 
PARAMETRIC_REPRESENTATION_CONTEXT() REPRESENTATION_CONTEXT('2D SPACE',''
  ) );
#121 = PCURVE('',#122,#127);
#122 = PLANE('',#123);
#123 = AXIS2_PLACEMENT_3D('',#124,#125,#126);
#124 = CARTESIAN_POINT('',(-91.,12.,9.));
#125 = DIRECTION('',(0.,1.,0.));
#126 = DIRECTION('',(0.,0.,1.));
#127 = DEFINITIONAL_REPRESENTATION('',(#128),#131);
#128 = B_SPLINE_CURVE_WITH_KNOTS('',1,(#129,#130),.UNSPECIFIED.,.F.,.F.,
  (2,2),(-14.0000006,-8.5),.PIECEWISE_BEZIER_KNOTS.);
#129 = CARTESIAN_POINT('',(5.0000006,40.403557437306));
#130 = CARTESIAN_POINT('',(-0.5,40.403557437306));
#131 = ( GEOMETRIC_REPRESENTATION_CONTEXT(2) 
PARAMETRIC_REPRESENTATION_CONTEXT() REPRESENTATION_CONTEXT('2D SPACE',''
  ) );
#132 = ORIENTED_EDGE('',*,*,#133,.F.);
#133 = EDGE_CURVE('',#134,#108,#136,.T.);
#134 = VERTEX_POINT('',#135);
#135 = CARTESIAN_POINT('',(-50.59644256269,-12.,9.));
#136 = SURFACE_CURVE('',#137,(#142,#149),.PCURVE_S1.);
#137 = CIRCLE('',#138,52.);
#138 = AXIS2_PLACEMENT_3D('',#139,#140,#141);
#139 = CARTESIAN_POINT('',(0.,0.,9.));
#140 = DIRECTION('',(0.,0.,-1.));
#141 = DIRECTION('',(1.,0.,0.));
#142 = PCURVE('',#31,#143);
#143 = DEFINITIONAL_REPRESENTATION('',(#144),#148);
#144 = LINE('',#145,#146);
#145 = CARTESIAN_POINT('',(-6.28318530718,-9.));
#146 = VECTOR('',#147,1.);
#147 = DIRECTION('',(1.,-0.));
#148 = ( GEOMETRIC_REPRESENTATION_CONTEXT(2) 
PARAMETRIC_REPRESENTATION_CONTEXT() REPRESENTATION_CONTEXT('2D SPACE',''
  ) );
#149 = PCURVE('',#150,#155);
#150 = PLANE('',#151);
#151 = AXIS2_PLACEMENT_3D('',#152,#153,#154);
#152 = CARTESIAN_POINT('',(-91.,-12.,9.));
#153 = DIRECTION('',(0.,0.,1.));
#154 = DIRECTION('',(1.,0.,0.));
#155 = DEFINITIONAL_REPRESENTATION('',(#156),#164);
#156 = ( BOUNDED_CURVE() B_SPLINE_CURVE(2,(#157,#158,#159,#160,#161,#162
,#163),.UNSPECIFIED.,.T.,.F.) B_SPLINE_CURVE_WITH_KNOTS((1,2,2,2,2,1),(
    -2.094395102393,0.,2.094395102393,4.188790204786,6.28318530718,
8.377580409573),.UNSPECIFIED.) CURVE() GEOMETRIC_REPRESENTATION_ITEM() 
RATIONAL_B_SPLINE_CURVE((1.,0.5,1.,0.5,1.,0.5,1.)) REPRESENTATION_ITEM(
  '') );
#157 = CARTESIAN_POINT('',(143.,12.));
#158 = CARTESIAN_POINT('',(143.,-78.06664199358));
#159 = CARTESIAN_POINT('',(65.,-33.03332099679));
#160 = CARTESIAN_POINT('',(-13.,12.));
#161 = CARTESIAN_POINT('',(65.,57.033320996791));
#162 = CARTESIAN_POINT('',(143.,102.06664199358));
#163 = CARTESIAN_POINT('',(143.,12.));
#164 = ( GEOMETRIC_REPRESENTATION_CONTEXT(2) 
PARAMETRIC_REPRESENTATION_CONTEXT() REPRESENTATION_CONTEXT('2D SPACE',''
  ) );
#165 = ORIENTED_EDGE('',*,*,#166,.F.);
#166 = EDGE_CURVE('',#167,#134,#169,.T.);
#167 = VERTEX_POINT('',#168);
#168 = CARTESIAN_POINT('',(-50.59644256269,-12.,14.));
#169 = SURFACE_CURVE('',#170,(#174,#180),.PCURVE_S1.);
#170 = LINE('',#171,#172);
#171 = CARTESIAN_POINT('',(-50.59644256269,-12.,0.));
#172 = VECTOR('',#173,1.);
#173 = DIRECTION('',(-0.,-0.,-1.));
#174 = PCURVE('',#31,#175);
#175 = DEFINITIONAL_REPRESENTATION('',(#176),#179);
#176 = B_SPLINE_CURVE_WITH_KNOTS('',1,(#177,#178),.UNSPECIFIED.,.F.,.F.,
  (2,2),(-14.0000006,-8.5),.PIECEWISE_BEZIER_KNOTS.);
#177 = CARTESIAN_POINT('',(-3.374460831848,-14.0000006));
#178 = CARTESIAN_POINT('',(-3.374460831848,-8.5));
#179 = ( GEOMETRIC_REPRESENTATION_CONTEXT(2) 
PARAMETRIC_REPRESENTATION_CONTEXT() REPRESENTATION_CONTEXT('2D SPACE',''
  ) );
#180 = PCURVE('',#181,#186);
#181 = PLANE('',#182);
#182 = AXIS2_PLACEMENT_3D('',#183,#184,#185);
#183 = CARTESIAN_POINT('',(-91.,-12.,9.));
#184 = DIRECTION('',(0.,1.,0.));
#185 = DIRECTION('',(0.,0.,1.));
#186 = DEFINITIONAL_REPRESENTATION('',(#187),#190);
#187 = B_SPLINE_CURVE_WITH_KNOTS('',1,(#188,#189),.UNSPECIFIED.,.F.,.F.,
  (2,2),(-14.0000006,-8.5),.PIECEWISE_BEZIER_KNOTS.);
#188 = CARTESIAN_POINT('',(5.0000006,40.403557437306));
#189 = CARTESIAN_POINT('',(-0.5,40.403557437306));
#190 = ( GEOMETRIC_REPRESENTATION_CONTEXT(2) 
PARAMETRIC_REPRESENTATION_CONTEXT() REPRESENTATION_CONTEXT('2D SPACE',''
  ) );
#191 = ORIENTED_EDGE('',*,*,#192,.T.);
#192 = EDGE_CURVE('',#167,#193,#195,.T.);
#193 = VERTEX_POINT('',#194);
#194 = CARTESIAN_POINT('',(-50.34405406951,-13.01830326292,14.));
#195 = SURFACE_CURVE('',#196,(#201,#208),.PCURVE_S1.);
#196 = CIRCLE('',#197,52.);
#197 = AXIS2_PLACEMENT_3D('',#198,#199,#200);
#198 = CARTESIAN_POINT('',(0.,0.,14.));
#199 = DIRECTION('',(0.,0.,1.));
#200 = DIRECTION('',(1.,0.,0.));
#201 = PCURVE('',#31,#202);
#202 = DEFINITIONAL_REPRESENTATION('',(#203),#207);
#203 = LINE('',#204,#205);
#204 = CARTESIAN_POINT('',(-0.,-14.));
#205 = VECTOR('',#206,1.);
#206 = DIRECTION('',(-1.,0.));
#207 = ( GEOMETRIC_REPRESENTATION_CONTEXT(2) 
PARAMETRIC_REPRESENTATION_CONTEXT() REPRESENTATION_CONTEXT('2D SPACE',''
  ) );
#208 = PCURVE('',#95,#209);
#209 = DEFINITIONAL_REPRESENTATION('',(#210),#214);
#210 = CIRCLE('',#211,52.);
#211 = AXIS2_PLACEMENT_2D('',#212,#213);
#212 = CARTESIAN_POINT('',(1.683003240049E-15,-2.926288601623E-15));
#213 = DIRECTION('',(1.,0.));
#214 = ( GEOMETRIC_REPRESENTATION_CONTEXT(2) 
PARAMETRIC_REPRESENTATION_CONTEXT() REPRESENTATION_CONTEXT('2D SPACE',''
  ) );
#215 = ORIENTED_EDGE('',*,*,#216,.T.);
#216 = EDGE_CURVE('',#193,#217,#219,.T.);
#217 = VERTEX_POINT('',#218);
#218 = CARTESIAN_POINT('',(-50.34405406951,-13.01830326292,9.));
#219 = SURFACE_CURVE('',#220,(#224,#230),.PCURVE_S1.);
#220 = LINE('',#221,#222);
#221 = CARTESIAN_POINT('',(-50.34405406951,-13.01830326292,0.));
#222 = VECTOR('',#223,1.);
#223 = DIRECTION('',(-0.,-0.,-1.));
#224 = PCURVE('',#31,#225);
#225 = DEFINITIONAL_REPRESENTATION('',(#226),#229);
#226 = B_SPLINE_CURVE_WITH_KNOTS('',1,(#227,#228),.UNSPECIFIED.,.F.,.F.,
  (2,2),(-14.0000006,-8.9999994),.PIECEWISE_BEZIER_KNOTS.);
#227 = CARTESIAN_POINT('',(-3.3946364552,-14.0000006));
#228 = CARTESIAN_POINT('',(-3.3946364552,-8.9999994));
#229 = ( GEOMETRIC_REPRESENTATION_CONTEXT(2) 
PARAMETRIC_REPRESENTATION_CONTEXT() REPRESENTATION_CONTEXT('2D SPACE',''
  ) );
#230 = PCURVE('',#231,#236);
#231 = CYLINDRICAL_SURFACE('',#232,6.);
#232 = AXIS2_PLACEMENT_3D('',#233,#234,#235);
#233 = CARTESIAN_POINT('',(-47.,-18.,9.));
#234 = DIRECTION('',(-0.,-0.,-1.));
#235 = DIRECTION('',(1.,0.,0.));
#236 = DEFINITIONAL_REPRESENTATION('',(#237),#240);
#237 = B_SPLINE_CURVE_WITH_KNOTS('',1,(#238,#239),.UNSPECIFIED.,.F.,.F.,
  (2,2),(-14.0000006,-8.9999994),.PIECEWISE_BEZIER_KNOTS.);
#238 = CARTESIAN_POINT('',(-2.161977771569,-5.0000006));
#239 = CARTESIAN_POINT('',(-2.161977771569,5.999999999062E-07));
#240 = ( GEOMETRIC_REPRESENTATION_CONTEXT(2) 
PARAMETRIC_REPRESENTATION_CONTEXT() REPRESENTATION_CONTEXT('2D SPACE',''
  ) );
#241 = ORIENTED_EDGE('',*,*,#242,.F.);
#242 = EDGE_CURVE('',#243,#217,#245,.T.);
#243 = VERTEX_POINT('',#244);
#244 = CARTESIAN_POINT('',(-49.20433334138,-16.82062960861,9.));
#245 = SURFACE_CURVE('',#246,(#251,#258),.PCURVE_S1.);
#246 = CIRCLE('',#247,52.);
#247 = AXIS2_PLACEMENT_3D('',#248,#249,#250);
#248 = CARTESIAN_POINT('',(0.,0.,9.));
#249 = DIRECTION('',(0.,0.,-1.));
#250 = DIRECTION('',(1.,0.,0.));
#251 = PCURVE('',#31,#252);
#252 = DEFINITIONAL_REPRESENTATION('',(#253),#257);
#253 = LINE('',#254,#255);
#254 = CARTESIAN_POINT('',(-6.28318530718,-9.));
#255 = VECTOR('',#256,1.);
#256 = DIRECTION('',(1.,-0.));
#257 = ( GEOMETRIC_REPRESENTATION_CONTEXT(2) 
PARAMETRIC_REPRESENTATION_CONTEXT() REPRESENTATION_CONTEXT('2D SPACE',''
  ) );
#258 = PCURVE('',#259,#264);
#259 = PLANE('',#260);
#260 = AXIS2_PLACEMENT_3D('',#261,#262,#263);
#261 = CARTESIAN_POINT('',(-47.,-18.,9.));
#262 = DIRECTION('',(0.,0.,1.));
#263 = DIRECTION('',(1.,0.,-0.));
#264 = DEFINITIONAL_REPRESENTATION('',(#265),#273);
#265 = ( BOUNDED_CURVE() B_SPLINE_CURVE(2,(#266,#267,#268,#269,#270,#271
,#272),.UNSPECIFIED.,.T.,.F.) B_SPLINE_CURVE_WITH_KNOTS((1,2,2,2,2,1),(
    -2.094395102393,0.,2.094395102393,4.188790204786,6.28318530718,
8.377580409573),.UNSPECIFIED.) CURVE() GEOMETRIC_REPRESENTATION_ITEM() 
RATIONAL_B_SPLINE_CURVE((1.,0.5,1.,0.5,1.,0.5,1.)) REPRESENTATION_ITEM(
  '') );
#266 = CARTESIAN_POINT('',(99.,18.));
#267 = CARTESIAN_POINT('',(99.,-72.06664199358));
#268 = CARTESIAN_POINT('',(21.,-27.03332099679));
#269 = CARTESIAN_POINT('',(-57.,18.));
#270 = CARTESIAN_POINT('',(21.,63.033320996791));
#271 = CARTESIAN_POINT('',(99.,108.06664199358));
#272 = CARTESIAN_POINT('',(99.,18.));
#273 = ( GEOMETRIC_REPRESENTATION_CONTEXT(2) 
PARAMETRIC_REPRESENTATION_CONTEXT() REPRESENTATION_CONTEXT('2D SPACE',''
  ) );
#274 = ORIENTED_EDGE('',*,*,#275,.F.);
#275 = EDGE_CURVE('',#276,#243,#278,.T.);
#276 = VERTEX_POINT('',#277);
#277 = CARTESIAN_POINT('',(-49.20433334138,-16.82062960861,14.));
#278 = SURFACE_CURVE('',#279,(#283,#289),.PCURVE_S1.);
#279 = LINE('',#280,#281);
#280 = CARTESIAN_POINT('',(-49.20433334138,-16.82062960861,0.));
#281 = VECTOR('',#282,1.);
#282 = DIRECTION('',(-0.,-0.,-1.));
#283 = PCURVE('',#31,#284);
#284 = DEFINITIONAL_REPRESENTATION('',(#285),#288);
#285 = B_SPLINE_CURVE_WITH_KNOTS('',1,(#286,#287),.UNSPECIFIED.,.F.,.F.,
  (2,2),(-14.0000006,-8.9999994),.PIECEWISE_BEZIER_KNOTS.);
#286 = CARTESIAN_POINT('',(-3.470990858716,-14.0000006));
#287 = CARTESIAN_POINT('',(-3.470990858716,-8.9999994));
#288 = ( GEOMETRIC_REPRESENTATION_CONTEXT(2) 
PARAMETRIC_REPRESENTATION_CONTEXT() REPRESENTATION_CONTEXT('2D SPACE',''
  ) );
#289 = PCURVE('',#290,#295);
#290 = CYLINDRICAL_SURFACE('',#291,2.5);
#291 = AXIS2_PLACEMENT_3D('',#292,#293,#294);
#292 = CARTESIAN_POINT('',(-47.,-18.,9.));
#293 = DIRECTION('',(-0.,-0.,-1.));
#294 = DIRECTION('',(1.,0.,0.));
#295 = DEFINITIONAL_REPRESENTATION('',(#296),#299);
#296 = B_SPLINE_CURVE_WITH_KNOTS('',1,(#297,#298),.UNSPECIFIED.,.F.,.F.,
  (2,2),(-14.0000006,-8.9999994),.PIECEWISE_BEZIER_KNOTS.);
#297 = CARTESIAN_POINT('',(-2.650320288375,-5.0000006));
#298 = CARTESIAN_POINT('',(-2.650320288375,5.999999999062E-07));
#299 = ( GEOMETRIC_REPRESENTATION_CONTEXT(2) 
PARAMETRIC_REPRESENTATION_CONTEXT() REPRESENTATION_CONTEXT('2D SPACE',''
  ) );
#300 = ORIENTED_EDGE('',*,*,#301,.T.);
#301 = EDGE_CURVE('',#276,#302,#304,.T.);
#302 = VERTEX_POINT('',#303);
#303 = CARTESIAN_POINT('',(-47.85261494128,-20.35011654219,14.));
#304 = SURFACE_CURVE('',#305,(#310,#317),.PCURVE_S1.);
#305 = CIRCLE('',#306,52.);
#306 = AXIS2_PLACEMENT_3D('',#307,#308,#309);
#307 = CARTESIAN_POINT('',(0.,0.,14.));
#308 = DIRECTION('',(0.,0.,1.));
#309 = DIRECTION('',(1.,0.,0.));
#310 = PCURVE('',#31,#311);
#311 = DEFINITIONAL_REPRESENTATION('',(#312),#316);
#312 = LINE('',#313,#314);
#313 = CARTESIAN_POINT('',(-0.,-14.));
#314 = VECTOR('',#315,1.);
#315 = DIRECTION('',(-1.,0.));
#316 = ( GEOMETRIC_REPRESENTATION_CONTEXT(2) 
PARAMETRIC_REPRESENTATION_CONTEXT() REPRESENTATION_CONTEXT('2D SPACE',''
  ) );
#317 = PCURVE('',#95,#318);
#318 = DEFINITIONAL_REPRESENTATION('',(#319),#323);
#319 = CIRCLE('',#320,52.);
#320 = AXIS2_PLACEMENT_2D('',#321,#322);
#321 = CARTESIAN_POINT('',(1.683003240049E-15,-2.926288601623E-15));
#322 = DIRECTION('',(1.,0.));
#323 = ( GEOMETRIC_REPRESENTATION_CONTEXT(2) 
PARAMETRIC_REPRESENTATION_CONTEXT() REPRESENTATION_CONTEXT('2D SPACE',''
  ) );
#324 = ORIENTED_EDGE('',*,*,#325,.T.);
#325 = EDGE_CURVE('',#302,#326,#328,.T.);
#326 = VERTEX_POINT('',#327);
#327 = CARTESIAN_POINT('',(-47.85261494128,-20.35011654219,9.));
#328 = SURFACE_CURVE('',#329,(#333,#339),.PCURVE_S1.);
#329 = LINE('',#330,#331);
#330 = CARTESIAN_POINT('',(-47.85261494128,-20.35011654219,0.));
#331 = VECTOR('',#332,1.);
#332 = DIRECTION('',(-0.,-0.,-1.));
#333 = PCURVE('',#31,#334);
#334 = DEFINITIONAL_REPRESENTATION('',(#335),#338);
#335 = B_SPLINE_CURVE_WITH_KNOTS('',1,(#336,#337),.UNSPECIFIED.,.F.,.F.,
  (2,2),(-14.0000006,-8.9999994),.PIECEWISE_BEZIER_KNOTS.);
#336 = CARTESIAN_POINT('',(-3.543689050988,-14.0000006));
#337 = CARTESIAN_POINT('',(-3.543689050988,-8.9999994));
#338 = ( GEOMETRIC_REPRESENTATION_CONTEXT(2) 
PARAMETRIC_REPRESENTATION_CONTEXT() REPRESENTATION_CONTEXT('2D SPACE',''
  ) );
#339 = PCURVE('',#290,#340);
#340 = DEFINITIONAL_REPRESENTATION('',(#341),#344);
#341 = B_SPLINE_CURVE_WITH_KNOTS('',1,(#342,#343),.UNSPECIFIED.,.F.,.F.,
  (2,2),(-14.0000006,-8.9999994),.PIECEWISE_BEZIER_KNOTS.);
#342 = CARTESIAN_POINT('',(-4.364359621329,-5.0000006));
#343 = CARTESIAN_POINT('',(-4.364359621329,5.999999999062E-07));
#344 = ( GEOMETRIC_REPRESENTATION_CONTEXT(2) 
PARAMETRIC_REPRESENTATION_CONTEXT() REPRESENTATION_CONTEXT('2D SPACE',''
  ) );
#345 = ORIENTED_EDGE('',*,*,#346,.F.);
#346 = EDGE_CURVE('',#347,#326,#349,.T.);
#347 = VERTEX_POINT('',#348);
#348 = CARTESIAN_POINT('',(-46.16088079033,-23.9410334919,9.));
#349 = SURFACE_CURVE('',#350,(#355,#362),.PCURVE_S1.);
#350 = CIRCLE('',#351,52.);
#351 = AXIS2_PLACEMENT_3D('',#352,#353,#354);
#352 = CARTESIAN_POINT('',(0.,0.,9.));
#353 = DIRECTION('',(0.,0.,-1.));
#354 = DIRECTION('',(1.,0.,0.));
#355 = PCURVE('',#31,#356);
#356 = DEFINITIONAL_REPRESENTATION('',(#357),#361);
#357 = LINE('',#358,#359);
#358 = CARTESIAN_POINT('',(-6.28318530718,-9.));
#359 = VECTOR('',#360,1.);
#360 = DIRECTION('',(1.,-0.));
#361 = ( GEOMETRIC_REPRESENTATION_CONTEXT(2) 
PARAMETRIC_REPRESENTATION_CONTEXT() REPRESENTATION_CONTEXT('2D SPACE',''
  ) );
#362 = PCURVE('',#259,#363);
#363 = DEFINITIONAL_REPRESENTATION('',(#364),#372);
#364 = ( BOUNDED_CURVE() B_SPLINE_CURVE(2,(#365,#366,#367,#368,#369,#370
,#371),.UNSPECIFIED.,.T.,.F.) B_SPLINE_CURVE_WITH_KNOTS((1,2,2,2,2,1),(
    -2.094395102393,0.,2.094395102393,4.188790204786,6.28318530718,
8.377580409573),.UNSPECIFIED.) CURVE() GEOMETRIC_REPRESENTATION_ITEM() 
RATIONAL_B_SPLINE_CURVE((1.,0.5,1.,0.5,1.,0.5,1.)) REPRESENTATION_ITEM(
  '') );
#365 = CARTESIAN_POINT('',(99.,18.));
#366 = CARTESIAN_POINT('',(99.,-72.06664199358));
#367 = CARTESIAN_POINT('',(21.,-27.03332099679));
#368 = CARTESIAN_POINT('',(-57.,18.));
#369 = CARTESIAN_POINT('',(21.,63.033320996791));
#370 = CARTESIAN_POINT('',(99.,108.06664199358));
#371 = CARTESIAN_POINT('',(99.,18.));
#372 = ( GEOMETRIC_REPRESENTATION_CONTEXT(2) 
PARAMETRIC_REPRESENTATION_CONTEXT() REPRESENTATION_CONTEXT('2D SPACE',''
  ) );
#373 = ORIENTED_EDGE('',*,*,#374,.F.);
#374 = EDGE_CURVE('',#375,#347,#377,.T.);
#375 = VERTEX_POINT('',#376);
#376 = CARTESIAN_POINT('',(-46.16088079033,-23.9410334919,14.));
#377 = SURFACE_CURVE('',#378,(#382,#388),.PCURVE_S1.);
#378 = LINE('',#379,#380);
#379 = CARTESIAN_POINT('',(-46.16088079033,-23.9410334919,0.));
#380 = VECTOR('',#381,1.);
#381 = DIRECTION('',(-0.,-0.,-1.));
#382 = PCURVE('',#31,#383);
#383 = DEFINITIONAL_REPRESENTATION('',(#384),#387);
#384 = B_SPLINE_CURVE_WITH_KNOTS('',1,(#385,#386),.UNSPECIFIED.,.F.,.F.,
  (2,2),(-14.0000006,-8.9999994),.PIECEWISE_BEZIER_KNOTS.);
#385 = CARTESIAN_POINT('',(-3.620043454504,-14.0000006));
#386 = CARTESIAN_POINT('',(-3.620043454504,-8.9999994));
#387 = ( GEOMETRIC_REPRESENTATION_CONTEXT(2) 
PARAMETRIC_REPRESENTATION_CONTEXT() REPRESENTATION_CONTEXT('2D SPACE',''
  ) );
#388 = PCURVE('',#389,#394);
#389 = CYLINDRICAL_SURFACE('',#390,6.);
#390 = AXIS2_PLACEMENT_3D('',#391,#392,#393);
#391 = CARTESIAN_POINT('',(-47.,-18.,9.));
#392 = DIRECTION('',(-0.,-0.,-1.));
#393 = DIRECTION('',(1.,0.,0.));
#394 = DEFINITIONAL_REPRESENTATION('',(#395),#398);
#395 = B_SPLINE_CURVE_WITH_KNOTS('',1,(#396,#397),.UNSPECIFIED.,.F.,.F.,
  (2,2),(-14.0000006,-8.9999994),.PIECEWISE_BEZIER_KNOTS.);
#396 = CARTESIAN_POINT('',(-4.852702138136,-5.0000006));
#397 = CARTESIAN_POINT('',(-4.852702138136,5.999999999062E-07));
#398 = ( GEOMETRIC_REPRESENTATION_CONTEXT(2) 
PARAMETRIC_REPRESENTATION_CONTEXT() REPRESENTATION_CONTEXT('2D SPACE',''
  ) );
#399 = ORIENTED_EDGE('',*,*,#400,.T.);
#400 = EDGE_CURVE('',#375,#56,#401,.T.);
#401 = SURFACE_CURVE('',#402,(#407,#414),.PCURVE_S1.);
#402 = CIRCLE('',#403,52.);
#403 = AXIS2_PLACEMENT_3D('',#404,#405,#406);
#404 = CARTESIAN_POINT('',(0.,0.,14.));
#405 = DIRECTION('',(0.,0.,1.));
#406 = DIRECTION('',(1.,0.,0.));
#407 = PCURVE('',#31,#408);
#408 = DEFINITIONAL_REPRESENTATION('',(#409),#413);
#409 = LINE('',#410,#411);
#410 = CARTESIAN_POINT('',(-0.,-14.));
#411 = VECTOR('',#412,1.);
#412 = DIRECTION('',(-1.,0.));
#413 = ( GEOMETRIC_REPRESENTATION_CONTEXT(2) 
PARAMETRIC_REPRESENTATION_CONTEXT() REPRESENTATION_CONTEXT('2D SPACE',''
  ) );
#414 = PCURVE('',#95,#415);
#415 = DEFINITIONAL_REPRESENTATION('',(#416),#420);
#416 = CIRCLE('',#417,52.);
#417 = AXIS2_PLACEMENT_2D('',#418,#419);
#418 = CARTESIAN_POINT('',(1.683003240049E-15,-2.926288601623E-15));
#419 = DIRECTION('',(1.,0.));
#420 = ( GEOMETRIC_REPRESENTATION_CONTEXT(2) 
PARAMETRIC_REPRESENTATION_CONTEXT() REPRESENTATION_CONTEXT('2D SPACE',''
  ) );
#421 = ORIENTED_EDGE('',*,*,#55,.F.);
#422 = FACE_BOUND('',#423,.F.);
#423 = EDGE_LOOP('',(#424));
#424 = ORIENTED_EDGE('',*,*,#425,.T.);
#425 = EDGE_CURVE('',#426,#426,#428,.T.);
#426 = VERTEX_POINT('',#427);
#427 = CARTESIAN_POINT('',(-37.5,-36.02429735609,7.));
#428 = SURFACE_CURVE('',#429,(#540,#654),.PCURVE_S1.);
#429 = B_SPLINE_CURVE_WITH_KNOTS('',7,(#430,#431,#432,#433,#434,#435,
    #436,#437,#438,#439,#440,#441,#442,#443,#444,#445,#446,#447,#448,
    #449,#450,#451,#452,#453,#454,#455,#456,#457,#458,#459,#460,#461,
    #462,#463,#464,#465,#466,#467,#468,#469,#470,#471,#472,#473,#474,
    #475,#476,#477,#478,#479,#480,#481,#482,#483,#484,#485,#486,#487,
    #488,#489,#490,#491,#492,#493,#494,#495,#496,#497,#498,#499,#500,
    #501,#502,#503,#504,#505,#506,#507,#508,#509,#510,#511,#512,#513,
    #514,#515,#516,#517,#518,#519,#520,#521,#522,#523,#524,#525,#526,
    #527,#528,#529,#530,#531,#532,#533,#534,#535,#536,#537,#538,#539),
  .UNSPECIFIED.,.T.,.F.,(8,6,6,6,6,6,6,6,6,6,6,6,6,6,6,6,6,6,8),(0.,
    6.773194542375E-02,0.109815128086,0.158905996841,0.282635345,
    0.347126246831,0.399395747588,0.433575624069,0.47318046975,
    0.499946042141,0.539786014165,0.566453386408,0.600356249047,
    0.65194091266,0.717320188618,0.805582271982,0.889825138306,
    0.930732163476,1.),.UNSPECIFIED.);
#430 = CARTESIAN_POINT('',(-37.5,-36.02429735609,7.));
#431 = CARTESIAN_POINT('',(-37.5,-36.02429735609,7.182627970395));
#432 = CARTESIAN_POINT('',(-37.51556493671,-36.00809463622,
    7.364936823011));
#433 = CARTESIAN_POINT('',(-37.5465957257,-35.97579331437,7.544703437817
    ));
#434 = CARTESIAN_POINT('',(-37.59247110485,-35.92794961444,
    7.719768589655));
#435 = CARTESIAN_POINT('',(-37.65208082043,-35.86554831443,
    7.888146768353));
#436 = CARTESIAN_POINT('',(-37.72387710014,-35.78998998814,8.04812951538
    ));
#437 = CARTESIAN_POINT('',(-37.85693444015,-35.64909578164,
    8.291737257094));
#438 = CARTESIAN_POINT('',(-37.91195100207,-35.59065864737,
    8.381448565681));
#439 = CARTESIAN_POINT('',(-37.97064647324,-35.52809321572,
    8.467352205621));
#440 = CARTESIAN_POINT('',(-38.03266908192,-35.46172024339,
    8.549314844947));
#441 = CARTESIAN_POINT('',(-38.0976644957,-35.39186641149,8.627233759329
    ));
#442 = CARTESIAN_POINT('',(-38.16527740697,-35.31886507136,
    8.701036774487));
#443 = CARTESIAN_POINT('',(-38.31666452382,-35.15462535757,
    8.851924991362));
#444 = CARTESIAN_POINT('',(-38.40126871814,-35.0623596004,8.927523826973
    ));
#445 = CARTESIAN_POINT('',(-38.48851159162,-34.96668171701,
    8.997515749902));
#446 = CARTESIAN_POINT('',(-38.5779737877,-34.86798692785,9.06195968452)
  );
#447 = CARTESIAN_POINT('',(-38.66926703495,-34.76664807249,
    9.120933430631));
#448 = CARTESIAN_POINT('',(-38.76203047928,-34.66302000657,
    9.174530649007));
#449 = CARTESIAN_POINT('',(-39.09258522961,-34.29134867422,
    9.344662427818));
#450 = CARTESIAN_POINT('',(-39.33624481548,-34.01309993146,9.43288906346
    ));
#451 = CARTESIAN_POINT('',(-39.58263916617,-33.72689994688,
    9.489933199754));
#452 = CARTESIAN_POINT('',(-39.82881810788,-33.43586941624,
    9.517822407685));
#453 = CARTESIAN_POINT('',(-40.07256506586,-33.14256777346,
    9.518135737685));
#454 = CARTESIAN_POINT('',(-40.31201065556,-32.84936359683,
    9.491951239175));
#455 = CARTESIAN_POINT('',(-40.66698476346,-32.40731528275,
    9.412605125318));
#456 = CARTESIAN_POINT('',(-40.78697253623,-32.25654249338,9.37835740847
    ));
#457 = CARTESIAN_POINT('',(-40.90513826246,-32.10672645689,
    9.337102607369));
#458 = CARTESIAN_POINT('',(-41.02127898659,-31.9581708131,9.28883092247)
  );
#459 = CARTESIAN_POINT('',(-41.13515296927,-31.81124399523,
    9.233478268519));
#460 = CARTESIAN_POINT('',(-41.24646069972,-31.66640856902,9.17093564146
    ));
#461 = CARTESIAN_POINT('',(-41.44265527903,-31.40903234201,
    9.044423456804));
#462 = CARTESIAN_POINT('',(-41.52855041675,-31.29557476384,
    8.982971217342));
#463 = CARTESIAN_POINT('',(-41.61236413135,-31.18412050964,
    8.916590946899));
#464 = CARTESIAN_POINT('',(-41.69389652158,-31.07498921314,
    8.845147000583));
#465 = CARTESIAN_POINT('',(-41.77288646638,-30.96859290266,
    8.768489119667));
#466 = CARTESIAN_POINT('',(-41.84900311656,-30.86545143448,
    8.686462642596));
#467 = CARTESIAN_POINT('',(-41.96946489972,-30.70131098217,
    8.541672318868));
#468 = CARTESIAN_POINT('',(-42.01570386666,-30.638060375,8.482048691571)
  );
#469 = CARTESIAN_POINT('',(-42.06043322036,-30.57664454711,
    8.420009067242));
#470 = CARTESIAN_POINT('',(-42.10351672913,-30.51727604016,
    8.355519694611));
#471 = CARTESIAN_POINT('',(-42.14480286244,-30.46019157819,
    8.288552062985));
#472 = CARTESIAN_POINT('',(-42.1841246571,-30.40565215079,8.219083127239
    ));
#473 = CARTESIAN_POINT('',(-42.26437484758,-30.29402687288,
    8.063682195425));
#474 = CARTESIAN_POINT('',(-42.30463925839,-30.23781118572,
    7.976748136404));
#475 = CARTESIAN_POINT('',(-42.34168210011,-30.18591462687,
    7.886457442831));
#476 = CARTESIAN_POINT('',(-42.37512048127,-30.13892555257,
    7.792998780163));
#477 = CARTESIAN_POINT('',(-42.40459618325,-30.0974007458,7.696584910932
    ));
#478 = CARTESIAN_POINT('',(-42.42977250925,-30.06186407875,
    7.597452213457));
#479 = CARTESIAN_POINT('',(-42.46422497161,-30.01316671509,7.4272027338)
  );
#480 = CARTESIAN_POINT('',(-42.47599876618,-29.99650233198,
    7.357476272913));
#481 = CARTESIAN_POINT('',(-42.48553646178,-29.98298854664,
    7.286883520154));
#482 = CARTESIAN_POINT('',(-42.49275067415,-29.97275931891,
    7.215630139659));
#483 = CARTESIAN_POINT('',(-42.49758227878,-29.96590587474,
    7.143924409759));
#484 = CARTESIAN_POINT('',(-42.5,-29.96247653315,7.071976875307));
#485 = CARTESIAN_POINT('',(-42.5,-29.96247653315,6.892863987487));
#486 = CARTESIAN_POINT('',(-42.49464328725,-29.97007427545,
    6.785922055304));
#487 = CARTESIAN_POINT('',(-42.4839657976,-29.9852204991,6.679795053863)
  );
#488 = CARTESIAN_POINT('',(-42.46811499641,-30.00768567561,
    6.575100053621));
#489 = CARTESIAN_POINT('',(-42.4473527491,-30.03706290245,6.472441789456
    ));
#490 = CARTESIAN_POINT('',(-42.42205819177,-30.07277079654,
    6.372404105045));
#491 = CARTESIAN_POINT('',(-42.37309982101,-30.14169140277,
    6.210705159806));
#492 = CARTESIAN_POINT('',(-42.35163786232,-30.1718597289,6.147211211602
    ));
#493 = CARTESIAN_POINT('',(-42.32844955418,-30.20439899019,
    6.085109681692));
#494 = CARTESIAN_POINT('',(-42.30364031863,-30.23914551277,
    6.024446084345));
#495 = CARTESIAN_POINT('',(-42.27731652095,-30.27593445918,
    5.965261310151));
#496 = CARTESIAN_POINT('',(-42.24958581924,-30.31459996288,
    5.907591617134));
#497 = CARTESIAN_POINT('',(-42.18365314149,-30.40630533865,
    5.780118127266));
#498 = CARTESIAN_POINT('',(-42.14463977215,-30.46041523261,
    5.711244639024));
#499 = CARTESIAN_POINT('',(-42.10369529259,-30.51702686711,
    5.644831189993));
#500 = CARTESIAN_POINT('',(-42.06098253327,-30.57588571597,
    5.580855303592));
#501 = CARTESIAN_POINT('',(-42.01664939706,-30.63676072548,
    5.519289208809));
#502 = CARTESIAN_POINT('',(-41.97082898788,-30.69944423554,
    5.460100055213));
#503 = CARTESIAN_POINT('',(-41.85183926772,-30.86159877951,
    5.316750518603));
#504 = CARTESIAN_POINT('',(-41.77683682803,-30.96325064537,
    5.235626974853));
#505 = CARTESIAN_POINT('',(-41.69902627604,-31.06808831052,
    5.159735753773));
#506 = CARTESIAN_POINT('',(-41.61872696859,-31.17560990084,
    5.088927651314));
#507 = CARTESIAN_POINT('',(-41.53619180783,-31.28541630022,
    5.023057583561));
#508 = CARTESIAN_POINT('',(-41.45161528554,-31.39719659494,
    4.961994167964));
#509 = CARTESIAN_POINT('',(-41.25554322269,-31.6545867878,4.834191522532
    ));
#510 = CARTESIAN_POINT('',(-41.14289724735,-31.80124949719,
    4.770301229837));
#511 = CARTESIAN_POINT('',(-41.02759915739,-31.95008520568,
    4.713804763458));
#512 = CARTESIAN_POINT('',(-40.90996255817,-32.10060921613,
    4.664586053551));
#513 = CARTESIAN_POINT('',(-40.79023956179,-32.25243697479,
    4.622576548849));
#514 = CARTESIAN_POINT('',(-40.6686412444,-32.40525247142,4.587765142042
    ));
#515 = CARTESIAN_POINT('',(-40.37892574857,-32.76603440917,
    4.523006056218));
#516 = CARTESIAN_POINT('',(-40.20945111668,-32.97454893843,
    4.499031340834));
#517 = CARTESIAN_POINT('',(-40.03757952236,-33.18341773093,
    4.488452709679));
#518 = CARTESIAN_POINT('',(-39.86395295183,-33.39180359881,
    4.491587375455));
#519 = CARTESIAN_POINT('',(-39.68927360064,-33.59885372313,
    4.508897804101));
#520 = CARTESIAN_POINT('',(-39.51437737761,-33.80362150879,
    4.540989025524));
#521 = CARTESIAN_POINT('',(-39.17418359524,-34.19719112554,
    4.634055513029));
#522 = CARTESIAN_POINT('',(-39.00865359142,-34.38647804494,
    4.693692776456));
#523 = CARTESIAN_POINT('',(-38.84494196536,-34.57152910156,
    4.768131704701));
#524 = CARTESIAN_POINT('',(-38.68442526126,-34.75092392249,
    4.857971862243));
#525 = CARTESIAN_POINT('',(-38.52870261944,-34.92309116113,
    4.963766860702));
#526 = CARTESIAN_POINT('',(-38.37965751896,-35.08624592389,
    5.085986828155));
#527 = CARTESIAN_POINT('',(-38.17147230614,-35.31216200508,
    5.292466094743));
#528 = CARTESIAN_POINT('',(-38.1055519606,-35.3833628939,5.363883618971)
  );
#529 = CARTESIAN_POINT('',(-38.04208280642,-35.45161040534,
    5.439191936387));
#530 = CARTESIAN_POINT('',(-37.98138918707,-35.5166001204,5.518328203335
    ));
#531 = CARTESIAN_POINT('',(-37.9237952206,-35.57803294135,5.601202713801
    ));
#532 = CARTESIAN_POINT('',(-37.86962346455,-35.6356144558,5.68769883987)
  );
#533 = CARTESIAN_POINT('',(-37.73380069521,-35.77954395203,
    5.930026106206));
#534 = CARTESIAN_POINT('',(-37.65894708437,-35.85835947682,
    6.092689472938));
#535 = CARTESIAN_POINT('',(-37.59670328154,-35.92353562983,
    6.264277232108));
#536 = CARTESIAN_POINT('',(-37.54874732509,-35.97355365175,6.44299121701
    ));
#537 = CARTESIAN_POINT('',(-37.51628661954,-36.0073433597,6.626726788514
    ));
#538 = CARTESIAN_POINT('',(-37.5,-36.02429735609,6.813186275253));
#539 = CARTESIAN_POINT('',(-37.5,-36.02429735609,7.));
#540 = PCURVE('',#31,#541);
#541 = DEFINITIONAL_REPRESENTATION('',(#542),#653);
#542 = B_SPLINE_CURVE_WITH_KNOTS('',7,(#543,#544,#545,#546,#547,#548,
    #549,#550,#551,#552,#553,#554,#555,#556,#557,#558,#559,#560,#561,
    #562,#563,#564,#565,#566,#567,#568,#569,#570,#571,#572,#573,#574,
    #575,#576,#577,#578,#579,#580,#581,#582,#583,#584,#585,#586,#587,
    #588,#589,#590,#591,#592,#593,#594,#595,#596,#597,#598,#599,#600,
    #601,#602,#603,#604,#605,#606,#607,#608,#609,#610,#611,#612,#613,
    #614,#615,#616,#617,#618,#619,#620,#621,#622,#623,#624,#625,#626,
    #627,#628,#629,#630,#631,#632,#633,#634,#635,#636,#637,#638,#639,
    #640,#641,#642,#643,#644,#645,#646,#647,#648,#649,#650,#651,#652),
  .UNSPECIFIED.,.T.,.F.,(8,6,6,6,6,6,6,6,6,6,6,6,6,6,6,6,6,6,8),(0.,
    6.773194542375E-02,0.109815128086,0.158905996841,0.282635345,
    0.347126246831,0.399395747588,0.433575624069,0.47318046975,
    0.499946042141,0.539786014165,0.566453386408,0.600356249047,
    0.65194091266,0.717320188618,0.805582271982,0.889825138306,
    0.930732163476,1.),.UNSPECIFIED.);
#543 = CARTESIAN_POINT('',(-3.906922559473,-7.));
#544 = CARTESIAN_POINT('',(-3.906922559473,-7.182627970395));
#545 = CARTESIAN_POINT('',(-3.906490489476,-7.364936823011));
#546 = CARTESIAN_POINT('',(-3.905629112218,-7.544703437817));
#547 = CARTESIAN_POINT('',(-3.904354421286,-7.719768589655));
#548 = CARTESIAN_POINT('',(-3.902694862334,-7.888146768353));
#549 = CARTESIAN_POINT('',(-3.900690460677,-8.04812951538));
#550 = CARTESIAN_POINT('',(-3.896963686788,-8.291737257094));
#551 = CARTESIAN_POINT('',(-3.895420220649,-8.381448565681));
#552 = CARTESIAN_POINT('',(-3.893770454601,-8.467352205621));
#553 = CARTESIAN_POINT('',(-3.892023509497,-8.549314844947));
#554 = CARTESIAN_POINT('',(-3.890188619028,-8.627233759329));
#555 = CARTESIAN_POINT('',(-3.888275119437,-8.701036774487));
#556 = CARTESIAN_POINT('',(-3.88397960339,-8.851924991362));
#557 = CARTESIAN_POINT('',(-3.881572241723,-8.927523826973));
#558 = CARTESIAN_POINT('',(-3.879082220111,-8.997515749902));
#559 = CARTESIAN_POINT('',(-3.876520564887,-9.06195968452));
#560 = CARTESIAN_POINT('',(-3.873897574767,-9.120933430631));
#561 = CARTESIAN_POINT('',(-3.87122293277,-9.174530649007));
#562 = CARTESIAN_POINT('',(-3.861657562416,-9.344662427818));
#563 = CARTESIAN_POINT('',(-3.854545186119,-9.43288906346));
#564 = CARTESIAN_POINT('',(-3.847283077353,-9.489933199754));
#565 = CARTESIAN_POINT('',(-3.839953074555,-9.517822407686));
#566 = CARTESIAN_POINT('',(-3.832619587202,-9.518135737684));
#567 = CARTESIAN_POINT('',(-3.825339955693,-9.491951239175));
#568 = CARTESIAN_POINT('',(-3.814437392865,-9.412605125318));
#569 = CARTESIAN_POINT('',(-3.810731848387,-9.37835740847));
#570 = CARTESIAN_POINT('',(-3.807062504517,-9.337102607369));
#571 = CARTESIAN_POINT('',(-3.803436278363,-9.28883092247));
#572 = CARTESIAN_POINT('',(-3.79986153543,-9.233478268519));
#573 = CARTESIAN_POINT('',(-3.796348763111,-9.17093564146));
#574 = CARTESIAN_POINT('',(-3.790125155071,-9.044423456804));
#575 = CARTESIAN_POINT('',(-3.787388543242,-8.982971217342));
#576 = CARTESIAN_POINT('',(-3.784706801002,-8.916590946899));
#577 = CARTESIAN_POINT('',(-3.782087117336,-8.845147000583));
#578 = CARTESIAN_POINT('',(-3.779538815297,-8.768489119667));
#579 = CARTESIAN_POINT('',(-3.77707368941,-8.686462642596));
#580 = CARTESIAN_POINT('',(-3.7731582968,-8.541672318868));
#581 = CARTESIAN_POINT('',(-3.771651573683,-8.482048691571));
#582 = CARTESIAN_POINT('',(-3.770190466664,-8.420009067242));
#583 = CARTESIAN_POINT('',(-3.768779816398,-8.355519694611));
#584 = CARTESIAN_POINT('',(-3.767425014189,-8.288552062985));
#585 = CARTESIAN_POINT('',(-3.766132004927,-8.219083127239));
#586 = CARTESIAN_POINT('',(-3.763488190572,-8.063682195425));
#587 = CARTESIAN_POINT('',(-3.762158426227,-7.976748136404));
#588 = CARTESIAN_POINT('',(-3.76093226147,-7.886457442831));
#589 = CARTESIAN_POINT('',(-3.75982317968,-7.792998780163));
#590 = CARTESIAN_POINT('',(-3.758843896789,-7.696584910932));
#591 = CARTESIAN_POINT('',(-3.758006374914,-7.597452213457));
#592 = CARTESIAN_POINT('',(-3.756859213929,-7.4272027338));
#593 = CARTESIAN_POINT('',(-3.756466829065,-7.357476272913));
#594 = CARTESIAN_POINT('',(-3.756148741478,-7.286883520154));
#595 = CARTESIAN_POINT('',(-3.755908024822,-7.215630139659));
#596 = CARTESIAN_POINT('',(-3.755746768073,-7.143924409759));
#597 = CARTESIAN_POINT('',(-3.755666077275,-7.071976875307));
#598 = CARTESIAN_POINT('',(-3.755666077275,-6.892863987487));
#599 = CARTESIAN_POINT('',(-3.755844851074,-6.785922055304));
#600 = CARTESIAN_POINT('',(-3.756201226347,-6.679795053863));
#601 = CARTESIAN_POINT('',(-3.75672996122,-6.575100053621));
#602 = CARTESIAN_POINT('',(-3.757421758721,-6.472441789456));
#603 = CARTESIAN_POINT('',(-3.758263281242,-6.372404105045));
#604 = CARTESIAN_POINT('',(-3.759889045972,-6.210705159806));
#605 = CARTESIAN_POINT('',(-3.760601037235,-6.147211211602));
#606 = CARTESIAN_POINT('',(-3.761369426048,-6.085109681692));
#607 = CARTESIAN_POINT('',(-3.762190473153,-6.024446084345));
#608 = CARTESIAN_POINT('',(-3.763060411005,-5.965261310151));
#609 = CARTESIAN_POINT('',(-3.763975442022,-5.907591617134));
#610 = CARTESIAN_POINT('',(-3.766147497086,-5.780118127266));
#611 = CARTESIAN_POINT('',(-3.767430337239,-5.711244639024));
#612 = CARTESIAN_POINT('',(-3.768773921308,-5.644831189993));
#613 = CARTESIAN_POINT('',(-3.770172451609,-5.580855303592));
#614 = CARTESIAN_POINT('',(-3.771620665942,-5.519289208809));
#615 = CARTESIAN_POINT('',(-3.77311383479,-5.460100055213));
#616 = CARTESIAN_POINT('',(-3.776981689417,-5.316750518603));
#617 = CARTESIAN_POINT('',(-3.779411043159,-5.235626974853));
#618 = CARTESIAN_POINT('',(-3.781921759644,-5.159735753773));
#619 = CARTESIAN_POINT('',(-3.78450245255,-5.088927651314));
#620 = CARTESIAN_POINT('',(-3.787144090881,-5.023057583561));
#621 = CARTESIAN_POINT('',(-3.789839680528,-4.961994167964));
#622 = CARTESIAN_POINT('',(-3.796062074151,-4.834191522532));
#623 = CARTESIAN_POINT('',(-3.799618390163,-4.770301229837));
#624 = CARTESIAN_POINT('',(-3.803238923321,-4.713804763458));
#625 = CARTESIAN_POINT('',(-3.806912686324,-4.664586053551));
#626 = CARTESIAN_POINT('',(-3.810630949676,-4.622576548849));
#627 = CARTESIAN_POINT('',(-3.814386516232,-4.587765142042));
#628 = CARTESIAN_POINT('',(-3.823284746624,-4.523006056218));
#629 = CARTESIAN_POINT('',(-3.828451973964,-4.499031340834));
#630 = CARTESIAN_POINT('',(-3.833653593614,-4.488452709679));
#631 = CARTESIAN_POINT('',(-3.838869560548,-4.491587375455));
#632 = CARTESIAN_POINT('',(-3.844078872849,-4.508897804101));
#633 = CARTESIAN_POINT('',(-3.849257487491,-4.540989025524));
#634 = CARTESIAN_POINT('',(-3.859261718341,-4.634055513029));
#635 = CARTESIAN_POINT('',(-3.864097315336,-4.693692776456));
#636 = CARTESIAN_POINT('',(-3.868848607212,-4.768131704701));
#637 = CARTESIAN_POINT('',(-3.873477792761,-4.857971862243));
#638 = CARTESIAN_POINT('',(-3.87794202097,-4.963766860702));
#639 = CARTESIAN_POINT('',(-3.882191672947,-5.085986828155));
#640 = CARTESIAN_POINT('',(-3.888099594322,-5.292466094743));
#641 = CARTESIAN_POINT('',(-3.889965574273,-5.363883618971));
#642 = CARTESIAN_POINT('',(-3.891757856257,-5.439191936387));
#643 = CARTESIAN_POINT('',(-3.893467916311,-5.518328203335));
#644 = CARTESIAN_POINT('',(-3.89508730467,-5.601202713801));
#645 = CARTESIAN_POINT('',(-3.896607654277,-5.68769883987));
#646 = CARTESIAN_POINT('',(-3.900413380486,-5.930026106206));
#647 = CARTESIAN_POINT('',(-3.902503688647,-6.092689472938));
#648 = CARTESIAN_POINT('',(-3.904236823139,-6.264277232107));
#649 = CARTESIAN_POINT('',(-3.905569386822,-6.44299121701));
#650 = CARTESIAN_POINT('',(-3.906470455867,-6.626726788514));
#651 = CARTESIAN_POINT('',(-3.906922559473,-6.813186275253));
#652 = CARTESIAN_POINT('',(-3.906922559473,-7.));
#653 = ( GEOMETRIC_REPRESENTATION_CONTEXT(2) 
PARAMETRIC_REPRESENTATION_CONTEXT() REPRESENTATION_CONTEXT('2D SPACE',''
  ) );
#654 = PCURVE('',#655,#660);
#655 = CYLINDRICAL_SURFACE('',#656,2.5);
#656 = AXIS2_PLACEMENT_3D('',#657,#658,#659);
#657 = CARTESIAN_POINT('',(-40.,0.,7.));
#658 = DIRECTION('',(-0.,1.,-0.));
#659 = DIRECTION('',(1.,0.,0.));
#660 = DEFINITIONAL_REPRESENTATION('',(#661),#772);
#661 = B_SPLINE_CURVE_WITH_KNOTS('',7,(#662,#663,#664,#665,#666,#667,
    #668,#669,#670,#671,#672,#673,#674,#675,#676,#677,#678,#679,#680,
    #681,#682,#683,#684,#685,#686,#687,#688,#689,#690,#691,#692,#693,
    #694,#695,#696,#697,#698,#699,#700,#701,#702,#703,#704,#705,#706,
    #707,#708,#709,#710,#711,#712,#713,#714,#715,#716,#717,#718,#719,
    #720,#721,#722,#723,#724,#725,#726,#727,#728,#729,#730,#731,#732,
    #733,#734,#735,#736,#737,#738,#739,#740,#741,#742,#743,#744,#745,
    #746,#747,#748,#749,#750,#751,#752,#753,#754,#755,#756,#757,#758,
    #759,#760,#761,#762,#763,#764,#765,#766,#767,#768,#769,#770,#771),
  .UNSPECIFIED.,.F.,.F.,(8,6,6,6,6,6,6,6,6,6,6,6,6,6,6,6,6,6,8),(0.,
    6.773194542375E-02,0.109815128086,0.158905996841,0.282635345,
    0.347126246831,0.399395747588,0.433575624069,0.47318046975,
    0.499946042141,0.539786014165,0.566453386408,0.600356249047,
    0.65194091266,0.717320188618,0.805582271982,0.889825138306,
    0.930732163476,1.),.UNSPECIFIED.);
#662 = CARTESIAN_POINT('',(0.,-36.02429735609));
#663 = CARTESIAN_POINT('',(-7.305118815819E-02,-36.02429735609));
#664 = CARTESIAN_POINT('',(-0.1459747314,-36.00809463622));
#665 = CARTESIAN_POINT('',(-0.218518127329,-35.97579331437));
#666 = CARTESIAN_POINT('',(-0.290444242069,-35.92794961444));
#667 = CARTESIAN_POINT('',(-0.361507441921,-35.86554831443));
#668 = CARTESIAN_POINT('',(-0.431435495009,-35.78998998814));
#669 = CARTESIAN_POINT('',(-0.542466292577,-35.64909578164));
#670 = CARTESIAN_POINT('',(-0.584508303061,-35.59065864737));
#671 = CARTESIAN_POINT('',(-0.62604480704,-35.52809321572));
#672 = CARTESIAN_POINT('',(-0.667073955593,-35.46172024339));
#673 = CARTESIAN_POINT('',(-0.707590546227,-35.39186641149));
#674 = CARTESIAN_POINT('',(-0.747586050862,-35.31886507136));
#675 = CARTESIAN_POINT('',(-0.833082542617,-35.15462535757));
#676 = CARTESIAN_POINT('',(-0.878399033626,-35.0623596004));
#677 = CARTESIAN_POINT('',(-0.923038914272,-34.96668171701));
#678 = CARTESIAN_POINT('',(-0.967037432312,-34.86798692785));
#679 = CARTESIAN_POINT('',(-1.010425015114,-34.76664807249));
#680 = CARTESIAN_POINT('',(-1.05322799893,-34.66302000657));
#681 = CARTESIAN_POINT('',(-1.201935101719,-34.29134867422));
#682 = CARTESIAN_POINT('',(-1.304744537974,-34.01309993146));
#683 = CARTESIAN_POINT('',(-1.404788887967,-33.72689994688));
#684 = CARTESIAN_POINT('',(-1.502756164748,-33.43586941624));
#685 = CARTESIAN_POINT('',(-1.59930923955,-33.14256777346));
#686 = CARTESIAN_POINT('',(-1.695065455728,-32.84936359683));
#687 = CARTESIAN_POINT('',(-1.840559055895,-32.40731528275));
#688 = CARTESIAN_POINT('',(-1.890386597518,-32.25654249338));
#689 = CARTESIAN_POINT('',(-1.940316758676,-32.10672645689));
#690 = CARTESIAN_POINT('',(-1.990472564252,-31.9581708131));
#691 = CARTESIAN_POINT('',(-2.040976313361,-31.81124399523));
#692 = CARTESIAN_POINT('',(-2.091952149965,-31.66640856902));
#693 = CARTESIAN_POINT('',(-2.18533107334,-31.40903234201));
#694 = CARTESIAN_POINT('',(-2.227527439604,-31.29557476384));
#695 = CARTESIAN_POINT('',(-2.270211887321,-31.18412050964));
#696 = CARTESIAN_POINT('',(-2.313475732383,-31.07498921314));
#697 = CARTESIAN_POINT('',(-2.357409495663,-30.96859290266));
#698 = CARTESIAN_POINT('',(-2.402104947149,-30.86545143448));
#699 = CARTESIAN_POINT('',(-2.477444476266,-30.70131098217));
#700 = CARTESIAN_POINT('',(-2.507607537257,-30.638060375));
#701 = CARTESIAN_POINT('',(-2.538170527849,-30.57664454711));
#702 = CARTESIAN_POINT('',(-2.569156966543,-30.51727604016));
#703 = CARTESIAN_POINT('',(-2.60059081166,-30.46019157819));
#704 = CARTESIAN_POINT('',(-2.632497577469,-30.40565215079));
#705 = CARTESIAN_POINT('',(-2.702457043084,-30.29402687288));
#706 = CARTESIAN_POINT('',(-2.740743980412,-30.23781118572));
#707 = CARTESIAN_POINT('',(-2.779719269838,-30.18591462687));
#708 = CARTESIAN_POINT('',(-2.819347055721,-30.13892555257));
#709 = CARTESIAN_POINT('',(-2.8596012202,-30.0974007458));
#710 = CARTESIAN_POINT('',(-2.900463984165,-30.06186407875));
#711 = CARTESIAN_POINT('',(-2.96994417701,-30.01316671509));
#712 = CARTESIAN_POINT('',(-2.998214749538,-29.99650233198));
#713 = CARTESIAN_POINT('',(-3.026683477959,-29.98298854664));
#714 = CARTESIAN_POINT('',(-3.0553016191,-29.97275931891));
#715 = CARTESIAN_POINT('',(-3.08402288667,-29.96590587474));
#716 = CARTESIAN_POINT('',(-3.112801903467,-29.96247653315));
#717 = CARTESIAN_POINT('',(-3.184447058595,-29.96247653315));
#718 = CARTESIAN_POINT('',(-3.227223863993,-29.97007427545));
#719 = CARTESIAN_POINT('',(-3.269803159559,-29.9852204991));
#720 = CARTESIAN_POINT('',(-3.31206467548,-30.00768567561));
#721 = CARTESIAN_POINT('',(-3.353881056765,-30.03706290245));
#722 = CARTESIAN_POINT('',(-3.39511113766,-30.07277079654));
#723 = CARTESIAN_POINT('',(-3.462690390049,-30.14169140277));
#724 = CARTESIAN_POINT('',(-3.489485950262,-30.1718597289));
#725 = CARTESIAN_POINT('',(-3.51598102802,-30.20439899019));
#726 = CARTESIAN_POINT('',(-3.542175250997,-30.23914551277));
#727 = CARTESIAN_POINT('',(-3.568066736092,-30.27593445918));
#728 = CARTESIAN_POINT('',(-3.593652082305,-30.31459996288));
#729 = CARTESIAN_POINT('',(-3.651058156707,-30.40630533865));
#730 = CARTESIAN_POINT('',(-3.682697473301,-30.46041523261));
#731 = CARTESIAN_POINT('',(-3.713871766181,-30.51702686711));
#732 = CARTESIAN_POINT('',(-3.744605914093,-30.57588571597));
#733 = CARTESIAN_POINT('',(-3.774923292929,-30.63676072548));
#734 = CARTESIAN_POINT('',(-3.804846846937,-30.69944423554));
#735 = CARTESIAN_POINT('',(-3.87936679664,-30.86159877951));
#736 = CARTESIAN_POINT('',(-3.923496918343,-30.96325064537));
#737 = CARTESIAN_POINT('',(-3.966882235966,-31.06808831052));
#738 = CARTESIAN_POINT('',(-4.009611291834,-31.17560990084));
#739 = CARTESIAN_POINT('',(-4.051771381048,-31.28541630022));
#740 = CARTESIAN_POINT('',(-4.093450472873,-31.39719659494));
#741 = CARTESIAN_POINT('',(-4.187069077871,-31.6545867878));
#742 = CARTESIAN_POINT('',(-4.238771855181,-31.80124949719));
#743 = CARTESIAN_POINT('',(-4.289982102795,-31.95008520568));
#744 = CARTESIAN_POINT('',(-4.340829571541,-32.10060921613));
#745 = CARTESIAN_POINT('',(-4.391441886264,-32.25243697479));
#746 = CARTESIAN_POINT('',(-4.441947307748,-32.40525247142));
#747 = CARTESIAN_POINT('',(-4.560693293935,-32.76603440917));
#748 = CARTESIAN_POINT('',(-4.628942652476,-32.97454893843));
#749 = CARTESIAN_POINT('',(-4.697476675845,-33.18341773093));
#750 = CARTESIAN_POINT('',(-4.766539527456,-33.39180359881));
#751 = CARTESIAN_POINT('',(-4.836375703688,-33.59885372313));
#752 = CARTESIAN_POINT('',(-4.907242026843,-33.80362150879));
#753 = CARTESIAN_POINT('',(-5.048319696604,-34.19719112554));
#754 = CARTESIAN_POINT('',(-5.118479831166,-34.38647804494));
#755 = CARTESIAN_POINT('',(-5.190034051299,-34.57152910156));
#756 = CARTESIAN_POINT('',(-5.263138815623,-34.75092392249));
#757 = CARTESIAN_POINT('',(-5.337967785887,-34.92309116113));
#758 = CARTESIAN_POINT('',(-5.414723849302,-35.08624592389));
#759 = CARTESIAN_POINT('',(-5.532009667963,-35.31216200508));
#760 = CARTESIAN_POINT('',(-5.570847944418,-35.3833628939));
#761 = CARTESIAN_POINT('',(-5.610178082445,-35.45161040534));
#762 = CARTESIAN_POINT('',(-5.649993076887,-35.5166001204));
#763 = CARTESIAN_POINT('',(-5.690288861738,-35.57803294135));
#764 = CARTESIAN_POINT('',(-5.731064380492,-35.6356144558));
#765 = CARTESIAN_POINT('',(-5.842182572472,-35.77954395203));
#766 = CARTESIAN_POINT('',(-5.91357981815,-35.85835947682));
#767 = CARTESIAN_POINT('',(-5.986181866337,-35.92353562983));
#768 = CARTESIAN_POINT('',(-6.059700243408,-35.97355365175));
#769 = CARTESIAN_POINT('',(-6.13387602103,-36.0073433597));
#770 = CARTESIAN_POINT('',(-6.208459817281,-36.02429735609));
#771 = CARTESIAN_POINT('',(-6.28318530718,-36.02429735609));
#772 = ( GEOMETRIC_REPRESENTATION_CONTEXT(2) 
PARAMETRIC_REPRESENTATION_CONTEXT() REPRESENTATION_CONTEXT('2D SPACE',''
  ) );
#773 = FACE_BOUND('',#774,.F.);
#774 = EDGE_LOOP('',(#775));
#775 = ORIENTED_EDGE('',*,*,#776,.F.);
#776 = EDGE_CURVE('',#777,#777,#779,.T.);
#777 = VERTEX_POINT('',#778);
#778 = CARTESIAN_POINT('',(-37.5,36.02429735609,7.));
#779 = SURFACE_CURVE('',#780,(#891,#1005),.PCURVE_S1.);
#780 = B_SPLINE_CURVE_WITH_KNOTS('',7,(#781,#782,#783,#784,#785,#786,
    #787,#788,#789,#790,#791,#792,#793,#794,#795,#796,#797,#798,#799,
    #800,#801,#802,#803,#804,#805,#806,#807,#808,#809,#810,#811,#812,
    #813,#814,#815,#816,#817,#818,#819,#820,#821,#822,#823,#824,#825,
    #826,#827,#828,#829,#830,#831,#832,#833,#834,#835,#836,#837,#838,
    #839,#840,#841,#842,#843,#844,#845,#846,#847,#848,#849,#850,#851,
    #852,#853,#854,#855,#856,#857,#858,#859,#860,#861,#862,#863,#864,
    #865,#866,#867,#868,#869,#870,#871,#872,#873,#874,#875,#876,#877,
    #878,#879,#880,#881,#882,#883,#884,#885,#886,#887,#888,#889,#890),
  .UNSPECIFIED.,.T.,.F.,(8,6,6,6,6,6,6,6,6,6,6,6,6,6,6,6,6,6,8),(0.,
    6.773194549793E-02,0.109815128195,0.158905995968,0.282635344004,
    0.34712624577,0.399395749375,0.433575625499,0.473180470758,
    0.499946042861,0.539786014463,0.566453386425,0.600356248707,
    0.651940914907,0.71732019044,0.805582273262,0.889825139017,
    0.930732163921,1.),.UNSPECIFIED.);
#781 = CARTESIAN_POINT('',(-37.5,36.02429735609,7.));
#782 = CARTESIAN_POINT('',(-37.5,36.02429735609,7.18262797044));
#783 = CARTESIAN_POINT('',(-37.51556493671,36.008094636218,
    7.364936822963));
#784 = CARTESIAN_POINT('',(-37.54659572568,35.975793314391,
    7.544703437787));
#785 = CARTESIAN_POINT('',(-37.59247110485,35.92794961444,7.719768589691
    ));
#786 = CARTESIAN_POINT('',(-37.65208082046,35.865548314406,
    7.888146768388));
#787 = CARTESIAN_POINT('',(-37.72387710012,35.78998998817,8.048129515342
    ));
#788 = CARTESIAN_POINT('',(-37.85693444015,35.64909578164,8.291737257094
    ));
#789 = CARTESIAN_POINT('',(-37.91195100207,35.590658647375,
    8.381448565681));
#790 = CARTESIAN_POINT('',(-37.97064647324,35.528093215726,
    8.467352205621));
#791 = CARTESIAN_POINT('',(-38.03266908192,35.461720243396,
    8.549314844947));
#792 = CARTESIAN_POINT('',(-38.0976644957,35.391866411496,8.627233759329
    ));
#793 = CARTESIAN_POINT('',(-38.16527740697,35.31886507136,8.701036774487
    ));
#794 = CARTESIAN_POINT('',(-38.31666452212,35.154625359422,
    8.851924989669));
#795 = CARTESIAN_POINT('',(-38.40126871984,35.062359598512,
    8.927523828113));
#796 = CARTESIAN_POINT('',(-38.48851159294,34.966681715586,
    8.997515751137));
#797 = CARTESIAN_POINT('',(-38.57797378625,34.867986929472,
    9.061959683764));
#798 = CARTESIAN_POINT('',(-38.66926703322,34.766648074406,
    9.120933429326));
#799 = CARTESIAN_POINT('',(-38.76203048107,34.663020004565,
    9.174530649926));
#800 = CARTESIAN_POINT('',(-39.09258522961,34.291348674224,
    9.344662427818));
#801 = CARTESIAN_POINT('',(-39.33624481548,34.01309993146,9.43288906346)
  );
#802 = CARTESIAN_POINT('',(-39.58263916617,33.726899946889,
    9.489933199754));
#803 = CARTESIAN_POINT('',(-39.82881810788,33.435869416242,
    9.517822407686));
#804 = CARTESIAN_POINT('',(-40.07256506586,33.14256777347,9.518135737684
    ));
#805 = CARTESIAN_POINT('',(-40.31201065556,32.849363596831,
    9.491951239175));
#806 = CARTESIAN_POINT('',(-40.66698476346,32.40731528275,9.412605125318
    ));
#807 = CARTESIAN_POINT('',(-40.78697253623,32.256542493388,9.37835740847
    ));
#808 = CARTESIAN_POINT('',(-40.90513826246,32.106726456898,
    9.337102607369));
#809 = CARTESIAN_POINT('',(-41.02127898659,31.958170813104,9.28883092247
    ));
#810 = CARTESIAN_POINT('',(-41.13515296927,31.811243995236,
    9.233478268519));
#811 = CARTESIAN_POINT('',(-41.24646069972,31.666408569024,9.17093564146
    ));
#812 = CARTESIAN_POINT('',(-41.4426552839,31.409032335625,9.044423453661
    ));
#813 = CARTESIAN_POINT('',(-41.52855041169,31.295574770607,
    8.982971221978));
#814 = CARTESIAN_POINT('',(-41.61236412732,31.18412051494,8.916590949468
    ));
#815 = CARTESIAN_POINT('',(-41.69389652556,31.074989207729,
    8.845146995999));
#816 = CARTESIAN_POINT('',(-41.77288647149,30.968592895865,
    8.768489115324));
#817 = CARTESIAN_POINT('',(-41.84900311183,30.865451440928,
    8.686462648281));
#818 = CARTESIAN_POINT('',(-41.96946489972,30.701310982173,
    8.541672318868));
#819 = CARTESIAN_POINT('',(-42.01570386666,30.638060375005,
    8.482048691571));
#820 = CARTESIAN_POINT('',(-42.06043322036,30.576644547113,
    8.420009067242));
#821 = CARTESIAN_POINT('',(-42.10351672913,30.517276040166,
    8.355519694611));
#822 = CARTESIAN_POINT('',(-42.14480286244,30.46019157819,8.288552062985
    ));
#823 = CARTESIAN_POINT('',(-42.1841246571,30.405652150799,8.219083127239
    ));
#824 = CARTESIAN_POINT('',(-42.26437484757,30.294026872894,
    8.063682195442));
#825 = CARTESIAN_POINT('',(-42.30463925839,30.237811185725,
    7.976748136407));
#826 = CARTESIAN_POINT('',(-42.34168210012,30.18591462687,7.886457442817
    ));
#827 = CARTESIAN_POINT('',(-42.37512048127,30.138925552572,
    7.792998780147));
#828 = CARTESIAN_POINT('',(-42.40459618325,30.097400745811,
    7.696584910933));
#829 = CARTESIAN_POINT('',(-42.42977250925,30.061864078764,
    7.597452213478));
#830 = CARTESIAN_POINT('',(-42.46422497161,30.013166715092,
    7.427202733794));
#831 = CARTESIAN_POINT('',(-42.47599876618,29.996502331984,
    7.357476272912));
#832 = CARTESIAN_POINT('',(-42.48553646178,29.982988546641,
    7.286883520159));
#833 = CARTESIAN_POINT('',(-42.49275067415,29.972759318912,
    7.215630139664));
#834 = CARTESIAN_POINT('',(-42.49758227878,29.965905874748,
    7.143924409758));
#835 = CARTESIAN_POINT('',(-42.5,29.962476533157,7.0719768753));
#836 = CARTESIAN_POINT('',(-42.5,29.962476533157,6.892863987479));
#837 = CARTESIAN_POINT('',(-42.49464328724,29.97007427546,6.785922055303
    ));
#838 = CARTESIAN_POINT('',(-42.4839657976,29.985220499103,6.679795053869
    ));
#839 = CARTESIAN_POINT('',(-42.46811499641,30.007685675608,
    6.575100053627));
#840 = CARTESIAN_POINT('',(-42.4473527491,30.037062902453,6.472441789456
    ));
#841 = CARTESIAN_POINT('',(-42.42205819177,30.072770796547,
    6.372404105038));
#842 = CARTESIAN_POINT('',(-42.37309982101,30.141691402777,
    6.210705159806));
#843 = CARTESIAN_POINT('',(-42.35163786232,30.1718597289,6.147211211602)
  );
#844 = CARTESIAN_POINT('',(-42.32844955418,30.204398990197,
    6.085109681692));
#845 = CARTESIAN_POINT('',(-42.30364031863,30.239145512777,
    6.024446084345));
#846 = CARTESIAN_POINT('',(-42.27731652095,30.275934459188,
    5.965261310151));
#847 = CARTESIAN_POINT('',(-42.24958581924,30.314599962885,
    5.907591617134));
#848 = CARTESIAN_POINT('',(-42.18365314149,30.40630533865,5.780118127266
    ));
#849 = CARTESIAN_POINT('',(-42.14463977215,30.46041523261,5.711244639024
    ));
#850 = CARTESIAN_POINT('',(-42.10369529259,30.517026867113,
    5.644831189993));
#851 = CARTESIAN_POINT('',(-42.06098253327,30.575885715978,
    5.580855303592));
#852 = CARTESIAN_POINT('',(-42.01664939706,30.636760725482,
    5.519289208809));
#853 = CARTESIAN_POINT('',(-41.97082898788,30.699444235542,
    5.460100055213));
#854 = CARTESIAN_POINT('',(-41.85183926337,30.86159878545,5.316750513356
    ));
#855 = CARTESIAN_POINT('',(-41.7768368328,30.963250639023,5.235626978885
    ));
#856 = CARTESIAN_POINT('',(-41.69902627965,31.068088305616,5.15973575796
    ));
#857 = CARTESIAN_POINT('',(-41.61872696473,31.175609905903,
    5.088927648874));
#858 = CARTESIAN_POINT('',(-41.53619180323,31.28541630638,5.023057579358
    ));
#859 = CARTESIAN_POINT('',(-41.45161529044,31.397196588514,
    4.961994171157));
#860 = CARTESIAN_POINT('',(-41.25554322269,31.654586787802,
    4.834191522532));
#861 = CARTESIAN_POINT('',(-41.14289724735,31.801249497193,
    4.770301229837));
#862 = CARTESIAN_POINT('',(-41.02759915739,31.950085205683,
    4.713804763458));
#863 = CARTESIAN_POINT('',(-40.90996255817,32.100609216133,
    4.664586053551));
#864 = CARTESIAN_POINT('',(-40.79023956179,32.25243697479,4.622576548849
    ));
#865 = CARTESIAN_POINT('',(-40.6686412444,32.405252471427,4.587765142042
    ));
#866 = CARTESIAN_POINT('',(-40.37892574851,32.76603440925,4.523006056204
    ));
#867 = CARTESIAN_POINT('',(-40.20945111674,32.974548938359,
    4.499031340859));
#868 = CARTESIAN_POINT('',(-40.03757952242,33.183417730873,
    4.488452709664));
#869 = CARTESIAN_POINT('',(-39.86395295178,33.391803598876,
    4.491587375443));
#870 = CARTESIAN_POINT('',(-39.68927360057,33.598853723209,4.50889780413
    ));
#871 = CARTESIAN_POINT('',(-39.51437737768,33.803621508721,
    4.540989025506));
#872 = CARTESIAN_POINT('',(-39.17418359529,34.197191125493,
    4.634055513018));
#873 = CARTESIAN_POINT('',(-39.00865359137,34.386478044994,
    4.693692776459));
#874 = CARTESIAN_POINT('',(-38.84494196533,34.571529101591,
    4.768131704728));
#875 = CARTESIAN_POINT('',(-38.6844252613,34.750923922456,4.857971862235
    ));
#876 = CARTESIAN_POINT('',(-38.52870261947,34.923091161103,
    4.963766860662));
#877 = CARTESIAN_POINT('',(-38.37965751892,35.086245923932,5.08598682819
    ));
#878 = CARTESIAN_POINT('',(-38.17147230614,35.312162005081,
    5.292466094743));
#879 = CARTESIAN_POINT('',(-38.1055519606,35.383362893905,5.363883618971
    ));
#880 = CARTESIAN_POINT('',(-38.04208280642,35.451610405348,
    5.439191936387));
#881 = CARTESIAN_POINT('',(-37.98138918707,35.516600120407,
    5.518328203335));
#882 = CARTESIAN_POINT('',(-37.9237952206,35.578032941357,5.601202713801
    ));
#883 = CARTESIAN_POINT('',(-37.86962346455,35.635614455805,5.68769883987
    ));
#884 = CARTESIAN_POINT('',(-37.73380069521,35.77954395204,5.930026106217
    ));
#885 = CARTESIAN_POINT('',(-37.65894708438,35.858359476816,
    6.092689472928));
#886 = CARTESIAN_POINT('',(-37.59670328154,35.923535629832,
    6.264277232096));
#887 = CARTESIAN_POINT('',(-37.54874732508,35.973553651761,
    6.442991217019));
#888 = CARTESIAN_POINT('',(-37.51628661954,36.007343359699,
    6.626726788529));
#889 = CARTESIAN_POINT('',(-37.5,36.02429735609,6.813186275239));
#890 = CARTESIAN_POINT('',(-37.5,36.02429735609,7.));
#891 = PCURVE('',#31,#892);
#892 = DEFINITIONAL_REPRESENTATION('',(#893),#1004);
#893 = B_SPLINE_CURVE_WITH_KNOTS('',7,(#894,#895,#896,#897,#898,#899,
    #900,#901,#902,#903,#904,#905,#906,#907,#908,#909,#910,#911,#912,
    #913,#914,#915,#916,#917,#918,#919,#920,#921,#922,#923,#924,#925,
    #926,#927,#928,#929,#930,#931,#932,#933,#934,#935,#936,#937,#938,
    #939,#940,#941,#942,#943,#944,#945,#946,#947,#948,#949,#950,#951,
    #952,#953,#954,#955,#956,#957,#958,#959,#960,#961,#962,#963,#964,
    #965,#966,#967,#968,#969,#970,#971,#972,#973,#974,#975,#976,#977,
    #978,#979,#980,#981,#982,#983,#984,#985,#986,#987,#988,#989,#990,
    #991,#992,#993,#994,#995,#996,#997,#998,#999,#1000,#1001,#1002,#1003
    ),.UNSPECIFIED.,.T.,.F.,(8,6,6,6,6,6,6,6,6,6,6,6,6,6,6,6,6,6,8),(0.,
    6.773194549793E-02,0.109815128195,0.158905995968,0.282635344004,
    0.34712624577,0.399395749375,0.433575625499,0.473180470758,
    0.499946042861,0.539786014463,0.566453386425,0.600356248707,
    0.651940914907,0.71732019044,0.805582273262,0.889825139017,
    0.930732163921,1.),.UNSPECIFIED.);
#894 = CARTESIAN_POINT('',(-2.376262747707,-7.));
#895 = CARTESIAN_POINT('',(-2.376262747707,-7.18262797044));
#896 = CARTESIAN_POINT('',(-2.376694817703,-7.364936822963));
#897 = CARTESIAN_POINT('',(-2.377556194961,-7.544703437787));
#898 = CARTESIAN_POINT('',(-2.378830885894,-7.719768589691));
#899 = CARTESIAN_POINT('',(-2.380490444847,-7.888146768388));
#900 = CARTESIAN_POINT('',(-2.382494846502,-8.048129515342));
#901 = CARTESIAN_POINT('',(-2.386221620392,-8.291737257094));
#902 = CARTESIAN_POINT('',(-2.387765086531,-8.381448565681));
#903 = CARTESIAN_POINT('',(-2.389414852579,-8.467352205621));
#904 = CARTESIAN_POINT('',(-2.391161797682,-8.549314844947));
#905 = CARTESIAN_POINT('',(-2.392996688151,-8.627233759329));
#906 = CARTESIAN_POINT('',(-2.394910187743,-8.701036774487));
#907 = CARTESIAN_POINT('',(-2.399205703741,-8.851924989669));
#908 = CARTESIAN_POINT('',(-2.401613065505,-8.927523828113));
#909 = CARTESIAN_POINT('',(-2.404103087106,-8.997515751137));
#910 = CARTESIAN_POINT('',(-2.406664742251,-9.061959683764));
#911 = CARTESIAN_POINT('',(-2.409287732363,-9.120933429326));
#912 = CARTESIAN_POINT('',(-2.411962374461,-9.174530649926));
#913 = CARTESIAN_POINT('',(-2.421527744763,-9.344662427818));
#914 = CARTESIAN_POINT('',(-2.42864012106,-9.43288906346));
#915 = CARTESIAN_POINT('',(-2.435902229826,-9.489933199754));
#916 = CARTESIAN_POINT('',(-2.443232232625,-9.517822407686));
#917 = CARTESIAN_POINT('',(-2.450565719978,-9.518135737684));
#918 = CARTESIAN_POINT('',(-2.457845351487,-9.491951239175));
#919 = CARTESIAN_POINT('',(-2.468747914314,-9.412605125318));
#920 = CARTESIAN_POINT('',(-2.472453458793,-9.37835740847));
#921 = CARTESIAN_POINT('',(-2.476122802663,-9.337102607369));
#922 = CARTESIAN_POINT('',(-2.479749028817,-9.28883092247));
#923 = CARTESIAN_POINT('',(-2.48332377175,-9.233478268519));
#924 = CARTESIAN_POINT('',(-2.486836544069,-9.17093564146));
#925 = CARTESIAN_POINT('',(-2.493060152263,-9.044423453661));
#926 = CARTESIAN_POINT('',(-2.495796763775,-8.982971221978));
#927 = CARTESIAN_POINT('',(-2.498478506049,-8.916590949468));
#928 = CARTESIAN_POINT('',(-2.501098189973,-8.845146995999));
#929 = CARTESIAN_POINT('',(-2.503646492046,-8.768489115324));
#930 = CARTESIAN_POINT('',(-2.506111617616,-8.686462648281));
#931 = CARTESIAN_POINT('',(-2.51002701038,-8.541672318868));
#932 = CARTESIAN_POINT('',(-2.511533733497,-8.482048691571));
#933 = CARTESIAN_POINT('',(-2.512994840516,-8.420009067242));
#934 = CARTESIAN_POINT('',(-2.514405490781,-8.355519694611));
#935 = CARTESIAN_POINT('',(-2.515760292991,-8.288552062985));
#936 = CARTESIAN_POINT('',(-2.517053302253,-8.219083127239));
#937 = CARTESIAN_POINT('',(-2.519697116608,-8.063682195442));
#938 = CARTESIAN_POINT('',(-2.521026880953,-7.976748136407));
#939 = CARTESIAN_POINT('',(-2.52225304571,-7.886457442817));
#940 = CARTESIAN_POINT('',(-2.5233621275,-7.792998780147));
#941 = CARTESIAN_POINT('',(-2.524341410391,-7.696584910933));
#942 = CARTESIAN_POINT('',(-2.525178932266,-7.597452213478));
#943 = CARTESIAN_POINT('',(-2.526326093251,-7.427202733794));
#944 = CARTESIAN_POINT('',(-2.526718478115,-7.357476272912));
#945 = CARTESIAN_POINT('',(-2.527036565701,-7.286883520159));
#946 = CARTESIAN_POINT('',(-2.527277282358,-7.215630139664));
#947 = CARTESIAN_POINT('',(-2.527438539106,-7.143924409758));
#948 = CARTESIAN_POINT('',(-2.527519229904,-7.0719768753));
#949 = CARTESIAN_POINT('',(-2.527519229904,-6.892863987479));
#950 = CARTESIAN_POINT('',(-2.527340456105,-6.785922055303));
#951 = CARTESIAN_POINT('',(-2.526984080832,-6.679795053869));
#952 = CARTESIAN_POINT('',(-2.52645534596,-6.575100053627));
#953 = CARTESIAN_POINT('',(-2.525763548458,-6.472441789456));
#954 = CARTESIAN_POINT('',(-2.524922025937,-6.372404105038));
#955 = CARTESIAN_POINT('',(-2.523296261207,-6.210705159806));
#956 = CARTESIAN_POINT('',(-2.522584269945,-6.147211211602));
#957 = CARTESIAN_POINT('',(-2.521815881132,-6.085109681692));
#958 = CARTESIAN_POINT('',(-2.520994834027,-6.024446084345));
#959 = CARTESIAN_POINT('',(-2.520124896174,-5.965261310151));
#960 = CARTESIAN_POINT('',(-2.519209865158,-5.907591617134));
#961 = CARTESIAN_POINT('',(-2.517037810094,-5.780118127266));
#962 = CARTESIAN_POINT('',(-2.51575496994,-5.711244639024));
#963 = CARTESIAN_POINT('',(-2.514411385871,-5.644831189993));
#964 = CARTESIAN_POINT('',(-2.513012855571,-5.580855303592));
#965 = CARTESIAN_POINT('',(-2.511564641238,-5.519289208809));
#966 = CARTESIAN_POINT('',(-2.51007147239,-5.460100055213));
#967 = CARTESIAN_POINT('',(-2.506203617621,-5.316750513356));
#968 = CARTESIAN_POINT('',(-2.503774264173,-5.235626978885));
#969 = CARTESIAN_POINT('',(-2.501263547653,-5.15973575796));
#970 = CARTESIAN_POINT('',(-2.498682854507,-5.088927648874));
#971 = CARTESIAN_POINT('',(-2.496041216151,-5.023057579358));
#972 = CARTESIAN_POINT('',(-2.493345626807,-4.961994171157));
#973 = CARTESIAN_POINT('',(-2.487123233028,-4.834191522532));
#974 = CARTESIAN_POINT('',(-2.483566917017,-4.770301229837));
#975 = CARTESIAN_POINT('',(-2.479946383859,-4.713804763458));
#976 = CARTESIAN_POINT('',(-2.476272620855,-4.664586053551));
#977 = CARTESIAN_POINT('',(-2.472554357503,-4.622576548849));
#978 = CARTESIAN_POINT('',(-2.468798790948,-4.587765142042));
#979 = CARTESIAN_POINT('',(-2.459900560553,-4.523006056204));
#980 = CARTESIAN_POINT('',(-2.454733333218,-4.499031340859));
#981 = CARTESIAN_POINT('',(-2.449531713567,-4.488452709664));
#982 = CARTESIAN_POINT('',(-2.444315746631,-4.491587375443));
#983 = CARTESIAN_POINT('',(-2.439106434329,-4.50889780413));
#984 = CARTESIAN_POINT('',(-2.433927819691,-4.540989025506));
#985 = CARTESIAN_POINT('',(-2.42392358884,-4.634055513018));
#986 = CARTESIAN_POINT('',(-2.419087991842,-4.693692776459));
#987 = CARTESIAN_POINT('',(-2.414336699967,-4.768131704728));
#988 = CARTESIAN_POINT('',(-2.40970751442,-4.857971862235));
#989 = CARTESIAN_POINT('',(-2.405243286211,-4.963766860662));
#990 = CARTESIAN_POINT('',(-2.400993634232,-5.08598682819));
#991 = CARTESIAN_POINT('',(-2.395085712857,-5.292466094743));
#992 = CARTESIAN_POINT('',(-2.393219732906,-5.363883618971));
#993 = CARTESIAN_POINT('',(-2.391427450923,-5.439191936387));
#994 = CARTESIAN_POINT('',(-2.389717390869,-5.518328203335));
#995 = CARTESIAN_POINT('',(-2.388098002509,-5.601202713801));
#996 = CARTESIAN_POINT('',(-2.386577652903,-5.68769883987));
#997 = CARTESIAN_POINT('',(-2.382771926693,-5.930026106217));
#998 = CARTESIAN_POINT('',(-2.380681618533,-6.092689472928));
#999 = CARTESIAN_POINT('',(-2.37894848404,-6.264277232096));
#1000 = CARTESIAN_POINT('',(-2.377615920357,-6.442991217019));
#1001 = CARTESIAN_POINT('',(-2.376714851312,-6.626726788529));
#1002 = CARTESIAN_POINT('',(-2.376262747707,-6.813186275239));
#1003 = CARTESIAN_POINT('',(-2.376262747707,-7.));
#1004 = ( GEOMETRIC_REPRESENTATION_CONTEXT(2) 
PARAMETRIC_REPRESENTATION_CONTEXT() REPRESENTATION_CONTEXT('2D SPACE',''
  ) );
#1005 = PCURVE('',#1006,#1011);
#1006 = CYLINDRICAL_SURFACE('',#1007,2.5);
#1007 = AXIS2_PLACEMENT_3D('',#1008,#1009,#1010);
#1008 = CARTESIAN_POINT('',(-40.,0.,7.));
#1009 = DIRECTION('',(0.,-1.,0.));
#1010 = DIRECTION('',(1.,0.,0.));
#1011 = DEFINITIONAL_REPRESENTATION('',(#1012),#1123);
#1012 = B_SPLINE_CURVE_WITH_KNOTS('',7,(#1013,#1014,#1015,#1016,#1017,
    #1018,#1019,#1020,#1021,#1022,#1023,#1024,#1025,#1026,#1027,#1028,
    #1029,#1030,#1031,#1032,#1033,#1034,#1035,#1036,#1037,#1038,#1039,
    #1040,#1041,#1042,#1043,#1044,#1045,#1046,#1047,#1048,#1049,#1050,
    #1051,#1052,#1053,#1054,#1055,#1056,#1057,#1058,#1059,#1060,#1061,
    #1062,#1063,#1064,#1065,#1066,#1067,#1068,#1069,#1070,#1071,#1072,
    #1073,#1074,#1075,#1076,#1077,#1078,#1079,#1080,#1081,#1082,#1083,
    #1084,#1085,#1086,#1087,#1088,#1089,#1090,#1091,#1092,#1093,#1094,
    #1095,#1096,#1097,#1098,#1099,#1100,#1101,#1102,#1103,#1104,#1105,
    #1106,#1107,#1108,#1109,#1110,#1111,#1112,#1113,#1114,#1115,#1116,
    #1117,#1118,#1119,#1120,#1121,#1122),.UNSPECIFIED.,.F.,.F.,(8,6,6,6,
    6,6,6,6,6,6,6,6,6,6,6,6,6,6,8),(0.,6.773194549793E-02,0.109815128195
    ,0.158905995968,0.282635344004,0.34712624577,0.399395749375,
    0.433575625499,0.473180470758,0.499946042861,0.539786014463,
    0.566453386425,0.600356248707,0.651940914907,0.71732019044,
    0.805582273262,0.889825139017,0.930732163921,1.),.UNSPECIFIED.);
#1013 = CARTESIAN_POINT('',(0.,-36.02429735609));
#1014 = CARTESIAN_POINT('',(7.305118817609E-02,-36.02429735609));
#1015 = CARTESIAN_POINT('',(0.145974731382,-36.00809463621));
#1016 = CARTESIAN_POINT('',(0.218518127315,-35.97579331439));
#1017 = CARTESIAN_POINT('',(0.290444242084,-35.92794961444));
#1018 = CARTESIAN_POINT('',(0.361507441938,-35.8655483144));
#1019 = CARTESIAN_POINT('',(0.431435494991,-35.78998998817));
#1020 = CARTESIAN_POINT('',(0.542466292577,-35.64909578164));
#1021 = CARTESIAN_POINT('',(0.584508303061,-35.59065864737));
#1022 = CARTESIAN_POINT('',(0.62604480704,-35.52809321572));
#1023 = CARTESIAN_POINT('',(0.667073955593,-35.46172024339));
#1024 = CARTESIAN_POINT('',(0.707590546227,-35.39186641149));
#1025 = CARTESIAN_POINT('',(0.747586050862,-35.31886507136));
#1026 = CARTESIAN_POINT('',(0.833082541657,-35.15462535942));
#1027 = CARTESIAN_POINT('',(0.878399034454,-35.06235959851));
#1028 = CARTESIAN_POINT('',(0.923038914994,-34.96668171558));
#1029 = CARTESIAN_POINT('',(0.96703743166,-34.86798692947));
#1030 = CARTESIAN_POINT('',(1.010425014239,-34.7666480744));
#1031 = CARTESIAN_POINT('',(1.053227999733,-34.66302000456));
#1032 = CARTESIAN_POINT('',(1.201935101719,-34.29134867422));
#1033 = CARTESIAN_POINT('',(1.304744537974,-34.01309993146));
#1034 = CARTESIAN_POINT('',(1.404788887966,-33.72689994688));
#1035 = CARTESIAN_POINT('',(1.502756164749,-33.43586941624));
#1036 = CARTESIAN_POINT('',(1.59930923955,-33.14256777347));
#1037 = CARTESIAN_POINT('',(1.695065455728,-32.84936359683));
#1038 = CARTESIAN_POINT('',(1.840559055895,-32.40731528275));
#1039 = CARTESIAN_POINT('',(1.890386597518,-32.25654249338));
#1040 = CARTESIAN_POINT('',(1.940316758676,-32.10672645689));
#1041 = CARTESIAN_POINT('',(1.990472564252,-31.9581708131));
#1042 = CARTESIAN_POINT('',(2.040976313361,-31.81124399523));
#1043 = CARTESIAN_POINT('',(2.091952149965,-31.66640856902));
#1044 = CARTESIAN_POINT('',(2.185331075659,-31.40903233562));
#1045 = CARTESIAN_POINT('',(2.227527436834,-31.2955747706));
#1046 = CARTESIAN_POINT('',(2.270211885413,-31.18412051494));
#1047 = CARTESIAN_POINT('',(2.313475734815,-31.07498920772));
#1048 = CARTESIAN_POINT('',(2.357409498369,-30.96859289586));
#1049 = CARTESIAN_POINT('',(2.402104944191,-30.86545144092));
#1050 = CARTESIAN_POINT('',(2.477444476266,-30.70131098217));
#1051 = CARTESIAN_POINT('',(2.507607537257,-30.638060375));
#1052 = CARTESIAN_POINT('',(2.538170527849,-30.57664454711));
#1053 = CARTESIAN_POINT('',(2.569156966543,-30.51727604016));
#1054 = CARTESIAN_POINT('',(2.60059081166,-30.46019157819));
#1055 = CARTESIAN_POINT('',(2.632497577469,-30.40565215079));
#1056 = CARTESIAN_POINT('',(2.702457043076,-30.29402687289));
#1057 = CARTESIAN_POINT('',(2.740743980411,-30.23781118572));
#1058 = CARTESIAN_POINT('',(2.779719269844,-30.18591462687));
#1059 = CARTESIAN_POINT('',(2.819347055727,-30.13892555257));
#1060 = CARTESIAN_POINT('',(2.859601220199,-30.09740074581));
#1061 = CARTESIAN_POINT('',(2.900463984157,-30.06186407876));
#1062 = CARTESIAN_POINT('',(2.969944177013,-30.01316671509));
#1063 = CARTESIAN_POINT('',(2.998214749538,-29.99650233198));
#1064 = CARTESIAN_POINT('',(3.026683477957,-29.98298854664));
#1065 = CARTESIAN_POINT('',(3.055301619098,-29.97275931891));
#1066 = CARTESIAN_POINT('',(3.08402288667,-29.96590587474));
#1067 = CARTESIAN_POINT('',(3.11280190347,-29.96247653315));
#1068 = CARTESIAN_POINT('',(3.184447058598,-29.96247653315));
#1069 = CARTESIAN_POINT('',(3.227223863993,-29.97007427546));
#1070 = CARTESIAN_POINT('',(3.269803159557,-29.9852204991));
#1071 = CARTESIAN_POINT('',(3.312064675478,-30.0076856756));
#1072 = CARTESIAN_POINT('',(3.353881056766,-30.03706290245));
#1073 = CARTESIAN_POINT('',(3.395111137663,-30.07277079654));
#1074 = CARTESIAN_POINT('',(3.462690390049,-30.14169140277));
#1075 = CARTESIAN_POINT('',(3.489485950262,-30.1718597289));
#1076 = CARTESIAN_POINT('',(3.51598102802,-30.20439899019));
#1077 = CARTESIAN_POINT('',(3.542175250997,-30.23914551277));
#1078 = CARTESIAN_POINT('',(3.568066736092,-30.27593445918));
#1079 = CARTESIAN_POINT('',(3.593652082305,-30.31459996288));
#1080 = CARTESIAN_POINT('',(3.651058156707,-30.40630533865));
#1081 = CARTESIAN_POINT('',(3.682697473301,-30.46041523261));
#1082 = CARTESIAN_POINT('',(3.713871766181,-30.51702686711));
#1083 = CARTESIAN_POINT('',(3.744605914093,-30.57588571597));
#1084 = CARTESIAN_POINT('',(3.774923292929,-30.63676072548));
#1085 = CARTESIAN_POINT('',(3.804846846937,-30.69944423554));
#1086 = CARTESIAN_POINT('',(3.879366799368,-30.86159878545));
#1087 = CARTESIAN_POINT('',(3.923496915824,-30.96325063902));
#1088 = CARTESIAN_POINT('',(3.966882233751,-31.06808830561));
#1089 = CARTESIAN_POINT('',(4.009611293655,-31.1756099059));
#1090 = CARTESIAN_POINT('',(4.051771383565,-31.28541630638));
#1091 = CARTESIAN_POINT('',(4.093450470535,-31.39719658851));
#1092 = CARTESIAN_POINT('',(4.187069077871,-31.6545867878));
#1093 = CARTESIAN_POINT('',(4.238771855181,-31.80124949719));
#1094 = CARTESIAN_POINT('',(4.289982102794,-31.95008520568));
#1095 = CARTESIAN_POINT('',(4.340829571541,-32.10060921613));
#1096 = CARTESIAN_POINT('',(4.391441886264,-32.25243697479));
#1097 = CARTESIAN_POINT('',(4.441947307748,-32.40525247142));
#1098 = CARTESIAN_POINT('',(4.56069329396,-32.76603440925));
#1099 = CARTESIAN_POINT('',(4.628942652451,-32.97454893835));
#1100 = CARTESIAN_POINT('',(4.697476675824,-33.18341773087));
#1101 = CARTESIAN_POINT('',(4.766539527477,-33.39180359887));
#1102 = CARTESIAN_POINT('',(4.836375703715,-33.5988537232));
#1103 = CARTESIAN_POINT('',(4.907242026816,-33.80362150872));
#1104 = CARTESIAN_POINT('',(5.048319696587,-34.19719112549));
#1105 = CARTESIAN_POINT('',(5.118479831182,-34.38647804499));
#1106 = CARTESIAN_POINT('',(5.190034051315,-34.57152910159));
#1107 = CARTESIAN_POINT('',(5.26313881561,-34.75092392245));
#1108 = CARTESIAN_POINT('',(5.337967785868,-34.9230911611));
#1109 = CARTESIAN_POINT('',(5.414723849322,-35.08624592393));
#1110 = CARTESIAN_POINT('',(5.532009667963,-35.31216200508));
#1111 = CARTESIAN_POINT('',(5.570847944418,-35.3833628939));
#1112 = CARTESIAN_POINT('',(5.610178082445,-35.45161040534));
#1113 = CARTESIAN_POINT('',(5.649993076887,-35.5166001204));
#1114 = CARTESIAN_POINT('',(5.690288861738,-35.57803294135));
#1115 = CARTESIAN_POINT('',(5.731064380492,-35.6356144558));
#1116 = CARTESIAN_POINT('',(5.842182572477,-35.77954395204));
#1117 = CARTESIAN_POINT('',(5.913579818145,-35.85835947681));
#1118 = CARTESIAN_POINT('',(5.986181866332,-35.92353562983));
#1119 = CARTESIAN_POINT('',(6.059700243413,-35.97355365176));
#1120 = CARTESIAN_POINT('',(6.133876021036,-36.00734335969));
#1121 = CARTESIAN_POINT('',(6.208459817275,-36.02429735609));
#1122 = CARTESIAN_POINT('',(6.28318530718,-36.02429735609));
#1123 = ( GEOMETRIC_REPRESENTATION_CONTEXT(2) 
PARAMETRIC_REPRESENTATION_CONTEXT() REPRESENTATION_CONTEXT('2D SPACE',''
  ) );
#1124 = ADVANCED_FACE('',(#1125),#43,.F.);
#1125 = FACE_BOUND('',#1126,.F.);
#1126 = EDGE_LOOP('',(#1127));
#1127 = ORIENTED_EDGE('',*,*,#21,.T.);
#1128 = ADVANCED_FACE('',(#1129,#1460,#1536,#1571,#1693,#1728,#1850,
    #1885,#1920),#95,.T.);
#1129 = FACE_BOUND('',#1130,.T.);
#1130 = EDGE_LOOP('',(#1131,#1161,#1189,#1218,#1246,#1274,#1296,#1297,
    #1298,#1321,#1349,#1377,#1405,#1434));
#1131 = ORIENTED_EDGE('',*,*,#1132,.F.);
#1132 = EDGE_CURVE('',#1133,#1135,#1137,.T.);
#1133 = VERTEX_POINT('',#1134);
#1134 = CARTESIAN_POINT('',(-91.,-12.,14.));
#1135 = VERTEX_POINT('',#1136);
#1136 = CARTESIAN_POINT('',(-91.,12.,14.));
#1137 = SURFACE_CURVE('',#1138,(#1142,#1149),.PCURVE_S1.);
#1138 = LINE('',#1139,#1140);
#1139 = CARTESIAN_POINT('',(-91.,-12.,14.));
#1140 = VECTOR('',#1141,1.);
#1141 = DIRECTION('',(0.,1.,0.));
#1142 = PCURVE('',#95,#1143);
#1143 = DEFINITIONAL_REPRESENTATION('',(#1144),#1148);
#1144 = LINE('',#1145,#1146);
#1145 = CARTESIAN_POINT('',(-91.,-12.));
#1146 = VECTOR('',#1147,1.);
#1147 = DIRECTION('',(0.,1.));
#1148 = ( GEOMETRIC_REPRESENTATION_CONTEXT(2) 
PARAMETRIC_REPRESENTATION_CONTEXT() REPRESENTATION_CONTEXT('2D SPACE',''
  ) );
#1149 = PCURVE('',#1150,#1155);
#1150 = PLANE('',#1151);
#1151 = AXIS2_PLACEMENT_3D('',#1152,#1153,#1154);
#1152 = CARTESIAN_POINT('',(-91.,-12.,9.));
#1153 = DIRECTION('',(1.,0.,0.));
#1154 = DIRECTION('',(0.,0.,1.));
#1155 = DEFINITIONAL_REPRESENTATION('',(#1156),#1160);
#1156 = LINE('',#1157,#1158);
#1157 = CARTESIAN_POINT('',(5.,0.));
#1158 = VECTOR('',#1159,1.);
#1159 = DIRECTION('',(0.,-1.));
#1160 = ( GEOMETRIC_REPRESENTATION_CONTEXT(2) 
PARAMETRIC_REPRESENTATION_CONTEXT() REPRESENTATION_CONTEXT('2D SPACE',''
  ) );
#1161 = ORIENTED_EDGE('',*,*,#1162,.T.);
#1162 = EDGE_CURVE('',#1133,#1163,#1165,.T.);
#1163 = VERTEX_POINT('',#1164);
#1164 = CARTESIAN_POINT('',(-81.,-12.,14.));
#1165 = SURFACE_CURVE('',#1166,(#1170,#1177),.PCURVE_S1.);
#1166 = LINE('',#1167,#1168);
#1167 = CARTESIAN_POINT('',(-91.,-12.,14.));
#1168 = VECTOR('',#1169,1.);
#1169 = DIRECTION('',(1.,0.,0.));
#1170 = PCURVE('',#95,#1171);
#1171 = DEFINITIONAL_REPRESENTATION('',(#1172),#1176);
#1172 = LINE('',#1173,#1174);
#1173 = CARTESIAN_POINT('',(-91.,-12.));
#1174 = VECTOR('',#1175,1.);
#1175 = DIRECTION('',(1.,0.));
#1176 = ( GEOMETRIC_REPRESENTATION_CONTEXT(2) 
PARAMETRIC_REPRESENTATION_CONTEXT() REPRESENTATION_CONTEXT('2D SPACE',''
  ) );
#1177 = PCURVE('',#1178,#1183);
#1178 = PLANE('',#1179);
#1179 = AXIS2_PLACEMENT_3D('',#1180,#1181,#1182);
#1180 = CARTESIAN_POINT('',(-91.,-12.,9.));
#1181 = DIRECTION('',(0.,1.,0.));
#1182 = DIRECTION('',(0.,0.,1.));
#1183 = DEFINITIONAL_REPRESENTATION('',(#1184),#1188);
#1184 = LINE('',#1185,#1186);
#1185 = CARTESIAN_POINT('',(5.,0.));
#1186 = VECTOR('',#1187,1.);
#1187 = DIRECTION('',(0.,1.));
#1188 = ( GEOMETRIC_REPRESENTATION_CONTEXT(2) 
PARAMETRIC_REPRESENTATION_CONTEXT() REPRESENTATION_CONTEXT('2D SPACE',''
  ) );
#1189 = ORIENTED_EDGE('',*,*,#1190,.T.);
#1190 = EDGE_CURVE('',#1163,#1191,#1193,.T.);
#1191 = VERTEX_POINT('',#1192);
#1192 = CARTESIAN_POINT('',(-65.5,-13.51850583459,14.));
#1193 = SURFACE_CURVE('',#1194,(#1199,#1206),.PCURVE_S1.);
#1194 = CIRCLE('',#1195,15.);
#1195 = AXIS2_PLACEMENT_3D('',#1196,#1197,#1198);
#1196 = CARTESIAN_POINT('',(-72.,0.,14.));
#1197 = DIRECTION('',(0.,0.,1.));
#1198 = DIRECTION('',(1.,0.,0.));
#1199 = PCURVE('',#95,#1200);
#1200 = DEFINITIONAL_REPRESENTATION('',(#1201),#1205);
#1201 = CIRCLE('',#1202,15.);
#1202 = AXIS2_PLACEMENT_2D('',#1203,#1204);
#1203 = CARTESIAN_POINT('',(-72.,-2.926288601623E-15));
#1204 = DIRECTION('',(1.,0.));
#1205 = ( GEOMETRIC_REPRESENTATION_CONTEXT(2) 
PARAMETRIC_REPRESENTATION_CONTEXT() REPRESENTATION_CONTEXT('2D SPACE',''
  ) );
#1206 = PCURVE('',#1207,#1212);
#1207 = CYLINDRICAL_SURFACE('',#1208,15.);
#1208 = AXIS2_PLACEMENT_3D('',#1209,#1210,#1211);
#1209 = CARTESIAN_POINT('',(-72.,0.,9.));
#1210 = DIRECTION('',(-0.,-0.,-1.));
#1211 = DIRECTION('',(1.,0.,0.));
#1212 = DEFINITIONAL_REPRESENTATION('',(#1213),#1217);
#1213 = LINE('',#1214,#1215);
#1214 = CARTESIAN_POINT('',(-0.,-5.));
#1215 = VECTOR('',#1216,1.);
#1216 = DIRECTION('',(-1.,0.));
#1217 = ( GEOMETRIC_REPRESENTATION_CONTEXT(2) 
PARAMETRIC_REPRESENTATION_CONTEXT() REPRESENTATION_CONTEXT('2D SPACE',''
  ) );
#1218 = ORIENTED_EDGE('',*,*,#1219,.F.);
#1219 = EDGE_CURVE('',#1220,#1191,#1222,.T.);
#1220 = VERTEX_POINT('',#1221);
#1221 = CARTESIAN_POINT('',(-65.5,-18.5,14.));
#1222 = SURFACE_CURVE('',#1223,(#1227,#1234),.PCURVE_S1.);
#1223 = LINE('',#1224,#1225);
#1224 = CARTESIAN_POINT('',(-65.5,-18.5,14.));
#1225 = VECTOR('',#1226,1.);
#1226 = DIRECTION('',(0.,1.,0.));
#1227 = PCURVE('',#95,#1228);
#1228 = DEFINITIONAL_REPRESENTATION('',(#1229),#1233);
#1229 = LINE('',#1230,#1231);
#1230 = CARTESIAN_POINT('',(-65.5,-18.5));
#1231 = VECTOR('',#1232,1.);
#1232 = DIRECTION('',(0.,1.));
#1233 = ( GEOMETRIC_REPRESENTATION_CONTEXT(2) 
PARAMETRIC_REPRESENTATION_CONTEXT() REPRESENTATION_CONTEXT('2D SPACE',''
  ) );
#1234 = PCURVE('',#1235,#1240);
#1235 = PLANE('',#1236);
#1236 = AXIS2_PLACEMENT_3D('',#1237,#1238,#1239);
#1237 = CARTESIAN_POINT('',(-65.5,-18.5,6.));
#1238 = DIRECTION('',(1.,0.,0.));
#1239 = DIRECTION('',(0.,0.,1.));
#1240 = DEFINITIONAL_REPRESENTATION('',(#1241),#1245);
#1241 = LINE('',#1242,#1243);
#1242 = CARTESIAN_POINT('',(8.,0.));
#1243 = VECTOR('',#1244,1.);
#1244 = DIRECTION('',(0.,-1.));
#1245 = ( GEOMETRIC_REPRESENTATION_CONTEXT(2) 
PARAMETRIC_REPRESENTATION_CONTEXT() REPRESENTATION_CONTEXT('2D SPACE',''
  ) );
#1246 = ORIENTED_EDGE('',*,*,#1247,.T.);
#1247 = EDGE_CURVE('',#1220,#1248,#1250,.T.);
#1248 = VERTEX_POINT('',#1249);
#1249 = CARTESIAN_POINT('',(-52.97913037155,-18.5,14.));
#1250 = SURFACE_CURVE('',#1251,(#1255,#1262),.PCURVE_S1.);
#1251 = LINE('',#1252,#1253);
#1252 = CARTESIAN_POINT('',(-65.5,-18.5,14.));
#1253 = VECTOR('',#1254,1.);
#1254 = DIRECTION('',(1.,0.,0.));
#1255 = PCURVE('',#95,#1256);
#1256 = DEFINITIONAL_REPRESENTATION('',(#1257),#1261);
#1257 = LINE('',#1258,#1259);
#1258 = CARTESIAN_POINT('',(-65.5,-18.5));
#1259 = VECTOR('',#1260,1.);
#1260 = DIRECTION('',(1.,0.));
#1261 = ( GEOMETRIC_REPRESENTATION_CONTEXT(2) 
PARAMETRIC_REPRESENTATION_CONTEXT() REPRESENTATION_CONTEXT('2D SPACE',''
  ) );
#1262 = PCURVE('',#1263,#1268);
#1263 = PLANE('',#1264);
#1264 = AXIS2_PLACEMENT_3D('',#1265,#1266,#1267);
#1265 = CARTESIAN_POINT('',(-65.5,-18.5,6.));
#1266 = DIRECTION('',(0.,1.,0.));
#1267 = DIRECTION('',(0.,0.,1.));
#1268 = DEFINITIONAL_REPRESENTATION('',(#1269),#1273);
#1269 = LINE('',#1270,#1271);
#1270 = CARTESIAN_POINT('',(8.,0.));
#1271 = VECTOR('',#1272,1.);
#1272 = DIRECTION('',(0.,1.));
#1273 = ( GEOMETRIC_REPRESENTATION_CONTEXT(2) 
PARAMETRIC_REPRESENTATION_CONTEXT() REPRESENTATION_CONTEXT('2D SPACE',''
  ) );
#1274 = ORIENTED_EDGE('',*,*,#1275,.T.);
#1275 = EDGE_CURVE('',#1248,#375,#1276,.T.);
#1276 = SURFACE_CURVE('',#1277,(#1282,#1289),.PCURVE_S1.);
#1277 = CIRCLE('',#1278,6.);
#1278 = AXIS2_PLACEMENT_3D('',#1279,#1280,#1281);
#1279 = CARTESIAN_POINT('',(-47.,-18.,14.));
#1280 = DIRECTION('',(0.,0.,1.));
#1281 = DIRECTION('',(1.,0.,0.));
#1282 = PCURVE('',#95,#1283);
#1283 = DEFINITIONAL_REPRESENTATION('',(#1284),#1288);
#1284 = CIRCLE('',#1285,6.);
#1285 = AXIS2_PLACEMENT_2D('',#1286,#1287);
#1286 = CARTESIAN_POINT('',(-47.,-18.));
#1287 = DIRECTION('',(1.,0.));
#1288 = ( GEOMETRIC_REPRESENTATION_CONTEXT(2) 
PARAMETRIC_REPRESENTATION_CONTEXT() REPRESENTATION_CONTEXT('2D SPACE',''
  ) );
#1289 = PCURVE('',#389,#1290);
#1290 = DEFINITIONAL_REPRESENTATION('',(#1291),#1295);
#1291 = LINE('',#1292,#1293);
#1292 = CARTESIAN_POINT('',(-0.,-5.));
#1293 = VECTOR('',#1294,1.);
#1294 = DIRECTION('',(-1.,0.));
#1295 = ( GEOMETRIC_REPRESENTATION_CONTEXT(2) 
PARAMETRIC_REPRESENTATION_CONTEXT() REPRESENTATION_CONTEXT('2D SPACE',''
  ) );
#1296 = ORIENTED_EDGE('',*,*,#400,.T.);
#1297 = ORIENTED_EDGE('',*,*,#78,.T.);
#1298 = ORIENTED_EDGE('',*,*,#1299,.F.);
#1299 = EDGE_CURVE('',#1300,#79,#1302,.T.);
#1300 = VERTEX_POINT('',#1301);
#1301 = CARTESIAN_POINT('',(-52.5,12.,14.));
#1302 = SURFACE_CURVE('',#1303,(#1307,#1314),.PCURVE_S1.);
#1303 = LINE('',#1304,#1305);
#1304 = CARTESIAN_POINT('',(-91.,12.,14.));
#1305 = VECTOR('',#1306,1.);
#1306 = DIRECTION('',(1.,0.,0.));
#1307 = PCURVE('',#95,#1308);
#1308 = DEFINITIONAL_REPRESENTATION('',(#1309),#1313);
#1309 = LINE('',#1310,#1311);
#1310 = CARTESIAN_POINT('',(-91.,12.));
#1311 = VECTOR('',#1312,1.);
#1312 = DIRECTION('',(1.,0.));
#1313 = ( GEOMETRIC_REPRESENTATION_CONTEXT(2) 
PARAMETRIC_REPRESENTATION_CONTEXT() REPRESENTATION_CONTEXT('2D SPACE',''
  ) );
#1314 = PCURVE('',#122,#1315);
#1315 = DEFINITIONAL_REPRESENTATION('',(#1316),#1320);
#1316 = LINE('',#1317,#1318);
#1317 = CARTESIAN_POINT('',(5.,0.));
#1318 = VECTOR('',#1319,1.);
#1319 = DIRECTION('',(0.,1.));
#1320 = ( GEOMETRIC_REPRESENTATION_CONTEXT(2) 
PARAMETRIC_REPRESENTATION_CONTEXT() REPRESENTATION_CONTEXT('2D SPACE',''
  ) );
#1321 = ORIENTED_EDGE('',*,*,#1322,.T.);
#1322 = EDGE_CURVE('',#1300,#1323,#1325,.T.);
#1323 = VERTEX_POINT('',#1324);
#1324 = CARTESIAN_POINT('',(-52.5,18.5,14.));
#1325 = SURFACE_CURVE('',#1326,(#1330,#1337),.PCURVE_S1.);
#1326 = LINE('',#1327,#1328);
#1327 = CARTESIAN_POINT('',(-52.5,11.5,14.));
#1328 = VECTOR('',#1329,1.);
#1329 = DIRECTION('',(0.,1.,0.));
#1330 = PCURVE('',#95,#1331);
#1331 = DEFINITIONAL_REPRESENTATION('',(#1332),#1336);
#1332 = LINE('',#1333,#1334);
#1333 = CARTESIAN_POINT('',(-52.5,11.5));
#1334 = VECTOR('',#1335,1.);
#1335 = DIRECTION('',(0.,1.));
#1336 = ( GEOMETRIC_REPRESENTATION_CONTEXT(2) 
PARAMETRIC_REPRESENTATION_CONTEXT() REPRESENTATION_CONTEXT('2D SPACE',''
  ) );
#1337 = PCURVE('',#1338,#1343);
#1338 = PLANE('',#1339);
#1339 = AXIS2_PLACEMENT_3D('',#1340,#1341,#1342);
#1340 = CARTESIAN_POINT('',(-52.5,11.5,6.));
#1341 = DIRECTION('',(1.,0.,0.));
#1342 = DIRECTION('',(0.,0.,1.));
#1343 = DEFINITIONAL_REPRESENTATION('',(#1344),#1348);
#1344 = LINE('',#1345,#1346);
#1345 = CARTESIAN_POINT('',(8.,0.));
#1346 = VECTOR('',#1347,1.);
#1347 = DIRECTION('',(0.,-1.));
#1348 = ( GEOMETRIC_REPRESENTATION_CONTEXT(2) 
PARAMETRIC_REPRESENTATION_CONTEXT() REPRESENTATION_CONTEXT('2D SPACE',''
  ) );
#1349 = ORIENTED_EDGE('',*,*,#1350,.F.);
#1350 = EDGE_CURVE('',#1351,#1323,#1353,.T.);
#1351 = VERTEX_POINT('',#1352);
#1352 = CARTESIAN_POINT('',(-65.5,18.5,14.));
#1353 = SURFACE_CURVE('',#1354,(#1358,#1365),.PCURVE_S1.);
#1354 = LINE('',#1355,#1356);
#1355 = CARTESIAN_POINT('',(-65.5,18.5,14.));
#1356 = VECTOR('',#1357,1.);
#1357 = DIRECTION('',(1.,0.,0.));
#1358 = PCURVE('',#95,#1359);
#1359 = DEFINITIONAL_REPRESENTATION('',(#1360),#1364);
#1360 = LINE('',#1361,#1362);
#1361 = CARTESIAN_POINT('',(-65.5,18.5));
#1362 = VECTOR('',#1363,1.);
#1363 = DIRECTION('',(1.,0.));
#1364 = ( GEOMETRIC_REPRESENTATION_CONTEXT(2) 
PARAMETRIC_REPRESENTATION_CONTEXT() REPRESENTATION_CONTEXT('2D SPACE',''
  ) );
#1365 = PCURVE('',#1366,#1371);
#1366 = PLANE('',#1367);
#1367 = AXIS2_PLACEMENT_3D('',#1368,#1369,#1370);
#1368 = CARTESIAN_POINT('',(-65.5,18.5,6.));
#1369 = DIRECTION('',(0.,1.,0.));
#1370 = DIRECTION('',(0.,0.,1.));
#1371 = DEFINITIONAL_REPRESENTATION('',(#1372),#1376);
#1372 = LINE('',#1373,#1374);
#1373 = CARTESIAN_POINT('',(8.,0.));
#1374 = VECTOR('',#1375,1.);
#1375 = DIRECTION('',(0.,1.));
#1376 = ( GEOMETRIC_REPRESENTATION_CONTEXT(2) 
PARAMETRIC_REPRESENTATION_CONTEXT() REPRESENTATION_CONTEXT('2D SPACE',''
  ) );
#1377 = ORIENTED_EDGE('',*,*,#1378,.F.);
#1378 = EDGE_CURVE('',#1379,#1351,#1381,.T.);
#1379 = VERTEX_POINT('',#1380);
#1380 = CARTESIAN_POINT('',(-65.5,13.518505834596,14.));
#1381 = SURFACE_CURVE('',#1382,(#1386,#1393),.PCURVE_S1.);
#1382 = LINE('',#1383,#1384);
#1383 = CARTESIAN_POINT('',(-65.5,11.5,14.));
#1384 = VECTOR('',#1385,1.);
#1385 = DIRECTION('',(0.,1.,0.));
#1386 = PCURVE('',#95,#1387);
#1387 = DEFINITIONAL_REPRESENTATION('',(#1388),#1392);
#1388 = LINE('',#1389,#1390);
#1389 = CARTESIAN_POINT('',(-65.5,11.5));
#1390 = VECTOR('',#1391,1.);
#1391 = DIRECTION('',(0.,1.));
#1392 = ( GEOMETRIC_REPRESENTATION_CONTEXT(2) 
PARAMETRIC_REPRESENTATION_CONTEXT() REPRESENTATION_CONTEXT('2D SPACE',''
  ) );
#1393 = PCURVE('',#1394,#1399);
#1394 = PLANE('',#1395);
#1395 = AXIS2_PLACEMENT_3D('',#1396,#1397,#1398);
#1396 = CARTESIAN_POINT('',(-65.5,11.5,6.));
#1397 = DIRECTION('',(1.,0.,0.));
#1398 = DIRECTION('',(0.,0.,1.));
#1399 = DEFINITIONAL_REPRESENTATION('',(#1400),#1404);
#1400 = LINE('',#1401,#1402);
#1401 = CARTESIAN_POINT('',(8.,0.));
#1402 = VECTOR('',#1403,1.);
#1403 = DIRECTION('',(0.,-1.));
#1404 = ( GEOMETRIC_REPRESENTATION_CONTEXT(2) 
PARAMETRIC_REPRESENTATION_CONTEXT() REPRESENTATION_CONTEXT('2D SPACE',''
  ) );
#1405 = ORIENTED_EDGE('',*,*,#1406,.T.);
#1406 = EDGE_CURVE('',#1379,#1407,#1409,.T.);
#1407 = VERTEX_POINT('',#1408);
#1408 = CARTESIAN_POINT('',(-81.,12.,14.));
#1409 = SURFACE_CURVE('',#1410,(#1415,#1422),.PCURVE_S1.);
#1410 = CIRCLE('',#1411,15.);
#1411 = AXIS2_PLACEMENT_3D('',#1412,#1413,#1414);
#1412 = CARTESIAN_POINT('',(-72.,0.,14.));
#1413 = DIRECTION('',(0.,0.,1.));
#1414 = DIRECTION('',(1.,0.,0.));
#1415 = PCURVE('',#95,#1416);
#1416 = DEFINITIONAL_REPRESENTATION('',(#1417),#1421);
#1417 = CIRCLE('',#1418,15.);
#1418 = AXIS2_PLACEMENT_2D('',#1419,#1420);
#1419 = CARTESIAN_POINT('',(-72.,-2.926288601623E-15));
#1420 = DIRECTION('',(1.,0.));
#1421 = ( GEOMETRIC_REPRESENTATION_CONTEXT(2) 
PARAMETRIC_REPRESENTATION_CONTEXT() REPRESENTATION_CONTEXT('2D SPACE',''
  ) );
#1422 = PCURVE('',#1423,#1428);
#1423 = CYLINDRICAL_SURFACE('',#1424,15.);
#1424 = AXIS2_PLACEMENT_3D('',#1425,#1426,#1427);
#1425 = CARTESIAN_POINT('',(-72.,0.,9.));
#1426 = DIRECTION('',(-0.,-0.,-1.));
#1427 = DIRECTION('',(1.,0.,0.));
#1428 = DEFINITIONAL_REPRESENTATION('',(#1429),#1433);
#1429 = LINE('',#1430,#1431);
#1430 = CARTESIAN_POINT('',(-0.,-5.));
#1431 = VECTOR('',#1432,1.);
#1432 = DIRECTION('',(-1.,0.));
#1433 = ( GEOMETRIC_REPRESENTATION_CONTEXT(2) 
PARAMETRIC_REPRESENTATION_CONTEXT() REPRESENTATION_CONTEXT('2D SPACE',''
  ) );
#1434 = ORIENTED_EDGE('',*,*,#1435,.F.);
#1435 = EDGE_CURVE('',#1135,#1407,#1436,.T.);
#1436 = SURFACE_CURVE('',#1437,(#1441,#1448),.PCURVE_S1.);
#1437 = LINE('',#1438,#1439);
#1438 = CARTESIAN_POINT('',(-91.,12.,14.));
#1439 = VECTOR('',#1440,1.);
#1440 = DIRECTION('',(1.,0.,0.));
#1441 = PCURVE('',#95,#1442);
#1442 = DEFINITIONAL_REPRESENTATION('',(#1443),#1447);
#1443 = LINE('',#1444,#1445);
#1444 = CARTESIAN_POINT('',(-91.,12.));
#1445 = VECTOR('',#1446,1.);
#1446 = DIRECTION('',(1.,0.));
#1447 = ( GEOMETRIC_REPRESENTATION_CONTEXT(2) 
PARAMETRIC_REPRESENTATION_CONTEXT() REPRESENTATION_CONTEXT('2D SPACE',''
  ) );
#1448 = PCURVE('',#1449,#1454);
#1449 = PLANE('',#1450);
#1450 = AXIS2_PLACEMENT_3D('',#1451,#1452,#1453);
#1451 = CARTESIAN_POINT('',(-91.,12.,9.));
#1452 = DIRECTION('',(0.,1.,0.));
#1453 = DIRECTION('',(0.,0.,1.));
#1454 = DEFINITIONAL_REPRESENTATION('',(#1455),#1459);
#1455 = LINE('',#1456,#1457);
#1456 = CARTESIAN_POINT('',(5.,0.));
#1457 = VECTOR('',#1458,1.);
#1458 = DIRECTION('',(0.,1.));
#1459 = ( GEOMETRIC_REPRESENTATION_CONTEXT(2) 
PARAMETRIC_REPRESENTATION_CONTEXT() REPRESENTATION_CONTEXT('2D SPACE',''
  ) );
#1460 = FACE_BOUND('',#1461,.T.);
#1461 = EDGE_LOOP('',(#1462,#1463,#1487,#1515));
#1462 = ORIENTED_EDGE('',*,*,#192,.T.);
#1463 = ORIENTED_EDGE('',*,*,#1464,.T.);
#1464 = EDGE_CURVE('',#193,#1465,#1467,.T.);
#1465 = VERTEX_POINT('',#1466);
#1466 = CARTESIAN_POINT('',(-52.5,-15.60208423834,14.));
#1467 = SURFACE_CURVE('',#1468,(#1473,#1480),.PCURVE_S1.);
#1468 = CIRCLE('',#1469,6.);
#1469 = AXIS2_PLACEMENT_3D('',#1470,#1471,#1472);
#1470 = CARTESIAN_POINT('',(-47.,-18.,14.));
#1471 = DIRECTION('',(0.,0.,1.));
#1472 = DIRECTION('',(1.,0.,0.));
#1473 = PCURVE('',#95,#1474);
#1474 = DEFINITIONAL_REPRESENTATION('',(#1475),#1479);
#1475 = CIRCLE('',#1476,6.);
#1476 = AXIS2_PLACEMENT_2D('',#1477,#1478);
#1477 = CARTESIAN_POINT('',(-47.,-18.));
#1478 = DIRECTION('',(1.,0.));
#1479 = ( GEOMETRIC_REPRESENTATION_CONTEXT(2) 
PARAMETRIC_REPRESENTATION_CONTEXT() REPRESENTATION_CONTEXT('2D SPACE',''
  ) );
#1480 = PCURVE('',#231,#1481);
#1481 = DEFINITIONAL_REPRESENTATION('',(#1482),#1486);
#1482 = LINE('',#1483,#1484);
#1483 = CARTESIAN_POINT('',(-0.,-5.));
#1484 = VECTOR('',#1485,1.);
#1485 = DIRECTION('',(-1.,0.));
#1486 = ( GEOMETRIC_REPRESENTATION_CONTEXT(2) 
PARAMETRIC_REPRESENTATION_CONTEXT() REPRESENTATION_CONTEXT('2D SPACE',''
  ) );
#1487 = ORIENTED_EDGE('',*,*,#1488,.T.);
#1488 = EDGE_CURVE('',#1465,#1489,#1491,.T.);
#1489 = VERTEX_POINT('',#1490);
#1490 = CARTESIAN_POINT('',(-52.5,-12.,14.));
#1491 = SURFACE_CURVE('',#1492,(#1496,#1503),.PCURVE_S1.);
#1492 = LINE('',#1493,#1494);
#1493 = CARTESIAN_POINT('',(-52.5,-18.5,14.));
#1494 = VECTOR('',#1495,1.);
#1495 = DIRECTION('',(0.,1.,0.));
#1496 = PCURVE('',#95,#1497);
#1497 = DEFINITIONAL_REPRESENTATION('',(#1498),#1502);
#1498 = LINE('',#1499,#1500);
#1499 = CARTESIAN_POINT('',(-52.5,-18.5));
#1500 = VECTOR('',#1501,1.);
#1501 = DIRECTION('',(0.,1.));
#1502 = ( GEOMETRIC_REPRESENTATION_CONTEXT(2) 
PARAMETRIC_REPRESENTATION_CONTEXT() REPRESENTATION_CONTEXT('2D SPACE',''
  ) );
#1503 = PCURVE('',#1504,#1509);
#1504 = PLANE('',#1505);
#1505 = AXIS2_PLACEMENT_3D('',#1506,#1507,#1508);
#1506 = CARTESIAN_POINT('',(-52.5,-18.5,6.));
#1507 = DIRECTION('',(1.,0.,0.));
#1508 = DIRECTION('',(0.,0.,1.));
#1509 = DEFINITIONAL_REPRESENTATION('',(#1510),#1514);
#1510 = LINE('',#1511,#1512);
#1511 = CARTESIAN_POINT('',(8.,0.));
#1512 = VECTOR('',#1513,1.);
#1513 = DIRECTION('',(0.,-1.));
#1514 = ( GEOMETRIC_REPRESENTATION_CONTEXT(2) 
PARAMETRIC_REPRESENTATION_CONTEXT() REPRESENTATION_CONTEXT('2D SPACE',''
  ) );
#1515 = ORIENTED_EDGE('',*,*,#1516,.T.);
#1516 = EDGE_CURVE('',#1489,#167,#1517,.T.);
#1517 = SURFACE_CURVE('',#1518,(#1522,#1529),.PCURVE_S1.);
#1518 = LINE('',#1519,#1520);
#1519 = CARTESIAN_POINT('',(-91.,-12.,14.));
#1520 = VECTOR('',#1521,1.);
#1521 = DIRECTION('',(1.,0.,0.));
#1522 = PCURVE('',#95,#1523);
#1523 = DEFINITIONAL_REPRESENTATION('',(#1524),#1528);
#1524 = LINE('',#1525,#1526);
#1525 = CARTESIAN_POINT('',(-91.,-12.));
#1526 = VECTOR('',#1527,1.);
#1527 = DIRECTION('',(1.,0.));
#1528 = ( GEOMETRIC_REPRESENTATION_CONTEXT(2) 
PARAMETRIC_REPRESENTATION_CONTEXT() REPRESENTATION_CONTEXT('2D SPACE',''
  ) );
#1529 = PCURVE('',#181,#1530);
#1530 = DEFINITIONAL_REPRESENTATION('',(#1531),#1535);
#1531 = LINE('',#1532,#1533);
#1532 = CARTESIAN_POINT('',(5.,0.));
#1533 = VECTOR('',#1534,1.);
#1534 = DIRECTION('',(0.,1.));
#1535 = ( GEOMETRIC_REPRESENTATION_CONTEXT(2) 
PARAMETRIC_REPRESENTATION_CONTEXT() REPRESENTATION_CONTEXT('2D SPACE',''
  ) );
#1536 = FACE_BOUND('',#1537,.T.);
#1537 = EDGE_LOOP('',(#1538));
#1538 = ORIENTED_EDGE('',*,*,#1539,.T.);
#1539 = EDGE_CURVE('',#1540,#1540,#1542,.T.);
#1540 = VERTEX_POINT('',#1541);
#1541 = CARTESIAN_POINT('',(-31.13401871576,-33.23401871576,14.));
#1542 = SURFACE_CURVE('',#1543,(#1548,#1559),.PCURVE_S1.);
#1543 = CIRCLE('',#1544,2.1);
#1544 = AXIS2_PLACEMENT_3D('',#1545,#1546,#1547);
#1545 = CARTESIAN_POINT('',(-33.23401871576,-33.23401871576,14.));
#1546 = DIRECTION('',(0.,0.,-1.));
#1547 = DIRECTION('',(1.,0.,0.));
#1548 = PCURVE('',#95,#1549);
#1549 = DEFINITIONAL_REPRESENTATION('',(#1550),#1558);
#1550 = ( BOUNDED_CURVE() B_SPLINE_CURVE(2,(#1551,#1552,#1553,#1554,
#1555,#1556,#1557),.UNSPECIFIED.,.T.,.F.) B_SPLINE_CURVE_WITH_KNOTS((1,2
    ,2,2,2,1),(-2.094395102393,0.,2.094395102393,4.188790204786,
6.28318530718,8.377580409573),.UNSPECIFIED.) CURVE() 
GEOMETRIC_REPRESENTATION_ITEM() RATIONAL_B_SPLINE_CURVE((1.,0.5,1.,0.5,
1.,0.5,1.)) REPRESENTATION_ITEM('') );
#1551 = CARTESIAN_POINT('',(-31.13401871576,-33.23401871576));
#1552 = CARTESIAN_POINT('',(-31.13401871576,-36.87132541166));
#1553 = CARTESIAN_POINT('',(-34.28401871576,-35.05267206371));
#1554 = CARTESIAN_POINT('',(-37.43401871576,-33.23401871576));
#1555 = CARTESIAN_POINT('',(-34.28401871576,-31.41536536782));
#1556 = CARTESIAN_POINT('',(-31.13401871576,-29.59671201987));
#1557 = CARTESIAN_POINT('',(-31.13401871576,-33.23401871576));
#1558 = ( GEOMETRIC_REPRESENTATION_CONTEXT(2) 
PARAMETRIC_REPRESENTATION_CONTEXT() REPRESENTATION_CONTEXT('2D SPACE',''
  ) );
#1559 = PCURVE('',#1560,#1565);
#1560 = CYLINDRICAL_SURFACE('',#1561,2.1);
#1561 = AXIS2_PLACEMENT_3D('',#1562,#1563,#1564);
#1562 = CARTESIAN_POINT('',(-33.23401871576,-33.23401871576,8.));
#1563 = DIRECTION('',(-0.,-0.,-1.));
#1564 = DIRECTION('',(1.,0.,0.));
#1565 = DEFINITIONAL_REPRESENTATION('',(#1566),#1570);
#1566 = LINE('',#1567,#1568);
#1567 = CARTESIAN_POINT('',(-6.28318530718,-6.));
#1568 = VECTOR('',#1569,1.);
#1569 = DIRECTION('',(1.,-0.));
#1570 = ( GEOMETRIC_REPRESENTATION_CONTEXT(2) 
PARAMETRIC_REPRESENTATION_CONTEXT() REPRESENTATION_CONTEXT('2D SPACE',''
  ) );
#1571 = FACE_BOUND('',#1572,.T.);
#1572 = EDGE_LOOP('',(#1573,#1602,#1635,#1662));
#1573 = ORIENTED_EDGE('',*,*,#1574,.F.);
#1574 = EDGE_CURVE('',#1575,#1577,#1579,.T.);
#1575 = VERTEX_POINT('',#1576);
#1576 = CARTESIAN_POINT('',(-67.7,-5.3,14.));
#1577 = VERTEX_POINT('',#1578);
#1578 = CARTESIAN_POINT('',(-76.3,-5.3,14.));
#1579 = SURFACE_CURVE('',#1580,(#1584,#1591),.PCURVE_S1.);
#1580 = LINE('',#1581,#1582);
#1581 = CARTESIAN_POINT('',(-38.15,-5.3,14.));
#1582 = VECTOR('',#1583,1.);
#1583 = DIRECTION('',(-1.,0.,0.));
#1584 = PCURVE('',#95,#1585);
#1585 = DEFINITIONAL_REPRESENTATION('',(#1586),#1590);
#1586 = LINE('',#1587,#1588);
#1587 = CARTESIAN_POINT('',(-38.15,-5.3));
#1588 = VECTOR('',#1589,1.);
#1589 = DIRECTION('',(-1.,0.));
#1590 = ( GEOMETRIC_REPRESENTATION_CONTEXT(2) 
PARAMETRIC_REPRESENTATION_CONTEXT() REPRESENTATION_CONTEXT('2D SPACE',''
  ) );
#1591 = PCURVE('',#1592,#1597);
#1592 = PLANE('',#1593);
#1593 = AXIS2_PLACEMENT_3D('',#1594,#1595,#1596);
#1594 = CARTESIAN_POINT('',(-76.3,-5.3,8.));
#1595 = DIRECTION('',(0.,1.,0.));
#1596 = DIRECTION('',(1.,0.,0.));
#1597 = DEFINITIONAL_REPRESENTATION('',(#1598),#1601);
#1598 = B_SPLINE_CURVE_WITH_KNOTS('',1,(#1599,#1600),.UNSPECIFIED.,.F.,
  .F.,(2,2),(29.55,38.15),.PIECEWISE_BEZIER_KNOTS.);
#1599 = CARTESIAN_POINT('',(8.6,-6.));
#1600 = CARTESIAN_POINT('',(0.,-6.));
#1601 = ( GEOMETRIC_REPRESENTATION_CONTEXT(2) 
PARAMETRIC_REPRESENTATION_CONTEXT() REPRESENTATION_CONTEXT('2D SPACE',''
  ) );
#1602 = ORIENTED_EDGE('',*,*,#1603,.T.);
#1603 = EDGE_CURVE('',#1575,#1604,#1606,.T.);
#1604 = VERTEX_POINT('',#1605);
#1605 = CARTESIAN_POINT('',(-67.7,-8.7,14.));
#1606 = SURFACE_CURVE('',#1607,(#1612,#1623),.PCURVE_S1.);
#1607 = CIRCLE('',#1608,1.7);
#1608 = AXIS2_PLACEMENT_3D('',#1609,#1610,#1611);
#1609 = CARTESIAN_POINT('',(-67.7,-7.,14.));
#1610 = DIRECTION('',(0.,0.,-1.));
#1611 = DIRECTION('',(-5.224578939413E-16,1.,0.));
#1612 = PCURVE('',#95,#1613);
#1613 = DEFINITIONAL_REPRESENTATION('',(#1614),#1622);
#1614 = ( BOUNDED_CURVE() B_SPLINE_CURVE(2,(#1615,#1616,#1617,#1618,
#1619,#1620,#1621),.UNSPECIFIED.,.T.,.F.) B_SPLINE_CURVE_WITH_KNOTS((1,2
    ,2,2,2,1),(-2.094395102393,0.,2.094395102393,4.188790204786,
6.28318530718,8.377580409573),.UNSPECIFIED.) CURVE() 
GEOMETRIC_REPRESENTATION_ITEM() RATIONAL_B_SPLINE_CURVE((1.,0.5,1.,0.5,
1.,0.5,1.)) REPRESENTATION_ITEM('') );
#1615 = CARTESIAN_POINT('',(-67.7,-5.3));
#1616 = CARTESIAN_POINT('',(-64.75551362713,-5.3));
#1617 = CARTESIAN_POINT('',(-66.22775681356,-7.85));
#1618 = CARTESIAN_POINT('',(-67.7,-10.4));
#1619 = CARTESIAN_POINT('',(-69.17224318643,-7.85));
#1620 = CARTESIAN_POINT('',(-70.64448637286,-5.3));
#1621 = CARTESIAN_POINT('',(-67.7,-5.3));
#1622 = ( GEOMETRIC_REPRESENTATION_CONTEXT(2) 
PARAMETRIC_REPRESENTATION_CONTEXT() REPRESENTATION_CONTEXT('2D SPACE',''
  ) );
#1623 = PCURVE('',#1624,#1629);
#1624 = CYLINDRICAL_SURFACE('',#1625,1.7);
#1625 = AXIS2_PLACEMENT_3D('',#1626,#1627,#1628);
#1626 = CARTESIAN_POINT('',(-67.7,-7.,8.));
#1627 = DIRECTION('',(0.,0.,-1.));
#1628 = DIRECTION('',(-5.224578939413E-16,1.,0.));
#1629 = DEFINITIONAL_REPRESENTATION('',(#1630),#1634);
#1630 = LINE('',#1631,#1632);
#1631 = CARTESIAN_POINT('',(0.,-6.));
#1632 = VECTOR('',#1633,1.);
#1633 = DIRECTION('',(1.,0.));
#1634 = ( GEOMETRIC_REPRESENTATION_CONTEXT(2) 
PARAMETRIC_REPRESENTATION_CONTEXT() REPRESENTATION_CONTEXT('2D SPACE',''
  ) );
#1635 = ORIENTED_EDGE('',*,*,#1636,.F.);
#1636 = EDGE_CURVE('',#1637,#1604,#1639,.T.);
#1637 = VERTEX_POINT('',#1638);
#1638 = CARTESIAN_POINT('',(-76.3,-8.7,14.));
#1639 = SURFACE_CURVE('',#1640,(#1644,#1651),.PCURVE_S1.);
#1640 = LINE('',#1641,#1642);
#1641 = CARTESIAN_POINT('',(-33.85,-8.7,14.));
#1642 = VECTOR('',#1643,1.);
#1643 = DIRECTION('',(1.,0.,-0.));
#1644 = PCURVE('',#95,#1645);
#1645 = DEFINITIONAL_REPRESENTATION('',(#1646),#1650);
#1646 = LINE('',#1647,#1648);
#1647 = CARTESIAN_POINT('',(-33.85,-8.7));
#1648 = VECTOR('',#1649,1.);
#1649 = DIRECTION('',(1.,0.));
#1650 = ( GEOMETRIC_REPRESENTATION_CONTEXT(2) 
PARAMETRIC_REPRESENTATION_CONTEXT() REPRESENTATION_CONTEXT('2D SPACE',''
  ) );
#1651 = PCURVE('',#1652,#1657);
#1652 = PLANE('',#1653);
#1653 = AXIS2_PLACEMENT_3D('',#1654,#1655,#1656);
#1654 = CARTESIAN_POINT('',(-67.7,-8.7,8.));
#1655 = DIRECTION('',(0.,-1.,0.));
#1656 = DIRECTION('',(-1.,0.,0.));
#1657 = DEFINITIONAL_REPRESENTATION('',(#1658),#1661);
#1658 = B_SPLINE_CURVE_WITH_KNOTS('',1,(#1659,#1660),.UNSPECIFIED.,.F.,
  .F.,(2,2),(-42.45,-33.85),.PIECEWISE_BEZIER_KNOTS.);
#1659 = CARTESIAN_POINT('',(8.6,-6.));
#1660 = CARTESIAN_POINT('',(0.,-6.));
#1661 = ( GEOMETRIC_REPRESENTATION_CONTEXT(2) 
PARAMETRIC_REPRESENTATION_CONTEXT() REPRESENTATION_CONTEXT('2D SPACE',''
  ) );
#1662 = ORIENTED_EDGE('',*,*,#1663,.T.);
#1663 = EDGE_CURVE('',#1637,#1577,#1664,.T.);
#1664 = SURFACE_CURVE('',#1665,(#1670,#1681),.PCURVE_S1.);
#1665 = CIRCLE('',#1666,1.7);
#1666 = AXIS2_PLACEMENT_3D('',#1667,#1668,#1669);
#1667 = CARTESIAN_POINT('',(-76.3,-7.,14.));
#1668 = DIRECTION('',(0.,-0.,-1.));
#1669 = DIRECTION('',(5.224578939413E-16,-1.,0.));
#1670 = PCURVE('',#95,#1671);
#1671 = DEFINITIONAL_REPRESENTATION('',(#1672),#1680);
#1672 = ( BOUNDED_CURVE() B_SPLINE_CURVE(2,(#1673,#1674,#1675,#1676,
#1677,#1678,#1679),.UNSPECIFIED.,.T.,.F.) B_SPLINE_CURVE_WITH_KNOTS((1,2
    ,2,2,2,1),(-2.094395102393,0.,2.094395102393,4.188790204786,
6.28318530718,8.377580409573),.UNSPECIFIED.) CURVE() 
GEOMETRIC_REPRESENTATION_ITEM() RATIONAL_B_SPLINE_CURVE((1.,0.5,1.,0.5,
1.,0.5,1.)) REPRESENTATION_ITEM('') );
#1673 = CARTESIAN_POINT('',(-76.3,-8.7));
#1674 = CARTESIAN_POINT('',(-79.24448637286,-8.7));
#1675 = CARTESIAN_POINT('',(-77.77224318643,-6.15));
#1676 = CARTESIAN_POINT('',(-76.3,-3.6));
#1677 = CARTESIAN_POINT('',(-74.82775681356,-6.15));
#1678 = CARTESIAN_POINT('',(-73.35551362713,-8.7));
#1679 = CARTESIAN_POINT('',(-76.3,-8.7));
#1680 = ( GEOMETRIC_REPRESENTATION_CONTEXT(2) 
PARAMETRIC_REPRESENTATION_CONTEXT() REPRESENTATION_CONTEXT('2D SPACE',''
  ) );
#1681 = PCURVE('',#1682,#1687);
#1682 = CYLINDRICAL_SURFACE('',#1683,1.7);
#1683 = AXIS2_PLACEMENT_3D('',#1684,#1685,#1686);
#1684 = CARTESIAN_POINT('',(-76.3,-7.,8.));
#1685 = DIRECTION('',(0.,-0.,-1.));
#1686 = DIRECTION('',(5.224578939413E-16,-1.,0.));
#1687 = DEFINITIONAL_REPRESENTATION('',(#1688),#1692);
#1688 = LINE('',#1689,#1690);
#1689 = CARTESIAN_POINT('',(0.,-6.));
#1690 = VECTOR('',#1691,1.);
#1691 = DIRECTION('',(1.,0.));
#1692 = ( GEOMETRIC_REPRESENTATION_CONTEXT(2) 
PARAMETRIC_REPRESENTATION_CONTEXT() REPRESENTATION_CONTEXT('2D SPACE',''
  ) );
#1693 = FACE_BOUND('',#1694,.T.);
#1694 = EDGE_LOOP('',(#1695));
#1695 = ORIENTED_EDGE('',*,*,#1696,.T.);
#1696 = EDGE_CURVE('',#1697,#1697,#1699,.T.);
#1697 = VERTEX_POINT('',#1698);
#1698 = CARTESIAN_POINT('',(35.334018715768,-33.23401871576,14.));
#1699 = SURFACE_CURVE('',#1700,(#1705,#1716),.PCURVE_S1.);
#1700 = CIRCLE('',#1701,2.1);
#1701 = AXIS2_PLACEMENT_3D('',#1702,#1703,#1704);
#1702 = CARTESIAN_POINT('',(33.234018715768,-33.23401871576,14.));
#1703 = DIRECTION('',(0.,0.,-1.));
#1704 = DIRECTION('',(1.,0.,0.));
#1705 = PCURVE('',#95,#1706);
#1706 = DEFINITIONAL_REPRESENTATION('',(#1707),#1715);
#1707 = ( BOUNDED_CURVE() B_SPLINE_CURVE(2,(#1708,#1709,#1710,#1711,
#1712,#1713,#1714),.UNSPECIFIED.,.T.,.F.) B_SPLINE_CURVE_WITH_KNOTS((1,2
    ,2,2,2,1),(-2.094395102393,0.,2.094395102393,4.188790204786,
6.28318530718,8.377580409573),.UNSPECIFIED.) CURVE() 
GEOMETRIC_REPRESENTATION_ITEM() RATIONAL_B_SPLINE_CURVE((1.,0.5,1.,0.5,
1.,0.5,1.)) REPRESENTATION_ITEM('') );
#1708 = CARTESIAN_POINT('',(35.334018715768,-33.23401871576));
#1709 = CARTESIAN_POINT('',(35.334018715768,-36.87132541166));
#1710 = CARTESIAN_POINT('',(32.184018715768,-35.05267206371));
#1711 = CARTESIAN_POINT('',(29.034018715768,-33.23401871576));
#1712 = CARTESIAN_POINT('',(32.184018715768,-31.41536536782));
#1713 = CARTESIAN_POINT('',(35.334018715768,-29.59671201987));
#1714 = CARTESIAN_POINT('',(35.334018715768,-33.23401871576));
#1715 = ( GEOMETRIC_REPRESENTATION_CONTEXT(2) 
PARAMETRIC_REPRESENTATION_CONTEXT() REPRESENTATION_CONTEXT('2D SPACE',''
  ) );
#1716 = PCURVE('',#1717,#1722);
#1717 = CYLINDRICAL_SURFACE('',#1718,2.1);
#1718 = AXIS2_PLACEMENT_3D('',#1719,#1720,#1721);
#1719 = CARTESIAN_POINT('',(33.234018715768,-33.23401871576,8.));
#1720 = DIRECTION('',(-0.,-0.,-1.));
#1721 = DIRECTION('',(1.,0.,0.));
#1722 = DEFINITIONAL_REPRESENTATION('',(#1723),#1727);
#1723 = LINE('',#1724,#1725);
#1724 = CARTESIAN_POINT('',(-6.28318530718,-6.));
#1725 = VECTOR('',#1726,1.);
#1726 = DIRECTION('',(1.,-0.));
#1727 = ( GEOMETRIC_REPRESENTATION_CONTEXT(2) 
PARAMETRIC_REPRESENTATION_CONTEXT() REPRESENTATION_CONTEXT('2D SPACE',''
  ) );
#1728 = FACE_BOUND('',#1729,.T.);
#1729 = EDGE_LOOP('',(#1730,#1759,#1792,#1819));
#1730 = ORIENTED_EDGE('',*,*,#1731,.F.);
#1731 = EDGE_CURVE('',#1732,#1734,#1736,.T.);
#1732 = VERTEX_POINT('',#1733);
#1733 = CARTESIAN_POINT('',(-67.7,8.7,14.));
#1734 = VERTEX_POINT('',#1735);
#1735 = CARTESIAN_POINT('',(-76.3,8.7,14.));
#1736 = SURFACE_CURVE('',#1737,(#1741,#1748),.PCURVE_S1.);
#1737 = LINE('',#1738,#1739);
#1738 = CARTESIAN_POINT('',(-38.15,8.7,14.));
#1739 = VECTOR('',#1740,1.);
#1740 = DIRECTION('',(-1.,0.,0.));
#1741 = PCURVE('',#95,#1742);
#1742 = DEFINITIONAL_REPRESENTATION('',(#1743),#1747);
#1743 = LINE('',#1744,#1745);
#1744 = CARTESIAN_POINT('',(-38.15,8.7));
#1745 = VECTOR('',#1746,1.);
#1746 = DIRECTION('',(-1.,0.));
#1747 = ( GEOMETRIC_REPRESENTATION_CONTEXT(2) 
PARAMETRIC_REPRESENTATION_CONTEXT() REPRESENTATION_CONTEXT('2D SPACE',''
  ) );
#1748 = PCURVE('',#1749,#1754);
#1749 = PLANE('',#1750);
#1750 = AXIS2_PLACEMENT_3D('',#1751,#1752,#1753);
#1751 = CARTESIAN_POINT('',(-76.3,8.7,8.));
#1752 = DIRECTION('',(0.,1.,0.));
#1753 = DIRECTION('',(1.,0.,0.));
#1754 = DEFINITIONAL_REPRESENTATION('',(#1755),#1758);
#1755 = B_SPLINE_CURVE_WITH_KNOTS('',1,(#1756,#1757),.UNSPECIFIED.,.F.,
  .F.,(2,2),(29.55,38.15),.PIECEWISE_BEZIER_KNOTS.);
#1756 = CARTESIAN_POINT('',(8.6,-6.));
#1757 = CARTESIAN_POINT('',(0.,-6.));
#1758 = ( GEOMETRIC_REPRESENTATION_CONTEXT(2) 
PARAMETRIC_REPRESENTATION_CONTEXT() REPRESENTATION_CONTEXT('2D SPACE',''
  ) );
#1759 = ORIENTED_EDGE('',*,*,#1760,.T.);
#1760 = EDGE_CURVE('',#1732,#1761,#1763,.T.);
#1761 = VERTEX_POINT('',#1762);
#1762 = CARTESIAN_POINT('',(-67.7,5.3,14.));
#1763 = SURFACE_CURVE('',#1764,(#1769,#1780),.PCURVE_S1.);
#1764 = CIRCLE('',#1765,1.7);
#1765 = AXIS2_PLACEMENT_3D('',#1766,#1767,#1768);
#1766 = CARTESIAN_POINT('',(-67.7,7.,14.));
#1767 = DIRECTION('',(0.,0.,-1.));
#1768 = DIRECTION('',(-5.224578939413E-16,1.,0.));
#1769 = PCURVE('',#95,#1770);
#1770 = DEFINITIONAL_REPRESENTATION('',(#1771),#1779);
#1771 = ( BOUNDED_CURVE() B_SPLINE_CURVE(2,(#1772,#1773,#1774,#1775,
#1776,#1777,#1778),.UNSPECIFIED.,.T.,.F.) B_SPLINE_CURVE_WITH_KNOTS((1,2
    ,2,2,2,1),(-2.094395102393,0.,2.094395102393,4.188790204786,
6.28318530718,8.377580409573),.UNSPECIFIED.) CURVE() 
GEOMETRIC_REPRESENTATION_ITEM() RATIONAL_B_SPLINE_CURVE((1.,0.5,1.,0.5,
1.,0.5,1.)) REPRESENTATION_ITEM('') );
#1772 = CARTESIAN_POINT('',(-67.7,8.7));
#1773 = CARTESIAN_POINT('',(-64.75551362713,8.7));
#1774 = CARTESIAN_POINT('',(-66.22775681356,6.15));
#1775 = CARTESIAN_POINT('',(-67.7,3.6));
#1776 = CARTESIAN_POINT('',(-69.17224318643,6.15));
#1777 = CARTESIAN_POINT('',(-70.64448637286,8.7));
#1778 = CARTESIAN_POINT('',(-67.7,8.7));
#1779 = ( GEOMETRIC_REPRESENTATION_CONTEXT(2) 
PARAMETRIC_REPRESENTATION_CONTEXT() REPRESENTATION_CONTEXT('2D SPACE',''
  ) );
#1780 = PCURVE('',#1781,#1786);
#1781 = CYLINDRICAL_SURFACE('',#1782,1.7);
#1782 = AXIS2_PLACEMENT_3D('',#1783,#1784,#1785);
#1783 = CARTESIAN_POINT('',(-67.7,7.,8.));
#1784 = DIRECTION('',(0.,0.,-1.));
#1785 = DIRECTION('',(-5.224578939413E-16,1.,0.));
#1786 = DEFINITIONAL_REPRESENTATION('',(#1787),#1791);
#1787 = LINE('',#1788,#1789);
#1788 = CARTESIAN_POINT('',(0.,-6.));
#1789 = VECTOR('',#1790,1.);
#1790 = DIRECTION('',(1.,0.));
#1791 = ( GEOMETRIC_REPRESENTATION_CONTEXT(2) 
PARAMETRIC_REPRESENTATION_CONTEXT() REPRESENTATION_CONTEXT('2D SPACE',''
  ) );
#1792 = ORIENTED_EDGE('',*,*,#1793,.F.);
#1793 = EDGE_CURVE('',#1794,#1761,#1796,.T.);
#1794 = VERTEX_POINT('',#1795);
#1795 = CARTESIAN_POINT('',(-76.3,5.3,14.));
#1796 = SURFACE_CURVE('',#1797,(#1801,#1808),.PCURVE_S1.);
#1797 = LINE('',#1798,#1799);
#1798 = CARTESIAN_POINT('',(-33.85,5.3,14.));
#1799 = VECTOR('',#1800,1.);
#1800 = DIRECTION('',(1.,0.,-0.));
#1801 = PCURVE('',#95,#1802);
#1802 = DEFINITIONAL_REPRESENTATION('',(#1803),#1807);
#1803 = LINE('',#1804,#1805);
#1804 = CARTESIAN_POINT('',(-33.85,5.3));
#1805 = VECTOR('',#1806,1.);
#1806 = DIRECTION('',(1.,0.));
#1807 = ( GEOMETRIC_REPRESENTATION_CONTEXT(2) 
PARAMETRIC_REPRESENTATION_CONTEXT() REPRESENTATION_CONTEXT('2D SPACE',''
  ) );
#1808 = PCURVE('',#1809,#1814);
#1809 = PLANE('',#1810);
#1810 = AXIS2_PLACEMENT_3D('',#1811,#1812,#1813);
#1811 = CARTESIAN_POINT('',(-67.7,5.3,8.));
#1812 = DIRECTION('',(0.,-1.,0.));
#1813 = DIRECTION('',(-1.,0.,0.));
#1814 = DEFINITIONAL_REPRESENTATION('',(#1815),#1818);
#1815 = B_SPLINE_CURVE_WITH_KNOTS('',1,(#1816,#1817),.UNSPECIFIED.,.F.,
  .F.,(2,2),(-42.45,-33.85),.PIECEWISE_BEZIER_KNOTS.);
#1816 = CARTESIAN_POINT('',(8.6,-6.));
#1817 = CARTESIAN_POINT('',(0.,-6.));
#1818 = ( GEOMETRIC_REPRESENTATION_CONTEXT(2) 
PARAMETRIC_REPRESENTATION_CONTEXT() REPRESENTATION_CONTEXT('2D SPACE',''
  ) );
#1819 = ORIENTED_EDGE('',*,*,#1820,.T.);
#1820 = EDGE_CURVE('',#1794,#1734,#1821,.T.);
#1821 = SURFACE_CURVE('',#1822,(#1827,#1838),.PCURVE_S1.);
#1822 = CIRCLE('',#1823,1.7);
#1823 = AXIS2_PLACEMENT_3D('',#1824,#1825,#1826);
#1824 = CARTESIAN_POINT('',(-76.3,7.,14.));
#1825 = DIRECTION('',(0.,-0.,-1.));
#1826 = DIRECTION('',(5.224578939413E-16,-1.,0.));
#1827 = PCURVE('',#95,#1828);
#1828 = DEFINITIONAL_REPRESENTATION('',(#1829),#1837);
#1829 = ( BOUNDED_CURVE() B_SPLINE_CURVE(2,(#1830,#1831,#1832,#1833,
#1834,#1835,#1836),.UNSPECIFIED.,.T.,.F.) B_SPLINE_CURVE_WITH_KNOTS((1,2
    ,2,2,2,1),(-2.094395102393,0.,2.094395102393,4.188790204786,
6.28318530718,8.377580409573),.UNSPECIFIED.) CURVE() 
GEOMETRIC_REPRESENTATION_ITEM() RATIONAL_B_SPLINE_CURVE((1.,0.5,1.,0.5,
1.,0.5,1.)) REPRESENTATION_ITEM('') );
#1830 = CARTESIAN_POINT('',(-76.3,5.3));
#1831 = CARTESIAN_POINT('',(-79.24448637286,5.3));
#1832 = CARTESIAN_POINT('',(-77.77224318643,7.85));
#1833 = CARTESIAN_POINT('',(-76.3,10.4));
#1834 = CARTESIAN_POINT('',(-74.82775681356,7.85));
#1835 = CARTESIAN_POINT('',(-73.35551362713,5.3));
#1836 = CARTESIAN_POINT('',(-76.3,5.3));
#1837 = ( GEOMETRIC_REPRESENTATION_CONTEXT(2) 
PARAMETRIC_REPRESENTATION_CONTEXT() REPRESENTATION_CONTEXT('2D SPACE',''
  ) );
#1838 = PCURVE('',#1839,#1844);
#1839 = CYLINDRICAL_SURFACE('',#1840,1.7);
#1840 = AXIS2_PLACEMENT_3D('',#1841,#1842,#1843);
#1841 = CARTESIAN_POINT('',(-76.3,7.,8.));
#1842 = DIRECTION('',(0.,-0.,-1.));
#1843 = DIRECTION('',(5.224578939413E-16,-1.,0.));
#1844 = DEFINITIONAL_REPRESENTATION('',(#1845),#1849);
#1845 = LINE('',#1846,#1847);
#1846 = CARTESIAN_POINT('',(0.,-6.));
#1847 = VECTOR('',#1848,1.);
#1848 = DIRECTION('',(1.,0.));
#1849 = ( GEOMETRIC_REPRESENTATION_CONTEXT(2) 
PARAMETRIC_REPRESENTATION_CONTEXT() REPRESENTATION_CONTEXT('2D SPACE',''
  ) );
#1850 = FACE_BOUND('',#1851,.T.);
#1851 = EDGE_LOOP('',(#1852));
#1852 = ORIENTED_EDGE('',*,*,#1853,.T.);
#1853 = EDGE_CURVE('',#1854,#1854,#1856,.T.);
#1854 = VERTEX_POINT('',#1855);
#1855 = CARTESIAN_POINT('',(-31.13401871576,33.234018715768,14.));
#1856 = SURFACE_CURVE('',#1857,(#1862,#1873),.PCURVE_S1.);
#1857 = CIRCLE('',#1858,2.1);
#1858 = AXIS2_PLACEMENT_3D('',#1859,#1860,#1861);
#1859 = CARTESIAN_POINT('',(-33.23401871576,33.234018715768,14.));
#1860 = DIRECTION('',(0.,0.,-1.));
#1861 = DIRECTION('',(1.,0.,0.));
#1862 = PCURVE('',#95,#1863);
#1863 = DEFINITIONAL_REPRESENTATION('',(#1864),#1872);
#1864 = ( BOUNDED_CURVE() B_SPLINE_CURVE(2,(#1865,#1866,#1867,#1868,
#1869,#1870,#1871),.UNSPECIFIED.,.T.,.F.) B_SPLINE_CURVE_WITH_KNOTS((1,2
    ,2,2,2,1),(-2.094395102393,0.,2.094395102393,4.188790204786,
6.28318530718,8.377580409573),.UNSPECIFIED.) CURVE() 
GEOMETRIC_REPRESENTATION_ITEM() RATIONAL_B_SPLINE_CURVE((1.,0.5,1.,0.5,
1.,0.5,1.)) REPRESENTATION_ITEM('') );
#1865 = CARTESIAN_POINT('',(-31.13401871576,33.234018715768));
#1866 = CARTESIAN_POINT('',(-31.13401871576,29.596712019873));
#1867 = CARTESIAN_POINT('',(-34.28401871576,31.41536536782));
#1868 = CARTESIAN_POINT('',(-37.43401871576,33.234018715768));
#1869 = CARTESIAN_POINT('',(-34.28401871576,35.052672063715));
#1870 = CARTESIAN_POINT('',(-31.13401871576,36.871325411662));
#1871 = CARTESIAN_POINT('',(-31.13401871576,33.234018715768));
#1872 = ( GEOMETRIC_REPRESENTATION_CONTEXT(2) 
PARAMETRIC_REPRESENTATION_CONTEXT() REPRESENTATION_CONTEXT('2D SPACE',''
  ) );
#1873 = PCURVE('',#1874,#1879);
#1874 = CYLINDRICAL_SURFACE('',#1875,2.1);
#1875 = AXIS2_PLACEMENT_3D('',#1876,#1877,#1878);
#1876 = CARTESIAN_POINT('',(-33.23401871576,33.234018715768,8.));
#1877 = DIRECTION('',(-0.,-0.,-1.));
#1878 = DIRECTION('',(1.,0.,0.));
#1879 = DEFINITIONAL_REPRESENTATION('',(#1880),#1884);
#1880 = LINE('',#1881,#1882);
#1881 = CARTESIAN_POINT('',(-6.28318530718,-6.));
#1882 = VECTOR('',#1883,1.);
#1883 = DIRECTION('',(1.,-0.));
#1884 = ( GEOMETRIC_REPRESENTATION_CONTEXT(2) 
PARAMETRIC_REPRESENTATION_CONTEXT() REPRESENTATION_CONTEXT('2D SPACE',''
  ) );
#1885 = FACE_BOUND('',#1886,.T.);
#1886 = EDGE_LOOP('',(#1887));
#1887 = ORIENTED_EDGE('',*,*,#1888,.T.);
#1888 = EDGE_CURVE('',#1889,#1889,#1891,.T.);
#1889 = VERTEX_POINT('',#1890);
#1890 = CARTESIAN_POINT('',(35.334018715768,33.234018715768,14.));
#1891 = SURFACE_CURVE('',#1892,(#1897,#1908),.PCURVE_S1.);
#1892 = CIRCLE('',#1893,2.1);
#1893 = AXIS2_PLACEMENT_3D('',#1894,#1895,#1896);
#1894 = CARTESIAN_POINT('',(33.234018715768,33.234018715768,14.));
#1895 = DIRECTION('',(0.,0.,-1.));
#1896 = DIRECTION('',(1.,0.,0.));
#1897 = PCURVE('',#95,#1898);
#1898 = DEFINITIONAL_REPRESENTATION('',(#1899),#1907);
#1899 = ( BOUNDED_CURVE() B_SPLINE_CURVE(2,(#1900,#1901,#1902,#1903,
#1904,#1905,#1906),.UNSPECIFIED.,.T.,.F.) B_SPLINE_CURVE_WITH_KNOTS((1,2
    ,2,2,2,1),(-2.094395102393,0.,2.094395102393,4.188790204786,
6.28318530718,8.377580409573),.UNSPECIFIED.) CURVE() 
GEOMETRIC_REPRESENTATION_ITEM() RATIONAL_B_SPLINE_CURVE((1.,0.5,1.,0.5,
1.,0.5,1.)) REPRESENTATION_ITEM('') );
#1900 = CARTESIAN_POINT('',(35.334018715768,33.234018715768));
#1901 = CARTESIAN_POINT('',(35.334018715768,29.596712019873));
#1902 = CARTESIAN_POINT('',(32.184018715768,31.41536536782));
#1903 = CARTESIAN_POINT('',(29.034018715768,33.234018715768));
#1904 = CARTESIAN_POINT('',(32.184018715768,35.052672063715));
#1905 = CARTESIAN_POINT('',(35.334018715768,36.871325411662));
#1906 = CARTESIAN_POINT('',(35.334018715768,33.234018715768));
#1907 = ( GEOMETRIC_REPRESENTATION_CONTEXT(2) 
PARAMETRIC_REPRESENTATION_CONTEXT() REPRESENTATION_CONTEXT('2D SPACE',''
  ) );
#1908 = PCURVE('',#1909,#1914);
#1909 = CYLINDRICAL_SURFACE('',#1910,2.1);
#1910 = AXIS2_PLACEMENT_3D('',#1911,#1912,#1913);
#1911 = CARTESIAN_POINT('',(33.234018715768,33.234018715768,8.));
#1912 = DIRECTION('',(-0.,-0.,-1.));
#1913 = DIRECTION('',(1.,0.,0.));
#1914 = DEFINITIONAL_REPRESENTATION('',(#1915),#1919);
#1915 = LINE('',#1916,#1917);
#1916 = CARTESIAN_POINT('',(-6.28318530718,-6.));
#1917 = VECTOR('',#1918,1.);
#1918 = DIRECTION('',(1.,-0.));
#1919 = ( GEOMETRIC_REPRESENTATION_CONTEXT(2) 
PARAMETRIC_REPRESENTATION_CONTEXT() REPRESENTATION_CONTEXT('2D SPACE',''
  ) );
#1920 = FACE_BOUND('',#1921,.T.);
#1921 = EDGE_LOOP('',(#1922,#1923));
#1922 = ORIENTED_EDGE('',*,*,#301,.T.);
#1923 = ORIENTED_EDGE('',*,*,#1924,.F.);
#1924 = EDGE_CURVE('',#276,#302,#1925,.T.);
#1925 = SURFACE_CURVE('',#1926,(#1931,#1938),.PCURVE_S1.);
#1926 = CIRCLE('',#1927,2.5);
#1927 = AXIS2_PLACEMENT_3D('',#1928,#1929,#1930);
#1928 = CARTESIAN_POINT('',(-47.,-18.,14.));
#1929 = DIRECTION('',(0.,0.,1.));
#1930 = DIRECTION('',(1.,0.,0.));
#1931 = PCURVE('',#95,#1932);
#1932 = DEFINITIONAL_REPRESENTATION('',(#1933),#1937);
#1933 = CIRCLE('',#1934,2.5);
#1934 = AXIS2_PLACEMENT_2D('',#1935,#1936);
#1935 = CARTESIAN_POINT('',(-47.,-18.));
#1936 = DIRECTION('',(1.,0.));
#1937 = ( GEOMETRIC_REPRESENTATION_CONTEXT(2) 
PARAMETRIC_REPRESENTATION_CONTEXT() REPRESENTATION_CONTEXT('2D SPACE',''
  ) );
#1938 = PCURVE('',#290,#1939);
#1939 = DEFINITIONAL_REPRESENTATION('',(#1940),#1944);
#1940 = LINE('',#1941,#1942);
#1941 = CARTESIAN_POINT('',(-0.,-5.));
#1942 = VECTOR('',#1943,1.);
#1943 = DIRECTION('',(-1.,0.));
#1944 = ( GEOMETRIC_REPRESENTATION_CONTEXT(2) 
PARAMETRIC_REPRESENTATION_CONTEXT() REPRESENTATION_CONTEXT('2D SPACE',''
  ) );
#1945 = ADVANCED_FACE('',(#1946),#389,.T.);
#1946 = FACE_BOUND('',#1947,.F.);
#1947 = EDGE_LOOP('',(#1948,#1949,#1973,#1992));
#1948 = ORIENTED_EDGE('',*,*,#374,.T.);
#1949 = ORIENTED_EDGE('',*,*,#1950,.F.);
#1950 = EDGE_CURVE('',#1951,#347,#1953,.T.);
#1951 = VERTEX_POINT('',#1952);
#1952 = CARTESIAN_POINT('',(-52.97913037155,-18.5,9.));
#1953 = SURFACE_CURVE('',#1954,(#1959,#1966),.PCURVE_S1.);
#1954 = CIRCLE('',#1955,6.);
#1955 = AXIS2_PLACEMENT_3D('',#1956,#1957,#1958);
#1956 = CARTESIAN_POINT('',(-47.,-18.,9.));
#1957 = DIRECTION('',(0.,0.,1.));
#1958 = DIRECTION('',(1.,0.,0.));
#1959 = PCURVE('',#389,#1960);
#1960 = DEFINITIONAL_REPRESENTATION('',(#1961),#1965);
#1961 = LINE('',#1962,#1963);
#1962 = CARTESIAN_POINT('',(-0.,0.));
#1963 = VECTOR('',#1964,1.);
#1964 = DIRECTION('',(-1.,0.));
#1965 = ( GEOMETRIC_REPRESENTATION_CONTEXT(2) 
PARAMETRIC_REPRESENTATION_CONTEXT() REPRESENTATION_CONTEXT('2D SPACE',''
  ) );
#1966 = PCURVE('',#259,#1967);
#1967 = DEFINITIONAL_REPRESENTATION('',(#1968),#1972);
#1968 = CIRCLE('',#1969,6.);
#1969 = AXIS2_PLACEMENT_2D('',#1970,#1971);
#1970 = CARTESIAN_POINT('',(7.105427357601E-15,0.));
#1971 = DIRECTION('',(1.,0.));
#1972 = ( GEOMETRIC_REPRESENTATION_CONTEXT(2) 
PARAMETRIC_REPRESENTATION_CONTEXT() REPRESENTATION_CONTEXT('2D SPACE',''
  ) );
#1973 = ORIENTED_EDGE('',*,*,#1974,.F.);
#1974 = EDGE_CURVE('',#1248,#1951,#1975,.T.);
#1975 = SURFACE_CURVE('',#1976,(#1980,#1986),.PCURVE_S1.);
#1976 = LINE('',#1977,#1978);
#1977 = CARTESIAN_POINT('',(-52.97913037155,-18.5,9.));
#1978 = VECTOR('',#1979,1.);
#1979 = DIRECTION('',(-0.,-0.,-1.));
#1980 = PCURVE('',#389,#1981);
#1981 = DEFINITIONAL_REPRESENTATION('',(#1982),#1985);
#1982 = B_SPLINE_CURVE_WITH_KNOTS('',1,(#1983,#1984),.UNSPECIFIED.,.F.,
  .F.,(2,2),(-5.0000006,5.999999999062E-07),.PIECEWISE_BEZIER_KNOTS.);
#1983 = CARTESIAN_POINT('',(-3.2250227402,-5.0000006));
#1984 = CARTESIAN_POINT('',(-3.2250227402,5.999999999062E-07));
#1985 = ( GEOMETRIC_REPRESENTATION_CONTEXT(2) 
PARAMETRIC_REPRESENTATION_CONTEXT() REPRESENTATION_CONTEXT('2D SPACE',''
  ) );
#1986 = PCURVE('',#1263,#1987);
#1987 = DEFINITIONAL_REPRESENTATION('',(#1988),#1991);
#1988 = B_SPLINE_CURVE_WITH_KNOTS('',1,(#1989,#1990),.UNSPECIFIED.,.F.,
  .F.,(2,2),(-5.0000006,5.999999999062E-07),.PIECEWISE_BEZIER_KNOTS.);
#1989 = CARTESIAN_POINT('',(8.0000006,12.520869628449));
#1990 = CARTESIAN_POINT('',(2.9999994,12.520869628449));
#1991 = ( GEOMETRIC_REPRESENTATION_CONTEXT(2) 
PARAMETRIC_REPRESENTATION_CONTEXT() REPRESENTATION_CONTEXT('2D SPACE',''
  ) );
#1992 = ORIENTED_EDGE('',*,*,#1275,.T.);
#1993 = ADVANCED_FACE('',(#1994),#259,.F.);
#1994 = FACE_BOUND('',#1995,.F.);
#1995 = EDGE_LOOP('',(#1996,#1997,#2021,#2042,#2061,#2062,#2063));
#1996 = ORIENTED_EDGE('',*,*,#242,.T.);
#1997 = ORIENTED_EDGE('',*,*,#1998,.T.);
#1998 = EDGE_CURVE('',#217,#1999,#2001,.T.);
#1999 = VERTEX_POINT('',#2000);
#2000 = CARTESIAN_POINT('',(-52.5,-15.60208423834,9.));
#2001 = SURFACE_CURVE('',#2002,(#2007,#2014),.PCURVE_S1.);
#2002 = CIRCLE('',#2003,6.);
#2003 = AXIS2_PLACEMENT_3D('',#2004,#2005,#2006);
#2004 = CARTESIAN_POINT('',(-47.,-18.,9.));
#2005 = DIRECTION('',(0.,0.,1.));
#2006 = DIRECTION('',(1.,0.,0.));
#2007 = PCURVE('',#259,#2008);
#2008 = DEFINITIONAL_REPRESENTATION('',(#2009),#2013);
#2009 = CIRCLE('',#2010,6.);
#2010 = AXIS2_PLACEMENT_2D('',#2011,#2012);
#2011 = CARTESIAN_POINT('',(7.105427357601E-15,0.));
#2012 = DIRECTION('',(1.,0.));
#2013 = ( GEOMETRIC_REPRESENTATION_CONTEXT(2) 
PARAMETRIC_REPRESENTATION_CONTEXT() REPRESENTATION_CONTEXT('2D SPACE',''
  ) );
#2014 = PCURVE('',#231,#2015);
#2015 = DEFINITIONAL_REPRESENTATION('',(#2016),#2020);
#2016 = LINE('',#2017,#2018);
#2017 = CARTESIAN_POINT('',(-0.,0.));
#2018 = VECTOR('',#2019,1.);
#2019 = DIRECTION('',(-1.,0.));
#2020 = ( GEOMETRIC_REPRESENTATION_CONTEXT(2) 
PARAMETRIC_REPRESENTATION_CONTEXT() REPRESENTATION_CONTEXT('2D SPACE',''
  ) );
#2021 = ORIENTED_EDGE('',*,*,#2022,.T.);
#2022 = EDGE_CURVE('',#1999,#2023,#2025,.T.);
#2023 = VERTEX_POINT('',#2024);
#2024 = CARTESIAN_POINT('',(-52.5,-18.5,9.));
#2025 = SURFACE_CURVE('',#2026,(#2030,#2036),.PCURVE_S1.);
#2026 = LINE('',#2027,#2028);
#2027 = CARTESIAN_POINT('',(-52.5,-18.25,9.));
#2028 = VECTOR('',#2029,1.);
#2029 = DIRECTION('',(0.,-1.,0.));
#2030 = PCURVE('',#259,#2031);
#2031 = DEFINITIONAL_REPRESENTATION('',(#2032),#2035);
#2032 = B_SPLINE_CURVE_WITH_KNOTS('',1,(#2033,#2034),.UNSPECIFIED.,.F.,
  .F.,(2,2),(-6.25,0.25),.PIECEWISE_BEZIER_KNOTS.);
#2033 = CARTESIAN_POINT('',(-5.5,6.));
#2034 = CARTESIAN_POINT('',(-5.5,-0.5));
#2035 = ( GEOMETRIC_REPRESENTATION_CONTEXT(2) 
PARAMETRIC_REPRESENTATION_CONTEXT() REPRESENTATION_CONTEXT('2D SPACE',''
  ) );
#2036 = PCURVE('',#1504,#2037);
#2037 = DEFINITIONAL_REPRESENTATION('',(#2038),#2041);
#2038 = B_SPLINE_CURVE_WITH_KNOTS('',1,(#2039,#2040),.UNSPECIFIED.,.F.,
  .F.,(2,2),(-6.25,0.25),.PIECEWISE_BEZIER_KNOTS.);
#2039 = CARTESIAN_POINT('',(3.,-6.5));
#2040 = CARTESIAN_POINT('',(3.,0.));
#2041 = ( GEOMETRIC_REPRESENTATION_CONTEXT(2) 
PARAMETRIC_REPRESENTATION_CONTEXT() REPRESENTATION_CONTEXT('2D SPACE',''
  ) );
#2042 = ORIENTED_EDGE('',*,*,#2043,.F.);
#2043 = EDGE_CURVE('',#1951,#2023,#2044,.T.);
#2044 = SURFACE_CURVE('',#2045,(#2049,#2055),.PCURVE_S1.);
#2045 = LINE('',#2046,#2047);
#2046 = CARTESIAN_POINT('',(-56.25,-18.5,9.));
#2047 = VECTOR('',#2048,1.);
#2048 = DIRECTION('',(1.,0.,0.));
#2049 = PCURVE('',#259,#2050);
#2050 = DEFINITIONAL_REPRESENTATION('',(#2051),#2054);
#2051 = B_SPLINE_CURVE_WITH_KNOTS('',1,(#2052,#2053),.UNSPECIFIED.,.F.,
  .F.,(2,2),(3.25,3.75),.PIECEWISE_BEZIER_KNOTS.);
#2052 = CARTESIAN_POINT('',(-6.,-0.5));
#2053 = CARTESIAN_POINT('',(-5.5,-0.5));
#2054 = ( GEOMETRIC_REPRESENTATION_CONTEXT(2) 
PARAMETRIC_REPRESENTATION_CONTEXT() REPRESENTATION_CONTEXT('2D SPACE',''
  ) );
#2055 = PCURVE('',#1263,#2056);
#2056 = DEFINITIONAL_REPRESENTATION('',(#2057),#2060);
#2057 = B_SPLINE_CURVE_WITH_KNOTS('',1,(#2058,#2059),.UNSPECIFIED.,.F.,
  .F.,(2,2),(3.25,3.75),.PIECEWISE_BEZIER_KNOTS.);
#2058 = CARTESIAN_POINT('',(3.,12.5));
#2059 = CARTESIAN_POINT('',(3.,13.));
#2060 = ( GEOMETRIC_REPRESENTATION_CONTEXT(2) 
PARAMETRIC_REPRESENTATION_CONTEXT() REPRESENTATION_CONTEXT('2D SPACE',''
  ) );
#2061 = ORIENTED_EDGE('',*,*,#1950,.T.);
#2062 = ORIENTED_EDGE('',*,*,#346,.T.);
#2063 = ORIENTED_EDGE('',*,*,#2064,.F.);
#2064 = EDGE_CURVE('',#243,#326,#2065,.T.);
#2065 = SURFACE_CURVE('',#2066,(#2071,#2078),.PCURVE_S1.);
#2066 = CIRCLE('',#2067,2.5);
#2067 = AXIS2_PLACEMENT_3D('',#2068,#2069,#2070);
#2068 = CARTESIAN_POINT('',(-47.,-18.,9.));
#2069 = DIRECTION('',(0.,0.,1.));
#2070 = DIRECTION('',(1.,0.,0.));
#2071 = PCURVE('',#259,#2072);
#2072 = DEFINITIONAL_REPRESENTATION('',(#2073),#2077);
#2073 = CIRCLE('',#2074,2.5);
#2074 = AXIS2_PLACEMENT_2D('',#2075,#2076);
#2075 = CARTESIAN_POINT('',(3.552713678801E-14,0.));
#2076 = DIRECTION('',(1.,0.));
#2077 = ( GEOMETRIC_REPRESENTATION_CONTEXT(2) 
PARAMETRIC_REPRESENTATION_CONTEXT() REPRESENTATION_CONTEXT('2D SPACE',''
  ) );
#2078 = PCURVE('',#290,#2079);
#2079 = DEFINITIONAL_REPRESENTATION('',(#2080),#2084);
#2080 = LINE('',#2081,#2082);
#2081 = CARTESIAN_POINT('',(-0.,0.));
#2082 = VECTOR('',#2083,1.);
#2083 = DIRECTION('',(-1.,0.));
#2084 = ( GEOMETRIC_REPRESENTATION_CONTEXT(2) 
PARAMETRIC_REPRESENTATION_CONTEXT() REPRESENTATION_CONTEXT('2D SPACE',''
  ) );
#2085 = ADVANCED_FACE('',(#2086),#290,.F.);
#2086 = FACE_BOUND('',#2087,.T.);
#2087 = EDGE_LOOP('',(#2088,#2089,#2090,#2091));
#2088 = ORIENTED_EDGE('',*,*,#2064,.F.);
#2089 = ORIENTED_EDGE('',*,*,#275,.F.);
#2090 = ORIENTED_EDGE('',*,*,#1924,.T.);
#2091 = ORIENTED_EDGE('',*,*,#325,.T.);
#2092 = ADVANCED_FACE('',(#2093),#231,.T.);
#2093 = FACE_BOUND('',#2094,.F.);
#2094 = EDGE_LOOP('',(#2095,#2096,#2097,#2098));
#2095 = ORIENTED_EDGE('',*,*,#1998,.F.);
#2096 = ORIENTED_EDGE('',*,*,#216,.F.);
#2097 = ORIENTED_EDGE('',*,*,#1464,.T.);
#2098 = ORIENTED_EDGE('',*,*,#2099,.T.);
#2099 = EDGE_CURVE('',#1465,#1999,#2100,.T.);
#2100 = SURFACE_CURVE('',#2101,(#2105,#2111),.PCURVE_S1.);
#2101 = LINE('',#2102,#2103);
#2102 = CARTESIAN_POINT('',(-52.5,-15.60208423834,9.));
#2103 = VECTOR('',#2104,1.);
#2104 = DIRECTION('',(-0.,-0.,-1.));
#2105 = PCURVE('',#231,#2106);
#2106 = DEFINITIONAL_REPRESENTATION('',(#2107),#2110);
#2107 = B_SPLINE_CURVE_WITH_KNOTS('',1,(#2108,#2109),.UNSPECIFIED.,.F.,
  .F.,(2,2),(-5.0000006,5.999999999062E-07),.PIECEWISE_BEZIER_KNOTS.);
#2108 = CARTESIAN_POINT('',(-2.730454791267,-5.0000006));
#2109 = CARTESIAN_POINT('',(-2.730454791267,5.999999999062E-07));
#2110 = ( GEOMETRIC_REPRESENTATION_CONTEXT(2) 
PARAMETRIC_REPRESENTATION_CONTEXT() REPRESENTATION_CONTEXT('2D SPACE',''
  ) );
#2111 = PCURVE('',#1504,#2112);
#2112 = DEFINITIONAL_REPRESENTATION('',(#2113),#2116);
#2113 = B_SPLINE_CURVE_WITH_KNOTS('',1,(#2114,#2115),.UNSPECIFIED.,.F.,
  .F.,(2,2),(-5.0000006,5.999999999062E-07),.PIECEWISE_BEZIER_KNOTS.);
#2114 = CARTESIAN_POINT('',(8.0000006,-2.897915761656));
#2115 = CARTESIAN_POINT('',(2.9999994,-2.897915761656));
#2116 = ( GEOMETRIC_REPRESENTATION_CONTEXT(2) 
PARAMETRIC_REPRESENTATION_CONTEXT() REPRESENTATION_CONTEXT('2D SPACE',''
  ) );
#2117 = ADVANCED_FACE('',(#2118),#181,.F.);
#2118 = FACE_BOUND('',#2119,.F.);
#2119 = EDGE_LOOP('',(#2120,#2143,#2162,#2163));
#2120 = ORIENTED_EDGE('',*,*,#2121,.F.);
#2121 = EDGE_CURVE('',#2122,#134,#2124,.T.);
#2122 = VERTEX_POINT('',#2123);
#2123 = CARTESIAN_POINT('',(-52.5,-12.,9.));
#2124 = SURFACE_CURVE('',#2125,(#2129,#2136),.PCURVE_S1.);
#2125 = LINE('',#2126,#2127);
#2126 = CARTESIAN_POINT('',(-91.,-12.,9.));
#2127 = VECTOR('',#2128,1.);
#2128 = DIRECTION('',(1.,0.,0.));
#2129 = PCURVE('',#181,#2130);
#2130 = DEFINITIONAL_REPRESENTATION('',(#2131),#2135);
#2131 = LINE('',#2132,#2133);
#2132 = CARTESIAN_POINT('',(0.,0.));
#2133 = VECTOR('',#2134,1.);
#2134 = DIRECTION('',(0.,1.));
#2135 = ( GEOMETRIC_REPRESENTATION_CONTEXT(2) 
PARAMETRIC_REPRESENTATION_CONTEXT() REPRESENTATION_CONTEXT('2D SPACE',''
  ) );
#2136 = PCURVE('',#150,#2137);
#2137 = DEFINITIONAL_REPRESENTATION('',(#2138),#2142);
#2138 = LINE('',#2139,#2140);
#2139 = CARTESIAN_POINT('',(0.,0.));
#2140 = VECTOR('',#2141,1.);
#2141 = DIRECTION('',(1.,0.));
#2142 = ( GEOMETRIC_REPRESENTATION_CONTEXT(2) 
PARAMETRIC_REPRESENTATION_CONTEXT() REPRESENTATION_CONTEXT('2D SPACE',''
  ) );
#2143 = ORIENTED_EDGE('',*,*,#2144,.F.);
#2144 = EDGE_CURVE('',#1489,#2122,#2145,.T.);
#2145 = SURFACE_CURVE('',#2146,(#2150,#2156),.PCURVE_S1.);
#2146 = LINE('',#2147,#2148);
#2147 = CARTESIAN_POINT('',(-52.5,-12.,7.5));
#2148 = VECTOR('',#2149,1.);
#2149 = DIRECTION('',(0.,0.,-1.));
#2150 = PCURVE('',#181,#2151);
#2151 = DEFINITIONAL_REPRESENTATION('',(#2152),#2155);
#2152 = B_SPLINE_CURVE_WITH_KNOTS('',1,(#2153,#2154),.UNSPECIFIED.,.F.,
  .F.,(2,2),(-6.5,-1.5),.PIECEWISE_BEZIER_KNOTS.);
#2153 = CARTESIAN_POINT('',(5.,38.5));
#2154 = CARTESIAN_POINT('',(0.,38.5));
#2155 = ( GEOMETRIC_REPRESENTATION_CONTEXT(2) 
PARAMETRIC_REPRESENTATION_CONTEXT() REPRESENTATION_CONTEXT('2D SPACE',''
  ) );
#2156 = PCURVE('',#1504,#2157);
#2157 = DEFINITIONAL_REPRESENTATION('',(#2158),#2161);
#2158 = B_SPLINE_CURVE_WITH_KNOTS('',1,(#2159,#2160),.UNSPECIFIED.,.F.,
  .F.,(2,2),(-6.5,-1.5),.PIECEWISE_BEZIER_KNOTS.);
#2159 = CARTESIAN_POINT('',(8.,-6.5));
#2160 = CARTESIAN_POINT('',(3.,-6.5));
#2161 = ( GEOMETRIC_REPRESENTATION_CONTEXT(2) 
PARAMETRIC_REPRESENTATION_CONTEXT() REPRESENTATION_CONTEXT('2D SPACE',''
  ) );
#2162 = ORIENTED_EDGE('',*,*,#1516,.T.);
#2163 = ORIENTED_EDGE('',*,*,#166,.T.);
#2164 = ADVANCED_FACE('',(#2165,#2443,#2543),#150,.F.);
#2165 = FACE_BOUND('',#2166,.F.);
#2166 = EDGE_LOOP('',(#2167,#2190,#2211,#2237,#2258,#2282,#2305,#2328,
    #2351,#2375,#2396,#2422,#2441,#2442));
#2167 = ORIENTED_EDGE('',*,*,#2168,.F.);
#2168 = EDGE_CURVE('',#2169,#108,#2171,.T.);
#2169 = VERTEX_POINT('',#2170);
#2170 = CARTESIAN_POINT('',(-52.5,12.,9.));
#2171 = SURFACE_CURVE('',#2172,(#2176,#2183),.PCURVE_S1.);
#2172 = LINE('',#2173,#2174);
#2173 = CARTESIAN_POINT('',(-91.,12.,9.));
#2174 = VECTOR('',#2175,1.);
#2175 = DIRECTION('',(1.,0.,0.));
#2176 = PCURVE('',#150,#2177);
#2177 = DEFINITIONAL_REPRESENTATION('',(#2178),#2182);
#2178 = LINE('',#2179,#2180);
#2179 = CARTESIAN_POINT('',(0.,24.));
#2180 = VECTOR('',#2181,1.);
#2181 = DIRECTION('',(1.,0.));
#2182 = ( GEOMETRIC_REPRESENTATION_CONTEXT(2) 
PARAMETRIC_REPRESENTATION_CONTEXT() REPRESENTATION_CONTEXT('2D SPACE',''
  ) );
#2183 = PCURVE('',#122,#2184);
#2184 = DEFINITIONAL_REPRESENTATION('',(#2185),#2189);
#2185 = LINE('',#2186,#2187);
#2186 = CARTESIAN_POINT('',(0.,0.));
#2187 = VECTOR('',#2188,1.);
#2188 = DIRECTION('',(0.,1.));
#2189 = ( GEOMETRIC_REPRESENTATION_CONTEXT(2) 
PARAMETRIC_REPRESENTATION_CONTEXT() REPRESENTATION_CONTEXT('2D SPACE',''
  ) );
#2190 = ORIENTED_EDGE('',*,*,#2191,.F.);
#2191 = EDGE_CURVE('',#2192,#2169,#2194,.T.);
#2192 = VERTEX_POINT('',#2193);
#2193 = CARTESIAN_POINT('',(-52.5,11.5,9.));
#2194 = SURFACE_CURVE('',#2195,(#2199,#2205),.PCURVE_S1.);
#2195 = LINE('',#2196,#2197);
#2196 = CARTESIAN_POINT('',(-52.5,-0.25,9.));
#2197 = VECTOR('',#2198,1.);
#2198 = DIRECTION('',(0.,1.,0.));
#2199 = PCURVE('',#150,#2200);
#2200 = DEFINITIONAL_REPRESENTATION('',(#2201),#2204);
#2201 = B_SPLINE_CURVE_WITH_KNOTS('',1,(#2202,#2203),.UNSPECIFIED.,.F.,
  .F.,(2,2),(11.75,15.25),.PIECEWISE_BEZIER_KNOTS.);
#2202 = CARTESIAN_POINT('',(38.5,23.5));
#2203 = CARTESIAN_POINT('',(38.5,27.));
#2204 = ( GEOMETRIC_REPRESENTATION_CONTEXT(2) 
PARAMETRIC_REPRESENTATION_CONTEXT() REPRESENTATION_CONTEXT('2D SPACE',''
  ) );
#2205 = PCURVE('',#1338,#2206);
#2206 = DEFINITIONAL_REPRESENTATION('',(#2207),#2210);
#2207 = B_SPLINE_CURVE_WITH_KNOTS('',1,(#2208,#2209),.UNSPECIFIED.,.F.,
  .F.,(2,2),(11.75,15.25),.PIECEWISE_BEZIER_KNOTS.);
#2208 = CARTESIAN_POINT('',(3.,0.));
#2209 = CARTESIAN_POINT('',(3.,-3.5));
#2210 = ( GEOMETRIC_REPRESENTATION_CONTEXT(2) 
PARAMETRIC_REPRESENTATION_CONTEXT() REPRESENTATION_CONTEXT('2D SPACE',''
  ) );
#2211 = ORIENTED_EDGE('',*,*,#2212,.T.);
#2212 = EDGE_CURVE('',#2192,#2213,#2215,.T.);
#2213 = VERTEX_POINT('',#2214);
#2214 = CARTESIAN_POINT('',(-65.5,11.5,9.));
#2215 = SURFACE_CURVE('',#2216,(#2220,#2226),.PCURVE_S1.);
#2216 = LINE('',#2217,#2218);
#2217 = CARTESIAN_POINT('',(-78.25,11.5,9.));
#2218 = VECTOR('',#2219,1.);
#2219 = DIRECTION('',(-1.,0.,0.));
#2220 = PCURVE('',#150,#2221);
#2221 = DEFINITIONAL_REPRESENTATION('',(#2222),#2225);
#2222 = B_SPLINE_CURVE_WITH_KNOTS('',1,(#2223,#2224),.UNSPECIFIED.,.F.,
  .F.,(2,2),(-25.75,-12.75),.PIECEWISE_BEZIER_KNOTS.);
#2223 = CARTESIAN_POINT('',(38.5,23.5));
#2224 = CARTESIAN_POINT('',(25.5,23.5));
#2225 = ( GEOMETRIC_REPRESENTATION_CONTEXT(2) 
PARAMETRIC_REPRESENTATION_CONTEXT() REPRESENTATION_CONTEXT('2D SPACE',''
  ) );
#2226 = PCURVE('',#2227,#2232);
#2227 = PLANE('',#2228);
#2228 = AXIS2_PLACEMENT_3D('',#2229,#2230,#2231);
#2229 = CARTESIAN_POINT('',(-65.5,11.5,6.));
#2230 = DIRECTION('',(0.,1.,0.));
#2231 = DIRECTION('',(0.,0.,1.));
#2232 = DEFINITIONAL_REPRESENTATION('',(#2233),#2236);
#2233 = B_SPLINE_CURVE_WITH_KNOTS('',1,(#2234,#2235),.UNSPECIFIED.,.F.,
  .F.,(2,2),(-25.75,-12.75),.PIECEWISE_BEZIER_KNOTS.);
#2234 = CARTESIAN_POINT('',(3.,13.));
#2235 = CARTESIAN_POINT('',(3.,0.));
#2236 = ( GEOMETRIC_REPRESENTATION_CONTEXT(2) 
PARAMETRIC_REPRESENTATION_CONTEXT() REPRESENTATION_CONTEXT('2D SPACE',''
  ) );
#2237 = ORIENTED_EDGE('',*,*,#2238,.T.);
#2238 = EDGE_CURVE('',#2213,#2239,#2241,.T.);
#2239 = VERTEX_POINT('',#2240);
#2240 = CARTESIAN_POINT('',(-65.5,13.518505834596,9.));
#2241 = SURFACE_CURVE('',#2242,(#2246,#2252),.PCURVE_S1.);
#2242 = LINE('',#2243,#2244);
#2243 = CARTESIAN_POINT('',(-65.5,-0.25,9.));
#2244 = VECTOR('',#2245,1.);
#2245 = DIRECTION('',(0.,1.,0.));
#2246 = PCURVE('',#150,#2247);
#2247 = DEFINITIONAL_REPRESENTATION('',(#2248),#2251);
#2248 = B_SPLINE_CURVE_WITH_KNOTS('',1,(#2249,#2250),.UNSPECIFIED.,.F.,
  .F.,(2,2),(11.75,15.25),.PIECEWISE_BEZIER_KNOTS.);
#2249 = CARTESIAN_POINT('',(25.5,23.5));
#2250 = CARTESIAN_POINT('',(25.5,27.));
#2251 = ( GEOMETRIC_REPRESENTATION_CONTEXT(2) 
PARAMETRIC_REPRESENTATION_CONTEXT() REPRESENTATION_CONTEXT('2D SPACE',''
  ) );
#2252 = PCURVE('',#1394,#2253);
#2253 = DEFINITIONAL_REPRESENTATION('',(#2254),#2257);
#2254 = B_SPLINE_CURVE_WITH_KNOTS('',1,(#2255,#2256),.UNSPECIFIED.,.F.,
  .F.,(2,2),(11.75,15.25),.PIECEWISE_BEZIER_KNOTS.);
#2255 = CARTESIAN_POINT('',(3.,0.));
#2256 = CARTESIAN_POINT('',(3.,-3.5));
#2257 = ( GEOMETRIC_REPRESENTATION_CONTEXT(2) 
PARAMETRIC_REPRESENTATION_CONTEXT() REPRESENTATION_CONTEXT('2D SPACE',''
  ) );
#2258 = ORIENTED_EDGE('',*,*,#2259,.T.);
#2259 = EDGE_CURVE('',#2239,#2260,#2262,.T.);
#2260 = VERTEX_POINT('',#2261);
#2261 = CARTESIAN_POINT('',(-81.,12.,9.));
#2262 = SURFACE_CURVE('',#2263,(#2268,#2275),.PCURVE_S1.);
#2263 = CIRCLE('',#2264,15.);
#2264 = AXIS2_PLACEMENT_3D('',#2265,#2266,#2267);
#2265 = CARTESIAN_POINT('',(-72.,0.,9.));
#2266 = DIRECTION('',(0.,0.,1.));
#2267 = DIRECTION('',(1.,0.,0.));
#2268 = PCURVE('',#150,#2269);
#2269 = DEFINITIONAL_REPRESENTATION('',(#2270),#2274);
#2270 = CIRCLE('',#2271,15.);
#2271 = AXIS2_PLACEMENT_2D('',#2272,#2273);
#2272 = CARTESIAN_POINT('',(19.,12.));
#2273 = DIRECTION('',(1.,0.));
#2274 = ( GEOMETRIC_REPRESENTATION_CONTEXT(2) 
PARAMETRIC_REPRESENTATION_CONTEXT() REPRESENTATION_CONTEXT('2D SPACE',''
  ) );
#2275 = PCURVE('',#1423,#2276);
#2276 = DEFINITIONAL_REPRESENTATION('',(#2277),#2281);
#2277 = LINE('',#2278,#2279);
#2278 = CARTESIAN_POINT('',(-0.,0.));
#2279 = VECTOR('',#2280,1.);
#2280 = DIRECTION('',(-1.,0.));
#2281 = ( GEOMETRIC_REPRESENTATION_CONTEXT(2) 
PARAMETRIC_REPRESENTATION_CONTEXT() REPRESENTATION_CONTEXT('2D SPACE',''
  ) );
#2282 = ORIENTED_EDGE('',*,*,#2283,.F.);
#2283 = EDGE_CURVE('',#2284,#2260,#2286,.T.);
#2284 = VERTEX_POINT('',#2285);
#2285 = CARTESIAN_POINT('',(-91.,12.,9.));
#2286 = SURFACE_CURVE('',#2287,(#2291,#2298),.PCURVE_S1.);
#2287 = LINE('',#2288,#2289);
#2288 = CARTESIAN_POINT('',(-91.,12.,9.));
#2289 = VECTOR('',#2290,1.);
#2290 = DIRECTION('',(1.,0.,0.));
#2291 = PCURVE('',#150,#2292);
#2292 = DEFINITIONAL_REPRESENTATION('',(#2293),#2297);
#2293 = LINE('',#2294,#2295);
#2294 = CARTESIAN_POINT('',(0.,24.));
#2295 = VECTOR('',#2296,1.);
#2296 = DIRECTION('',(1.,0.));
#2297 = ( GEOMETRIC_REPRESENTATION_CONTEXT(2) 
PARAMETRIC_REPRESENTATION_CONTEXT() REPRESENTATION_CONTEXT('2D SPACE',''
  ) );
#2298 = PCURVE('',#1449,#2299);
#2299 = DEFINITIONAL_REPRESENTATION('',(#2300),#2304);
#2300 = LINE('',#2301,#2302);
#2301 = CARTESIAN_POINT('',(0.,0.));
#2302 = VECTOR('',#2303,1.);
#2303 = DIRECTION('',(0.,1.));
#2304 = ( GEOMETRIC_REPRESENTATION_CONTEXT(2) 
PARAMETRIC_REPRESENTATION_CONTEXT() REPRESENTATION_CONTEXT('2D SPACE',''
  ) );
#2305 = ORIENTED_EDGE('',*,*,#2306,.F.);
#2306 = EDGE_CURVE('',#2307,#2284,#2309,.T.);
#2307 = VERTEX_POINT('',#2308);
#2308 = CARTESIAN_POINT('',(-91.,-12.,9.));
#2309 = SURFACE_CURVE('',#2310,(#2314,#2321),.PCURVE_S1.);
#2310 = LINE('',#2311,#2312);
#2311 = CARTESIAN_POINT('',(-91.,-12.,9.));
#2312 = VECTOR('',#2313,1.);
#2313 = DIRECTION('',(0.,1.,0.));
#2314 = PCURVE('',#150,#2315);
#2315 = DEFINITIONAL_REPRESENTATION('',(#2316),#2320);
#2316 = LINE('',#2317,#2318);
#2317 = CARTESIAN_POINT('',(0.,0.));
#2318 = VECTOR('',#2319,1.);
#2319 = DIRECTION('',(0.,1.));
#2320 = ( GEOMETRIC_REPRESENTATION_CONTEXT(2) 
PARAMETRIC_REPRESENTATION_CONTEXT() REPRESENTATION_CONTEXT('2D SPACE',''
  ) );
#2321 = PCURVE('',#1150,#2322);
#2322 = DEFINITIONAL_REPRESENTATION('',(#2323),#2327);
#2323 = LINE('',#2324,#2325);
#2324 = CARTESIAN_POINT('',(0.,0.));
#2325 = VECTOR('',#2326,1.);
#2326 = DIRECTION('',(0.,-1.));
#2327 = ( GEOMETRIC_REPRESENTATION_CONTEXT(2) 
PARAMETRIC_REPRESENTATION_CONTEXT() REPRESENTATION_CONTEXT('2D SPACE',''
  ) );
#2328 = ORIENTED_EDGE('',*,*,#2329,.T.);
#2329 = EDGE_CURVE('',#2307,#2330,#2332,.T.);
#2330 = VERTEX_POINT('',#2331);
#2331 = CARTESIAN_POINT('',(-81.,-12.,9.));
#2332 = SURFACE_CURVE('',#2333,(#2337,#2344),.PCURVE_S1.);
#2333 = LINE('',#2334,#2335);
#2334 = CARTESIAN_POINT('',(-91.,-12.,9.));
#2335 = VECTOR('',#2336,1.);
#2336 = DIRECTION('',(1.,0.,0.));
#2337 = PCURVE('',#150,#2338);
#2338 = DEFINITIONAL_REPRESENTATION('',(#2339),#2343);
#2339 = LINE('',#2340,#2341);
#2340 = CARTESIAN_POINT('',(0.,0.));
#2341 = VECTOR('',#2342,1.);
#2342 = DIRECTION('',(1.,0.));
#2343 = ( GEOMETRIC_REPRESENTATION_CONTEXT(2) 
PARAMETRIC_REPRESENTATION_CONTEXT() REPRESENTATION_CONTEXT('2D SPACE',''
  ) );
#2344 = PCURVE('',#1178,#2345);
#2345 = DEFINITIONAL_REPRESENTATION('',(#2346),#2350);
#2346 = LINE('',#2347,#2348);
#2347 = CARTESIAN_POINT('',(0.,0.));
#2348 = VECTOR('',#2349,1.);
#2349 = DIRECTION('',(0.,1.));
#2350 = ( GEOMETRIC_REPRESENTATION_CONTEXT(2) 
PARAMETRIC_REPRESENTATION_CONTEXT() REPRESENTATION_CONTEXT('2D SPACE',''
  ) );
#2351 = ORIENTED_EDGE('',*,*,#2352,.T.);
#2352 = EDGE_CURVE('',#2330,#2353,#2355,.T.);
#2353 = VERTEX_POINT('',#2354);
#2354 = CARTESIAN_POINT('',(-65.5,-13.51850583459,9.));
#2355 = SURFACE_CURVE('',#2356,(#2361,#2368),.PCURVE_S1.);
#2356 = CIRCLE('',#2357,15.);
#2357 = AXIS2_PLACEMENT_3D('',#2358,#2359,#2360);
#2358 = CARTESIAN_POINT('',(-72.,0.,9.));
#2359 = DIRECTION('',(0.,0.,1.));
#2360 = DIRECTION('',(1.,0.,0.));
#2361 = PCURVE('',#150,#2362);
#2362 = DEFINITIONAL_REPRESENTATION('',(#2363),#2367);
#2363 = CIRCLE('',#2364,15.);
#2364 = AXIS2_PLACEMENT_2D('',#2365,#2366);
#2365 = CARTESIAN_POINT('',(19.,12.));
#2366 = DIRECTION('',(1.,0.));
#2367 = ( GEOMETRIC_REPRESENTATION_CONTEXT(2) 
PARAMETRIC_REPRESENTATION_CONTEXT() REPRESENTATION_CONTEXT('2D SPACE',''
  ) );
#2368 = PCURVE('',#1207,#2369);
#2369 = DEFINITIONAL_REPRESENTATION('',(#2370),#2374);
#2370 = LINE('',#2371,#2372);
#2371 = CARTESIAN_POINT('',(-0.,0.));
#2372 = VECTOR('',#2373,1.);
#2373 = DIRECTION('',(-1.,0.));
#2374 = ( GEOMETRIC_REPRESENTATION_CONTEXT(2) 
PARAMETRIC_REPRESENTATION_CONTEXT() REPRESENTATION_CONTEXT('2D SPACE',''
  ) );
#2375 = ORIENTED_EDGE('',*,*,#2376,.T.);
#2376 = EDGE_CURVE('',#2353,#2377,#2379,.T.);
#2377 = VERTEX_POINT('',#2378);
#2378 = CARTESIAN_POINT('',(-65.5,-11.5,9.));
#2379 = SURFACE_CURVE('',#2380,(#2384,#2390),.PCURVE_S1.);
#2380 = LINE('',#2381,#2382);
#2381 = CARTESIAN_POINT('',(-65.5,-15.25,9.));
#2382 = VECTOR('',#2383,1.);
#2383 = DIRECTION('',(0.,1.,0.));
#2384 = PCURVE('',#150,#2385);
#2385 = DEFINITIONAL_REPRESENTATION('',(#2386),#2389);
#2386 = B_SPLINE_CURVE_WITH_KNOTS('',1,(#2387,#2388),.UNSPECIFIED.,.F.,
  .F.,(2,2),(0.25,3.75),.PIECEWISE_BEZIER_KNOTS.);
#2387 = CARTESIAN_POINT('',(25.5,-3.));
#2388 = CARTESIAN_POINT('',(25.5,0.5));
#2389 = ( GEOMETRIC_REPRESENTATION_CONTEXT(2) 
PARAMETRIC_REPRESENTATION_CONTEXT() REPRESENTATION_CONTEXT('2D SPACE',''
  ) );
#2390 = PCURVE('',#1235,#2391);
#2391 = DEFINITIONAL_REPRESENTATION('',(#2392),#2395);
#2392 = B_SPLINE_CURVE_WITH_KNOTS('',1,(#2393,#2394),.UNSPECIFIED.,.F.,
  .F.,(2,2),(0.25,3.75),.PIECEWISE_BEZIER_KNOTS.);
#2393 = CARTESIAN_POINT('',(3.,-3.5));
#2394 = CARTESIAN_POINT('',(3.,-7.));
#2395 = ( GEOMETRIC_REPRESENTATION_CONTEXT(2) 
PARAMETRIC_REPRESENTATION_CONTEXT() REPRESENTATION_CONTEXT('2D SPACE',''
  ) );
#2396 = ORIENTED_EDGE('',*,*,#2397,.F.);
#2397 = EDGE_CURVE('',#2398,#2377,#2400,.T.);
#2398 = VERTEX_POINT('',#2399);
#2399 = CARTESIAN_POINT('',(-52.5,-11.5,9.));
#2400 = SURFACE_CURVE('',#2401,(#2405,#2411),.PCURVE_S1.);
#2401 = LINE('',#2402,#2403);
#2402 = CARTESIAN_POINT('',(-78.25,-11.5,9.));
#2403 = VECTOR('',#2404,1.);
#2404 = DIRECTION('',(-1.,0.,0.));
#2405 = PCURVE('',#150,#2406);
#2406 = DEFINITIONAL_REPRESENTATION('',(#2407),#2410);
#2407 = B_SPLINE_CURVE_WITH_KNOTS('',1,(#2408,#2409),.UNSPECIFIED.,.F.,
  .F.,(2,2),(-25.75,-12.75),.PIECEWISE_BEZIER_KNOTS.);
#2408 = CARTESIAN_POINT('',(38.5,0.5));
#2409 = CARTESIAN_POINT('',(25.5,0.5));
#2410 = ( GEOMETRIC_REPRESENTATION_CONTEXT(2) 
PARAMETRIC_REPRESENTATION_CONTEXT() REPRESENTATION_CONTEXT('2D SPACE',''
  ) );
#2411 = PCURVE('',#2412,#2417);
#2412 = PLANE('',#2413);
#2413 = AXIS2_PLACEMENT_3D('',#2414,#2415,#2416);
#2414 = CARTESIAN_POINT('',(-65.5,-11.5,6.));
#2415 = DIRECTION('',(0.,1.,0.));
#2416 = DIRECTION('',(0.,0.,1.));
#2417 = DEFINITIONAL_REPRESENTATION('',(#2418),#2421);
#2418 = B_SPLINE_CURVE_WITH_KNOTS('',1,(#2419,#2420),.UNSPECIFIED.,.F.,
  .F.,(2,2),(-25.75,-12.75),.PIECEWISE_BEZIER_KNOTS.);
#2419 = CARTESIAN_POINT('',(3.,13.));
#2420 = CARTESIAN_POINT('',(3.,0.));
#2421 = ( GEOMETRIC_REPRESENTATION_CONTEXT(2) 
PARAMETRIC_REPRESENTATION_CONTEXT() REPRESENTATION_CONTEXT('2D SPACE',''
  ) );
#2422 = ORIENTED_EDGE('',*,*,#2423,.F.);
#2423 = EDGE_CURVE('',#2122,#2398,#2424,.T.);
#2424 = SURFACE_CURVE('',#2425,(#2429,#2435),.PCURVE_S1.);
#2425 = LINE('',#2426,#2427);
#2426 = CARTESIAN_POINT('',(-52.5,-15.25,9.));
#2427 = VECTOR('',#2428,1.);
#2428 = DIRECTION('',(0.,1.,0.));
#2429 = PCURVE('',#150,#2430);
#2430 = DEFINITIONAL_REPRESENTATION('',(#2431),#2434);
#2431 = B_SPLINE_CURVE_WITH_KNOTS('',1,(#2432,#2433),.UNSPECIFIED.,.F.,
  .F.,(2,2),(0.25,3.75),.PIECEWISE_BEZIER_KNOTS.);
#2432 = CARTESIAN_POINT('',(38.5,-3.));
#2433 = CARTESIAN_POINT('',(38.5,0.5));
#2434 = ( GEOMETRIC_REPRESENTATION_CONTEXT(2) 
PARAMETRIC_REPRESENTATION_CONTEXT() REPRESENTATION_CONTEXT('2D SPACE',''
  ) );
#2435 = PCURVE('',#1504,#2436);
#2436 = DEFINITIONAL_REPRESENTATION('',(#2437),#2440);
#2437 = B_SPLINE_CURVE_WITH_KNOTS('',1,(#2438,#2439),.UNSPECIFIED.,.F.,
  .F.,(2,2),(0.25,3.75),.PIECEWISE_BEZIER_KNOTS.);
#2438 = CARTESIAN_POINT('',(3.,-3.5));
#2439 = CARTESIAN_POINT('',(3.,-7.));
#2440 = ( GEOMETRIC_REPRESENTATION_CONTEXT(2) 
PARAMETRIC_REPRESENTATION_CONTEXT() REPRESENTATION_CONTEXT('2D SPACE',''
  ) );
#2441 = ORIENTED_EDGE('',*,*,#2121,.T.);
#2442 = ORIENTED_EDGE('',*,*,#133,.T.);
#2443 = FACE_BOUND('',#2444,.F.);
#2444 = EDGE_LOOP('',(#2445,#2468,#2496,#2517));
#2445 = ORIENTED_EDGE('',*,*,#2446,.F.);
#2446 = EDGE_CURVE('',#2447,#2449,#2451,.T.);
#2447 = VERTEX_POINT('',#2448);
#2448 = CARTESIAN_POINT('',(-67.7,-5.3,9.));
#2449 = VERTEX_POINT('',#2450);
#2450 = CARTESIAN_POINT('',(-76.3,-5.3,9.));
#2451 = SURFACE_CURVE('',#2452,(#2456,#2462),.PCURVE_S1.);
#2452 = LINE('',#2453,#2454);
#2453 = CARTESIAN_POINT('',(-83.65,-5.3,9.));
#2454 = VECTOR('',#2455,1.);
#2455 = DIRECTION('',(-1.,0.,0.));
#2456 = PCURVE('',#150,#2457);
#2457 = DEFINITIONAL_REPRESENTATION('',(#2458),#2461);
#2458 = B_SPLINE_CURVE_WITH_KNOTS('',1,(#2459,#2460),.UNSPECIFIED.,.F.,
  .F.,(2,2),(-15.95,-7.35),.PIECEWISE_BEZIER_KNOTS.);
#2459 = CARTESIAN_POINT('',(23.3,6.7));
#2460 = CARTESIAN_POINT('',(14.7,6.7));
#2461 = ( GEOMETRIC_REPRESENTATION_CONTEXT(2) 
PARAMETRIC_REPRESENTATION_CONTEXT() REPRESENTATION_CONTEXT('2D SPACE',''
  ) );
#2462 = PCURVE('',#1592,#2463);
#2463 = DEFINITIONAL_REPRESENTATION('',(#2464),#2467);
#2464 = B_SPLINE_CURVE_WITH_KNOTS('',1,(#2465,#2466),.UNSPECIFIED.,.F.,
  .F.,(2,2),(-15.95,-7.35),.PIECEWISE_BEZIER_KNOTS.);
#2465 = CARTESIAN_POINT('',(8.6,-1.));
#2466 = CARTESIAN_POINT('',(0.,-1.));
#2467 = ( GEOMETRIC_REPRESENTATION_CONTEXT(2) 
PARAMETRIC_REPRESENTATION_CONTEXT() REPRESENTATION_CONTEXT('2D SPACE',''
  ) );
#2468 = ORIENTED_EDGE('',*,*,#2469,.T.);
#2469 = EDGE_CURVE('',#2447,#2470,#2472,.T.);
#2470 = VERTEX_POINT('',#2471);
#2471 = CARTESIAN_POINT('',(-67.7,-8.7,9.));
#2472 = SURFACE_CURVE('',#2473,(#2478,#2489),.PCURVE_S1.);
#2473 = CIRCLE('',#2474,1.7);
#2474 = AXIS2_PLACEMENT_3D('',#2475,#2476,#2477);
#2475 = CARTESIAN_POINT('',(-67.7,-7.,9.));
#2476 = DIRECTION('',(0.,0.,-1.));
#2477 = DIRECTION('',(-5.224578939413E-16,1.,0.));
#2478 = PCURVE('',#150,#2479);
#2479 = DEFINITIONAL_REPRESENTATION('',(#2480),#2488);
#2480 = ( BOUNDED_CURVE() B_SPLINE_CURVE(2,(#2481,#2482,#2483,#2484,
#2485,#2486,#2487),.UNSPECIFIED.,.T.,.F.) B_SPLINE_CURVE_WITH_KNOTS((1,2
    ,2,2,2,1),(-2.094395102393,0.,2.094395102393,4.188790204786,
6.28318530718,8.377580409573),.UNSPECIFIED.) CURVE() 
GEOMETRIC_REPRESENTATION_ITEM() RATIONAL_B_SPLINE_CURVE((1.,0.5,1.,0.5,
1.,0.5,1.)) REPRESENTATION_ITEM('') );
#2481 = CARTESIAN_POINT('',(23.3,6.7));
#2482 = CARTESIAN_POINT('',(26.244486372867,6.7));
#2483 = CARTESIAN_POINT('',(24.772243186434,4.15));
#2484 = CARTESIAN_POINT('',(23.3,1.6));
#2485 = CARTESIAN_POINT('',(21.827756813566,4.15));
#2486 = CARTESIAN_POINT('',(20.355513627133,6.7));
#2487 = CARTESIAN_POINT('',(23.3,6.7));
#2488 = ( GEOMETRIC_REPRESENTATION_CONTEXT(2) 
PARAMETRIC_REPRESENTATION_CONTEXT() REPRESENTATION_CONTEXT('2D SPACE',''
  ) );
#2489 = PCURVE('',#1624,#2490);
#2490 = DEFINITIONAL_REPRESENTATION('',(#2491),#2495);
#2491 = LINE('',#2492,#2493);
#2492 = CARTESIAN_POINT('',(0.,-1.));
#2493 = VECTOR('',#2494,1.);
#2494 = DIRECTION('',(1.,0.));
#2495 = ( GEOMETRIC_REPRESENTATION_CONTEXT(2) 
PARAMETRIC_REPRESENTATION_CONTEXT() REPRESENTATION_CONTEXT('2D SPACE',''
  ) );
#2496 = ORIENTED_EDGE('',*,*,#2497,.F.);
#2497 = EDGE_CURVE('',#2498,#2470,#2500,.T.);
#2498 = VERTEX_POINT('',#2499);
#2499 = CARTESIAN_POINT('',(-76.3,-8.7,9.));
#2500 = SURFACE_CURVE('',#2501,(#2505,#2511),.PCURVE_S1.);
#2501 = LINE('',#2502,#2503);
#2502 = CARTESIAN_POINT('',(-79.35,-8.7,9.));
#2503 = VECTOR('',#2504,1.);
#2504 = DIRECTION('',(1.,0.,-0.));
#2505 = PCURVE('',#150,#2506);
#2506 = DEFINITIONAL_REPRESENTATION('',(#2507),#2510);
#2507 = B_SPLINE_CURVE_WITH_KNOTS('',1,(#2508,#2509),.UNSPECIFIED.,.F.,
  .F.,(2,2),(3.05,11.65),.PIECEWISE_BEZIER_KNOTS.);
#2508 = CARTESIAN_POINT('',(14.7,3.3));
#2509 = CARTESIAN_POINT('',(23.3,3.3));
#2510 = ( GEOMETRIC_REPRESENTATION_CONTEXT(2) 
PARAMETRIC_REPRESENTATION_CONTEXT() REPRESENTATION_CONTEXT('2D SPACE',''
  ) );
#2511 = PCURVE('',#1652,#2512);
#2512 = DEFINITIONAL_REPRESENTATION('',(#2513),#2516);
#2513 = B_SPLINE_CURVE_WITH_KNOTS('',1,(#2514,#2515),.UNSPECIFIED.,.F.,
  .F.,(2,2),(3.05,11.65),.PIECEWISE_BEZIER_KNOTS.);
#2514 = CARTESIAN_POINT('',(8.6,-1.));
#2515 = CARTESIAN_POINT('',(0.,-1.));
#2516 = ( GEOMETRIC_REPRESENTATION_CONTEXT(2) 
PARAMETRIC_REPRESENTATION_CONTEXT() REPRESENTATION_CONTEXT('2D SPACE',''
  ) );
#2517 = ORIENTED_EDGE('',*,*,#2518,.T.);
#2518 = EDGE_CURVE('',#2498,#2449,#2519,.T.);
#2519 = SURFACE_CURVE('',#2520,(#2525,#2536),.PCURVE_S1.);
#2520 = CIRCLE('',#2521,1.7);
#2521 = AXIS2_PLACEMENT_3D('',#2522,#2523,#2524);
#2522 = CARTESIAN_POINT('',(-76.3,-7.,9.));
#2523 = DIRECTION('',(0.,-0.,-1.));
#2524 = DIRECTION('',(5.224578939413E-16,-1.,0.));
#2525 = PCURVE('',#150,#2526);
#2526 = DEFINITIONAL_REPRESENTATION('',(#2527),#2535);
#2527 = ( BOUNDED_CURVE() B_SPLINE_CURVE(2,(#2528,#2529,#2530,#2531,
#2532,#2533,#2534),.UNSPECIFIED.,.T.,.F.) B_SPLINE_CURVE_WITH_KNOTS((1,2
    ,2,2,2,1),(-2.094395102393,0.,2.094395102393,4.188790204786,
6.28318530718,8.377580409573),.UNSPECIFIED.) CURVE() 
GEOMETRIC_REPRESENTATION_ITEM() RATIONAL_B_SPLINE_CURVE((1.,0.5,1.,0.5,
1.,0.5,1.)) REPRESENTATION_ITEM('') );
#2528 = CARTESIAN_POINT('',(14.7,3.3));
#2529 = CARTESIAN_POINT('',(11.755513627133,3.3));
#2530 = CARTESIAN_POINT('',(13.227756813566,5.85));
#2531 = CARTESIAN_POINT('',(14.7,8.4));
#2532 = CARTESIAN_POINT('',(16.172243186434,5.85));
#2533 = CARTESIAN_POINT('',(17.644486372867,3.3));
#2534 = CARTESIAN_POINT('',(14.7,3.3));
#2535 = ( GEOMETRIC_REPRESENTATION_CONTEXT(2) 
PARAMETRIC_REPRESENTATION_CONTEXT() REPRESENTATION_CONTEXT('2D SPACE',''
  ) );
#2536 = PCURVE('',#1682,#2537);
#2537 = DEFINITIONAL_REPRESENTATION('',(#2538),#2542);
#2538 = LINE('',#2539,#2540);
#2539 = CARTESIAN_POINT('',(0.,-1.));
#2540 = VECTOR('',#2541,1.);
#2541 = DIRECTION('',(1.,0.));
#2542 = ( GEOMETRIC_REPRESENTATION_CONTEXT(2) 
PARAMETRIC_REPRESENTATION_CONTEXT() REPRESENTATION_CONTEXT('2D SPACE',''
  ) );
#2543 = FACE_BOUND('',#2544,.F.);
#2544 = EDGE_LOOP('',(#2545,#2568,#2596,#2617));
#2545 = ORIENTED_EDGE('',*,*,#2546,.F.);
#2546 = EDGE_CURVE('',#2547,#2549,#2551,.T.);
#2547 = VERTEX_POINT('',#2548);
#2548 = CARTESIAN_POINT('',(-67.7,8.7,9.));
#2549 = VERTEX_POINT('',#2550);
#2550 = CARTESIAN_POINT('',(-76.3,8.7,9.));
#2551 = SURFACE_CURVE('',#2552,(#2556,#2562),.PCURVE_S1.);
#2552 = LINE('',#2553,#2554);
#2553 = CARTESIAN_POINT('',(-83.65,8.7,9.));
#2554 = VECTOR('',#2555,1.);
#2555 = DIRECTION('',(-1.,0.,0.));
#2556 = PCURVE('',#150,#2557);
#2557 = DEFINITIONAL_REPRESENTATION('',(#2558),#2561);
#2558 = B_SPLINE_CURVE_WITH_KNOTS('',1,(#2559,#2560),.UNSPECIFIED.,.F.,
  .F.,(2,2),(-15.95,-7.35),.PIECEWISE_BEZIER_KNOTS.);
#2559 = CARTESIAN_POINT('',(23.3,20.7));
#2560 = CARTESIAN_POINT('',(14.7,20.7));
#2561 = ( GEOMETRIC_REPRESENTATION_CONTEXT(2) 
PARAMETRIC_REPRESENTATION_CONTEXT() REPRESENTATION_CONTEXT('2D SPACE',''
  ) );
#2562 = PCURVE('',#1749,#2563);
#2563 = DEFINITIONAL_REPRESENTATION('',(#2564),#2567);
#2564 = B_SPLINE_CURVE_WITH_KNOTS('',1,(#2565,#2566),.UNSPECIFIED.,.F.,
  .F.,(2,2),(-15.95,-7.35),.PIECEWISE_BEZIER_KNOTS.);
#2565 = CARTESIAN_POINT('',(8.6,-1.));
#2566 = CARTESIAN_POINT('',(0.,-1.));
#2567 = ( GEOMETRIC_REPRESENTATION_CONTEXT(2) 
PARAMETRIC_REPRESENTATION_CONTEXT() REPRESENTATION_CONTEXT('2D SPACE',''
  ) );
#2568 = ORIENTED_EDGE('',*,*,#2569,.T.);
#2569 = EDGE_CURVE('',#2547,#2570,#2572,.T.);
#2570 = VERTEX_POINT('',#2571);
#2571 = CARTESIAN_POINT('',(-67.7,5.3,9.));
#2572 = SURFACE_CURVE('',#2573,(#2578,#2589),.PCURVE_S1.);
#2573 = CIRCLE('',#2574,1.7);
#2574 = AXIS2_PLACEMENT_3D('',#2575,#2576,#2577);
#2575 = CARTESIAN_POINT('',(-67.7,7.,9.));
#2576 = DIRECTION('',(0.,0.,-1.));
#2577 = DIRECTION('',(-5.224578939413E-16,1.,0.));
#2578 = PCURVE('',#150,#2579);
#2579 = DEFINITIONAL_REPRESENTATION('',(#2580),#2588);
#2580 = ( BOUNDED_CURVE() B_SPLINE_CURVE(2,(#2581,#2582,#2583,#2584,
#2585,#2586,#2587),.UNSPECIFIED.,.T.,.F.) B_SPLINE_CURVE_WITH_KNOTS((1,2
    ,2,2,2,1),(-2.094395102393,0.,2.094395102393,4.188790204786,
6.28318530718,8.377580409573),.UNSPECIFIED.) CURVE() 
GEOMETRIC_REPRESENTATION_ITEM() RATIONAL_B_SPLINE_CURVE((1.,0.5,1.,0.5,
1.,0.5,1.)) REPRESENTATION_ITEM('') );
#2581 = CARTESIAN_POINT('',(23.3,20.7));
#2582 = CARTESIAN_POINT('',(26.244486372867,20.7));
#2583 = CARTESIAN_POINT('',(24.772243186434,18.15));
#2584 = CARTESIAN_POINT('',(23.3,15.6));
#2585 = CARTESIAN_POINT('',(21.827756813566,18.15));
#2586 = CARTESIAN_POINT('',(20.355513627133,20.7));
#2587 = CARTESIAN_POINT('',(23.3,20.7));
#2588 = ( GEOMETRIC_REPRESENTATION_CONTEXT(2) 
PARAMETRIC_REPRESENTATION_CONTEXT() REPRESENTATION_CONTEXT('2D SPACE',''
  ) );
#2589 = PCURVE('',#1781,#2590);
#2590 = DEFINITIONAL_REPRESENTATION('',(#2591),#2595);
#2591 = LINE('',#2592,#2593);
#2592 = CARTESIAN_POINT('',(0.,-1.));
#2593 = VECTOR('',#2594,1.);
#2594 = DIRECTION('',(1.,0.));
#2595 = ( GEOMETRIC_REPRESENTATION_CONTEXT(2) 
PARAMETRIC_REPRESENTATION_CONTEXT() REPRESENTATION_CONTEXT('2D SPACE',''
  ) );
#2596 = ORIENTED_EDGE('',*,*,#2597,.F.);
#2597 = EDGE_CURVE('',#2598,#2570,#2600,.T.);
#2598 = VERTEX_POINT('',#2599);
#2599 = CARTESIAN_POINT('',(-76.3,5.3,9.));
#2600 = SURFACE_CURVE('',#2601,(#2605,#2611),.PCURVE_S1.);
#2601 = LINE('',#2602,#2603);
#2602 = CARTESIAN_POINT('',(-79.35,5.3,9.));
#2603 = VECTOR('',#2604,1.);
#2604 = DIRECTION('',(1.,0.,-0.));
#2605 = PCURVE('',#150,#2606);
#2606 = DEFINITIONAL_REPRESENTATION('',(#2607),#2610);
#2607 = B_SPLINE_CURVE_WITH_KNOTS('',1,(#2608,#2609),.UNSPECIFIED.,.F.,
  .F.,(2,2),(3.05,11.65),.PIECEWISE_BEZIER_KNOTS.);
#2608 = CARTESIAN_POINT('',(14.7,17.3));
#2609 = CARTESIAN_POINT('',(23.3,17.3));
#2610 = ( GEOMETRIC_REPRESENTATION_CONTEXT(2) 
PARAMETRIC_REPRESENTATION_CONTEXT() REPRESENTATION_CONTEXT('2D SPACE',''
  ) );
#2611 = PCURVE('',#1809,#2612);
#2612 = DEFINITIONAL_REPRESENTATION('',(#2613),#2616);
#2613 = B_SPLINE_CURVE_WITH_KNOTS('',1,(#2614,#2615),.UNSPECIFIED.,.F.,
  .F.,(2,2),(3.05,11.65),.PIECEWISE_BEZIER_KNOTS.);
#2614 = CARTESIAN_POINT('',(8.6,-1.));
#2615 = CARTESIAN_POINT('',(0.,-1.));
#2616 = ( GEOMETRIC_REPRESENTATION_CONTEXT(2) 
PARAMETRIC_REPRESENTATION_CONTEXT() REPRESENTATION_CONTEXT('2D SPACE',''
  ) );
#2617 = ORIENTED_EDGE('',*,*,#2618,.T.);
#2618 = EDGE_CURVE('',#2598,#2549,#2619,.T.);
#2619 = SURFACE_CURVE('',#2620,(#2625,#2636),.PCURVE_S1.);
#2620 = CIRCLE('',#2621,1.7);
#2621 = AXIS2_PLACEMENT_3D('',#2622,#2623,#2624);
#2622 = CARTESIAN_POINT('',(-76.3,7.,9.));
#2623 = DIRECTION('',(0.,-0.,-1.));
#2624 = DIRECTION('',(5.224578939413E-16,-1.,0.));
#2625 = PCURVE('',#150,#2626);
#2626 = DEFINITIONAL_REPRESENTATION('',(#2627),#2635);
#2627 = ( BOUNDED_CURVE() B_SPLINE_CURVE(2,(#2628,#2629,#2630,#2631,
#2632,#2633,#2634),.UNSPECIFIED.,.T.,.F.) B_SPLINE_CURVE_WITH_KNOTS((1,2
    ,2,2,2,1),(-2.094395102393,0.,2.094395102393,4.188790204786,
6.28318530718,8.377580409573),.UNSPECIFIED.) CURVE() 
GEOMETRIC_REPRESENTATION_ITEM() RATIONAL_B_SPLINE_CURVE((1.,0.5,1.,0.5,
1.,0.5,1.)) REPRESENTATION_ITEM('') );
#2628 = CARTESIAN_POINT('',(14.7,17.3));
#2629 = CARTESIAN_POINT('',(11.755513627133,17.3));
#2630 = CARTESIAN_POINT('',(13.227756813566,19.85));
#2631 = CARTESIAN_POINT('',(14.7,22.4));
#2632 = CARTESIAN_POINT('',(16.172243186434,19.85));
#2633 = CARTESIAN_POINT('',(17.644486372867,17.3));
#2634 = CARTESIAN_POINT('',(14.7,17.3));
#2635 = ( GEOMETRIC_REPRESENTATION_CONTEXT(2) 
PARAMETRIC_REPRESENTATION_CONTEXT() REPRESENTATION_CONTEXT('2D SPACE',''
  ) );
#2636 = PCURVE('',#1839,#2637);
#2637 = DEFINITIONAL_REPRESENTATION('',(#2638),#2642);
#2638 = LINE('',#2639,#2640);
#2639 = CARTESIAN_POINT('',(0.,-1.));
#2640 = VECTOR('',#2641,1.);
#2641 = DIRECTION('',(1.,0.));
#2642 = ( GEOMETRIC_REPRESENTATION_CONTEXT(2) 
PARAMETRIC_REPRESENTATION_CONTEXT() REPRESENTATION_CONTEXT('2D SPACE',''
  ) );
#2643 = ADVANCED_FACE('',(#2644),#122,.T.);
#2644 = FACE_BOUND('',#2645,.T.);
#2645 = EDGE_LOOP('',(#2646,#2647,#2666,#2667));
#2646 = ORIENTED_EDGE('',*,*,#2168,.F.);
#2647 = ORIENTED_EDGE('',*,*,#2648,.F.);
#2648 = EDGE_CURVE('',#1300,#2169,#2649,.T.);
#2649 = SURFACE_CURVE('',#2650,(#2654,#2660),.PCURVE_S1.);
#2650 = LINE('',#2651,#2652);
#2651 = CARTESIAN_POINT('',(-52.5,12.,7.5));
#2652 = VECTOR('',#2653,1.);
#2653 = DIRECTION('',(0.,0.,-1.));
#2654 = PCURVE('',#122,#2655);
#2655 = DEFINITIONAL_REPRESENTATION('',(#2656),#2659);
#2656 = B_SPLINE_CURVE_WITH_KNOTS('',1,(#2657,#2658),.UNSPECIFIED.,.F.,
  .F.,(2,2),(-6.5,-1.5),.PIECEWISE_BEZIER_KNOTS.);
#2657 = CARTESIAN_POINT('',(5.,38.5));
#2658 = CARTESIAN_POINT('',(0.,38.5));
#2659 = ( GEOMETRIC_REPRESENTATION_CONTEXT(2) 
PARAMETRIC_REPRESENTATION_CONTEXT() REPRESENTATION_CONTEXT('2D SPACE',''
  ) );
#2660 = PCURVE('',#1338,#2661);
#2661 = DEFINITIONAL_REPRESENTATION('',(#2662),#2665);
#2662 = B_SPLINE_CURVE_WITH_KNOTS('',1,(#2663,#2664),.UNSPECIFIED.,.F.,
  .F.,(2,2),(-6.5,-1.5),.PIECEWISE_BEZIER_KNOTS.);
#2663 = CARTESIAN_POINT('',(8.,-0.5));
#2664 = CARTESIAN_POINT('',(3.,-0.5));
#2665 = ( GEOMETRIC_REPRESENTATION_CONTEXT(2) 
PARAMETRIC_REPRESENTATION_CONTEXT() REPRESENTATION_CONTEXT('2D SPACE',''
  ) );
#2666 = ORIENTED_EDGE('',*,*,#1299,.T.);
#2667 = ORIENTED_EDGE('',*,*,#107,.T.);
#2668 = ADVANCED_FACE('',(#2669),#655,.F.);
#2669 = FACE_BOUND('',#2670,.T.);
#2670 = EDGE_LOOP('',(#2671,#2824,#2845,#2846,#2847,#3014,#3037,#3063));
#2671 = ORIENTED_EDGE('',*,*,#2672,.F.);
#2672 = EDGE_CURVE('',#2673,#2675,#2677,.T.);
#2673 = VERTEX_POINT('',#2674);
#2674 = CARTESIAN_POINT('',(-37.5,-17.06429019912,7.));
#2675 = VERTEX_POINT('',#2676);
#2676 = CARTESIAN_POINT('',(-39.41370320079,-12.,9.43027900934));
#2677 = SURFACE_CURVE('',#2678,(#2723,#2771),.PCURVE_S1.);
#2678 = B_SPLINE_CURVE_WITH_KNOTS('',7,(#2679,#2680,#2681,#2682,#2683,
    #2684,#2685,#2686,#2687,#2688,#2689,#2690,#2691,#2692,#2693,#2694,
    #2695,#2696,#2697,#2698,#2699,#2700,#2701,#2702,#2703,#2704,#2705,
    #2706,#2707,#2708,#2709,#2710,#2711,#2712,#2713,#2714,#2715,#2716,
    #2717,#2718,#2719,#2720,#2721,#2722),.UNSPECIFIED.,.F.,.F.,(8,6,6,6,
    6,6,6,8),(0.,3.597292776915E-02,6.304118538902E-02,0.113756993256,
    0.180673967622,0.387971258667,0.700691113965,1.),.UNSPECIFIED.);
#2679 = CARTESIAN_POINT('',(-37.5,-17.06429019912,7.));
#2680 = CARTESIAN_POINT('',(-37.5,-17.06429019912,7.090009750847));
#2681 = CARTESIAN_POINT('',(-37.50378052821,-17.05598131879,7.1796537633
    ));
#2682 = CARTESIAN_POINT('',(-37.5112873118,-17.03948638575,
    7.268266254787));
#2683 = CARTESIAN_POINT('',(-37.52233265658,-17.01518241084,
    7.355192685691));
#2684 = CARTESIAN_POINT('',(-37.53660286611,-16.98370055461,
    7.439797199317));
#2685 = CARTESIAN_POINT('',(-37.55366566082,-16.94592609372,
    7.521470061843));
#2686 = CARTESIAN_POINT('',(-37.58750909341,-16.870696924,7.658451317226
    ));
#2687 = CARTESIAN_POINT('',(-37.60336175366,-16.83537217187,
    7.715473632691));
#2688 = CARTESIAN_POINT('',(-37.62038661964,-16.79732596917,
    7.770703148565));
#2689 = CARTESIAN_POINT('',(-37.6384431575,-16.75684284086,
    7.824148672539));
#2690 = CARTESIAN_POINT('',(-37.65739962941,-16.71419013578,
    7.875826540854));
#2691 = CARTESIAN_POINT('',(-37.67713346514,-16.66961816365,
    7.925760439035));
#2692 = CARTESIAN_POINT('',(-37.73575018508,-16.53669042761,
    8.064328966102));
#2693 = CARTESIAN_POINT('',(-37.77636505696,-16.4439572107,
    8.148813908219));
#2694 = CARTESIAN_POINT('',(-37.81873293516,-16.34646101393,
    8.227806019152));
#2695 = CARTESIAN_POINT('',(-37.86236518919,-16.24519971106,
    8.301715409686));
#2696 = CARTESIAN_POINT('',(-37.90691144146,-16.14089038945,
    8.370973048248));
#2697 = CARTESIAN_POINT('',(-37.95214313663,-16.0339910226,
    8.436011477952));
#2698 = CARTESIAN_POINT('',(-38.0583599717,-15.78054731518,
    8.578040810434));
#2699 = CARTESIAN_POINT('',(-38.11977352546,-15.63221836496,
    8.65222949533));
#2700 = CARTESIAN_POINT('',(-38.18163270532,-15.48086167768,
    8.720411584461));
#2701 = CARTESIAN_POINT('',(-38.24357419882,-15.32725023777,
    8.783171814333));
#2702 = CARTESIAN_POINT('',(-38.30538872502,-15.17183105763,
    8.841065398631));
#2703 = CARTESIAN_POINT('',(-38.36699397989,-15.01475215063,
    8.894604832552));
#2704 = CARTESIAN_POINT('',(-38.61865910735,-14.36375844508,
    9.098033040287));
#2705 = CARTESIAN_POINT('',(-38.80825586866,-13.85145792486,
    9.215378804847));
#2706 = CARTESIAN_POINT('',(-38.99114763235,-13.33186379773,
    9.303767405172));
#2707 = CARTESIAN_POINT('',(-39.16523379286,-12.81101671824,
    9.369582096079));
#2708 = CARTESIAN_POINT('',(-39.33029713214,-12.29070072896,
    9.417700171177));
#2709 = CARTESIAN_POINT('',(-39.48747605706,-11.76799193434,
    9.451650937445));
#2710 = CARTESIAN_POINT('',(-39.86614604739,-10.43205093031,
    9.506999559891));
#2711 = CARTESIAN_POINT('',(-40.07589272403,-9.619663894859,
    9.512679282353));
#2712 = CARTESIAN_POINT('',(-40.26558239901,-8.80445630314,9.49895038765
    ));
#2713 = CARTESIAN_POINT('',(-40.4349854095,-7.989243321305,
    9.472127510629));
#2714 = CARTESIAN_POINT('',(-40.58455016624,-7.174357675222,
    9.437270516367));
#2715 = CARTESIAN_POINT('',(-40.71490443787,-6.358021675218,
    9.398511111359));
#2716 = CARTESIAN_POINT('',(-40.93301906164,-4.749536711505,
    9.32212166235));
#2717 = CARTESIAN_POINT('',(-41.02214115993,-3.959511604939,
    9.284592794669));
#2718 = CARTESIAN_POINT('',(-41.09334109306,-3.168245077177,
    9.250344591233));
#2719 = CARTESIAN_POINT('',(-41.14662428429,-2.376929103212,
    9.222375256048));
#2720 = CARTESIAN_POINT('',(-41.18216291972,-1.585654064557,
    9.202930935749));
#2721 = CARTESIAN_POINT('',(-41.2,-0.793664968258,9.193171219946));
#2722 = CARTESIAN_POINT('',(-41.2,3.552713678801E-15,9.193171219946));
#2723 = PCURVE('',#655,#2724);
#2724 = DEFINITIONAL_REPRESENTATION('',(#2725),#2770);
#2725 = B_SPLINE_CURVE_WITH_KNOTS('',7,(#2726,#2727,#2728,#2729,#2730,
    #2731,#2732,#2733,#2734,#2735,#2736,#2737,#2738,#2739,#2740,#2741,
    #2742,#2743,#2744,#2745,#2746,#2747,#2748,#2749,#2750,#2751,#2752,
    #2753,#2754,#2755,#2756,#2757,#2758,#2759,#2760,#2761,#2762,#2763,
    #2764,#2765,#2766,#2767,#2768,#2769),.UNSPECIFIED.,.F.,.F.,(8,6,6,6,
    6,6,6,8),(0.,3.597292776915E-02,6.304118538902E-02,0.113756993256,
    0.180673967622,0.387971258667,0.700691113965,1.),.UNSPECIFIED.);
#2726 = CARTESIAN_POINT('',(0.,-17.06429019912));
#2727 = CARTESIAN_POINT('',(-3.600390033877E-02,-17.06429019912));
#2728 = CARTESIAN_POINT('',(-7.186133932501E-02,-17.05598131879));
#2729 = CARTESIAN_POINT('',(-0.107382847629,-17.03948638575));
#2730 = CARTESIAN_POINT('',(-0.142379389665,-17.01518241084));
#2731 = CARTESIAN_POINT('',(-0.176656655589,-16.98370055461));
#2732 = CARTESIAN_POINT('',(-0.210009353282,-16.94592609372));
#2733 = CARTESIAN_POINT('',(-0.266449399002,-16.870696924));
#2734 = CARTESIAN_POINT('',(-0.290113444677,-16.83537217187));
#2735 = CARTESIAN_POINT('',(-0.313216995653,-16.79732596917));
#2736 = CARTESIAN_POINT('',(-0.335768347864,-16.75684284086));
#2737 = CARTESIAN_POINT('',(-0.357775346488,-16.71419013578));
#2738 = CARTESIAN_POINT('',(-0.379245997538,-16.66961816365));
#2739 = CARTESIAN_POINT('',(-0.439428595089,-16.53669042761));
#2740 = CARTESIAN_POINT('',(-0.476882077754,-16.4439572107));
#2741 = CARTESIAN_POINT('',(-0.512682835997,-16.34646101393));
#2742 = CARTESIAN_POINT('',(-0.546965927169,-16.24519971106));
#2743 = CARTESIAN_POINT('',(-0.579869994655,-16.14089038945));
#2744 = CARTESIAN_POINT('',(-0.611539105118,-16.0339910226));
#2745 = CARTESIAN_POINT('',(-0.682480599141,-15.78054731518));
#2746 = CARTESIAN_POINT('',(-0.720957678764,-15.63221836496));
#2747 = CARTESIAN_POINT('',(-0.757724641049,-15.48086167768));
#2748 = CARTESIAN_POINT('',(-0.792944527212,-15.32725023777));
#2749 = CARTESIAN_POINT('',(-0.826782763456,-15.17183105763));
#2750 = CARTESIAN_POINT('',(-0.859409674633,-15.01475215063));
#2751 = CARTESIAN_POINT('',(-0.988850547363,-14.36375844508));
#2752 = CARTESIAN_POINT('',(-1.077337983033,-13.85145792486));
#2753 = CARTESIAN_POINT('',(-1.157984381449,-13.33186379773));
#2754 = CARTESIAN_POINT('',(-1.23197335542,-12.81101671824));
#2755 = CARTESIAN_POINT('',(-1.30046203336,-12.29070072896));
#2756 = CARTESIAN_POINT('',(-1.364636139141,-11.76799193434));
#2757 = CARTESIAN_POINT('',(-1.5177136001,-10.43205093031));
#2758 = CARTESIAN_POINT('',(-1.601059159941,-9.619663894859));
#2759 = CARTESIAN_POINT('',(-1.676614644146,-8.80445630314));
#2760 = CARTESIAN_POINT('',(-1.744857775159,-7.989243321305));
#2761 = CARTESIAN_POINT('',(-1.806103742582,-7.174357675222));
#2762 = CARTESIAN_POINT('',(-1.860438890558,-6.358021675218));
#2763 = CARTESIAN_POINT('',(-1.952880731323,-4.749536711505));
#2764 = CARTESIAN_POINT('',(-1.991487745969,-3.959511604939));
#2765 = CARTESIAN_POINT('',(-2.023045912535,-3.168245077177));
#2766 = CARTESIAN_POINT('',(-2.047114036977,-2.376929103212));
#2767 = CARTESIAN_POINT('',(-2.063317996097,-1.585654064557));
#2768 = CARTESIAN_POINT('',(-2.071451039199,-0.793664968258));
#2769 = CARTESIAN_POINT('',(-2.071451039199,3.552713678801E-15));
#2770 = ( GEOMETRIC_REPRESENTATION_CONTEXT(2) 
PARAMETRIC_REPRESENTATION_CONTEXT() REPRESENTATION_CONTEXT('2D SPACE',''
  ) );
#2771 = PCURVE('',#2772,#2777);
#2772 = CYLINDRICAL_SURFACE('',#2773,41.2);
#2773 = AXIS2_PLACEMENT_3D('',#2774,#2775,#2776);
#2774 = CARTESIAN_POINT('',(0.,0.,3.));
#2775 = DIRECTION('',(-0.,-0.,-1.));
#2776 = DIRECTION('',(1.,0.,0.));
#2777 = DEFINITIONAL_REPRESENTATION('',(#2778),#2823);
#2778 = B_SPLINE_CURVE_WITH_KNOTS('',7,(#2779,#2780,#2781,#2782,#2783,
    #2784,#2785,#2786,#2787,#2788,#2789,#2790,#2791,#2792,#2793,#2794,
    #2795,#2796,#2797,#2798,#2799,#2800,#2801,#2802,#2803,#2804,#2805,
    #2806,#2807,#2808,#2809,#2810,#2811,#2812,#2813,#2814,#2815,#2816,
    #2817,#2818,#2819,#2820,#2821,#2822),.UNSPECIFIED.,.F.,.F.,(8,6,6,6,
    6,6,6,8),(0.,3.597292776915E-02,6.304118538902E-02,0.113756993256,
    0.180673967622,0.387971258667,0.700691113965,1.),.UNSPECIFIED.);
#2779 = CARTESIAN_POINT('',(-3.568636344488,-4.));
#2780 = CARTESIAN_POINT('',(-3.568636344488,-4.090009750847));
#2781 = CARTESIAN_POINT('',(-3.568414778462,-4.1796537633));
#2782 = CARTESIAN_POINT('',(-3.567974905459,-4.268266254787));
#2783 = CARTESIAN_POINT('',(-3.567326941604,-4.355192685691));
#2784 = CARTESIAN_POINT('',(-3.566487983662,-4.439797199317));
#2785 = CARTESIAN_POINT('',(-3.565481932607,-4.521470061843));
#2786 = CARTESIAN_POINT('',(-3.563479717863,-4.658451317226));
#2787 = CARTESIAN_POINT('',(-3.562539941706,-4.715473632691));
#2788 = CARTESIAN_POINT('',(-3.561528252272,-4.770703148565));
#2789 = CARTESIAN_POINT('',(-3.560452344983,-4.824148672539));
#2790 = CARTESIAN_POINT('',(-3.559319446536,-4.875826540854));
#2791 = CARTESIAN_POINT('',(-3.558136314313,-4.925760439035));
#2792 = CARTESIAN_POINT('',(-3.554610148798,-5.064328966102));
#2793 = CARTESIAN_POINT('',(-3.55215293754,-5.148813908219));
#2794 = CARTESIAN_POINT('',(-3.549572759927,-5.227806019152));
#2795 = CARTESIAN_POINT('',(-3.54689653089,-5.301715409686));
#2796 = CARTESIAN_POINT('',(-3.544143567082,-5.370973048248));
#2797 = CARTESIAN_POINT('',(-3.54132623159,-5.436011477952));
#2798 = CARTESIAN_POINT('',(-3.534656298255,-5.578040810434));
#2799 = CARTESIAN_POINT('',(-3.5307597317,-5.65222949533));
#2800 = CARTESIAN_POINT('',(-3.526791118112,-5.720411584461));
#2801 = CARTESIAN_POINT('',(-3.522771058323,-5.783171814333));
#2802 = CARTESIAN_POINT('',(-3.518711405433,-5.841065398631));
#2803 = CARTESIAN_POINT('',(-3.514616124753,-5.894604832552));
#2804 = CARTESIAN_POINT('',(-3.497675696169,-6.098033040287));
#2805 = CARTESIAN_POINT('',(-3.48441836658,-6.215378804847));
#2806 = CARTESIAN_POINT('',(-3.471051167026,-6.303767405172));
#2807 = CARTESIAN_POINT('',(-3.457724717235,-6.369582096079));
#2808 = CARTESIAN_POINT('',(-3.44447783921,-6.417700171177));
#2809 = CARTESIAN_POINT('',(-3.431231226511,-6.451650937445));
#2810 = CARTESIAN_POINT('',(-3.397528047723,-6.506999559891));
#2811 = CARTESIAN_POINT('',(-3.377168956072,-6.512679282353));
#2812 = CARTESIAN_POINT('',(-3.35686314444,-6.49895038765));
#2813 = CARTESIAN_POINT('',(-3.336663780367,-6.472127510629));
#2814 = CARTESIAN_POINT('',(-3.316563265094,-6.437270516367));
#2815 = CARTESIAN_POINT('',(-3.296503831036,-6.398511111359));
#2816 = CARTESIAN_POINT('',(-3.257105626038,-6.32212166235));
#2817 = CARTESIAN_POINT('',(-3.237813493131,-6.284592794669));
#2818 = CARTESIAN_POINT('',(-3.218538277908,-6.250344591233));
#2819 = CARTESIAN_POINT('',(-3.199296787476,-6.222375256048));
#2820 = CARTESIAN_POINT('',(-3.180079401958,-6.202930935749));
#2821 = CARTESIAN_POINT('',(-3.160856366412,-6.193171219946));
#2822 = CARTESIAN_POINT('',(-3.14159265359,-6.193171219946));
#2823 = ( GEOMETRIC_REPRESENTATION_CONTEXT(2) 
PARAMETRIC_REPRESENTATION_CONTEXT() REPRESENTATION_CONTEXT('2D SPACE',''
  ) );
#2824 = ORIENTED_EDGE('',*,*,#2825,.T.);
#2825 = EDGE_CURVE('',#2673,#426,#2826,.T.);
#2826 = SEAM_CURVE('',#2827,(#2831,#2838),.PCURVE_S1.);
#2827 = LINE('',#2828,#2829);
#2828 = CARTESIAN_POINT('',(-37.5,0.,7.));
#2829 = VECTOR('',#2830,1.);
#2830 = DIRECTION('',(0.,-1.,0.));
#2831 = PCURVE('',#655,#2832);
#2832 = DEFINITIONAL_REPRESENTATION('',(#2833),#2837);
#2833 = LINE('',#2834,#2835);
#2834 = CARTESIAN_POINT('',(-6.28318530718,0.));
#2835 = VECTOR('',#2836,1.);
#2836 = DIRECTION('',(-0.,-1.));
#2837 = ( GEOMETRIC_REPRESENTATION_CONTEXT(2) 
PARAMETRIC_REPRESENTATION_CONTEXT() REPRESENTATION_CONTEXT('2D SPACE',''
  ) );
#2838 = PCURVE('',#655,#2839);
#2839 = DEFINITIONAL_REPRESENTATION('',(#2840),#2844);
#2840 = LINE('',#2841,#2842);
#2841 = CARTESIAN_POINT('',(-0.,0.));
#2842 = VECTOR('',#2843,1.);
#2843 = DIRECTION('',(-0.,-1.));
#2844 = ( GEOMETRIC_REPRESENTATION_CONTEXT(2) 
PARAMETRIC_REPRESENTATION_CONTEXT() REPRESENTATION_CONTEXT('2D SPACE',''
  ) );
#2845 = ORIENTED_EDGE('',*,*,#425,.T.);
#2846 = ORIENTED_EDGE('',*,*,#2825,.F.);
#2847 = ORIENTED_EDGE('',*,*,#2848,.F.);
#2848 = EDGE_CURVE('',#2849,#2673,#2851,.T.);
#2849 = VERTEX_POINT('',#2850);
#2850 = CARTESIAN_POINT('',(-41.2,0.,4.806828780054));
#2851 = SURFACE_CURVE('',#2852,(#2904,#2959),.PCURVE_S1.);
#2852 = B_SPLINE_CURVE_WITH_KNOTS('',8,(#2853,#2854,#2855,#2856,#2857,
    #2858,#2859,#2860,#2861,#2862,#2863,#2864,#2865,#2866,#2867,#2868,
    #2869,#2870,#2871,#2872,#2873,#2874,#2875,#2876,#2877,#2878,#2879,
    #2880,#2881,#2882,#2883,#2884,#2885,#2886,#2887,#2888,#2889,#2890,
    #2891,#2892,#2893,#2894,#2895,#2896,#2897,#2898,#2899,#2900,#2901,
    #2902,#2903),.UNSPECIFIED.,.F.,.F.,(9,7,7,7,7,7,7,9),(0.,
    3.870930323291E-02,0.299627908012,0.683310222165,0.855436847495,
    0.947430450814,0.96898500446,1.),.UNSPECIFIED.);
#2853 = CARTESIAN_POINT('',(-41.2,7.341125431992E-07,4.806828780054));
#2854 = CARTESIAN_POINT('',(-41.2000000016,-9.015630872124E-02,
    4.806828780933));
#2855 = CARTESIAN_POINT('',(-41.19977453085,-0.180313327674,
    4.80670541312));
#2856 = CARTESIAN_POINT('',(-41.19932358722,-0.270469762459,
    4.806458677844));
#2857 = CARTESIAN_POINT('',(-41.19864717184,-0.360625037437,
    4.806088744752));
#2858 = CARTESIAN_POINT('',(-41.19774528746,-0.450778561606,
    4.80559595191));
#2859 = CARTESIAN_POINT('',(-41.19661793845,-0.540929728612,4.8049808058
    ));
#2860 = CARTESIAN_POINT('',(-41.19526513081,-0.631077916743,
    4.804243981325));
#2861 = CARTESIAN_POINT('',(-41.18304867898,-1.328838592518,
    4.797605300015));
#2862 = CARTESIAN_POINT('',(-41.16218169886,-1.93547370732,
    4.786341987756));
#2863 = CARTESIAN_POINT('',(-41.13112586084,-2.54154808709,
    4.769874073978));
#2864 = CARTESIAN_POINT('',(-41.08986942882,-3.147355871497,
    4.748788050977));
#2865 = CARTESIAN_POINT('',(-41.03836952015,-3.752967946081,
    4.723962189079));
#2866 = CARTESIAN_POINT('',(-40.97659380781,-4.358180028565,
    4.696518202139));
#2867 = CARTESIAN_POINT('',(-40.90456631347,-4.962506082647,
    4.66776281312));
#2868 = CARTESIAN_POINT('',(-40.70157445197,-6.451507278565,
    4.597051048122));
#2869 = CARTESIAN_POINT('',(-40.56008127944,-7.32509061517,
    4.555687084058));
#2870 = CARTESIAN_POINT('',(-40.39742116524,-8.195929735565,
    4.519052417094));
#2871 = CARTESIAN_POINT('',(-40.21231045493,-9.068932964287,
    4.491603029245));
#2872 = CARTESIAN_POINT('',(-40.0037194594,-9.944744105862,
    4.479083158046));
#2873 = CARTESIAN_POINT('',(-39.77146001331,-10.82048552329,
    4.488938423881));
#2874 = CARTESIAN_POINT('',(-39.5169878796,-11.68938540673,
    4.530667330368));
#2875 = CARTESIAN_POINT('',(-39.12414425497,-12.91902269816,
    4.654971348265));
#2876 = CARTESIAN_POINT('',(-39.0000100027,-13.29300830158,
    4.702057576908));
#2877 = CARTESIAN_POINT('',(-38.87242666118,-13.66395265915,
    4.759101346621));
#2878 = CARTESIAN_POINT('',(-38.74076515647,-14.03374588151,
    4.828014544985));
#2879 = CARTESIAN_POINT('',(-38.6049967597,-14.40222612311,
    4.911229512551));
#2880 = CARTESIAN_POINT('',(-38.46590292014,-14.76718092508,
    5.011712770335));
#2881 = CARTESIAN_POINT('',(-38.3254000911,-15.12413199048,
    5.132908873338));
#2882 = CARTESIAN_POINT('',(-38.11324777836,-15.64797411465,
    5.356320777751));
#2883 = CARTESIAN_POINT('',(-38.04012509232,-15.82566419586,
    5.440968796677));
#2884 = CARTESIAN_POINT('',(-37.96760396738,-15.99924214834,
    5.533732536056));
#2885 = CARTESIAN_POINT('',(-37.895938334,-16.16826654253,5.636015306812
    ));
#2886 = CARTESIAN_POINT('',(-37.82586428394,-16.33117599437,
    5.74930617669));
#2887 = CARTESIAN_POINT('',(-37.75870588171,-16.48520983659,
    5.875100219883));
#2888 = CARTESIAN_POINT('',(-37.69649170906,-16.62625784985,
    6.014760024333));
#2889 = CARTESIAN_POINT('',(-37.62928967964,-16.77729247939,
    6.205514937919));
#2890 = CARTESIAN_POINT('',(-37.61694960491,-16.80495904057,
    6.242570145496));
#2891 = CARTESIAN_POINT('',(-37.6050708309,-16.83152999884,
    6.280465737357));
#2892 = CARTESIAN_POINT('',(-37.59369848485,-16.85691291876,
    6.319195667771));
#2893 = CARTESIAN_POINT('',(-37.58287823362,-16.88101457951,
    6.35875215553));
#2894 = CARTESIAN_POINT('',(-37.57265628371,-16.90374097491,
    6.399125683952));
#2895 = CARTESIAN_POINT('',(-37.56307938122,-16.92499731341,
    6.440305000879));
#2896 = CARTESIAN_POINT('',(-37.54141074396,-16.9730211085,
    6.542671087749));
#2897 = CARTESIAN_POINT('',(-37.53003369829,-16.99817038066,
    6.60483021929));
#2898 = CARTESIAN_POINT('',(-37.52026337022,-17.01971970594,
    6.668496588246));
#2899 = CARTESIAN_POINT('',(-37.51226460318,-17.03733008645,
    6.733406055996));
#2900 = CARTESIAN_POINT('',(-37.50616627803,-17.05073944826,
    6.79928872271));
#2901 = CARTESIAN_POINT('',(-37.50206020239,-17.0597624346,
    6.865869379725));
#2902 = CARTESIAN_POINT('',(-37.5,-17.06429019912,6.932867961902));
#2903 = CARTESIAN_POINT('',(-37.5,-17.06429019912,7.));
#2904 = PCURVE('',#655,#2905);
#2905 = DEFINITIONAL_REPRESENTATION('',(#2906),#2958);
#2906 = B_SPLINE_CURVE_WITH_KNOTS('',8,(#2907,#2908,#2909,#2910,#2911,
    #2912,#2913,#2914,#2915,#2916,#2917,#2918,#2919,#2920,#2921,#2922,
    #2923,#2924,#2925,#2926,#2927,#2928,#2929,#2930,#2931,#2932,#2933,
    #2934,#2935,#2936,#2937,#2938,#2939,#2940,#2941,#2942,#2943,#2944,
    #2945,#2946,#2947,#2948,#2949,#2950,#2951,#2952,#2953,#2954,#2955,
    #2956,#2957),.UNSPECIFIED.,.F.,.F.,(9,7,7,7,7,7,7,9),(0.,
    3.870930323291E-02,0.299627908012,0.683310222165,0.855436847495,
    0.947430450814,0.96898500446,1.),.UNSPECIFIED.);
#2907 = CARTESIAN_POINT('',(-4.21173426798,5.999999999062E-07));
#2908 = CARTESIAN_POINT('',(-4.211734267248,-9.015644283378E-02));
#2909 = CARTESIAN_POINT('',(-4.211837073398,-0.180313392835));
#2910 = CARTESIAN_POINT('',(-4.212042686058,-0.270469749091));
#2911 = CARTESIAN_POINT('',(-4.212351072186,-0.360624973497));
#2912 = CARTESIAN_POINT('',(-4.212762166071,-0.450778490761));
#2913 = CARTESIAN_POINT('',(-4.213275869338,-0.5409296884));
#2914 = CARTESIAN_POINT('',(-4.213892050944,-0.631077916743));
#2915 = CARTESIAN_POINT('',(-4.219453544049,-1.328838592518));
#2916 = CARTESIAN_POINT('',(-4.228938586679,-1.93547370732));
#2917 = CARTESIAN_POINT('',(-4.242998817243,-2.54154808709));
#2918 = CARTESIAN_POINT('',(-4.261527844104,-3.147355871497));
#2919 = CARTESIAN_POINT('',(-4.284381728508,-3.752967946081));
#2920 = CARTESIAN_POINT('',(-4.311392101616,-4.358180028565));
#2921 = CARTESIAN_POINT('',(-4.342383352348,-4.962506082647));
#2922 = CARTESIAN_POINT('',(-4.428365536126,-6.451507278565));
#2923 = CARTESIAN_POINT('',(-4.487256045512,-7.32509061517));
#2924 = CARTESIAN_POINT('',(-4.553721450594,-8.195929735565));
#2925 = CARTESIAN_POINT('',(-4.628134291641,-9.068932964287));
#2926 = CARTESIAN_POINT('',(-4.710979063379,-9.944744105862));
#2927 = CARTESIAN_POINT('',(-4.802984759507,-10.82048552329));
#2928 = CARTESIAN_POINT('',(-4.905067217205,-11.68938540673));
#2929 = CARTESIAN_POINT('',(-5.069883528182,-12.91902269816));
#2930 = CARTESIAN_POINT('',(-5.122905545347,-13.29300830158));
#2931 = CARTESIAN_POINT('',(-5.178648414606,-13.66395265915));
#2932 = CARTESIAN_POINT('',(-5.237847613037,-14.03374588151));
#2933 = CARTESIAN_POINT('',(-5.301218532345,-14.40222612311));
#2934 = CARTESIAN_POINT('',(-5.369464381203,-14.76718092508));
#2935 = CARTESIAN_POINT('',(-5.443318461293,-15.12413199048));
#2936 = CARTESIAN_POINT('',(-5.566555782158,-15.64797411465));
#2937 = CARTESIAN_POINT('',(-5.6112493925,-15.82566419586));
#2938 = CARTESIAN_POINT('',(-5.658251939105,-15.99924214834));
#2939 = CARTESIAN_POINT('',(-5.708062545113,-16.16826654253));
#2940 = CARTESIAN_POINT('',(-5.76115303671,-16.33117599437));
#2941 = CARTESIAN_POINT('',(-5.81796674136,-16.48520983659));
#2942 = CARTESIAN_POINT('',(-5.87892553285,-16.62625784985));
#2943 = CARTESIAN_POINT('',(-5.959824036979,-16.77729247939));
#2944 = CARTESIAN_POINT('',(-5.975444121706,-16.80495904057));
#2945 = CARTESIAN_POINT('',(-5.991325428567,-16.83152999884));
#2946 = CARTESIAN_POINT('',(-6.007465994002,-16.85691291876));
#2947 = CARTESIAN_POINT('',(-6.023863999193,-16.88101457951));
#2948 = CARTESIAN_POINT('',(-6.040517770058,-16.90374097491));
#2949 = CARTESIAN_POINT('',(-6.057425777255,-16.92499731341));
#2950 = CARTESIAN_POINT('',(-6.099279514162,-16.9730211085));
#2951 = CARTESIAN_POINT('',(-6.124546650787,-16.99817038066));
#2952 = CARTESIAN_POINT('',(-6.150293345188,-17.01971970594));
#2953 = CARTESIAN_POINT('',(-6.176430146625,-17.03733008645));
#2954 = CARTESIAN_POINT('',(-6.202871285637,-17.05073944826));
#2955 = CARTESIAN_POINT('',(-6.229533105212,-17.0597624346));
#2956 = CARTESIAN_POINT('',(-6.25633249194,-17.06429019912));
#2957 = CARTESIAN_POINT('',(-6.28318530718,-17.06429019912));
#2958 = ( GEOMETRIC_REPRESENTATION_CONTEXT(2) 
PARAMETRIC_REPRESENTATION_CONTEXT() REPRESENTATION_CONTEXT('2D SPACE',''
  ) );
#2959 = PCURVE('',#2772,#2960);
#2960 = DEFINITIONAL_REPRESENTATION('',(#2961),#3013);
#2961 = B_SPLINE_CURVE_WITH_KNOTS('',8,(#2962,#2963,#2964,#2965,#2966,
    #2967,#2968,#2969,#2970,#2971,#2972,#2973,#2974,#2975,#2976,#2977,
    #2978,#2979,#2980,#2981,#2982,#2983,#2984,#2985,#2986,#2987,#2988,
    #2989,#2990,#2991,#2992,#2993,#2994,#2995,#2996,#2997,#2998,#2999,
    #3000,#3001,#3002,#3003,#3004,#3005,#3006,#3007,#3008,#3009,#3010,
    #3011,#3012),.UNSPECIFIED.,.F.,.F.,(9,7,7,7,7,7,7,9),(0.,
    3.870930323291E-02,0.299627908012,0.683310222165,0.855436847495,
    0.947430450814,0.96898500446,1.),.UNSPECIFIED.);
#2962 = CARTESIAN_POINT('',(-3.141592632516,-1.806828780054));
#2963 = CARTESIAN_POINT('',(-3.143780910255,-1.806828780981));
#2964 = CARTESIAN_POINT('',(-3.145969189087,-1.806705413156));
#2965 = CARTESIAN_POINT('',(-3.148157469941,-1.806458677849));
#2966 = CARTESIAN_POINT('',(-3.1503457539,-1.80608874473));
#2967 = CARTESIAN_POINT('',(-3.152534042207,-1.80559595188));
#2968 = CARTESIAN_POINT('',(-3.15472233626,-1.804980805782));
#2969 = CARTESIAN_POINT('',(-3.156910637616,-1.804243981325));
#2970 = CARTESIAN_POINT('',(-3.173849171861,-1.797605300015));
#2971 = CARTESIAN_POINT('',(-3.188579934803,-1.786341987756));
#2972 = CARTESIAN_POINT('',(-3.203306310453,-1.769874073978));
#2973 = CARTESIAN_POINT('',(-3.218040273578,-1.748788050977));
#2974 = CARTESIAN_POINT('',(-3.232788453202,-1.723962189079));
#2975 = CARTESIAN_POINT('',(-3.247550876487,-1.696518202139));
#2976 = CARTESIAN_POINT('',(-3.262320699919,-1.66776281312));
#2977 = CARTESIAN_POINT('',(-3.298795801547,-1.597051048122));
#2978 = CARTESIAN_POINT('',(-3.320268848904,-1.555687084058));
#2979 = CARTESIAN_POINT('',(-3.341760888705,-1.519052417095));
#2980 = CARTESIAN_POINT('',(-3.363408343779,-1.491603029244));
#2981 = CARTESIAN_POINT('',(-3.38524667932,-1.479083158046));
#2982 = CARTESIAN_POINT('',(-3.407225341481,-1.488938423881));
#2983 = CARTESIAN_POINT('',(-3.429194484374,-1.530667330368));
#2984 = CARTESIAN_POINT('',(-3.46052617355,-1.654971348265));
#2985 = CARTESIAN_POINT('',(-3.470089862092,-1.702057576908));
#2986 = CARTESIAN_POINT('',(-3.479610104679,-1.759101346621));
#2987 = CARTESIAN_POINT('',(-3.489136472941,-1.828014544985));
#2988 = CARTESIAN_POINT('',(-3.49866678435,-1.911229512551));
#2989 = CARTESIAN_POINT('',(-3.508145519492,-2.011712770335));
#2990 = CARTESIAN_POINT('',(-3.517455945906,-2.132908873338));
#2991 = CARTESIAN_POINT('',(-3.531173708285,-2.356320777751));
#2992 = CARTESIAN_POINT('',(-3.535837411158,-2.440968796677));
#2993 = CARTESIAN_POINT('',(-3.540403291015,-2.533732536056));
#2994 = CARTESIAN_POINT('',(-3.544859230901,-2.636015306812));
#2995 = CARTESIAN_POINT('',(-3.549163519548,-2.74930617669));
#2996 = CARTESIAN_POINT('',(-3.553242041832,-2.875100219883));
#2997 = CARTESIAN_POINT('',(-3.556983757539,-3.014760024333));
#2998 = CARTESIAN_POINT('',(-3.560996149099,-3.205514937919));
#2999 = CARTESIAN_POINT('',(-3.561731435909,-3.242570145496));
#3000 = CARTESIAN_POINT('',(-3.562437875896,-3.280465737357));
#3001 = CARTESIAN_POINT('',(-3.56311297443,-3.319195667771));
#3002 = CARTESIAN_POINT('',(-3.563754213945,-3.35875215553));
#3003 = CARTESIAN_POINT('',(-3.564359053938,-3.399125683952));
#3004 = CARTESIAN_POINT('',(-3.564924930971,-3.440305000879));
#3005 = CARTESIAN_POINT('',(-3.566203717411,-3.542671087749));
#3006 = CARTESIAN_POINT('',(-3.566873691701,-3.60483021929));
#3007 = CARTESIAN_POINT('',(-3.567447982311,-3.668496588246));
#3008 = CARTESIAN_POINT('',(-3.567917443684,-3.733406055996));
#3009 = CARTESIAN_POINT('',(-3.568274990721,-3.79928872271));
#3010 = CARTESIAN_POINT('',(-3.568515605585,-3.865869379725));
#3011 = CARTESIAN_POINT('',(-3.568636344488,-3.932867961902));
#3012 = CARTESIAN_POINT('',(-3.568636344488,-4.));
#3013 = ( GEOMETRIC_REPRESENTATION_CONTEXT(2) 
PARAMETRIC_REPRESENTATION_CONTEXT() REPRESENTATION_CONTEXT('2D SPACE',''
  ) );
#3014 = ORIENTED_EDGE('',*,*,#3015,.F.);
#3015 = EDGE_CURVE('',#3016,#2849,#3018,.T.);
#3016 = VERTEX_POINT('',#3017);
#3017 = CARTESIAN_POINT('',(-38.5,0.,9.));
#3018 = SURFACE_CURVE('',#3019,(#3024,#3031),.PCURVE_S1.);
#3019 = CIRCLE('',#3020,2.5);
#3020 = AXIS2_PLACEMENT_3D('',#3021,#3022,#3023);
#3021 = CARTESIAN_POINT('',(-40.,0.,7.));
#3022 = DIRECTION('',(0.,-1.,0.));
#3023 = DIRECTION('',(1.,0.,0.));
#3024 = PCURVE('',#655,#3025);
#3025 = DEFINITIONAL_REPRESENTATION('',(#3026),#3030);
#3026 = LINE('',#3027,#3028);
#3027 = CARTESIAN_POINT('',(-0.,0.));
#3028 = VECTOR('',#3029,1.);
#3029 = DIRECTION('',(-1.,0.));
#3030 = ( GEOMETRIC_REPRESENTATION_CONTEXT(2) 
PARAMETRIC_REPRESENTATION_CONTEXT() REPRESENTATION_CONTEXT('2D SPACE',''
  ) );
#3031 = PCURVE('',#1006,#3032);
#3032 = DEFINITIONAL_REPRESENTATION('',(#3033),#3036);
#3033 = B_SPLINE_CURVE_WITH_KNOTS('',1,(#3034,#3035),.UNSPECIFIED.,.F.,
  .F.,(2,2),(0.,6.28318530718),.PIECEWISE_BEZIER_KNOTS.);
#3034 = CARTESIAN_POINT('',(0.,0.));
#3035 = CARTESIAN_POINT('',(6.28318530718,0.));
#3036 = ( GEOMETRIC_REPRESENTATION_CONTEXT(2) 
PARAMETRIC_REPRESENTATION_CONTEXT() REPRESENTATION_CONTEXT('2D SPACE',''
  ) );
#3037 = ORIENTED_EDGE('',*,*,#3038,.F.);
#3038 = EDGE_CURVE('',#3039,#3016,#3041,.T.);
#3039 = VERTEX_POINT('',#3040);
#3040 = CARTESIAN_POINT('',(-38.5,-12.,9.));
#3041 = SURFACE_CURVE('',#3042,(#3046,#3052),.PCURVE_S1.);
#3042 = LINE('',#3043,#3044);
#3043 = CARTESIAN_POINT('',(-38.5,0.,9.));
#3044 = VECTOR('',#3045,1.);
#3045 = DIRECTION('',(-0.,1.,-0.));
#3046 = PCURVE('',#655,#3047);
#3047 = DEFINITIONAL_REPRESENTATION('',(#3048),#3051);
#3048 = B_SPLINE_CURVE_WITH_KNOTS('',1,(#3049,#3050),.UNSPECIFIED.,.F.,
  .F.,(2,2),(-14.4,6.E-07),.PIECEWISE_BEZIER_KNOTS.);
#3049 = CARTESIAN_POINT('',(-0.927295218002,-14.4));
#3050 = CARTESIAN_POINT('',(-0.927295218002,6.E-07));
#3051 = ( GEOMETRIC_REPRESENTATION_CONTEXT(2) 
PARAMETRIC_REPRESENTATION_CONTEXT() REPRESENTATION_CONTEXT('2D SPACE',''
  ) );
#3052 = PCURVE('',#3053,#3058);
#3053 = PLANE('',#3054);
#3054 = AXIS2_PLACEMENT_3D('',#3055,#3056,#3057);
#3055 = CARTESIAN_POINT('',(-91.,-12.,9.));
#3056 = DIRECTION('',(0.,0.,1.));
#3057 = DIRECTION('',(1.,0.,0.));
#3058 = DEFINITIONAL_REPRESENTATION('',(#3059),#3062);
#3059 = B_SPLINE_CURVE_WITH_KNOTS('',1,(#3060,#3061),.UNSPECIFIED.,.F.,
  .F.,(2,2),(-14.4,6.E-07),.PIECEWISE_BEZIER_KNOTS.);
#3060 = CARTESIAN_POINT('',(52.5,-2.4));
#3061 = CARTESIAN_POINT('',(52.5,12.0000006));
#3062 = ( GEOMETRIC_REPRESENTATION_CONTEXT(2) 
PARAMETRIC_REPRESENTATION_CONTEXT() REPRESENTATION_CONTEXT('2D SPACE',''
  ) );
#3063 = ORIENTED_EDGE('',*,*,#3064,.F.);
#3064 = EDGE_CURVE('',#2675,#3039,#3065,.T.);
#3065 = SURFACE_CURVE('',#3066,(#3071,#3078),.PCURVE_S1.);
#3066 = CIRCLE('',#3067,2.5);
#3067 = AXIS2_PLACEMENT_3D('',#3068,#3069,#3070);
#3068 = CARTESIAN_POINT('',(-40.,-12.,7.));
#3069 = DIRECTION('',(-0.,1.,0.));
#3070 = DIRECTION('',(1.,0.,0.));
#3071 = PCURVE('',#655,#3072);
#3072 = DEFINITIONAL_REPRESENTATION('',(#3073),#3077);
#3073 = LINE('',#3074,#3075);
#3074 = CARTESIAN_POINT('',(-6.28318530718,-12.));
#3075 = VECTOR('',#3076,1.);
#3076 = DIRECTION('',(1.,-0.));
#3077 = ( GEOMETRIC_REPRESENTATION_CONTEXT(2) 
PARAMETRIC_REPRESENTATION_CONTEXT() REPRESENTATION_CONTEXT('2D SPACE',''
  ) );
#3078 = PCURVE('',#3079,#3084);
#3079 = PLANE('',#3080);
#3080 = AXIS2_PLACEMENT_3D('',#3081,#3082,#3083);
#3081 = CARTESIAN_POINT('',(-91.,-12.,9.));
#3082 = DIRECTION('',(0.,1.,0.));
#3083 = DIRECTION('',(0.,0.,1.));
#3084 = DEFINITIONAL_REPRESENTATION('',(#3085),#3089);
#3085 = CIRCLE('',#3086,2.5);
#3086 = AXIS2_PLACEMENT_2D('',#3087,#3088);
#3087 = CARTESIAN_POINT('',(-2.,51.));
#3088 = DIRECTION('',(0.,1.));
#3089 = ( GEOMETRIC_REPRESENTATION_CONTEXT(2) 
PARAMETRIC_REPRESENTATION_CONTEXT() REPRESENTATION_CONTEXT('2D SPACE',''
  ) );
#3090 = ADVANCED_FACE('',(#3091),#1006,.F.);
#3091 = FACE_BOUND('',#3092,.F.);
#3092 = EDGE_LOOP('',(#3093,#3262,#3283,#3284,#3285,#3465,#3466,#3487));
#3093 = ORIENTED_EDGE('',*,*,#3094,.T.);
#3094 = EDGE_CURVE('',#3095,#3097,#3099,.T.);
#3095 = VERTEX_POINT('',#3096);
#3096 = CARTESIAN_POINT('',(-39.41370320079,12.,9.43027900934));
#3097 = VERTEX_POINT('',#3098);
#3098 = CARTESIAN_POINT('',(-37.5,17.064290199126,7.));
#3099 = SURFACE_CURVE('',#3100,(#3152,#3207),.PCURVE_S1.);
#3100 = B_SPLINE_CURVE_WITH_KNOTS('',8,(#3101,#3102,#3103,#3104,#3105,
    #3106,#3107,#3108,#3109,#3110,#3111,#3112,#3113,#3114,#3115,#3116,
    #3117,#3118,#3119,#3120,#3121,#3122,#3123,#3124,#3125,#3126,#3127,
    #3128,#3129,#3130,#3131,#3132,#3133,#3134,#3135,#3136,#3137,#3138,
    #3139,#3140,#3141,#3142,#3143,#3144,#3145,#3146,#3147,#3148,#3149,
    #3150,#3151),.UNSPECIFIED.,.F.,.F.,(9,7,7,7,7,7,7,9),(0.,
    1.823532137568E-02,0.297922107602,0.68753668653,0.857275850619,
    0.948811856994,0.96852548245,1.),.UNSPECIFIED.);
#3101 = CARTESIAN_POINT('',(-41.2,-2.999999974772E-07,9.193171219946));
#3102 = CARTESIAN_POINT('',(-41.20000000031,4.250394033503E-02,
    9.193171219777));
#3103 = CARTESIAN_POINT('',(-41.19994988683,8.50081009968E-02,
    9.193198639522));
#3104 = CARTESIAN_POINT('',(-41.19984965943,0.127512182063,
    9.193253479237));
#3105 = CARTESIAN_POINT('',(-41.19969931809,0.170016161432,
    9.193335730594));
#3106 = CARTESIAN_POINT('',(-41.19949886292,0.21251999482,9.19344537688)
  );
#3107 = CARTESIAN_POINT('',(-41.19924829414,0.255023615763,
    9.193582392999));
#3108 = CARTESIAN_POINT('',(-41.19894761207,0.297526935616,
    9.193746745474));
#3109 = CARTESIAN_POINT('',(-41.19321645165,0.991924125066,
    9.196877804518));
#3110 = CARTESIAN_POINT('',(-41.17605650623,1.642623646753,
    9.206233125726));
#3111 = CARTESIAN_POINT('',(-41.14718196545,2.292667018256,
    9.221818600856));
#3112 = CARTESIAN_POINT('',(-41.10658541925,2.942467222559,9.24303275771
    ));
#3113 = CARTESIAN_POINT('',(-41.05420887385,3.592154150334,
    9.268870488204));
#3114 = CARTESIAN_POINT('',(-40.99000296999,4.241484112153,
    9.297987253282));
#3115 = CARTESIAN_POINT('',(-40.91399679164,4.889816325713,
    9.328783759092));
#3116 = CARTESIAN_POINT('',(-40.70425807403,6.436533220446,
    9.402239746576));
#3117 = CARTESIAN_POINT('',(-40.56090433544,7.32326482717,9.44433968478)
  );
#3118 = CARTESIAN_POINT('',(-40.39576593352,8.20721711036,9.481611941681
    ));
#3119 = CARTESIAN_POINT('',(-40.20744903567,9.093653027574,
    9.509424050524));
#3120 = CARTESIAN_POINT('',(-39.99485000959,9.983211329943,
    9.521747995882));
#3121 = CARTESIAN_POINT('',(-39.75777388392,10.872768489573,
    9.510729049886));
#3122 = CARTESIAN_POINT('',(-39.49780432664,11.755033571109,
    9.466308771866));
#3123 = CARTESIAN_POINT('',(-39.10036398699,12.99063779386,
    9.335971975834));
#3124 = CARTESIAN_POINT('',(-38.97743569989,13.358757163591,
    9.287908011947));
#3125 = CARTESIAN_POINT('',(-38.85121296955,13.723785552774,
    9.229976178688));
#3126 = CARTESIAN_POINT('',(-38.72107310832,14.087595807778,
    9.160284490173));
#3127 = CARTESIAN_POINT('',(-38.586989593,14.450038291236,9.076433143222
    ));
#3128 = CARTESIAN_POINT('',(-38.44973779432,14.808938961735,
    8.975501814475));
#3129 = CARTESIAN_POINT('',(-38.31121335727,15.159883430371,
    8.854106418618));
#3130 = CARTESIAN_POINT('',(-38.10157016618,15.676367150045,
    8.630187959025));
#3131 = CARTESIAN_POINT('',(-38.0289200757,15.852538112066,
    8.544866618307));
#3132 = CARTESIAN_POINT('',(-37.95691741961,16.024536656246,
    8.451385839181));
#3133 = CARTESIAN_POINT('',(-37.8858384003,16.191871316914,
    8.348343061721));
#3134 = CARTESIAN_POINT('',(-37.81644374938,16.352930510005,
    8.234255308423));
#3135 = CARTESIAN_POINT('',(-37.75008396872,16.504903631319,
    8.107640347577));
#3136 = CARTESIAN_POINT('',(-37.68881424626,16.6436312649,7.967157527923
    ));
#3137 = CARTESIAN_POINT('',(-37.62399641201,16.789153965457,
    7.778368821998));
#3138 = CARTESIAN_POINT('',(-37.61287239767,16.814074058259,
    7.744207926893));
#3139 = CARTESIAN_POINT('',(-37.60214483271,16.838056217174,
    7.70934421795));
#3140 = CARTESIAN_POINT('',(-37.59184865223,16.861028898569,
    7.67378331764));
#3141 = CARTESIAN_POINT('',(-37.58201909399,16.882920169877,
    7.637532071933));
#3142 = CARTESIAN_POINT('',(-37.57269169848,16.903657709602,
    7.600598550299));
#3143 = CARTESIAN_POINT('',(-37.56390230886,16.923168807317,
    7.562992045706));
#3144 = CARTESIAN_POINT('',(-37.54257072921,16.970456697248,
    7.463623334006));
#3145 = CARTESIAN_POINT('',(-37.5308870394,16.996288171843,
    7.400691884714));
#3146 = CARTESIAN_POINT('',(-37.52084579118,17.018437412028,
    7.336195226874));
#3147 = CARTESIAN_POINT('',(-37.51262032247,17.036547909592,
    7.270406514992));
#3148 = CARTESIAN_POINT('',(-37.50634631958,17.050343800992,
    7.203605073661));
#3149 = CARTESIAN_POINT('',(-37.50212061749,17.059629644794,
    7.136075913262));
#3150 = CARTESIAN_POINT('',(-37.5,17.064290199126,7.068109245679));
#3151 = CARTESIAN_POINT('',(-37.5,17.064290199126,7.));
#3152 = PCURVE('',#1006,#3153);
#3153 = DEFINITIONAL_REPRESENTATION('',(#3154),#3206);
#3154 = B_SPLINE_CURVE_WITH_KNOTS('',8,(#3155,#3156,#3157,#3158,#3159,
    #3160,#3161,#3162,#3163,#3164,#3165,#3166,#3167,#3168,#3169,#3170,
    #3171,#3172,#3173,#3174,#3175,#3176,#3177,#3178,#3179,#3180,#3181,
    #3182,#3183,#3184,#3185,#3186,#3187,#3188,#3189,#3190,#3191,#3192,
    #3193,#3194,#3195,#3196,#3197,#3198,#3199,#3200,#3201,#3202,#3203,
    #3204,#3205),.UNSPECIFIED.,.F.,.F.,(9,7,7,7,7,7,7,9),(0.,
    1.823532137568E-02,0.297922107602,0.68753668653,0.857275850619,
    0.948811856994,0.96852548245,1.),.UNSPECIFIED.);
#3155 = CARTESIAN_POINT('',(2.071451039199,5.999999999062E-07));
#3156 = CARTESIAN_POINT('',(2.071451039341,-4.250364033503E-02));
#3157 = CARTESIAN_POINT('',(2.071428189557,-8.50079178757E-02));
#3158 = CARTESIAN_POINT('',(2.071382489796,-0.12751213725));
#3159 = CARTESIAN_POINT('',(2.071313941651,-0.170016214799));
#3160 = CARTESIAN_POINT('',(2.071222548366,-0.212520078578));
#3161 = CARTESIAN_POINT('',(2.07110831483,-0.255023668357));
#3162 = CARTESIAN_POINT('',(2.070971247583,-0.297526935616));
#3163 = CARTESIAN_POINT('',(2.068358977136,-0.991924125066));
#3164 = CARTESIAN_POINT('',(2.060541200052,-1.642623646753));
#3165 = CARTESIAN_POINT('',(2.047416434599,-2.292667018256));
#3166 = CARTESIAN_POINT('',(2.029096927776,-2.942467222559));
#3167 = CARTESIAN_POINT('',(2.005750630401,-3.592154150334));
#3168 = CARTESIAN_POINT('',(1.977584081832,-4.241484112153));
#3169 = CARTESIAN_POINT('',(1.944818669164,-4.889816325713));
#3170 = CARTESIAN_POINT('',(1.855926724187,-6.436533220446));
#3171 = CARTESIAN_POINT('',(1.796241535353,-7.323264827172));
#3172 = CARTESIAN_POINT('',(1.728762525501,-8.207217110353));
#3173 = CARTESIAN_POINT('',(1.653079597659,-9.093653027584));
#3174 = CARTESIAN_POINT('',(1.568681260364,-9.983211329936));
#3175 = CARTESIAN_POINT('',(1.47479095,-10.87276848957));
#3176 = CARTESIAN_POINT('',(1.370443434805,-11.7550335711));
#3177 = CARTESIAN_POINT('',(1.203137007443,-12.99063779386));
#3178 = CARTESIAN_POINT('',(1.150423313104,-13.35875716359));
#3179 = CARTESIAN_POINT('',(1.095026789887,-13.72378555277));
#3180 = CARTESIAN_POINT('',(1.036215115464,-14.08759580777));
#3181 = CARTESIAN_POINT('',(0.973276647743,-14.45003829123));
#3182 = CARTESIAN_POINT('',(0.905512329093,-14.80893896173));
#3183 = CARTESIAN_POINT('',(0.832194886613,-15.15988343037));
#3184 = CARTESIAN_POINT('',(0.709498680239,-15.67636715004));
#3185 = CARTESIAN_POINT('',(0.664723891622,-15.85253811206));
#3186 = CARTESIAN_POINT('',(0.617622447975,-16.02453665624));
#3187 = CARTESIAN_POINT('',(0.567697165484,-16.19187131691));
#3188 = CARTESIAN_POINT('',(0.514478517582,-16.35293051));
#3189 = CARTESIAN_POINT('',(0.457525647821,-16.50490363132));
#3190 = CARTESIAN_POINT('',(0.396419354719,-16.6436312649));
#3191 = CARTESIAN_POINT('',(0.316576982889,-16.78915396545));
#3192 = CARTESIAN_POINT('',(0.302208199249,-16.81407405825));
#3193 = CARTESIAN_POINT('',(0.287620727644,-16.83805621717));
#3194 = CARTESIAN_POINT('',(0.272816350689,-16.86102889856));
#3195 = CARTESIAN_POINT('',(0.257796743082,-16.88292016987));
#3196 = CARTESIAN_POINT('',(0.242563471608,-16.9036577096));
#3197 = CARTESIAN_POINT('',(0.227117995139,-16.92316880731));
#3198 = CARTESIAN_POINT('',(0.18646497133,-16.97045669724));
#3199 = CARTESIAN_POINT('',(0.160872138296,-16.99628817184));
#3200 = CARTESIAN_POINT('',(0.134781387479,-17.01843741202));
#3201 = CARTESIAN_POINT('',(0.108285374084,-17.03654790959));
#3202 = CARTESIAN_POINT('',(8.147284794975E-02,-17.05034380099));
#3203 = CARTESIAN_POINT('',(5.443031492945E-02,-17.05962964479));
#3204 = CARTESIAN_POINT('',(2.72436982715E-02,-17.06429019912));
#3205 = CARTESIAN_POINT('',(0.,-17.06429019912));
#3206 = ( GEOMETRIC_REPRESENTATION_CONTEXT(2) 
PARAMETRIC_REPRESENTATION_CONTEXT() REPRESENTATION_CONTEXT('2D SPACE',''
  ) );
#3207 = PCURVE('',#2772,#3208);
#3208 = DEFINITIONAL_REPRESENTATION('',(#3209),#3261);
#3209 = B_SPLINE_CURVE_WITH_KNOTS('',8,(#3210,#3211,#3212,#3213,#3214,
    #3215,#3216,#3217,#3218,#3219,#3220,#3221,#3222,#3223,#3224,#3225,
    #3226,#3227,#3228,#3229,#3230,#3231,#3232,#3233,#3234,#3235,#3236,
    #3237,#3238,#3239,#3240,#3241,#3242,#3243,#3244,#3245,#3246,#3247,
    #3248,#3249,#3250,#3251,#3252,#3253,#3254,#3255,#3256,#3257,#3258,
    #3259,#3260),.UNSPECIFIED.,.F.,.F.,(9,7,7,7,7,7,7,9),(0.,
    1.823532137568E-02,0.297922107602,0.68753668653,0.857275850619,
    0.948811856994,0.96852548245,1.),.UNSPECIFIED.);
#3210 = CARTESIAN_POINT('',(-3.14159265359,-6.193171219946));
#3211 = CARTESIAN_POINT('',(-3.140560997271,-6.193171219593));
#3212 = CARTESIAN_POINT('',(-3.139529345723,-6.193198639362));
#3213 = CARTESIAN_POINT('',(-3.138497694954,-6.193253479178));
#3214 = CARTESIAN_POINT('',(-3.137466042333,-6.193335730628));
#3215 = CARTESIAN_POINT('',(-3.13643438659,-6.193445376952));
#3216 = CARTESIAN_POINT('',(-3.135402727817,-6.193582393049));
#3217 = CARTESIAN_POINT('',(-3.134371067466,-6.193746745474));
#3218 = CARTESIAN_POINT('',(-3.117516192711,-6.196877804518));
#3219 = CARTESIAN_POINT('',(-3.101719615904,-6.206233125726));
#3220 = CARTESIAN_POINT('',(-3.085930578566,-6.221818600856));
#3221 = CARTESIAN_POINT('',(-3.070133111813,-6.24303275771));
#3222 = CARTESIAN_POINT('',(-3.054318024767,-6.268870488204));
#3223 = CARTESIAN_POINT('',(-3.038485071864,-6.297987253282));
#3224 = CARTESIAN_POINT('',(-3.022643674513,-6.328783759092));
#3225 = CARTESIAN_POINT('',(-2.984758415609,-6.402239746576));
#3226 = CARTESIAN_POINT('',(-2.962963450279,-6.44433968478));
#3227 = CARTESIAN_POINT('',(-2.941147941604,-6.481611941679));
#3228 = CARTESIAN_POINT('',(-2.919166008234,-6.509424050526));
#3229 = CARTESIAN_POINT('',(-2.896981214959,-6.521747995881));
#3230 = CARTESIAN_POINT('',(-2.874649058381,-6.510729049887));
#3231 = CARTESIAN_POINT('',(-2.852331340237,-6.466308771866));
#3232 = CARTESIAN_POINT('',(-2.820827676867,-6.335971975834));
#3233 = CARTESIAN_POINT('',(-2.811408302442,-6.287908011947));
#3234 = CARTESIAN_POINT('',(-2.802034531126,-6.229976178688));
#3235 = CARTESIAN_POINT('',(-2.792657294149,-6.160284490173));
#3236 = CARTESIAN_POINT('',(-2.783278569115,-6.076433143222));
#3237 = CARTESIAN_POINT('',(-2.773953015686,-5.975501814475));
#3238 = CARTESIAN_POINT('',(-2.764795810733,-5.854106418618));
#3239 = CARTESIAN_POINT('',(-2.751266446326,-5.630187959025));
#3240 = CARTESIAN_POINT('',(-2.746641203263,-5.544866618307));
#3241 = CARTESIAN_POINT('',(-2.742115543023,-5.451385839181));
#3242 = CARTESIAN_POINT('',(-2.737702916066,-5.348343061721));
#3243 = CARTESIAN_POINT('',(-2.733446393555,-5.234255308423));
#3244 = CARTESIAN_POINT('',(-2.729421463863,-5.107640347578));
#3245 = CARTESIAN_POINT('',(-2.725740527501,-4.967157527923));
#3246 = CARTESIAN_POINT('',(-2.721873891765,-4.778368821998));
#3247 = CARTESIAN_POINT('',(-2.721211508614,-4.744207926893));
#3248 = CARTESIAN_POINT('',(-2.720573835965,-4.70934421795));
#3249 = CARTESIAN_POINT('',(-2.719962804737,-4.67378331764));
#3250 = CARTESIAN_POINT('',(-2.719380357597,-4.637532071933));
#3251 = CARTESIAN_POINT('',(-2.718828448959,-4.600598550299));
#3252 = CARTESIAN_POINT('',(-2.718309044986,-4.562992045706));
#3253 = CARTESIAN_POINT('',(-2.717049904397,-4.463623334006));
#3254 = CARTESIAN_POINT('',(-2.716361776033,-4.400691884714));
#3255 = CARTESIAN_POINT('',(-2.715771508473,-4.336195226874));
#3256 = CARTESIAN_POINT('',(-2.715288719449,-4.270406514992));
#3257 = CARTESIAN_POINT('',(-2.714920867085,-4.203605073661));
#3258 = CARTESIAN_POINT('',(-2.714673242549,-4.136075913262));
#3259 = CARTESIAN_POINT('',(-2.714548962692,-4.068109245679));
#3260 = CARTESIAN_POINT('',(-2.714548962692,-4.));
#3261 = ( GEOMETRIC_REPRESENTATION_CONTEXT(2) 
PARAMETRIC_REPRESENTATION_CONTEXT() REPRESENTATION_CONTEXT('2D SPACE',''
  ) );
#3262 = ORIENTED_EDGE('',*,*,#3263,.T.);
#3263 = EDGE_CURVE('',#3097,#777,#3264,.T.);
#3264 = SEAM_CURVE('',#3265,(#3269,#3276),.PCURVE_S1.);
#3265 = LINE('',#3266,#3267);
#3266 = CARTESIAN_POINT('',(-37.5,0.,7.));
#3267 = VECTOR('',#3268,1.);
#3268 = DIRECTION('',(-0.,1.,-0.));
#3269 = PCURVE('',#1006,#3270);
#3270 = DEFINITIONAL_REPRESENTATION('',(#3271),#3275);
#3271 = LINE('',#3272,#3273);
#3272 = CARTESIAN_POINT('',(6.28318530718,0.));
#3273 = VECTOR('',#3274,1.);
#3274 = DIRECTION('',(0.,-1.));
#3275 = ( GEOMETRIC_REPRESENTATION_CONTEXT(2) 
PARAMETRIC_REPRESENTATION_CONTEXT() REPRESENTATION_CONTEXT('2D SPACE',''
  ) );
#3276 = PCURVE('',#1006,#3277);
#3277 = DEFINITIONAL_REPRESENTATION('',(#3278),#3282);
#3278 = LINE('',#3279,#3280);
#3279 = CARTESIAN_POINT('',(0.,0.));
#3280 = VECTOR('',#3281,1.);
#3281 = DIRECTION('',(0.,-1.));
#3282 = ( GEOMETRIC_REPRESENTATION_CONTEXT(2) 
PARAMETRIC_REPRESENTATION_CONTEXT() REPRESENTATION_CONTEXT('2D SPACE',''
  ) );
#3283 = ORIENTED_EDGE('',*,*,#776,.T.);
#3284 = ORIENTED_EDGE('',*,*,#3263,.F.);
#3285 = ORIENTED_EDGE('',*,*,#3286,.T.);
#3286 = EDGE_CURVE('',#3097,#2849,#3287,.T.);
#3287 = SURFACE_CURVE('',#3288,(#3345,#3405),.PCURVE_S1.);
#3288 = B_SPLINE_CURVE_WITH_KNOTS('',7,(#3289,#3290,#3291,#3292,#3293,
    #3294,#3295,#3296,#3297,#3298,#3299,#3300,#3301,#3302,#3303,#3304,
    #3305,#3306,#3307,#3308,#3309,#3310,#3311,#3312,#3313,#3314,#3315,
    #3316,#3317,#3318,#3319,#3320,#3321,#3322,#3323,#3324,#3325,#3326,
    #3327,#3328,#3329,#3330,#3331,#3332,#3333,#3334,#3335,#3336,#3337,
    #3338,#3339,#3340,#3341,#3342,#3343,#3344),.UNSPECIFIED.,.F.,.F.,(8,
    6,6,6,6,6,6,6,6,8),(0.,3.531976836838E-02,6.22341829692E-02,
    0.112852481171,0.179189599098,0.385027977714,0.694965794309,
    0.852101924886,0.948062564291,1.),.UNSPECIFIED.);
#3289 = CARTESIAN_POINT('',(-37.5,17.064290199126,7.));
#3290 = CARTESIAN_POINT('',(-37.5,17.064290199126,6.911116691388));
#3291 = CARTESIAN_POINT('',(-37.50368650282,17.056187995021,
    6.822579388925));
#3292 = CARTESIAN_POINT('',(-37.51100882779,17.040098325103,
    6.73503440633));
#3293 = CARTESIAN_POINT('',(-37.52178809148,17.016380615649,
    6.649117605229));
#3294 = CARTESIAN_POINT('',(-37.53572417052,16.985638932893,
    6.565447275605));
#3295 = CARTESIAN_POINT('',(-37.55240266447,16.948721935009,
    6.484617016249));
#3296 = CARTESIAN_POINT('',(-37.58570344642,16.874718608412,
    6.348186527045));
#3297 = CARTESIAN_POINT('',(-37.60144035751,16.839662009992,
    6.290972956913));
#3298 = CARTESIAN_POINT('',(-37.61836301607,16.801856150557,
    6.235549823938));
#3299 = CARTESIAN_POINT('',(-37.63632985761,16.761587645421,
    6.181911199574));
#3300 = CARTESIAN_POINT('',(-37.65520772543,16.719126754827,
    6.130043497657));
#3301 = CARTESIAN_POINT('',(-37.67487226716,16.674727535303,
    6.079925664455));
#3302 = CARTESIAN_POINT('',(-37.73345463798,16.541927963759,
    5.940509810389));
#3303 = CARTESIAN_POINT('',(-37.77414426449,16.44905984917,5.85541817125
    ));
#3304 = CARTESIAN_POINT('',(-37.81662052988,16.351350854616,
    5.775880958895));
#3305 = CARTESIAN_POINT('',(-37.86038470316,16.24981937474,
    5.701483052447));
#3306 = CARTESIAN_POINT('',(-37.90507920889,16.145197212,5.631787561761)
  );
#3307 = CARTESIAN_POINT('',(-37.95047083277,16.037951797205,
    5.566355686618));
#3308 = CARTESIAN_POINT('',(-38.05667023185,15.784616769632,
    5.42405180984));
#3309 = CARTESIAN_POINT('',(-38.11789919533,15.636779181121,
    5.349921187646));
#3310 = CARTESIAN_POINT('',(-38.17957799232,15.485917239165,
    5.281777839885));
#3311 = CARTESIAN_POINT('',(-38.24134451876,15.332801062599,
    5.219039875534));
#3312 = CARTESIAN_POINT('',(-38.30298987551,15.177876598172,
    5.161154594403));
#3313 = CARTESIAN_POINT('',(-38.36443151363,15.021292445767,
    5.10761162942));
#3314 = CARTESIAN_POINT('',(-38.61575768313,14.371529364042,
    4.903874821443));
#3315 = CARTESIAN_POINT('',(-38.80521089787,13.859939338819,
    4.786260031695));
#3316 = CARTESIAN_POINT('',(-38.98797168546,13.341085825113,
    4.697631248717));
#3317 = CARTESIAN_POINT('',(-39.16193525318,12.821027904896,
    4.631587685731));
#3318 = CARTESIAN_POINT('',(-39.32690292902,12.301501988049,
    4.583243832007));
#3319 = CARTESIAN_POINT('',(-39.48402932077,11.779524795967,
    4.549069637704));
#3320 = CARTESIAN_POINT('',(-39.86229558101,10.446561946064,
    4.493242948557));
#3321 = CARTESIAN_POINT('',(-40.07174275071,9.636587115951,4.48723443677
    ));
#3322 = CARTESIAN_POINT('',(-40.26124776228,8.823803455293,
    4.500616674059));
#3323 = CARTESIAN_POINT('',(-40.43057746161,8.011024984915,
    4.527108707587));
#3324 = CARTESIAN_POINT('',(-40.58017782083,7.198587854322,
    4.561678347157));
#3325 = CARTESIAN_POINT('',(-40.71068195213,6.38470125722,4.600223625616
    ));
#3326 = CARTESIAN_POINT('',(-40.87904050491,5.149744916738,
    4.658870954288));
#3327 = CARTESIAN_POINT('',(-40.93072256558,4.733783469762,
    4.678651798233));
#3328 = CARTESIAN_POINT('',(-40.97743837024,4.317450486858,
    4.697983250841));
#3329 = CARTESIAN_POINT('',(-41.01919089295,3.900816175319,
    4.716402196701));
#3330 = CARTESIAN_POINT('',(-41.05598846999,3.483903458442,
    4.733491110056));
#3331 = CARTESIAN_POINT('',(-41.08783917777,3.066688151665,
    4.748887049806));
#3332 = CARTESIAN_POINT('',(-41.13117631507,2.394083894615,
    4.770476031569));
#3333 = CARTESIAN_POINT('',(-41.14570524553,2.139827205956,
    4.777889544247));
#3334 = CARTESIAN_POINT('',(-41.1583285851,1.886755828344,4.784458888751
    ));
#3335 = CARTESIAN_POINT('',(-41.16904323452,1.635526989016,
    4.790121678954));
#3336 = CARTESIAN_POINT('',(-41.17786402107,1.387085078267,
    4.794836575784));
#3337 = CARTESIAN_POINT('',(-41.18484130728,1.142718340907,
    4.798594416604));
#3338 = CARTESIAN_POINT('',(-41.19291321526,0.774974950582,
    4.802963712137));
#3339 = CARTESIAN_POINT('',(-41.19527545105,0.645824446524,
    4.804247895982));
#3340 = CARTESIAN_POINT('',(-41.19716526262,0.51666668466,4.805278577781
    ));
#3341 = CARTESIAN_POINT('',(-41.19858262893,0.387503630528,
    4.806053260678));
#3342 = CARTESIAN_POINT('',(-41.19952754294,0.258336912259,
    4.806570274562));
#3343 = CARTESIAN_POINT('',(-41.2000000023,0.129168146758,4.806828781313
    ));
#3344 = CARTESIAN_POINT('',(-41.2,-7.341125388582E-07,4.806828780054));
#3345 = PCURVE('',#1006,#3346);
#3346 = DEFINITIONAL_REPRESENTATION('',(#3347),#3404);
#3347 = B_SPLINE_CURVE_WITH_KNOTS('',7,(#3348,#3349,#3350,#3351,#3352,
    #3353,#3354,#3355,#3356,#3357,#3358,#3359,#3360,#3361,#3362,#3363,
    #3364,#3365,#3366,#3367,#3368,#3369,#3370,#3371,#3372,#3373,#3374,
    #3375,#3376,#3377,#3378,#3379,#3380,#3381,#3382,#3383,#3384,#3385,
    #3386,#3387,#3388,#3389,#3390,#3391,#3392,#3393,#3394,#3395,#3396,
    #3397,#3398,#3399,#3400,#3401,#3402,#3403),.UNSPECIFIED.,.F.,.F.,(8,
    6,6,6,6,6,6,6,6,8),(0.,3.531976836838E-02,6.22341829692E-02,
    0.112852481171,0.179189599098,0.385027977714,0.694965794309,
    0.852101924886,0.948062564291,1.),.UNSPECIFIED.);
#3348 = CARTESIAN_POINT('',(6.28318530718,-17.06429019912));
#3349 = CARTESIAN_POINT('',(6.247631983735,-17.06429019912));
#3350 = CARTESIAN_POINT('',(6.212217217149,-17.05618799502));
#3351 = CARTESIAN_POINT('',(6.177125558637,-17.0400983251));
#3352 = CARTESIAN_POINT('',(6.142541135393,-17.01638061564));
#3353 = CARTESIAN_POINT('',(6.108653088926,-16.98563893289));
#3354 = CARTESIAN_POINT('',(6.075661013412,-16.948721935));
#3355 = CARTESIAN_POINT('',(6.019486684096,-16.87471860841));
#3356 = CARTESIAN_POINT('',(5.995761317152,-16.83966200999));
#3357 = CARTESIAN_POINT('',(5.972595828611,-16.80185615055));
#3358 = CARTESIAN_POINT('',(5.949982824577,-16.76158764542));
#3359 = CARTESIAN_POINT('',(5.927915387536,-16.71912675482));
#3360 = CARTESIAN_POINT('',(5.906386482048,-16.6747275353));
#3361 = CARTESIAN_POINT('',(5.845896913313,-16.54192796375));
#3362 = CARTESIAN_POINT('',(5.808212510821,-16.44905984917));
#3363 = CARTESIAN_POINT('',(5.772200043046,-16.35135085461));
#3364 = CARTESIAN_POINT('',(5.737722618022,-16.24981937474));
#3365 = CARTESIAN_POINT('',(5.704639676653,-16.145197212));
#3366 = CARTESIAN_POINT('',(5.672805107636,-16.0379517972));
#3367 = CARTESIAN_POINT('',(5.601779809933,-15.78461676963));
#3368 = CARTESIAN_POINT('',(5.563367432939,-15.63677918112));
#3369 = CARTESIAN_POINT('',(5.526660120898,-15.48591723916));
#3370 = CARTESIAN_POINT('',(5.491495469392,-15.33280106259));
#3371 = CARTESIAN_POINT('',(5.457708693152,-15.17787659817));
#3372 = CARTESIAN_POINT('',(5.425130134755,-15.02129244576));
#3373 = CARTESIAN_POINT('',(5.295716979072,-14.37152936404));
#3374 = CARTESIAN_POINT('',(5.207222143688,-13.85993933881));
#3375 = CARTESIAN_POINT('',(5.126580940241,-13.34108582511));
#3376 = CARTESIAN_POINT('',(5.05260486448,-12.82102790489));
#3377 = CARTESIAN_POINT('',(4.984127454583,-12.30150198804));
#3378 = CARTESIAN_POINT('',(4.919955112731,-11.77952479596));
#3379 = CARTESIAN_POINT('',(4.767009641212,-10.44656194606));
#3380 = CARTESIAN_POINT('',(4.683777218588,-9.636587115951));
#3381 = CARTESIAN_POINT('',(4.608303560909,-8.823803455293));
#3382 = CARTESIAN_POINT('',(4.54010923596,-8.011024984915));
#3383 = CARTESIAN_POINT('',(4.478875691613,-7.198587854322));
#3384 = CARTESIAN_POINT('',(4.424507830961,-6.38470125722));
#3385 = CARTESIAN_POINT('',(4.353195434895,-5.149744916738));
#3386 = CARTESIAN_POINT('',(4.331070323641,-4.733783469762));
#3387 = CARTESIAN_POINT('',(4.310857767646,-4.317450486858));
#3388 = CARTESIAN_POINT('',(4.292610768655,-3.900816175319));
#3389 = CARTESIAN_POINT('',(4.276385130682,-3.483903458442));
#3390 = CARTESIAN_POINT('',(4.262235535427,-3.066688151665));
#3391 = CARTESIAN_POINT('',(4.242868794442,-2.394083894615));
#3392 = CARTESIAN_POINT('',(4.23634467524,-2.139827205956));
#3393 = CARTESIAN_POINT('',(4.230652758406,-1.886755828344));
#3394 = CARTESIAN_POINT('',(4.225805256814,-1.635526989016));
#3395 = CARTESIAN_POINT('',(4.221804544428,-1.387085078267));
#3396 = CARTESIAN_POINT('',(4.218634602826,-1.142718340907));
#3397 = CARTESIAN_POINT('',(4.214963168406,-0.774974950582));
#3398 = CARTESIAN_POINT('',(4.213887676717,-0.645824556981));
#3399 = CARTESIAN_POINT('',(4.213026637258,-0.516666706825));
#3400 = CARTESIAN_POINT('',(4.212380533831,-0.387503495195));
#3401 = CARTESIAN_POINT('',(4.21194968955,-0.258336798537));
#3402 = CARTESIAN_POINT('',(4.211734266931,-0.129168280871));
#3403 = CARTESIAN_POINT('',(4.21173426798,5.999999999062E-07));
#3404 = ( GEOMETRIC_REPRESENTATION_CONTEXT(2) 
PARAMETRIC_REPRESENTATION_CONTEXT() REPRESENTATION_CONTEXT('2D SPACE',''
  ) );
#3405 = PCURVE('',#2772,#3406);
#3406 = DEFINITIONAL_REPRESENTATION('',(#3407),#3464);
#3407 = B_SPLINE_CURVE_WITH_KNOTS('',7,(#3408,#3409,#3410,#3411,#3412,
    #3413,#3414,#3415,#3416,#3417,#3418,#3419,#3420,#3421,#3422,#3423,
    #3424,#3425,#3426,#3427,#3428,#3429,#3430,#3431,#3432,#3433,#3434,
    #3435,#3436,#3437,#3438,#3439,#3440,#3441,#3442,#3443,#3444,#3445,
    #3446,#3447,#3448,#3449,#3450,#3451,#3452,#3453,#3454,#3455,#3456,
    #3457,#3458,#3459,#3460,#3461,#3462,#3463),.UNSPECIFIED.,.F.,.F.,(8,
    6,6,6,6,6,6,6,6,8),(0.,3.531976836838E-02,6.22341829692E-02,
    0.112852481171,0.179189599098,0.385027977714,0.694965794309,
    0.852101924886,0.948062564291,1.),.UNSPECIFIED.);
#3408 = CARTESIAN_POINT('',(-2.714548962692,-4.));
#3409 = CARTESIAN_POINT('',(-2.714548962692,-3.911116691388));
#3410 = CARTESIAN_POINT('',(-2.714765017573,-3.822579388925));
#3411 = CARTESIAN_POINT('',(-2.71519408311,-3.73503440633));
#3412 = CARTESIAN_POINT('',(-2.715826420246,-3.649117605229));
#3413 = CARTESIAN_POINT('',(-2.716645667195,-3.565447275605));
#3414 = CARTESIAN_POINT('',(-2.717628911548,-3.484617016249));
#3415 = CARTESIAN_POINT('',(-2.719598588481,-3.348186527045));
#3416 = CARTESIAN_POINT('',(-2.72053127633,-3.290972956913));
#3417 = CARTESIAN_POINT('',(-2.72153662775,-3.235549823938));
#3418 = CARTESIAN_POINT('',(-2.722606890724,-3.181911199574));
#3419 = CARTESIAN_POINT('',(-2.723734759919,-3.130043497657));
#3420 = CARTESIAN_POINT('',(-2.724913377217,-3.079925664455));
#3421 = CARTESIAN_POINT('',(-2.728436360042,-2.940509810389));
#3422 = CARTESIAN_POINT('',(-2.730897298417,-2.85541817125));
#3423 = CARTESIAN_POINT('',(-2.733483261505,-2.775880958895));
#3424 = CARTESIAN_POINT('',(-2.736166779825,-2.701483052447));
#3425 = CARTESIAN_POINT('',(-2.738928139753,-2.631787561761));
#3426 = CARTESIAN_POINT('',(-2.741754722999,-2.566355686618));
#3427 = CARTESIAN_POINT('',(-2.748422059941,-2.42405180984));
#3428 = CARTESIAN_POINT('',(-2.752305893837,-2.349921187646));
#3429 = CARTESIAN_POINT('',(-2.756261735884,-2.281777839885));
#3430 = CARTESIAN_POINT('',(-2.760269059587,-2.219039875534));
#3431 = CARTESIAN_POINT('',(-2.764316038177,-2.161154594403));
#3432 = CARTESIAN_POINT('',(-2.768398689823,-2.10761162942));
#3433 = CARTESIAN_POINT('',(-2.785308292013,-1.903874821443));
#3434 = CARTESIAN_POINT('',(-2.798548245641,-1.786260031695));
#3435 = CARTESIAN_POINT('',(-2.811897443459,-1.697631248717));
#3436 = CARTESIAN_POINT('',(-2.825204797218,-1.631587685732));
#3437 = CARTESIAN_POINT('',(-2.838432706326,-1.583243832006));
#3438 = CARTESIAN_POINT('',(-2.851661951836,-1.549069637704));
#3439 = CARTESIAN_POINT('',(-2.885292914369,-1.493242948557));
#3440 = CARTESIAN_POINT('',(-2.905593549196,-1.48723443677));
#3441 = CARTESIAN_POINT('',(-2.925841125036,-1.500616674059));
#3442 = CARTESIAN_POINT('',(-2.945982360858,-1.527108707587));
#3443 = CARTESIAN_POINT('',(-2.966024659374,-1.561678347157));
#3444 = CARTESIAN_POINT('',(-2.986026009636,-1.600223625616));
#3445 = CARTESIAN_POINT('',(-3.016277938344,-1.658870954288));
#3446 = CARTESIAN_POINT('',(-3.026451001766,-1.678651798233));
#3447 = CARTESIAN_POINT('',(-3.036618442991,-1.697983250841));
#3448 = CARTESIAN_POINT('',(-3.046780293273,-1.716402196701));
#3449 = CARTESIAN_POINT('',(-3.056937731509,-1.733491110056));
#3450 = CARTESIAN_POINT('',(-3.067093070513,-1.748887049806));
#3451 = CARTESIAN_POINT('',(-3.083452268499,-1.770476031569));
#3452 = CARTESIAN_POINT('',(-3.089633453885,-1.777889544247));
#3453 = CARTESIAN_POINT('',(-3.095783338602,-1.784458888751));
#3454 = CARTESIAN_POINT('',(-3.101886386708,-1.790121678954));
#3455 = CARTESIAN_POINT('',(-3.107920097341,-1.794836575784));
#3456 = CARTESIAN_POINT('',(-3.113853614915,-1.798594416604));
#3457 = CARTESIAN_POINT('',(-3.122781575308,-1.802963712137));
#3458 = CARTESIAN_POINT('',(-3.125916802296,-1.80424789602));
#3459 = CARTESIAN_POINT('',(-3.129051999285,-1.805278577783));
#3460 = CARTESIAN_POINT('',(-3.132187172047,-1.806053260627));
#3461 = CARTESIAN_POINT('',(-3.135322337425,-1.806570274535));
#3462 = CARTESIAN_POINT('',(-3.138457507652,-1.806828781382));
#3463 = CARTESIAN_POINT('',(-3.141592674663,-1.806828780054));
#3464 = ( GEOMETRIC_REPRESENTATION_CONTEXT(2) 
PARAMETRIC_REPRESENTATION_CONTEXT() REPRESENTATION_CONTEXT('2D SPACE',''
  ) );
#3465 = ORIENTED_EDGE('',*,*,#3015,.F.);
#3466 = ORIENTED_EDGE('',*,*,#3467,.F.);
#3467 = EDGE_CURVE('',#3468,#3016,#3470,.T.);
#3468 = VERTEX_POINT('',#3469);
#3469 = CARTESIAN_POINT('',(-38.5,12.,9.));
#3470 = SURFACE_CURVE('',#3471,(#3475,#3481),.PCURVE_S1.);
#3471 = LINE('',#3472,#3473);
#3472 = CARTESIAN_POINT('',(-38.5,0.,9.));
#3473 = VECTOR('',#3474,1.);
#3474 = DIRECTION('',(0.,-1.,0.));
#3475 = PCURVE('',#1006,#3476);
#3476 = DEFINITIONAL_REPRESENTATION('',(#3477),#3480);
#3477 = B_SPLINE_CURVE_WITH_KNOTS('',1,(#3478,#3479),.UNSPECIFIED.,.F.,
  .F.,(2,2),(-14.4,6.E-07),.PIECEWISE_BEZIER_KNOTS.);
#3478 = CARTESIAN_POINT('',(0.927295218002,-14.4));
#3479 = CARTESIAN_POINT('',(0.927295218002,6.E-07));
#3480 = ( GEOMETRIC_REPRESENTATION_CONTEXT(2) 
PARAMETRIC_REPRESENTATION_CONTEXT() REPRESENTATION_CONTEXT('2D SPACE',''
  ) );
#3481 = PCURVE('',#3053,#3482);
#3482 = DEFINITIONAL_REPRESENTATION('',(#3483),#3486);
#3483 = B_SPLINE_CURVE_WITH_KNOTS('',1,(#3484,#3485),.UNSPECIFIED.,.F.,
  .F.,(2,2),(-14.4,6.E-07),.PIECEWISE_BEZIER_KNOTS.);
#3484 = CARTESIAN_POINT('',(52.5,26.4));
#3485 = CARTESIAN_POINT('',(52.5,11.9999994));
#3486 = ( GEOMETRIC_REPRESENTATION_CONTEXT(2) 
PARAMETRIC_REPRESENTATION_CONTEXT() REPRESENTATION_CONTEXT('2D SPACE',''
  ) );
#3487 = ORIENTED_EDGE('',*,*,#3488,.T.);
#3488 = EDGE_CURVE('',#3468,#3095,#3489,.T.);
#3489 = SURFACE_CURVE('',#3490,(#3495,#3502),.PCURVE_S1.);
#3490 = CIRCLE('',#3491,2.5);
#3491 = AXIS2_PLACEMENT_3D('',#3492,#3493,#3494);
#3492 = CARTESIAN_POINT('',(-40.,12.,7.));
#3493 = DIRECTION('',(0.,-1.,0.));
#3494 = DIRECTION('',(1.,0.,0.));
#3495 = PCURVE('',#1006,#3496);
#3496 = DEFINITIONAL_REPRESENTATION('',(#3497),#3501);
#3497 = LINE('',#3498,#3499);
#3498 = CARTESIAN_POINT('',(0.,-12.));
#3499 = VECTOR('',#3500,1.);
#3500 = DIRECTION('',(1.,0.));
#3501 = ( GEOMETRIC_REPRESENTATION_CONTEXT(2) 
PARAMETRIC_REPRESENTATION_CONTEXT() REPRESENTATION_CONTEXT('2D SPACE',''
  ) );
#3502 = PCURVE('',#3503,#3508);
#3503 = PLANE('',#3504);
#3504 = AXIS2_PLACEMENT_3D('',#3505,#3506,#3507);
#3505 = CARTESIAN_POINT('',(-91.,12.,9.));
#3506 = DIRECTION('',(0.,1.,0.));
#3507 = DIRECTION('',(0.,0.,1.));
#3508 = DEFINITIONAL_REPRESENTATION('',(#3509),#3517);
#3509 = ( BOUNDED_CURVE() B_SPLINE_CURVE(2,(#3510,#3511,#3512,#3513,
#3514,#3515,#3516),.UNSPECIFIED.,.T.,.F.) B_SPLINE_CURVE_WITH_KNOTS((1,2
    ,2,2,2,1),(-2.094395102393,0.,2.094395102393,4.188790204786,
6.28318530718,8.377580409573),.UNSPECIFIED.) CURVE() 
GEOMETRIC_REPRESENTATION_ITEM() RATIONAL_B_SPLINE_CURVE((1.,0.5,1.,0.5,
1.,0.5,1.)) REPRESENTATION_ITEM('') );
#3510 = CARTESIAN_POINT('',(-2.,53.5));
#3511 = CARTESIAN_POINT('',(2.330127018922,53.5));
#3512 = CARTESIAN_POINT('',(0.165063509461,49.75));
#3513 = CARTESIAN_POINT('',(-2.,46.));
#3514 = CARTESIAN_POINT('',(-4.165063509461,49.75));
#3515 = CARTESIAN_POINT('',(-6.330127018922,53.5));
#3516 = CARTESIAN_POINT('',(-2.,53.5));
#3517 = ( GEOMETRIC_REPRESENTATION_CONTEXT(2) 
PARAMETRIC_REPRESENTATION_CONTEXT() REPRESENTATION_CONTEXT('2D SPACE',''
  ) );
#3518 = ADVANCED_FACE('',(#3519),#1150,.F.);
#3519 = FACE_BOUND('',#3520,.F.);
#3520 = EDGE_LOOP('',(#3521,#3542,#3543,#3564));
#3521 = ORIENTED_EDGE('',*,*,#3522,.F.);
#3522 = EDGE_CURVE('',#2307,#1133,#3523,.T.);
#3523 = SURFACE_CURVE('',#3524,(#3528,#3535),.PCURVE_S1.);
#3524 = LINE('',#3525,#3526);
#3525 = CARTESIAN_POINT('',(-91.,-12.,9.));
#3526 = VECTOR('',#3527,1.);
#3527 = DIRECTION('',(0.,0.,1.));
#3528 = PCURVE('',#1150,#3529);
#3529 = DEFINITIONAL_REPRESENTATION('',(#3530),#3534);
#3530 = LINE('',#3531,#3532);
#3531 = CARTESIAN_POINT('',(0.,0.));
#3532 = VECTOR('',#3533,1.);
#3533 = DIRECTION('',(1.,0.));
#3534 = ( GEOMETRIC_REPRESENTATION_CONTEXT(2) 
PARAMETRIC_REPRESENTATION_CONTEXT() REPRESENTATION_CONTEXT('2D SPACE',''
  ) );
#3535 = PCURVE('',#1178,#3536);
#3536 = DEFINITIONAL_REPRESENTATION('',(#3537),#3541);
#3537 = LINE('',#3538,#3539);
#3538 = CARTESIAN_POINT('',(0.,0.));
#3539 = VECTOR('',#3540,1.);
#3540 = DIRECTION('',(1.,0.));
#3541 = ( GEOMETRIC_REPRESENTATION_CONTEXT(2) 
PARAMETRIC_REPRESENTATION_CONTEXT() REPRESENTATION_CONTEXT('2D SPACE',''
  ) );
#3542 = ORIENTED_EDGE('',*,*,#2306,.T.);
#3543 = ORIENTED_EDGE('',*,*,#3544,.T.);
#3544 = EDGE_CURVE('',#2284,#1135,#3545,.T.);
#3545 = SURFACE_CURVE('',#3546,(#3550,#3557),.PCURVE_S1.);
#3546 = LINE('',#3547,#3548);
#3547 = CARTESIAN_POINT('',(-91.,12.,9.));
#3548 = VECTOR('',#3549,1.);
#3549 = DIRECTION('',(0.,0.,1.));
#3550 = PCURVE('',#1150,#3551);
#3551 = DEFINITIONAL_REPRESENTATION('',(#3552),#3556);
#3552 = LINE('',#3553,#3554);
#3553 = CARTESIAN_POINT('',(0.,-24.));
#3554 = VECTOR('',#3555,1.);
#3555 = DIRECTION('',(1.,0.));
#3556 = ( GEOMETRIC_REPRESENTATION_CONTEXT(2) 
PARAMETRIC_REPRESENTATION_CONTEXT() REPRESENTATION_CONTEXT('2D SPACE',''
  ) );
#3557 = PCURVE('',#1449,#3558);
#3558 = DEFINITIONAL_REPRESENTATION('',(#3559),#3563);
#3559 = LINE('',#3560,#3561);
#3560 = CARTESIAN_POINT('',(0.,0.));
#3561 = VECTOR('',#3562,1.);
#3562 = DIRECTION('',(1.,0.));
#3563 = ( GEOMETRIC_REPRESENTATION_CONTEXT(2) 
PARAMETRIC_REPRESENTATION_CONTEXT() REPRESENTATION_CONTEXT('2D SPACE',''
  ) );
#3564 = ORIENTED_EDGE('',*,*,#1132,.F.);
#3565 = ADVANCED_FACE('',(#3566),#1178,.F.);
#3566 = FACE_BOUND('',#3567,.F.);
#3567 = EDGE_LOOP('',(#3568,#3569,#3570,#3571));
#3568 = ORIENTED_EDGE('',*,*,#2329,.F.);
#3569 = ORIENTED_EDGE('',*,*,#3522,.T.);
#3570 = ORIENTED_EDGE('',*,*,#1162,.T.);
#3571 = ORIENTED_EDGE('',*,*,#3572,.T.);
#3572 = EDGE_CURVE('',#1163,#2330,#3573,.T.);
#3573 = SURFACE_CURVE('',#3574,(#3578,#3584),.PCURVE_S1.);
#3574 = LINE('',#3575,#3576);
#3575 = CARTESIAN_POINT('',(-81.,-12.,9.));
#3576 = VECTOR('',#3577,1.);
#3577 = DIRECTION('',(-0.,-0.,-1.));
#3578 = PCURVE('',#1178,#3579);
#3579 = DEFINITIONAL_REPRESENTATION('',(#3580),#3583);
#3580 = B_SPLINE_CURVE_WITH_KNOTS('',1,(#3581,#3582),.UNSPECIFIED.,.F.,
  .F.,(2,2),(-5.0000006,5.999999999062E-07),.PIECEWISE_BEZIER_KNOTS.);
#3581 = CARTESIAN_POINT('',(5.0000006,10.));
#3582 = CARTESIAN_POINT('',(-5.999999999062E-07,10.));
#3583 = ( GEOMETRIC_REPRESENTATION_CONTEXT(2) 
PARAMETRIC_REPRESENTATION_CONTEXT() REPRESENTATION_CONTEXT('2D SPACE',''
  ) );
#3584 = PCURVE('',#1207,#3585);
#3585 = DEFINITIONAL_REPRESENTATION('',(#3586),#3589);
#3586 = B_SPLINE_CURVE_WITH_KNOTS('',1,(#3587,#3588),.UNSPECIFIED.,.F.,
  .F.,(2,2),(-5.0000006,5.999999999062E-07),.PIECEWISE_BEZIER_KNOTS.);
#3587 = CARTESIAN_POINT('',(-4.068887871591,-5.0000006));
#3588 = CARTESIAN_POINT('',(-4.068887871591,5.999999999062E-07));
#3589 = ( GEOMETRIC_REPRESENTATION_CONTEXT(2) 
PARAMETRIC_REPRESENTATION_CONTEXT() REPRESENTATION_CONTEXT('2D SPACE',''
  ) );
#3590 = ADVANCED_FACE('',(#3591),#1207,.T.);
#3591 = FACE_BOUND('',#3592,.F.);
#3592 = EDGE_LOOP('',(#3593,#3594,#3613,#3614));
#3593 = ORIENTED_EDGE('',*,*,#1190,.T.);
#3594 = ORIENTED_EDGE('',*,*,#3595,.T.);
#3595 = EDGE_CURVE('',#1191,#2353,#3596,.T.);
#3596 = SURFACE_CURVE('',#3597,(#3601,#3607),.PCURVE_S1.);
#3597 = LINE('',#3598,#3599);
#3598 = CARTESIAN_POINT('',(-65.5,-13.51850583459,9.));
#3599 = VECTOR('',#3600,1.);
#3600 = DIRECTION('',(-0.,-0.,-1.));
#3601 = PCURVE('',#1207,#3602);
#3602 = DEFINITIONAL_REPRESENTATION('',(#3603),#3606);
#3603 = B_SPLINE_CURVE_WITH_KNOTS('',1,(#3604,#3605),.UNSPECIFIED.,.F.,
  .F.,(2,2),(-5.0000006,5.999999999062E-07),.PIECEWISE_BEZIER_KNOTS.);
#3604 = CARTESIAN_POINT('',(-5.160577116364,-5.0000006));
#3605 = CARTESIAN_POINT('',(-5.160577116364,5.999999999062E-07));
#3606 = ( GEOMETRIC_REPRESENTATION_CONTEXT(2) 
PARAMETRIC_REPRESENTATION_CONTEXT() REPRESENTATION_CONTEXT('2D SPACE',''
  ) );
#3607 = PCURVE('',#1235,#3608);
#3608 = DEFINITIONAL_REPRESENTATION('',(#3609),#3612);
#3609 = B_SPLINE_CURVE_WITH_KNOTS('',1,(#3610,#3611),.UNSPECIFIED.,.F.,
  .F.,(2,2),(-5.0000006,5.999999999062E-07),.PIECEWISE_BEZIER_KNOTS.);
#3610 = CARTESIAN_POINT('',(8.0000006,-4.981494165404));
#3611 = CARTESIAN_POINT('',(2.9999994,-4.981494165404));
#3612 = ( GEOMETRIC_REPRESENTATION_CONTEXT(2) 
PARAMETRIC_REPRESENTATION_CONTEXT() REPRESENTATION_CONTEXT('2D SPACE',''
  ) );
#3613 = ORIENTED_EDGE('',*,*,#2352,.F.);
#3614 = ORIENTED_EDGE('',*,*,#3572,.F.);
#3615 = ADVANCED_FACE('',(#3616),#1235,.F.);
#3616 = FACE_BOUND('',#3617,.F.);
#3617 = EDGE_LOOP('',(#3618,#3619,#3642,#3670,#3691,#3692));
#3618 = ORIENTED_EDGE('',*,*,#1219,.F.);
#3619 = ORIENTED_EDGE('',*,*,#3620,.F.);
#3620 = EDGE_CURVE('',#3621,#1220,#3623,.T.);
#3621 = VERTEX_POINT('',#3622);
#3622 = CARTESIAN_POINT('',(-65.5,-18.5,6.));
#3623 = SURFACE_CURVE('',#3624,(#3628,#3635),.PCURVE_S1.);
#3624 = LINE('',#3625,#3626);
#3625 = CARTESIAN_POINT('',(-65.5,-18.5,6.));
#3626 = VECTOR('',#3627,1.);
#3627 = DIRECTION('',(0.,0.,1.));
#3628 = PCURVE('',#1235,#3629);
#3629 = DEFINITIONAL_REPRESENTATION('',(#3630),#3634);
#3630 = LINE('',#3631,#3632);
#3631 = CARTESIAN_POINT('',(0.,0.));
#3632 = VECTOR('',#3633,1.);
#3633 = DIRECTION('',(1.,0.));
#3634 = ( GEOMETRIC_REPRESENTATION_CONTEXT(2) 
PARAMETRIC_REPRESENTATION_CONTEXT() REPRESENTATION_CONTEXT('2D SPACE',''
  ) );
#3635 = PCURVE('',#1263,#3636);
#3636 = DEFINITIONAL_REPRESENTATION('',(#3637),#3641);
#3637 = LINE('',#3638,#3639);
#3638 = CARTESIAN_POINT('',(0.,0.));
#3639 = VECTOR('',#3640,1.);
#3640 = DIRECTION('',(1.,0.));
#3641 = ( GEOMETRIC_REPRESENTATION_CONTEXT(2) 
PARAMETRIC_REPRESENTATION_CONTEXT() REPRESENTATION_CONTEXT('2D SPACE',''
  ) );
#3642 = ORIENTED_EDGE('',*,*,#3643,.T.);
#3643 = EDGE_CURVE('',#3621,#3644,#3646,.T.);
#3644 = VERTEX_POINT('',#3645);
#3645 = CARTESIAN_POINT('',(-65.5,-11.5,6.));
#3646 = SURFACE_CURVE('',#3647,(#3651,#3658),.PCURVE_S1.);
#3647 = LINE('',#3648,#3649);
#3648 = CARTESIAN_POINT('',(-65.5,-18.5,6.));
#3649 = VECTOR('',#3650,1.);
#3650 = DIRECTION('',(0.,1.,0.));
#3651 = PCURVE('',#1235,#3652);
#3652 = DEFINITIONAL_REPRESENTATION('',(#3653),#3657);
#3653 = LINE('',#3654,#3655);
#3654 = CARTESIAN_POINT('',(0.,0.));
#3655 = VECTOR('',#3656,1.);
#3656 = DIRECTION('',(0.,-1.));
#3657 = ( GEOMETRIC_REPRESENTATION_CONTEXT(2) 
PARAMETRIC_REPRESENTATION_CONTEXT() REPRESENTATION_CONTEXT('2D SPACE',''
  ) );
#3658 = PCURVE('',#3659,#3664);
#3659 = PLANE('',#3660);
#3660 = AXIS2_PLACEMENT_3D('',#3661,#3662,#3663);
#3661 = CARTESIAN_POINT('',(-65.5,-18.5,6.));
#3662 = DIRECTION('',(0.,0.,1.));
#3663 = DIRECTION('',(1.,0.,0.));
#3664 = DEFINITIONAL_REPRESENTATION('',(#3665),#3669);
#3665 = LINE('',#3666,#3667);
#3666 = CARTESIAN_POINT('',(0.,0.));
#3667 = VECTOR('',#3668,1.);
#3668 = DIRECTION('',(0.,1.));
#3669 = ( GEOMETRIC_REPRESENTATION_CONTEXT(2) 
PARAMETRIC_REPRESENTATION_CONTEXT() REPRESENTATION_CONTEXT('2D SPACE',''
  ) );
#3670 = ORIENTED_EDGE('',*,*,#3671,.T.);
#3671 = EDGE_CURVE('',#3644,#2377,#3672,.T.);
#3672 = SURFACE_CURVE('',#3673,(#3677,#3684),.PCURVE_S1.);
#3673 = LINE('',#3674,#3675);
#3674 = CARTESIAN_POINT('',(-65.5,-11.5,6.));
#3675 = VECTOR('',#3676,1.);
#3676 = DIRECTION('',(0.,0.,1.));
#3677 = PCURVE('',#1235,#3678);
#3678 = DEFINITIONAL_REPRESENTATION('',(#3679),#3683);
#3679 = LINE('',#3680,#3681);
#3680 = CARTESIAN_POINT('',(0.,-7.));
#3681 = VECTOR('',#3682,1.);
#3682 = DIRECTION('',(1.,0.));
#3683 = ( GEOMETRIC_REPRESENTATION_CONTEXT(2) 
PARAMETRIC_REPRESENTATION_CONTEXT() REPRESENTATION_CONTEXT('2D SPACE',''
  ) );
#3684 = PCURVE('',#2412,#3685);
#3685 = DEFINITIONAL_REPRESENTATION('',(#3686),#3690);
#3686 = LINE('',#3687,#3688);
#3687 = CARTESIAN_POINT('',(0.,0.));
#3688 = VECTOR('',#3689,1.);
#3689 = DIRECTION('',(1.,0.));
#3690 = ( GEOMETRIC_REPRESENTATION_CONTEXT(2) 
PARAMETRIC_REPRESENTATION_CONTEXT() REPRESENTATION_CONTEXT('2D SPACE',''
  ) );
#3691 = ORIENTED_EDGE('',*,*,#2376,.F.);
#3692 = ORIENTED_EDGE('',*,*,#3595,.F.);
#3693 = ADVANCED_FACE('',(#3694),#1263,.F.);
#3694 = FACE_BOUND('',#3695,.F.);
#3695 = EDGE_LOOP('',(#3696,#3719,#3740,#3741,#3742,#3743));
#3696 = ORIENTED_EDGE('',*,*,#3697,.F.);
#3697 = EDGE_CURVE('',#3698,#2023,#3700,.T.);
#3698 = VERTEX_POINT('',#3699);
#3699 = CARTESIAN_POINT('',(-52.5,-18.5,6.));
#3700 = SURFACE_CURVE('',#3701,(#3705,#3712),.PCURVE_S1.);
#3701 = LINE('',#3702,#3703);
#3702 = CARTESIAN_POINT('',(-52.5,-18.5,6.));
#3703 = VECTOR('',#3704,1.);
#3704 = DIRECTION('',(0.,0.,1.));
#3705 = PCURVE('',#1263,#3706);
#3706 = DEFINITIONAL_REPRESENTATION('',(#3707),#3711);
#3707 = LINE('',#3708,#3709);
#3708 = CARTESIAN_POINT('',(0.,13.));
#3709 = VECTOR('',#3710,1.);
#3710 = DIRECTION('',(1.,0.));
#3711 = ( GEOMETRIC_REPRESENTATION_CONTEXT(2) 
PARAMETRIC_REPRESENTATION_CONTEXT() REPRESENTATION_CONTEXT('2D SPACE',''
  ) );
#3712 = PCURVE('',#1504,#3713);
#3713 = DEFINITIONAL_REPRESENTATION('',(#3714),#3718);
#3714 = LINE('',#3715,#3716);
#3715 = CARTESIAN_POINT('',(0.,0.));
#3716 = VECTOR('',#3717,1.);
#3717 = DIRECTION('',(1.,0.));
#3718 = ( GEOMETRIC_REPRESENTATION_CONTEXT(2) 
PARAMETRIC_REPRESENTATION_CONTEXT() REPRESENTATION_CONTEXT('2D SPACE',''
  ) );
#3719 = ORIENTED_EDGE('',*,*,#3720,.F.);
#3720 = EDGE_CURVE('',#3621,#3698,#3721,.T.);
#3721 = SURFACE_CURVE('',#3722,(#3726,#3733),.PCURVE_S1.);
#3722 = LINE('',#3723,#3724);
#3723 = CARTESIAN_POINT('',(-65.5,-18.5,6.));
#3724 = VECTOR('',#3725,1.);
#3725 = DIRECTION('',(1.,0.,0.));
#3726 = PCURVE('',#1263,#3727);
#3727 = DEFINITIONAL_REPRESENTATION('',(#3728),#3732);
#3728 = LINE('',#3729,#3730);
#3729 = CARTESIAN_POINT('',(0.,0.));
#3730 = VECTOR('',#3731,1.);
#3731 = DIRECTION('',(0.,1.));
#3732 = ( GEOMETRIC_REPRESENTATION_CONTEXT(2) 
PARAMETRIC_REPRESENTATION_CONTEXT() REPRESENTATION_CONTEXT('2D SPACE',''
  ) );
#3733 = PCURVE('',#3659,#3734);
#3734 = DEFINITIONAL_REPRESENTATION('',(#3735),#3739);
#3735 = LINE('',#3736,#3737);
#3736 = CARTESIAN_POINT('',(0.,0.));
#3737 = VECTOR('',#3738,1.);
#3738 = DIRECTION('',(1.,0.));
#3739 = ( GEOMETRIC_REPRESENTATION_CONTEXT(2) 
PARAMETRIC_REPRESENTATION_CONTEXT() REPRESENTATION_CONTEXT('2D SPACE',''
  ) );
#3740 = ORIENTED_EDGE('',*,*,#3620,.T.);
#3741 = ORIENTED_EDGE('',*,*,#1247,.T.);
#3742 = ORIENTED_EDGE('',*,*,#1974,.T.);
#3743 = ORIENTED_EDGE('',*,*,#2043,.T.);
#3744 = ADVANCED_FACE('',(#3745),#1338,.T.);
#3745 = FACE_BOUND('',#3746,.T.);
#3746 = EDGE_LOOP('',(#3747,#3770,#3798,#3819,#3820,#3821));
#3747 = ORIENTED_EDGE('',*,*,#3748,.F.);
#3748 = EDGE_CURVE('',#3749,#2192,#3751,.T.);
#3749 = VERTEX_POINT('',#3750);
#3750 = CARTESIAN_POINT('',(-52.5,11.5,6.));
#3751 = SURFACE_CURVE('',#3752,(#3756,#3763),.PCURVE_S1.);
#3752 = LINE('',#3753,#3754);
#3753 = CARTESIAN_POINT('',(-52.5,11.5,6.));
#3754 = VECTOR('',#3755,1.);
#3755 = DIRECTION('',(0.,0.,1.));
#3756 = PCURVE('',#1338,#3757);
#3757 = DEFINITIONAL_REPRESENTATION('',(#3758),#3762);
#3758 = LINE('',#3759,#3760);
#3759 = CARTESIAN_POINT('',(0.,0.));
#3760 = VECTOR('',#3761,1.);
#3761 = DIRECTION('',(1.,0.));
#3762 = ( GEOMETRIC_REPRESENTATION_CONTEXT(2) 
PARAMETRIC_REPRESENTATION_CONTEXT() REPRESENTATION_CONTEXT('2D SPACE',''
  ) );
#3763 = PCURVE('',#2227,#3764);
#3764 = DEFINITIONAL_REPRESENTATION('',(#3765),#3769);
#3765 = LINE('',#3766,#3767);
#3766 = CARTESIAN_POINT('',(0.,13.));
#3767 = VECTOR('',#3768,1.);
#3768 = DIRECTION('',(1.,0.));
#3769 = ( GEOMETRIC_REPRESENTATION_CONTEXT(2) 
PARAMETRIC_REPRESENTATION_CONTEXT() REPRESENTATION_CONTEXT('2D SPACE',''
  ) );
#3770 = ORIENTED_EDGE('',*,*,#3771,.T.);
#3771 = EDGE_CURVE('',#3749,#3772,#3774,.T.);
#3772 = VERTEX_POINT('',#3773);
#3773 = CARTESIAN_POINT('',(-52.5,18.5,6.));
#3774 = SURFACE_CURVE('',#3775,(#3779,#3786),.PCURVE_S1.);
#3775 = LINE('',#3776,#3777);
#3776 = CARTESIAN_POINT('',(-52.5,11.5,6.));
#3777 = VECTOR('',#3778,1.);
#3778 = DIRECTION('',(0.,1.,0.));
#3779 = PCURVE('',#1338,#3780);
#3780 = DEFINITIONAL_REPRESENTATION('',(#3781),#3785);
#3781 = LINE('',#3782,#3783);
#3782 = CARTESIAN_POINT('',(0.,0.));
#3783 = VECTOR('',#3784,1.);
#3784 = DIRECTION('',(0.,-1.));
#3785 = ( GEOMETRIC_REPRESENTATION_CONTEXT(2) 
PARAMETRIC_REPRESENTATION_CONTEXT() REPRESENTATION_CONTEXT('2D SPACE',''
  ) );
#3786 = PCURVE('',#3787,#3792);
#3787 = PLANE('',#3788);
#3788 = AXIS2_PLACEMENT_3D('',#3789,#3790,#3791);
#3789 = CARTESIAN_POINT('',(-65.5,11.5,6.));
#3790 = DIRECTION('',(0.,0.,1.));
#3791 = DIRECTION('',(1.,0.,0.));
#3792 = DEFINITIONAL_REPRESENTATION('',(#3793),#3797);
#3793 = LINE('',#3794,#3795);
#3794 = CARTESIAN_POINT('',(13.,0.));
#3795 = VECTOR('',#3796,1.);
#3796 = DIRECTION('',(0.,1.));
#3797 = ( GEOMETRIC_REPRESENTATION_CONTEXT(2) 
PARAMETRIC_REPRESENTATION_CONTEXT() REPRESENTATION_CONTEXT('2D SPACE',''
  ) );
#3798 = ORIENTED_EDGE('',*,*,#3799,.T.);
#3799 = EDGE_CURVE('',#3772,#1323,#3800,.T.);
#3800 = SURFACE_CURVE('',#3801,(#3805,#3812),.PCURVE_S1.);
#3801 = LINE('',#3802,#3803);
#3802 = CARTESIAN_POINT('',(-52.5,18.5,6.));
#3803 = VECTOR('',#3804,1.);
#3804 = DIRECTION('',(0.,0.,1.));
#3805 = PCURVE('',#1338,#3806);
#3806 = DEFINITIONAL_REPRESENTATION('',(#3807),#3811);
#3807 = LINE('',#3808,#3809);
#3808 = CARTESIAN_POINT('',(0.,-7.));
#3809 = VECTOR('',#3810,1.);
#3810 = DIRECTION('',(1.,0.));
#3811 = ( GEOMETRIC_REPRESENTATION_CONTEXT(2) 
PARAMETRIC_REPRESENTATION_CONTEXT() REPRESENTATION_CONTEXT('2D SPACE',''
  ) );
#3812 = PCURVE('',#1366,#3813);
#3813 = DEFINITIONAL_REPRESENTATION('',(#3814),#3818);
#3814 = LINE('',#3815,#3816);
#3815 = CARTESIAN_POINT('',(0.,13.));
#3816 = VECTOR('',#3817,1.);
#3817 = DIRECTION('',(1.,0.));
#3818 = ( GEOMETRIC_REPRESENTATION_CONTEXT(2) 
PARAMETRIC_REPRESENTATION_CONTEXT() REPRESENTATION_CONTEXT('2D SPACE',''
  ) );
#3819 = ORIENTED_EDGE('',*,*,#1322,.F.);
#3820 = ORIENTED_EDGE('',*,*,#2648,.T.);
#3821 = ORIENTED_EDGE('',*,*,#2191,.F.);
#3822 = ADVANCED_FACE('',(#3823),#1366,.T.);
#3823 = FACE_BOUND('',#3824,.T.);
#3824 = EDGE_LOOP('',(#3825,#3848,#3869,#3870));
#3825 = ORIENTED_EDGE('',*,*,#3826,.F.);
#3826 = EDGE_CURVE('',#3827,#3772,#3829,.T.);
#3827 = VERTEX_POINT('',#3828);
#3828 = CARTESIAN_POINT('',(-65.5,18.5,6.));
#3829 = SURFACE_CURVE('',#3830,(#3834,#3841),.PCURVE_S1.);
#3830 = LINE('',#3831,#3832);
#3831 = CARTESIAN_POINT('',(-65.5,18.5,6.));
#3832 = VECTOR('',#3833,1.);
#3833 = DIRECTION('',(1.,0.,0.));
#3834 = PCURVE('',#1366,#3835);
#3835 = DEFINITIONAL_REPRESENTATION('',(#3836),#3840);
#3836 = LINE('',#3837,#3838);
#3837 = CARTESIAN_POINT('',(0.,0.));
#3838 = VECTOR('',#3839,1.);
#3839 = DIRECTION('',(0.,1.));
#3840 = ( GEOMETRIC_REPRESENTATION_CONTEXT(2) 
PARAMETRIC_REPRESENTATION_CONTEXT() REPRESENTATION_CONTEXT('2D SPACE',''
  ) );
#3841 = PCURVE('',#3787,#3842);
#3842 = DEFINITIONAL_REPRESENTATION('',(#3843),#3847);
#3843 = LINE('',#3844,#3845);
#3844 = CARTESIAN_POINT('',(0.,7.));
#3845 = VECTOR('',#3846,1.);
#3846 = DIRECTION('',(1.,0.));
#3847 = ( GEOMETRIC_REPRESENTATION_CONTEXT(2) 
PARAMETRIC_REPRESENTATION_CONTEXT() REPRESENTATION_CONTEXT('2D SPACE',''
  ) );
#3848 = ORIENTED_EDGE('',*,*,#3849,.T.);
#3849 = EDGE_CURVE('',#3827,#1351,#3850,.T.);
#3850 = SURFACE_CURVE('',#3851,(#3855,#3862),.PCURVE_S1.);
#3851 = LINE('',#3852,#3853);
#3852 = CARTESIAN_POINT('',(-65.5,18.5,6.));
#3853 = VECTOR('',#3854,1.);
#3854 = DIRECTION('',(0.,0.,1.));
#3855 = PCURVE('',#1366,#3856);
#3856 = DEFINITIONAL_REPRESENTATION('',(#3857),#3861);
#3857 = LINE('',#3858,#3859);
#3858 = CARTESIAN_POINT('',(0.,0.));
#3859 = VECTOR('',#3860,1.);
#3860 = DIRECTION('',(1.,0.));
#3861 = ( GEOMETRIC_REPRESENTATION_CONTEXT(2) 
PARAMETRIC_REPRESENTATION_CONTEXT() REPRESENTATION_CONTEXT('2D SPACE',''
  ) );
#3862 = PCURVE('',#1394,#3863);
#3863 = DEFINITIONAL_REPRESENTATION('',(#3864),#3868);
#3864 = LINE('',#3865,#3866);
#3865 = CARTESIAN_POINT('',(0.,-7.));
#3866 = VECTOR('',#3867,1.);
#3867 = DIRECTION('',(1.,0.));
#3868 = ( GEOMETRIC_REPRESENTATION_CONTEXT(2) 
PARAMETRIC_REPRESENTATION_CONTEXT() REPRESENTATION_CONTEXT('2D SPACE',''
  ) );
#3869 = ORIENTED_EDGE('',*,*,#1350,.T.);
#3870 = ORIENTED_EDGE('',*,*,#3799,.F.);
#3871 = ADVANCED_FACE('',(#3872),#1394,.F.);
#3872 = FACE_BOUND('',#3873,.F.);
#3873 = EDGE_LOOP('',(#3874,#3897,#3918,#3919,#3920,#3939));
#3874 = ORIENTED_EDGE('',*,*,#3875,.F.);
#3875 = EDGE_CURVE('',#3876,#2213,#3878,.T.);
#3876 = VERTEX_POINT('',#3877);
#3877 = CARTESIAN_POINT('',(-65.5,11.5,6.));
#3878 = SURFACE_CURVE('',#3879,(#3883,#3890),.PCURVE_S1.);
#3879 = LINE('',#3880,#3881);
#3880 = CARTESIAN_POINT('',(-65.5,11.5,6.));
#3881 = VECTOR('',#3882,1.);
#3882 = DIRECTION('',(0.,0.,1.));
#3883 = PCURVE('',#1394,#3884);
#3884 = DEFINITIONAL_REPRESENTATION('',(#3885),#3889);
#3885 = LINE('',#3886,#3887);
#3886 = CARTESIAN_POINT('',(0.,0.));
#3887 = VECTOR('',#3888,1.);
#3888 = DIRECTION('',(1.,0.));
#3889 = ( GEOMETRIC_REPRESENTATION_CONTEXT(2) 
PARAMETRIC_REPRESENTATION_CONTEXT() REPRESENTATION_CONTEXT('2D SPACE',''
  ) );
#3890 = PCURVE('',#2227,#3891);
#3891 = DEFINITIONAL_REPRESENTATION('',(#3892),#3896);
#3892 = LINE('',#3893,#3894);
#3893 = CARTESIAN_POINT('',(0.,0.));
#3894 = VECTOR('',#3895,1.);
#3895 = DIRECTION('',(1.,0.));
#3896 = ( GEOMETRIC_REPRESENTATION_CONTEXT(2) 
PARAMETRIC_REPRESENTATION_CONTEXT() REPRESENTATION_CONTEXT('2D SPACE',''
  ) );
#3897 = ORIENTED_EDGE('',*,*,#3898,.T.);
#3898 = EDGE_CURVE('',#3876,#3827,#3899,.T.);
#3899 = SURFACE_CURVE('',#3900,(#3904,#3911),.PCURVE_S1.);
#3900 = LINE('',#3901,#3902);
#3901 = CARTESIAN_POINT('',(-65.5,11.5,6.));
#3902 = VECTOR('',#3903,1.);
#3903 = DIRECTION('',(0.,1.,0.));
#3904 = PCURVE('',#1394,#3905);
#3905 = DEFINITIONAL_REPRESENTATION('',(#3906),#3910);
#3906 = LINE('',#3907,#3908);
#3907 = CARTESIAN_POINT('',(0.,0.));
#3908 = VECTOR('',#3909,1.);
#3909 = DIRECTION('',(0.,-1.));
#3910 = ( GEOMETRIC_REPRESENTATION_CONTEXT(2) 
PARAMETRIC_REPRESENTATION_CONTEXT() REPRESENTATION_CONTEXT('2D SPACE',''
  ) );
#3911 = PCURVE('',#3787,#3912);
#3912 = DEFINITIONAL_REPRESENTATION('',(#3913),#3917);
#3913 = LINE('',#3914,#3915);
#3914 = CARTESIAN_POINT('',(0.,0.));
#3915 = VECTOR('',#3916,1.);
#3916 = DIRECTION('',(0.,1.));
#3917 = ( GEOMETRIC_REPRESENTATION_CONTEXT(2) 
PARAMETRIC_REPRESENTATION_CONTEXT() REPRESENTATION_CONTEXT('2D SPACE',''
  ) );
#3918 = ORIENTED_EDGE('',*,*,#3849,.T.);
#3919 = ORIENTED_EDGE('',*,*,#1378,.F.);
#3920 = ORIENTED_EDGE('',*,*,#3921,.T.);
#3921 = EDGE_CURVE('',#1379,#2239,#3922,.T.);
#3922 = SURFACE_CURVE('',#3923,(#3927,#3933),.PCURVE_S1.);
#3923 = LINE('',#3924,#3925);
#3924 = CARTESIAN_POINT('',(-65.5,13.518505834596,9.));
#3925 = VECTOR('',#3926,1.);
#3926 = DIRECTION('',(-0.,-0.,-1.));
#3927 = PCURVE('',#1394,#3928);
#3928 = DEFINITIONAL_REPRESENTATION('',(#3929),#3932);
#3929 = B_SPLINE_CURVE_WITH_KNOTS('',1,(#3930,#3931),.UNSPECIFIED.,.F.,
  .F.,(2,2),(-5.0000006,5.999999999062E-07),.PIECEWISE_BEZIER_KNOTS.);
#3930 = CARTESIAN_POINT('',(8.0000006,-2.018505834596));
#3931 = CARTESIAN_POINT('',(2.9999994,-2.018505834596));
#3932 = ( GEOMETRIC_REPRESENTATION_CONTEXT(2) 
PARAMETRIC_REPRESENTATION_CONTEXT() REPRESENTATION_CONTEXT('2D SPACE',''
  ) );
#3933 = PCURVE('',#1423,#3934);
#3934 = DEFINITIONAL_REPRESENTATION('',(#3935),#3938);
#3935 = B_SPLINE_CURVE_WITH_KNOTS('',1,(#3936,#3937),.UNSPECIFIED.,.F.,
  .F.,(2,2),(-5.0000006,5.999999999062E-07),.PIECEWISE_BEZIER_KNOTS.);
#3936 = CARTESIAN_POINT('',(-1.122608190815,-5.0000006));
#3937 = CARTESIAN_POINT('',(-1.122608190815,5.999999999062E-07));
#3938 = ( GEOMETRIC_REPRESENTATION_CONTEXT(2) 
PARAMETRIC_REPRESENTATION_CONTEXT() REPRESENTATION_CONTEXT('2D SPACE',''
  ) );
#3939 = ORIENTED_EDGE('',*,*,#2238,.F.);
#3940 = ADVANCED_FACE('',(#3941),#1423,.T.);
#3941 = FACE_BOUND('',#3942,.F.);
#3942 = EDGE_LOOP('',(#3943,#3944,#3945,#3946));
#3943 = ORIENTED_EDGE('',*,*,#2259,.F.);
#3944 = ORIENTED_EDGE('',*,*,#3921,.F.);
#3945 = ORIENTED_EDGE('',*,*,#1406,.T.);
#3946 = ORIENTED_EDGE('',*,*,#3947,.T.);
#3947 = EDGE_CURVE('',#1407,#2260,#3948,.T.);
#3948 = SURFACE_CURVE('',#3949,(#3953,#3959),.PCURVE_S1.);
#3949 = LINE('',#3950,#3951);
#3950 = CARTESIAN_POINT('',(-81.,12.,9.));
#3951 = VECTOR('',#3952,1.);
#3952 = DIRECTION('',(-0.,-0.,-1.));
#3953 = PCURVE('',#1423,#3954);
#3954 = DEFINITIONAL_REPRESENTATION('',(#3955),#3958);
#3955 = B_SPLINE_CURVE_WITH_KNOTS('',1,(#3956,#3957),.UNSPECIFIED.,.F.,
  .F.,(2,2),(-5.0000006,5.999999999062E-07),.PIECEWISE_BEZIER_KNOTS.);
#3956 = CARTESIAN_POINT('',(-2.214297435588,-5.0000006));
#3957 = CARTESIAN_POINT('',(-2.214297435588,5.999999999062E-07));
#3958 = ( GEOMETRIC_REPRESENTATION_CONTEXT(2) 
PARAMETRIC_REPRESENTATION_CONTEXT() REPRESENTATION_CONTEXT('2D SPACE',''
  ) );
#3959 = PCURVE('',#1449,#3960);
#3960 = DEFINITIONAL_REPRESENTATION('',(#3961),#3964);
#3961 = B_SPLINE_CURVE_WITH_KNOTS('',1,(#3962,#3963),.UNSPECIFIED.,.F.,
  .F.,(2,2),(-5.0000006,5.999999999062E-07),.PIECEWISE_BEZIER_KNOTS.);
#3962 = CARTESIAN_POINT('',(5.0000006,10.));
#3963 = CARTESIAN_POINT('',(-5.999999999062E-07,10.));
#3964 = ( GEOMETRIC_REPRESENTATION_CONTEXT(2) 
PARAMETRIC_REPRESENTATION_CONTEXT() REPRESENTATION_CONTEXT('2D SPACE',''
  ) );
#3965 = ADVANCED_FACE('',(#3966),#1449,.T.);
#3966 = FACE_BOUND('',#3967,.T.);
#3967 = EDGE_LOOP('',(#3968,#3969,#3970,#3971));
#3968 = ORIENTED_EDGE('',*,*,#2283,.F.);
#3969 = ORIENTED_EDGE('',*,*,#3544,.T.);
#3970 = ORIENTED_EDGE('',*,*,#1435,.T.);
#3971 = ORIENTED_EDGE('',*,*,#3947,.T.);
#3972 = ADVANCED_FACE('',(#3973),#1504,.T.);
#3973 = FACE_BOUND('',#3974,.T.);
#3974 = EDGE_LOOP('',(#3975,#3976,#3977,#3978,#3979,#4002,#4023,#4024));
#3975 = ORIENTED_EDGE('',*,*,#1488,.F.);
#3976 = ORIENTED_EDGE('',*,*,#2099,.T.);
#3977 = ORIENTED_EDGE('',*,*,#2022,.T.);
#3978 = ORIENTED_EDGE('',*,*,#3697,.F.);
#3979 = ORIENTED_EDGE('',*,*,#3980,.T.);
#3980 = EDGE_CURVE('',#3698,#3981,#3983,.T.);
#3981 = VERTEX_POINT('',#3982);
#3982 = CARTESIAN_POINT('',(-52.5,-11.5,6.));
#3983 = SURFACE_CURVE('',#3984,(#3988,#3995),.PCURVE_S1.);
#3984 = LINE('',#3985,#3986);
#3985 = CARTESIAN_POINT('',(-52.5,-18.5,6.));
#3986 = VECTOR('',#3987,1.);
#3987 = DIRECTION('',(0.,1.,0.));
#3988 = PCURVE('',#1504,#3989);
#3989 = DEFINITIONAL_REPRESENTATION('',(#3990),#3994);
#3990 = LINE('',#3991,#3992);
#3991 = CARTESIAN_POINT('',(0.,0.));
#3992 = VECTOR('',#3993,1.);
#3993 = DIRECTION('',(0.,-1.));
#3994 = ( GEOMETRIC_REPRESENTATION_CONTEXT(2) 
PARAMETRIC_REPRESENTATION_CONTEXT() REPRESENTATION_CONTEXT('2D SPACE',''
  ) );
#3995 = PCURVE('',#3659,#3996);
#3996 = DEFINITIONAL_REPRESENTATION('',(#3997),#4001);
#3997 = LINE('',#3998,#3999);
#3998 = CARTESIAN_POINT('',(13.,0.));
#3999 = VECTOR('',#4000,1.);
#4000 = DIRECTION('',(0.,1.));
#4001 = ( GEOMETRIC_REPRESENTATION_CONTEXT(2) 
PARAMETRIC_REPRESENTATION_CONTEXT() REPRESENTATION_CONTEXT('2D SPACE',''
  ) );
#4002 = ORIENTED_EDGE('',*,*,#4003,.T.);
#4003 = EDGE_CURVE('',#3981,#2398,#4004,.T.);
#4004 = SURFACE_CURVE('',#4005,(#4009,#4016),.PCURVE_S1.);
#4005 = LINE('',#4006,#4007);
#4006 = CARTESIAN_POINT('',(-52.5,-11.5,6.));
#4007 = VECTOR('',#4008,1.);
#4008 = DIRECTION('',(0.,0.,1.));
#4009 = PCURVE('',#1504,#4010);
#4010 = DEFINITIONAL_REPRESENTATION('',(#4011),#4015);
#4011 = LINE('',#4012,#4013);
#4012 = CARTESIAN_POINT('',(0.,-7.));
#4013 = VECTOR('',#4014,1.);
#4014 = DIRECTION('',(1.,0.));
#4015 = ( GEOMETRIC_REPRESENTATION_CONTEXT(2) 
PARAMETRIC_REPRESENTATION_CONTEXT() REPRESENTATION_CONTEXT('2D SPACE',''
  ) );
#4016 = PCURVE('',#2412,#4017);
#4017 = DEFINITIONAL_REPRESENTATION('',(#4018),#4022);
#4018 = LINE('',#4019,#4020);
#4019 = CARTESIAN_POINT('',(0.,13.));
#4020 = VECTOR('',#4021,1.);
#4021 = DIRECTION('',(1.,0.));
#4022 = ( GEOMETRIC_REPRESENTATION_CONTEXT(2) 
PARAMETRIC_REPRESENTATION_CONTEXT() REPRESENTATION_CONTEXT('2D SPACE',''
  ) );
#4023 = ORIENTED_EDGE('',*,*,#2423,.F.);
#4024 = ORIENTED_EDGE('',*,*,#2144,.F.);
#4025 = ADVANCED_FACE('',(#4026),#1560,.F.);
#4026 = FACE_BOUND('',#4027,.T.);
#4027 = EDGE_LOOP('',(#4028,#4057,#4078,#4079));
#4028 = ORIENTED_EDGE('',*,*,#4029,.F.);
#4029 = EDGE_CURVE('',#4030,#4030,#4032,.T.);
#4030 = VERTEX_POINT('',#4031);
#4031 = CARTESIAN_POINT('',(-31.13401871576,-33.23401871576,8.));
#4032 = SURFACE_CURVE('',#4033,(#4038,#4045),.PCURVE_S1.);
#4033 = CIRCLE('',#4034,2.1);
#4034 = AXIS2_PLACEMENT_3D('',#4035,#4036,#4037);
#4035 = CARTESIAN_POINT('',(-33.23401871576,-33.23401871576,8.));
#4036 = DIRECTION('',(0.,0.,1.));
#4037 = DIRECTION('',(1.,0.,0.));
#4038 = PCURVE('',#1560,#4039);
#4039 = DEFINITIONAL_REPRESENTATION('',(#4040),#4044);
#4040 = LINE('',#4041,#4042);
#4041 = CARTESIAN_POINT('',(-0.,0.));
#4042 = VECTOR('',#4043,1.);
#4043 = DIRECTION('',(-1.,0.));
#4044 = ( GEOMETRIC_REPRESENTATION_CONTEXT(2) 
PARAMETRIC_REPRESENTATION_CONTEXT() REPRESENTATION_CONTEXT('2D SPACE',''
  ) );
#4045 = PCURVE('',#4046,#4051);
#4046 = PLANE('',#4047);
#4047 = AXIS2_PLACEMENT_3D('',#4048,#4049,#4050);
#4048 = CARTESIAN_POINT('',(-33.23401871576,-33.23401871576,8.));
#4049 = DIRECTION('',(0.,0.,1.));
#4050 = DIRECTION('',(1.,0.,-0.));
#4051 = DEFINITIONAL_REPRESENTATION('',(#4052),#4056);
#4052 = CIRCLE('',#4053,2.1);
#4053 = AXIS2_PLACEMENT_2D('',#4054,#4055);
#4054 = CARTESIAN_POINT('',(0.,0.));
#4055 = DIRECTION('',(1.,0.));
#4056 = ( GEOMETRIC_REPRESENTATION_CONTEXT(2) 
PARAMETRIC_REPRESENTATION_CONTEXT() REPRESENTATION_CONTEXT('2D SPACE',''
  ) );
#4057 = ORIENTED_EDGE('',*,*,#4058,.T.);
#4058 = EDGE_CURVE('',#4030,#1540,#4059,.T.);
#4059 = SEAM_CURVE('',#4060,(#4064,#4071),.PCURVE_S1.);
#4060 = LINE('',#4061,#4062);
#4061 = CARTESIAN_POINT('',(-31.13401871576,-33.23401871576,8.));
#4062 = VECTOR('',#4063,1.);
#4063 = DIRECTION('',(0.,0.,1.));
#4064 = PCURVE('',#1560,#4065);
#4065 = DEFINITIONAL_REPRESENTATION('',(#4066),#4070);
#4066 = LINE('',#4067,#4068);
#4067 = CARTESIAN_POINT('',(-6.28318530718,0.));
#4068 = VECTOR('',#4069,1.);
#4069 = DIRECTION('',(-0.,-1.));
#4070 = ( GEOMETRIC_REPRESENTATION_CONTEXT(2) 
PARAMETRIC_REPRESENTATION_CONTEXT() REPRESENTATION_CONTEXT('2D SPACE',''
  ) );
#4071 = PCURVE('',#1560,#4072);
#4072 = DEFINITIONAL_REPRESENTATION('',(#4073),#4077);
#4073 = LINE('',#4074,#4075);
#4074 = CARTESIAN_POINT('',(-0.,0.));
#4075 = VECTOR('',#4076,1.);
#4076 = DIRECTION('',(-0.,-1.));
#4077 = ( GEOMETRIC_REPRESENTATION_CONTEXT(2) 
PARAMETRIC_REPRESENTATION_CONTEXT() REPRESENTATION_CONTEXT('2D SPACE',''
  ) );
#4078 = ORIENTED_EDGE('',*,*,#1539,.F.);
#4079 = ORIENTED_EDGE('',*,*,#4058,.F.);
#4080 = ADVANCED_FACE('',(#4081),#1592,.F.);
#4081 = FACE_BOUND('',#4082,.F.);
#4082 = EDGE_LOOP('',(#4083,#4084,#4105,#4106));
#4083 = ORIENTED_EDGE('',*,*,#2446,.T.);
#4084 = ORIENTED_EDGE('',*,*,#4085,.T.);
#4085 = EDGE_CURVE('',#2449,#1577,#4086,.T.);
#4086 = SURFACE_CURVE('',#4087,(#4091,#4098),.PCURVE_S1.);
#4087 = LINE('',#4088,#4089);
#4088 = CARTESIAN_POINT('',(-76.3,-5.3,8.));
#4089 = VECTOR('',#4090,1.);
#4090 = DIRECTION('',(0.,0.,1.));
#4091 = PCURVE('',#1592,#4092);
#4092 = DEFINITIONAL_REPRESENTATION('',(#4093),#4097);
#4093 = LINE('',#4094,#4095);
#4094 = CARTESIAN_POINT('',(0.,0.));
#4095 = VECTOR('',#4096,1.);
#4096 = DIRECTION('',(0.,-1.));
#4097 = ( GEOMETRIC_REPRESENTATION_CONTEXT(2) 
PARAMETRIC_REPRESENTATION_CONTEXT() REPRESENTATION_CONTEXT('2D SPACE',''
  ) );
#4098 = PCURVE('',#1682,#4099);
#4099 = DEFINITIONAL_REPRESENTATION('',(#4100),#4104);
#4100 = LINE('',#4101,#4102);
#4101 = CARTESIAN_POINT('',(3.14159265359,0.));
#4102 = VECTOR('',#4103,1.);
#4103 = DIRECTION('',(0.,-1.));
#4104 = ( GEOMETRIC_REPRESENTATION_CONTEXT(2) 
PARAMETRIC_REPRESENTATION_CONTEXT() REPRESENTATION_CONTEXT('2D SPACE',''
  ) );
#4105 = ORIENTED_EDGE('',*,*,#1574,.F.);
#4106 = ORIENTED_EDGE('',*,*,#4107,.F.);
#4107 = EDGE_CURVE('',#2447,#1575,#4108,.T.);
#4108 = SURFACE_CURVE('',#4109,(#4113,#4120),.PCURVE_S1.);
#4109 = LINE('',#4110,#4111);
#4110 = CARTESIAN_POINT('',(-67.7,-5.3,8.));
#4111 = VECTOR('',#4112,1.);
#4112 = DIRECTION('',(0.,0.,1.));
#4113 = PCURVE('',#1592,#4114);
#4114 = DEFINITIONAL_REPRESENTATION('',(#4115),#4119);
#4115 = LINE('',#4116,#4117);
#4116 = CARTESIAN_POINT('',(8.6,0.));
#4117 = VECTOR('',#4118,1.);
#4118 = DIRECTION('',(0.,-1.));
#4119 = ( GEOMETRIC_REPRESENTATION_CONTEXT(2) 
PARAMETRIC_REPRESENTATION_CONTEXT() REPRESENTATION_CONTEXT('2D SPACE',''
  ) );
#4120 = PCURVE('',#1624,#4121);
#4121 = DEFINITIONAL_REPRESENTATION('',(#4122),#4126);
#4122 = LINE('',#4123,#4124);
#4123 = CARTESIAN_POINT('',(0.,0.));
#4124 = VECTOR('',#4125,1.);
#4125 = DIRECTION('',(0.,-1.));
#4126 = ( GEOMETRIC_REPRESENTATION_CONTEXT(2) 
PARAMETRIC_REPRESENTATION_CONTEXT() REPRESENTATION_CONTEXT('2D SPACE',''
  ) );
#4127 = ADVANCED_FACE('',(#4128),#1624,.F.);
#4128 = FACE_BOUND('',#4129,.F.);
#4129 = EDGE_LOOP('',(#4130,#4131,#4132,#4133));
#4130 = ORIENTED_EDGE('',*,*,#2469,.F.);
#4131 = ORIENTED_EDGE('',*,*,#4107,.T.);
#4132 = ORIENTED_EDGE('',*,*,#1603,.T.);
#4133 = ORIENTED_EDGE('',*,*,#4134,.F.);
#4134 = EDGE_CURVE('',#2470,#1604,#4135,.T.);
#4135 = SURFACE_CURVE('',#4136,(#4140,#4147),.PCURVE_S1.);
#4136 = LINE('',#4137,#4138);
#4137 = CARTESIAN_POINT('',(-67.7,-8.7,8.));
#4138 = VECTOR('',#4139,1.);
#4139 = DIRECTION('',(0.,0.,1.));
#4140 = PCURVE('',#1624,#4141);
#4141 = DEFINITIONAL_REPRESENTATION('',(#4142),#4146);
#4142 = LINE('',#4143,#4144);
#4143 = CARTESIAN_POINT('',(3.14159265359,0.));
#4144 = VECTOR('',#4145,1.);
#4145 = DIRECTION('',(0.,-1.));
#4146 = ( GEOMETRIC_REPRESENTATION_CONTEXT(2) 
PARAMETRIC_REPRESENTATION_CONTEXT() REPRESENTATION_CONTEXT('2D SPACE',''
  ) );
#4147 = PCURVE('',#1652,#4148);
#4148 = DEFINITIONAL_REPRESENTATION('',(#4149),#4153);
#4149 = LINE('',#4150,#4151);
#4150 = CARTESIAN_POINT('',(0.,-0.));
#4151 = VECTOR('',#4152,1.);
#4152 = DIRECTION('',(0.,-1.));
#4153 = ( GEOMETRIC_REPRESENTATION_CONTEXT(2) 
PARAMETRIC_REPRESENTATION_CONTEXT() REPRESENTATION_CONTEXT('2D SPACE',''
  ) );
#4154 = ADVANCED_FACE('',(#4155),#1652,.F.);
#4155 = FACE_BOUND('',#4156,.F.);
#4156 = EDGE_LOOP('',(#4157,#4158,#4159,#4160));
#4157 = ORIENTED_EDGE('',*,*,#2497,.T.);
#4158 = ORIENTED_EDGE('',*,*,#4134,.T.);
#4159 = ORIENTED_EDGE('',*,*,#1636,.F.);
#4160 = ORIENTED_EDGE('',*,*,#4161,.F.);
#4161 = EDGE_CURVE('',#2498,#1637,#4162,.T.);
#4162 = SURFACE_CURVE('',#4163,(#4167,#4174),.PCURVE_S1.);
#4163 = LINE('',#4164,#4165);
#4164 = CARTESIAN_POINT('',(-76.3,-8.7,8.));
#4165 = VECTOR('',#4166,1.);
#4166 = DIRECTION('',(0.,0.,1.));
#4167 = PCURVE('',#1652,#4168);
#4168 = DEFINITIONAL_REPRESENTATION('',(#4169),#4173);
#4169 = LINE('',#4170,#4171);
#4170 = CARTESIAN_POINT('',(8.6,0.));
#4171 = VECTOR('',#4172,1.);
#4172 = DIRECTION('',(0.,-1.));
#4173 = ( GEOMETRIC_REPRESENTATION_CONTEXT(2) 
PARAMETRIC_REPRESENTATION_CONTEXT() REPRESENTATION_CONTEXT('2D SPACE',''
  ) );
#4174 = PCURVE('',#1682,#4175);
#4175 = DEFINITIONAL_REPRESENTATION('',(#4176),#4180);
#4176 = LINE('',#4177,#4178);
#4177 = CARTESIAN_POINT('',(0.,0.));
#4178 = VECTOR('',#4179,1.);
#4179 = DIRECTION('',(0.,-1.));
#4180 = ( GEOMETRIC_REPRESENTATION_CONTEXT(2) 
PARAMETRIC_REPRESENTATION_CONTEXT() REPRESENTATION_CONTEXT('2D SPACE',''
  ) );
#4181 = ADVANCED_FACE('',(#4182),#1682,.F.);
#4182 = FACE_BOUND('',#4183,.F.);
#4183 = EDGE_LOOP('',(#4184,#4185,#4186,#4187));
#4184 = ORIENTED_EDGE('',*,*,#2518,.F.);
#4185 = ORIENTED_EDGE('',*,*,#4161,.T.);
#4186 = ORIENTED_EDGE('',*,*,#1663,.T.);
#4187 = ORIENTED_EDGE('',*,*,#4085,.F.);
#4188 = ADVANCED_FACE('',(#4189),#1717,.F.);
#4189 = FACE_BOUND('',#4190,.T.);
#4190 = EDGE_LOOP('',(#4191,#4220,#4241,#4242));
#4191 = ORIENTED_EDGE('',*,*,#4192,.F.);
#4192 = EDGE_CURVE('',#4193,#4193,#4195,.T.);
#4193 = VERTEX_POINT('',#4194);
#4194 = CARTESIAN_POINT('',(35.334018715768,-33.23401871576,8.));
#4195 = SURFACE_CURVE('',#4196,(#4201,#4208),.PCURVE_S1.);
#4196 = CIRCLE('',#4197,2.1);
#4197 = AXIS2_PLACEMENT_3D('',#4198,#4199,#4200);
#4198 = CARTESIAN_POINT('',(33.234018715768,-33.23401871576,8.));
#4199 = DIRECTION('',(0.,0.,1.));
#4200 = DIRECTION('',(1.,0.,0.));
#4201 = PCURVE('',#1717,#4202);
#4202 = DEFINITIONAL_REPRESENTATION('',(#4203),#4207);
#4203 = LINE('',#4204,#4205);
#4204 = CARTESIAN_POINT('',(-0.,0.));
#4205 = VECTOR('',#4206,1.);
#4206 = DIRECTION('',(-1.,0.));
#4207 = ( GEOMETRIC_REPRESENTATION_CONTEXT(2) 
PARAMETRIC_REPRESENTATION_CONTEXT() REPRESENTATION_CONTEXT('2D SPACE',''
  ) );
#4208 = PCURVE('',#4209,#4214);
#4209 = PLANE('',#4210);
#4210 = AXIS2_PLACEMENT_3D('',#4211,#4212,#4213);
#4211 = CARTESIAN_POINT('',(33.234018715768,-33.23401871576,8.));
#4212 = DIRECTION('',(0.,0.,1.));
#4213 = DIRECTION('',(1.,0.,-0.));
#4214 = DEFINITIONAL_REPRESENTATION('',(#4215),#4219);
#4215 = CIRCLE('',#4216,2.1);
#4216 = AXIS2_PLACEMENT_2D('',#4217,#4218);
#4217 = CARTESIAN_POINT('',(0.,0.));
#4218 = DIRECTION('',(1.,0.));
#4219 = ( GEOMETRIC_REPRESENTATION_CONTEXT(2) 
PARAMETRIC_REPRESENTATION_CONTEXT() REPRESENTATION_CONTEXT('2D SPACE',''
  ) );
#4220 = ORIENTED_EDGE('',*,*,#4221,.T.);
#4221 = EDGE_CURVE('',#4193,#1697,#4222,.T.);
#4222 = SEAM_CURVE('',#4223,(#4227,#4234),.PCURVE_S1.);
#4223 = LINE('',#4224,#4225);
#4224 = CARTESIAN_POINT('',(35.334018715768,-33.23401871576,8.));
#4225 = VECTOR('',#4226,1.);
#4226 = DIRECTION('',(0.,0.,1.));
#4227 = PCURVE('',#1717,#4228);
#4228 = DEFINITIONAL_REPRESENTATION('',(#4229),#4233);
#4229 = LINE('',#4230,#4231);
#4230 = CARTESIAN_POINT('',(-6.28318530718,0.));
#4231 = VECTOR('',#4232,1.);
#4232 = DIRECTION('',(-0.,-1.));
#4233 = ( GEOMETRIC_REPRESENTATION_CONTEXT(2) 
PARAMETRIC_REPRESENTATION_CONTEXT() REPRESENTATION_CONTEXT('2D SPACE',''
  ) );
#4234 = PCURVE('',#1717,#4235);
#4235 = DEFINITIONAL_REPRESENTATION('',(#4236),#4240);
#4236 = LINE('',#4237,#4238);
#4237 = CARTESIAN_POINT('',(-0.,0.));
#4238 = VECTOR('',#4239,1.);
#4239 = DIRECTION('',(-0.,-1.));
#4240 = ( GEOMETRIC_REPRESENTATION_CONTEXT(2) 
PARAMETRIC_REPRESENTATION_CONTEXT() REPRESENTATION_CONTEXT('2D SPACE',''
  ) );
#4241 = ORIENTED_EDGE('',*,*,#1696,.F.);
#4242 = ORIENTED_EDGE('',*,*,#4221,.F.);
#4243 = ADVANCED_FACE('',(#4244),#1749,.F.);
#4244 = FACE_BOUND('',#4245,.F.);
#4245 = EDGE_LOOP('',(#4246,#4247,#4268,#4269));
#4246 = ORIENTED_EDGE('',*,*,#2546,.T.);
#4247 = ORIENTED_EDGE('',*,*,#4248,.T.);
#4248 = EDGE_CURVE('',#2549,#1734,#4249,.T.);
#4249 = SURFACE_CURVE('',#4250,(#4254,#4261),.PCURVE_S1.);
#4250 = LINE('',#4251,#4252);
#4251 = CARTESIAN_POINT('',(-76.3,8.7,8.));
#4252 = VECTOR('',#4253,1.);
#4253 = DIRECTION('',(0.,0.,1.));
#4254 = PCURVE('',#1749,#4255);
#4255 = DEFINITIONAL_REPRESENTATION('',(#4256),#4260);
#4256 = LINE('',#4257,#4258);
#4257 = CARTESIAN_POINT('',(0.,0.));
#4258 = VECTOR('',#4259,1.);
#4259 = DIRECTION('',(0.,-1.));
#4260 = ( GEOMETRIC_REPRESENTATION_CONTEXT(2) 
PARAMETRIC_REPRESENTATION_CONTEXT() REPRESENTATION_CONTEXT('2D SPACE',''
  ) );
#4261 = PCURVE('',#1839,#4262);
#4262 = DEFINITIONAL_REPRESENTATION('',(#4263),#4267);
#4263 = LINE('',#4264,#4265);
#4264 = CARTESIAN_POINT('',(3.14159265359,0.));
#4265 = VECTOR('',#4266,1.);
#4266 = DIRECTION('',(0.,-1.));
#4267 = ( GEOMETRIC_REPRESENTATION_CONTEXT(2) 
PARAMETRIC_REPRESENTATION_CONTEXT() REPRESENTATION_CONTEXT('2D SPACE',''
  ) );
#4268 = ORIENTED_EDGE('',*,*,#1731,.F.);
#4269 = ORIENTED_EDGE('',*,*,#4270,.F.);
#4270 = EDGE_CURVE('',#2547,#1732,#4271,.T.);
#4271 = SURFACE_CURVE('',#4272,(#4276,#4283),.PCURVE_S1.);
#4272 = LINE('',#4273,#4274);
#4273 = CARTESIAN_POINT('',(-67.7,8.7,8.));
#4274 = VECTOR('',#4275,1.);
#4275 = DIRECTION('',(0.,0.,1.));
#4276 = PCURVE('',#1749,#4277);
#4277 = DEFINITIONAL_REPRESENTATION('',(#4278),#4282);
#4278 = LINE('',#4279,#4280);
#4279 = CARTESIAN_POINT('',(8.6,0.));
#4280 = VECTOR('',#4281,1.);
#4281 = DIRECTION('',(0.,-1.));
#4282 = ( GEOMETRIC_REPRESENTATION_CONTEXT(2) 
PARAMETRIC_REPRESENTATION_CONTEXT() REPRESENTATION_CONTEXT('2D SPACE',''
  ) );
#4283 = PCURVE('',#1781,#4284);
#4284 = DEFINITIONAL_REPRESENTATION('',(#4285),#4289);
#4285 = LINE('',#4286,#4287);
#4286 = CARTESIAN_POINT('',(0.,0.));
#4287 = VECTOR('',#4288,1.);
#4288 = DIRECTION('',(0.,-1.));
#4289 = ( GEOMETRIC_REPRESENTATION_CONTEXT(2) 
PARAMETRIC_REPRESENTATION_CONTEXT() REPRESENTATION_CONTEXT('2D SPACE',''
  ) );
#4290 = ADVANCED_FACE('',(#4291),#1781,.F.);
#4291 = FACE_BOUND('',#4292,.F.);
#4292 = EDGE_LOOP('',(#4293,#4294,#4295,#4296));
#4293 = ORIENTED_EDGE('',*,*,#2569,.F.);
#4294 = ORIENTED_EDGE('',*,*,#4270,.T.);
#4295 = ORIENTED_EDGE('',*,*,#1760,.T.);
#4296 = ORIENTED_EDGE('',*,*,#4297,.F.);
#4297 = EDGE_CURVE('',#2570,#1761,#4298,.T.);
#4298 = SURFACE_CURVE('',#4299,(#4303,#4310),.PCURVE_S1.);
#4299 = LINE('',#4300,#4301);
#4300 = CARTESIAN_POINT('',(-67.7,5.3,8.));
#4301 = VECTOR('',#4302,1.);
#4302 = DIRECTION('',(0.,0.,1.));
#4303 = PCURVE('',#1781,#4304);
#4304 = DEFINITIONAL_REPRESENTATION('',(#4305),#4309);
#4305 = LINE('',#4306,#4307);
#4306 = CARTESIAN_POINT('',(3.14159265359,0.));
#4307 = VECTOR('',#4308,1.);
#4308 = DIRECTION('',(0.,-1.));
#4309 = ( GEOMETRIC_REPRESENTATION_CONTEXT(2) 
PARAMETRIC_REPRESENTATION_CONTEXT() REPRESENTATION_CONTEXT('2D SPACE',''
  ) );
#4310 = PCURVE('',#1809,#4311);
#4311 = DEFINITIONAL_REPRESENTATION('',(#4312),#4316);
#4312 = LINE('',#4313,#4314);
#4313 = CARTESIAN_POINT('',(0.,-0.));
#4314 = VECTOR('',#4315,1.);
#4315 = DIRECTION('',(0.,-1.));
#4316 = ( GEOMETRIC_REPRESENTATION_CONTEXT(2) 
PARAMETRIC_REPRESENTATION_CONTEXT() REPRESENTATION_CONTEXT('2D SPACE',''
  ) );
#4317 = ADVANCED_FACE('',(#4318),#1809,.F.);
#4318 = FACE_BOUND('',#4319,.F.);
#4319 = EDGE_LOOP('',(#4320,#4321,#4322,#4323));
#4320 = ORIENTED_EDGE('',*,*,#2597,.T.);
#4321 = ORIENTED_EDGE('',*,*,#4297,.T.);
#4322 = ORIENTED_EDGE('',*,*,#1793,.F.);
#4323 = ORIENTED_EDGE('',*,*,#4324,.F.);
#4324 = EDGE_CURVE('',#2598,#1794,#4325,.T.);
#4325 = SURFACE_CURVE('',#4326,(#4330,#4337),.PCURVE_S1.);
#4326 = LINE('',#4327,#4328);
#4327 = CARTESIAN_POINT('',(-76.3,5.3,8.));
#4328 = VECTOR('',#4329,1.);
#4329 = DIRECTION('',(0.,0.,1.));
#4330 = PCURVE('',#1809,#4331);
#4331 = DEFINITIONAL_REPRESENTATION('',(#4332),#4336);
#4332 = LINE('',#4333,#4334);
#4333 = CARTESIAN_POINT('',(8.6,0.));
#4334 = VECTOR('',#4335,1.);
#4335 = DIRECTION('',(0.,-1.));
#4336 = ( GEOMETRIC_REPRESENTATION_CONTEXT(2) 
PARAMETRIC_REPRESENTATION_CONTEXT() REPRESENTATION_CONTEXT('2D SPACE',''
  ) );
#4337 = PCURVE('',#1839,#4338);
#4338 = DEFINITIONAL_REPRESENTATION('',(#4339),#4343);
#4339 = LINE('',#4340,#4341);
#4340 = CARTESIAN_POINT('',(0.,0.));
#4341 = VECTOR('',#4342,1.);
#4342 = DIRECTION('',(0.,-1.));
#4343 = ( GEOMETRIC_REPRESENTATION_CONTEXT(2) 
PARAMETRIC_REPRESENTATION_CONTEXT() REPRESENTATION_CONTEXT('2D SPACE',''
  ) );
#4344 = ADVANCED_FACE('',(#4345),#1839,.F.);
#4345 = FACE_BOUND('',#4346,.F.);
#4346 = EDGE_LOOP('',(#4347,#4348,#4349,#4350));
#4347 = ORIENTED_EDGE('',*,*,#2618,.F.);
#4348 = ORIENTED_EDGE('',*,*,#4324,.T.);
#4349 = ORIENTED_EDGE('',*,*,#1820,.T.);
#4350 = ORIENTED_EDGE('',*,*,#4248,.F.);
#4351 = ADVANCED_FACE('',(#4352),#1874,.F.);
#4352 = FACE_BOUND('',#4353,.T.);
#4353 = EDGE_LOOP('',(#4354,#4383,#4404,#4405));
#4354 = ORIENTED_EDGE('',*,*,#4355,.F.);
#4355 = EDGE_CURVE('',#4356,#4356,#4358,.T.);
#4356 = VERTEX_POINT('',#4357);
#4357 = CARTESIAN_POINT('',(-31.13401871576,33.234018715768,8.));
#4358 = SURFACE_CURVE('',#4359,(#4364,#4371),.PCURVE_S1.);
#4359 = CIRCLE('',#4360,2.1);
#4360 = AXIS2_PLACEMENT_3D('',#4361,#4362,#4363);
#4361 = CARTESIAN_POINT('',(-33.23401871576,33.234018715768,8.));
#4362 = DIRECTION('',(0.,0.,1.));
#4363 = DIRECTION('',(1.,0.,0.));
#4364 = PCURVE('',#1874,#4365);
#4365 = DEFINITIONAL_REPRESENTATION('',(#4366),#4370);
#4366 = LINE('',#4367,#4368);
#4367 = CARTESIAN_POINT('',(-0.,0.));
#4368 = VECTOR('',#4369,1.);
#4369 = DIRECTION('',(-1.,0.));
#4370 = ( GEOMETRIC_REPRESENTATION_CONTEXT(2) 
PARAMETRIC_REPRESENTATION_CONTEXT() REPRESENTATION_CONTEXT('2D SPACE',''
  ) );
#4371 = PCURVE('',#4372,#4377);
#4372 = PLANE('',#4373);
#4373 = AXIS2_PLACEMENT_3D('',#4374,#4375,#4376);
#4374 = CARTESIAN_POINT('',(-33.23401871576,33.234018715768,8.));
#4375 = DIRECTION('',(0.,0.,1.));
#4376 = DIRECTION('',(1.,0.,-0.));
#4377 = DEFINITIONAL_REPRESENTATION('',(#4378),#4382);
#4378 = CIRCLE('',#4379,2.1);
#4379 = AXIS2_PLACEMENT_2D('',#4380,#4381);
#4380 = CARTESIAN_POINT('',(0.,7.105427357601E-15));
#4381 = DIRECTION('',(1.,0.));
#4382 = ( GEOMETRIC_REPRESENTATION_CONTEXT(2) 
PARAMETRIC_REPRESENTATION_CONTEXT() REPRESENTATION_CONTEXT('2D SPACE',''
  ) );
#4383 = ORIENTED_EDGE('',*,*,#4384,.T.);
#4384 = EDGE_CURVE('',#4356,#1854,#4385,.T.);
#4385 = SEAM_CURVE('',#4386,(#4390,#4397),.PCURVE_S1.);
#4386 = LINE('',#4387,#4388);
#4387 = CARTESIAN_POINT('',(-31.13401871576,33.234018715768,8.));
#4388 = VECTOR('',#4389,1.);
#4389 = DIRECTION('',(0.,0.,1.));
#4390 = PCURVE('',#1874,#4391);
#4391 = DEFINITIONAL_REPRESENTATION('',(#4392),#4396);
#4392 = LINE('',#4393,#4394);
#4393 = CARTESIAN_POINT('',(-6.28318530718,0.));
#4394 = VECTOR('',#4395,1.);
#4395 = DIRECTION('',(-0.,-1.));
#4396 = ( GEOMETRIC_REPRESENTATION_CONTEXT(2) 
PARAMETRIC_REPRESENTATION_CONTEXT() REPRESENTATION_CONTEXT('2D SPACE',''
  ) );
#4397 = PCURVE('',#1874,#4398);
#4398 = DEFINITIONAL_REPRESENTATION('',(#4399),#4403);
#4399 = LINE('',#4400,#4401);
#4400 = CARTESIAN_POINT('',(-0.,0.));
#4401 = VECTOR('',#4402,1.);
#4402 = DIRECTION('',(-0.,-1.));
#4403 = ( GEOMETRIC_REPRESENTATION_CONTEXT(2) 
PARAMETRIC_REPRESENTATION_CONTEXT() REPRESENTATION_CONTEXT('2D SPACE',''
  ) );
#4404 = ORIENTED_EDGE('',*,*,#1853,.F.);
#4405 = ORIENTED_EDGE('',*,*,#4384,.F.);
#4406 = ADVANCED_FACE('',(#4407),#1909,.F.);
#4407 = FACE_BOUND('',#4408,.T.);
#4408 = EDGE_LOOP('',(#4409,#4438,#4459,#4460));
#4409 = ORIENTED_EDGE('',*,*,#4410,.F.);
#4410 = EDGE_CURVE('',#4411,#4411,#4413,.T.);
#4411 = VERTEX_POINT('',#4412);
#4412 = CARTESIAN_POINT('',(35.334018715768,33.234018715768,8.));
#4413 = SURFACE_CURVE('',#4414,(#4419,#4426),.PCURVE_S1.);
#4414 = CIRCLE('',#4415,2.1);
#4415 = AXIS2_PLACEMENT_3D('',#4416,#4417,#4418);
#4416 = CARTESIAN_POINT('',(33.234018715768,33.234018715768,8.));
#4417 = DIRECTION('',(0.,0.,1.));
#4418 = DIRECTION('',(1.,0.,0.));
#4419 = PCURVE('',#1909,#4420);
#4420 = DEFINITIONAL_REPRESENTATION('',(#4421),#4425);
#4421 = LINE('',#4422,#4423);
#4422 = CARTESIAN_POINT('',(-0.,0.));
#4423 = VECTOR('',#4424,1.);
#4424 = DIRECTION('',(-1.,0.));
#4425 = ( GEOMETRIC_REPRESENTATION_CONTEXT(2) 
PARAMETRIC_REPRESENTATION_CONTEXT() REPRESENTATION_CONTEXT('2D SPACE',''
  ) );
#4426 = PCURVE('',#4427,#4432);
#4427 = PLANE('',#4428);
#4428 = AXIS2_PLACEMENT_3D('',#4429,#4430,#4431);
#4429 = CARTESIAN_POINT('',(33.234018715768,33.234018715768,8.));
#4430 = DIRECTION('',(0.,0.,1.));
#4431 = DIRECTION('',(1.,0.,-0.));
#4432 = DEFINITIONAL_REPRESENTATION('',(#4433),#4437);
#4433 = CIRCLE('',#4434,2.1);
#4434 = AXIS2_PLACEMENT_2D('',#4435,#4436);
#4435 = CARTESIAN_POINT('',(0.,7.105427357601E-15));
#4436 = DIRECTION('',(1.,0.));
#4437 = ( GEOMETRIC_REPRESENTATION_CONTEXT(2) 
PARAMETRIC_REPRESENTATION_CONTEXT() REPRESENTATION_CONTEXT('2D SPACE',''
  ) );
#4438 = ORIENTED_EDGE('',*,*,#4439,.T.);
#4439 = EDGE_CURVE('',#4411,#1889,#4440,.T.);
#4440 = SEAM_CURVE('',#4441,(#4445,#4452),.PCURVE_S1.);
#4441 = LINE('',#4442,#4443);
#4442 = CARTESIAN_POINT('',(35.334018715768,33.234018715768,8.));
#4443 = VECTOR('',#4444,1.);
#4444 = DIRECTION('',(0.,0.,1.));
#4445 = PCURVE('',#1909,#4446);
#4446 = DEFINITIONAL_REPRESENTATION('',(#4447),#4451);
#4447 = LINE('',#4448,#4449);
#4448 = CARTESIAN_POINT('',(-6.28318530718,0.));
#4449 = VECTOR('',#4450,1.);
#4450 = DIRECTION('',(-0.,-1.));
#4451 = ( GEOMETRIC_REPRESENTATION_CONTEXT(2) 
PARAMETRIC_REPRESENTATION_CONTEXT() REPRESENTATION_CONTEXT('2D SPACE',''
  ) );
#4452 = PCURVE('',#1909,#4453);
#4453 = DEFINITIONAL_REPRESENTATION('',(#4454),#4458);
#4454 = LINE('',#4455,#4456);
#4455 = CARTESIAN_POINT('',(-0.,0.));
#4456 = VECTOR('',#4457,1.);
#4457 = DIRECTION('',(-0.,-1.));
#4458 = ( GEOMETRIC_REPRESENTATION_CONTEXT(2) 
PARAMETRIC_REPRESENTATION_CONTEXT() REPRESENTATION_CONTEXT('2D SPACE',''
  ) );
#4459 = ORIENTED_EDGE('',*,*,#1888,.F.);
#4460 = ORIENTED_EDGE('',*,*,#4439,.F.);
#4461 = ADVANCED_FACE('',(#4462),#2412,.T.);
#4462 = FACE_BOUND('',#4463,.T.);
#4463 = EDGE_LOOP('',(#4464,#4465,#4486,#4487));
#4464 = ORIENTED_EDGE('',*,*,#4003,.F.);
#4465 = ORIENTED_EDGE('',*,*,#4466,.F.);
#4466 = EDGE_CURVE('',#3644,#3981,#4467,.T.);
#4467 = SURFACE_CURVE('',#4468,(#4472,#4479),.PCURVE_S1.);
#4468 = LINE('',#4469,#4470);
#4469 = CARTESIAN_POINT('',(-65.5,-11.5,6.));
#4470 = VECTOR('',#4471,1.);
#4471 = DIRECTION('',(1.,0.,0.));
#4472 = PCURVE('',#2412,#4473);
#4473 = DEFINITIONAL_REPRESENTATION('',(#4474),#4478);
#4474 = LINE('',#4475,#4476);
#4475 = CARTESIAN_POINT('',(0.,0.));
#4476 = VECTOR('',#4477,1.);
#4477 = DIRECTION('',(0.,1.));
#4478 = ( GEOMETRIC_REPRESENTATION_CONTEXT(2) 
PARAMETRIC_REPRESENTATION_CONTEXT() REPRESENTATION_CONTEXT('2D SPACE',''
  ) );
#4479 = PCURVE('',#3659,#4480);
#4480 = DEFINITIONAL_REPRESENTATION('',(#4481),#4485);
#4481 = LINE('',#4482,#4483);
#4482 = CARTESIAN_POINT('',(0.,7.));
#4483 = VECTOR('',#4484,1.);
#4484 = DIRECTION('',(1.,0.));
#4485 = ( GEOMETRIC_REPRESENTATION_CONTEXT(2) 
PARAMETRIC_REPRESENTATION_CONTEXT() REPRESENTATION_CONTEXT('2D SPACE',''
  ) );
#4486 = ORIENTED_EDGE('',*,*,#3671,.T.);
#4487 = ORIENTED_EDGE('',*,*,#2397,.F.);
#4488 = ADVANCED_FACE('',(#4489),#2227,.F.);
#4489 = FACE_BOUND('',#4490,.F.);
#4490 = EDGE_LOOP('',(#4491,#4492,#4513,#4514));
#4491 = ORIENTED_EDGE('',*,*,#3748,.F.);
#4492 = ORIENTED_EDGE('',*,*,#4493,.F.);
#4493 = EDGE_CURVE('',#3876,#3749,#4494,.T.);
#4494 = SURFACE_CURVE('',#4495,(#4499,#4506),.PCURVE_S1.);
#4495 = LINE('',#4496,#4497);
#4496 = CARTESIAN_POINT('',(-65.5,11.5,6.));
#4497 = VECTOR('',#4498,1.);
#4498 = DIRECTION('',(1.,0.,0.));
#4499 = PCURVE('',#2227,#4500);
#4500 = DEFINITIONAL_REPRESENTATION('',(#4501),#4505);
#4501 = LINE('',#4502,#4503);
#4502 = CARTESIAN_POINT('',(0.,0.));
#4503 = VECTOR('',#4504,1.);
#4504 = DIRECTION('',(0.,1.));
#4505 = ( GEOMETRIC_REPRESENTATION_CONTEXT(2) 
PARAMETRIC_REPRESENTATION_CONTEXT() REPRESENTATION_CONTEXT('2D SPACE',''
  ) );
#4506 = PCURVE('',#3787,#4507);
#4507 = DEFINITIONAL_REPRESENTATION('',(#4508),#4512);
#4508 = LINE('',#4509,#4510);
#4509 = CARTESIAN_POINT('',(0.,0.));
#4510 = VECTOR('',#4511,1.);
#4511 = DIRECTION('',(1.,0.));
#4512 = ( GEOMETRIC_REPRESENTATION_CONTEXT(2) 
PARAMETRIC_REPRESENTATION_CONTEXT() REPRESENTATION_CONTEXT('2D SPACE',''
  ) );
#4513 = ORIENTED_EDGE('',*,*,#3875,.T.);
#4514 = ORIENTED_EDGE('',*,*,#2212,.F.);
#4515 = ADVANCED_FACE('',(#4516),#2772,.F.);
#4516 = FACE_BOUND('',#4517,.T.);
#4517 = EDGE_LOOP('',(#4518,#4543,#4570,#4571,#4600,#4619,#4620,#4621,
    #4622,#4623,#4644));
#4518 = ORIENTED_EDGE('',*,*,#4519,.F.);
#4519 = EDGE_CURVE('',#4520,#4522,#4524,.T.);
#4520 = VERTEX_POINT('',#4521);
#4521 = CARTESIAN_POINT('',(41.2,0.,3.));
#4522 = VERTEX_POINT('',#4523);
#4523 = CARTESIAN_POINT('',(41.2,0.,12.));
#4524 = SEAM_CURVE('',#4525,(#4529,#4536),.PCURVE_S1.);
#4525 = LINE('',#4526,#4527);
#4526 = CARTESIAN_POINT('',(41.2,0.,3.));
#4527 = VECTOR('',#4528,1.);
#4528 = DIRECTION('',(0.,0.,1.));
#4529 = PCURVE('',#2772,#4530);
#4530 = DEFINITIONAL_REPRESENTATION('',(#4531),#4535);
#4531 = LINE('',#4532,#4533);
#4532 = CARTESIAN_POINT('',(-6.28318530718,0.));
#4533 = VECTOR('',#4534,1.);
#4534 = DIRECTION('',(-0.,-1.));
#4535 = ( GEOMETRIC_REPRESENTATION_CONTEXT(2) 
PARAMETRIC_REPRESENTATION_CONTEXT() REPRESENTATION_CONTEXT('2D SPACE',''
  ) );
#4536 = PCURVE('',#2772,#4537);
#4537 = DEFINITIONAL_REPRESENTATION('',(#4538),#4542);
#4538 = LINE('',#4539,#4540);
#4539 = CARTESIAN_POINT('',(-0.,0.));
#4540 = VECTOR('',#4541,1.);
#4541 = DIRECTION('',(-0.,-1.));
#4542 = ( GEOMETRIC_REPRESENTATION_CONTEXT(2) 
PARAMETRIC_REPRESENTATION_CONTEXT() REPRESENTATION_CONTEXT('2D SPACE',''
  ) );
#4543 = ORIENTED_EDGE('',*,*,#4544,.F.);
#4544 = EDGE_CURVE('',#4520,#4520,#4545,.T.);
#4545 = SURFACE_CURVE('',#4546,(#4551,#4558),.PCURVE_S1.);
#4546 = CIRCLE('',#4547,41.2);
#4547 = AXIS2_PLACEMENT_3D('',#4548,#4549,#4550);
#4548 = CARTESIAN_POINT('',(0.,0.,3.));
#4549 = DIRECTION('',(0.,0.,1.));
#4550 = DIRECTION('',(1.,0.,0.));
#4551 = PCURVE('',#2772,#4552);
#4552 = DEFINITIONAL_REPRESENTATION('',(#4553),#4557);
#4553 = LINE('',#4554,#4555);
#4554 = CARTESIAN_POINT('',(-0.,0.));
#4555 = VECTOR('',#4556,1.);
#4556 = DIRECTION('',(-1.,0.));
#4557 = ( GEOMETRIC_REPRESENTATION_CONTEXT(2) 
PARAMETRIC_REPRESENTATION_CONTEXT() REPRESENTATION_CONTEXT('2D SPACE',''
  ) );
#4558 = PCURVE('',#4559,#4564);
#4559 = PLANE('',#4560);
#4560 = AXIS2_PLACEMENT_3D('',#4561,#4562,#4563);
#4561 = CARTESIAN_POINT('',(-2.124178846663E-15,4.423305758341E-16,3.));
#4562 = DIRECTION('',(0.,0.,1.));
#4563 = DIRECTION('',(1.,0.,-0.));
#4564 = DEFINITIONAL_REPRESENTATION('',(#4565),#4569);
#4565 = CIRCLE('',#4566,41.2);
#4566 = AXIS2_PLACEMENT_2D('',#4567,#4568);
#4567 = CARTESIAN_POINT('',(2.124178846663E-15,-4.423305758341E-16));
#4568 = DIRECTION('',(1.,0.));
#4569 = ( GEOMETRIC_REPRESENTATION_CONTEXT(2) 
PARAMETRIC_REPRESENTATION_CONTEXT() REPRESENTATION_CONTEXT('2D SPACE',''
  ) );
#4570 = ORIENTED_EDGE('',*,*,#4519,.T.);
#4571 = ORIENTED_EDGE('',*,*,#4572,.T.);
#4572 = EDGE_CURVE('',#4522,#4573,#4575,.T.);
#4573 = VERTEX_POINT('',#4574);
#4574 = CARTESIAN_POINT('',(-39.41370320079,12.,12.));
#4575 = SURFACE_CURVE('',#4576,(#4581,#4588),.PCURVE_S1.);
#4576 = CIRCLE('',#4577,41.2);
#4577 = AXIS2_PLACEMENT_3D('',#4578,#4579,#4580);
#4578 = CARTESIAN_POINT('',(0.,0.,12.));
#4579 = DIRECTION('',(0.,0.,1.));
#4580 = DIRECTION('',(1.,0.,0.));
#4581 = PCURVE('',#2772,#4582);
#4582 = DEFINITIONAL_REPRESENTATION('',(#4583),#4587);
#4583 = LINE('',#4584,#4585);
#4584 = CARTESIAN_POINT('',(-0.,-9.));
#4585 = VECTOR('',#4586,1.);
#4586 = DIRECTION('',(-1.,0.));
#4587 = ( GEOMETRIC_REPRESENTATION_CONTEXT(2) 
PARAMETRIC_REPRESENTATION_CONTEXT() REPRESENTATION_CONTEXT('2D SPACE',''
  ) );
#4588 = PCURVE('',#4589,#4594);
#4589 = PLANE('',#4590);
#4590 = AXIS2_PLACEMENT_3D('',#4591,#4592,#4593);
#4591 = CARTESIAN_POINT('',(-2.124178846663E-15,4.423305758341E-16,12.)
  );
#4592 = DIRECTION('',(0.,0.,1.));
#4593 = DIRECTION('',(1.,0.,-0.));
#4594 = DEFINITIONAL_REPRESENTATION('',(#4595),#4599);
#4595 = CIRCLE('',#4596,41.2);
#4596 = AXIS2_PLACEMENT_2D('',#4597,#4598);
#4597 = CARTESIAN_POINT('',(2.124178846663E-15,-4.423305758341E-16));
#4598 = DIRECTION('',(1.,0.));
#4599 = ( GEOMETRIC_REPRESENTATION_CONTEXT(2) 
PARAMETRIC_REPRESENTATION_CONTEXT() REPRESENTATION_CONTEXT('2D SPACE',''
  ) );
#4600 = ORIENTED_EDGE('',*,*,#4601,.T.);
#4601 = EDGE_CURVE('',#4573,#3095,#4602,.T.);
#4602 = SURFACE_CURVE('',#4603,(#4607,#4613),.PCURVE_S1.);
#4603 = LINE('',#4604,#4605);
#4604 = CARTESIAN_POINT('',(-39.41370320079,12.,3.));
#4605 = VECTOR('',#4606,1.);
#4606 = DIRECTION('',(-0.,-0.,-1.));
#4607 = PCURVE('',#2772,#4608);
#4608 = DEFINITIONAL_REPRESENTATION('',(#4609),#4612);
#4609 = B_SPLINE_CURVE_WITH_KNOTS('',1,(#4610,#4611),.UNSPECIFIED.,.F.,
  .F.,(2,2),(-9.0000006,-5.5),.PIECEWISE_BEZIER_KNOTS.);
#4610 = CARTESIAN_POINT('',(-2.846046742241,-9.0000006));
#4611 = CARTESIAN_POINT('',(-2.846046742241,-5.5));
#4612 = ( GEOMETRIC_REPRESENTATION_CONTEXT(2) 
PARAMETRIC_REPRESENTATION_CONTEXT() REPRESENTATION_CONTEXT('2D SPACE',''
  ) );
#4613 = PCURVE('',#3503,#4614);
#4614 = DEFINITIONAL_REPRESENTATION('',(#4615),#4618);
#4615 = B_SPLINE_CURVE_WITH_KNOTS('',1,(#4616,#4617),.UNSPECIFIED.,.F.,
  .F.,(2,2),(-9.0000006,-5.5),.PIECEWISE_BEZIER_KNOTS.);
#4616 = CARTESIAN_POINT('',(3.0000006,51.58629679921));
#4617 = CARTESIAN_POINT('',(-0.5,51.58629679921));
#4618 = ( GEOMETRIC_REPRESENTATION_CONTEXT(2) 
PARAMETRIC_REPRESENTATION_CONTEXT() REPRESENTATION_CONTEXT('2D SPACE',''
  ) );
#4619 = ORIENTED_EDGE('',*,*,#3094,.T.);
#4620 = ORIENTED_EDGE('',*,*,#3286,.T.);
#4621 = ORIENTED_EDGE('',*,*,#2848,.T.);
#4622 = ORIENTED_EDGE('',*,*,#2672,.T.);
#4623 = ORIENTED_EDGE('',*,*,#4624,.F.);
#4624 = EDGE_CURVE('',#4625,#2675,#4627,.T.);
#4625 = VERTEX_POINT('',#4626);
#4626 = CARTESIAN_POINT('',(-39.41370320079,-12.,12.));
#4627 = SURFACE_CURVE('',#4628,(#4632,#4638),.PCURVE_S1.);
#4628 = LINE('',#4629,#4630);
#4629 = CARTESIAN_POINT('',(-39.41370320079,-12.,3.));
#4630 = VECTOR('',#4631,1.);
#4631 = DIRECTION('',(-0.,-0.,-1.));
#4632 = PCURVE('',#2772,#4633);
#4633 = DEFINITIONAL_REPRESENTATION('',(#4634),#4637);
#4634 = B_SPLINE_CURVE_WITH_KNOTS('',1,(#4635,#4636),.UNSPECIFIED.,.F.,
  .F.,(2,2),(-9.0000006,-5.5),.PIECEWISE_BEZIER_KNOTS.);
#4635 = CARTESIAN_POINT('',(-3.437138564938,-9.0000006));
#4636 = CARTESIAN_POINT('',(-3.437138564938,-5.5));
#4637 = ( GEOMETRIC_REPRESENTATION_CONTEXT(2) 
PARAMETRIC_REPRESENTATION_CONTEXT() REPRESENTATION_CONTEXT('2D SPACE',''
  ) );
#4638 = PCURVE('',#3079,#4639);
#4639 = DEFINITIONAL_REPRESENTATION('',(#4640),#4643);
#4640 = B_SPLINE_CURVE_WITH_KNOTS('',1,(#4641,#4642),.UNSPECIFIED.,.F.,
  .F.,(2,2),(-9.0000006,-5.5),.PIECEWISE_BEZIER_KNOTS.);
#4641 = CARTESIAN_POINT('',(3.0000006,51.58629679921));
#4642 = CARTESIAN_POINT('',(-0.5,51.58629679921));
#4643 = ( GEOMETRIC_REPRESENTATION_CONTEXT(2) 
PARAMETRIC_REPRESENTATION_CONTEXT() REPRESENTATION_CONTEXT('2D SPACE',''
  ) );
#4644 = ORIENTED_EDGE('',*,*,#4645,.T.);
#4645 = EDGE_CURVE('',#4625,#4522,#4646,.T.);
#4646 = SURFACE_CURVE('',#4647,(#4652,#4659),.PCURVE_S1.);
#4647 = CIRCLE('',#4648,41.2);
#4648 = AXIS2_PLACEMENT_3D('',#4649,#4650,#4651);
#4649 = CARTESIAN_POINT('',(0.,0.,12.));
#4650 = DIRECTION('',(0.,0.,1.));
#4651 = DIRECTION('',(1.,0.,0.));
#4652 = PCURVE('',#2772,#4653);
#4653 = DEFINITIONAL_REPRESENTATION('',(#4654),#4658);
#4654 = LINE('',#4655,#4656);
#4655 = CARTESIAN_POINT('',(-0.,-9.));
#4656 = VECTOR('',#4657,1.);
#4657 = DIRECTION('',(-1.,0.));
#4658 = ( GEOMETRIC_REPRESENTATION_CONTEXT(2) 
PARAMETRIC_REPRESENTATION_CONTEXT() REPRESENTATION_CONTEXT('2D SPACE',''
  ) );
#4659 = PCURVE('',#4589,#4660);
#4660 = DEFINITIONAL_REPRESENTATION('',(#4661),#4665);
#4661 = CIRCLE('',#4662,41.2);
#4662 = AXIS2_PLACEMENT_2D('',#4663,#4664);
#4663 = CARTESIAN_POINT('',(2.124178846663E-15,-4.423305758341E-16));
#4664 = DIRECTION('',(1.,0.));
#4665 = ( GEOMETRIC_REPRESENTATION_CONTEXT(2) 
PARAMETRIC_REPRESENTATION_CONTEXT() REPRESENTATION_CONTEXT('2D SPACE',''
  ) );
#4666 = ADVANCED_FACE('',(#4667),#3079,.F.);
#4667 = FACE_BOUND('',#4668,.F.);
#4668 = EDGE_LOOP('',(#4669,#4692,#4693,#4694,#4715));
#4669 = ORIENTED_EDGE('',*,*,#4670,.F.);
#4670 = EDGE_CURVE('',#3039,#4671,#4673,.T.);
#4671 = VERTEX_POINT('',#4672);
#4672 = CARTESIAN_POINT('',(-37.,-12.,9.));
#4673 = SURFACE_CURVE('',#4674,(#4678,#4685),.PCURVE_S1.);
#4674 = LINE('',#4675,#4676);
#4675 = CARTESIAN_POINT('',(-91.,-12.,9.));
#4676 = VECTOR('',#4677,1.);
#4677 = DIRECTION('',(1.,0.,0.));
#4678 = PCURVE('',#3079,#4679);
#4679 = DEFINITIONAL_REPRESENTATION('',(#4680),#4684);
#4680 = LINE('',#4681,#4682);
#4681 = CARTESIAN_POINT('',(0.,0.));
#4682 = VECTOR('',#4683,1.);
#4683 = DIRECTION('',(0.,1.));
#4684 = ( GEOMETRIC_REPRESENTATION_CONTEXT(2) 
PARAMETRIC_REPRESENTATION_CONTEXT() REPRESENTATION_CONTEXT('2D SPACE',''
  ) );
#4685 = PCURVE('',#3053,#4686);
#4686 = DEFINITIONAL_REPRESENTATION('',(#4687),#4691);
#4687 = LINE('',#4688,#4689);
#4688 = CARTESIAN_POINT('',(0.,0.));
#4689 = VECTOR('',#4690,1.);
#4690 = DIRECTION('',(1.,0.));
#4691 = ( GEOMETRIC_REPRESENTATION_CONTEXT(2) 
PARAMETRIC_REPRESENTATION_CONTEXT() REPRESENTATION_CONTEXT('2D SPACE',''
  ) );
#4692 = ORIENTED_EDGE('',*,*,#3064,.F.);
#4693 = ORIENTED_EDGE('',*,*,#4624,.F.);
#4694 = ORIENTED_EDGE('',*,*,#4695,.F.);
#4695 = EDGE_CURVE('',#4696,#4625,#4698,.T.);
#4696 = VERTEX_POINT('',#4697);
#4697 = CARTESIAN_POINT('',(-37.,-12.,12.));
#4698 = SURFACE_CURVE('',#4699,(#4703,#4709),.PCURVE_S1.);
#4699 = LINE('',#4700,#4701);
#4700 = CARTESIAN_POINT('',(-45.5,-12.,12.));
#4701 = VECTOR('',#4702,1.);
#4702 = DIRECTION('',(-1.,0.,0.));
#4703 = PCURVE('',#3079,#4704);
#4704 = DEFINITIONAL_REPRESENTATION('',(#4705),#4708);
#4705 = B_SPLINE_CURVE_WITH_KNOTS('',1,(#4706,#4707),.UNSPECIFIED.,.F.,
  .F.,(2,2),(-8.5,-4.3),.PIECEWISE_BEZIER_KNOTS.);
#4706 = CARTESIAN_POINT('',(3.,54.));
#4707 = CARTESIAN_POINT('',(3.,49.8));
#4708 = ( GEOMETRIC_REPRESENTATION_CONTEXT(2) 
PARAMETRIC_REPRESENTATION_CONTEXT() REPRESENTATION_CONTEXT('2D SPACE',''
  ) );
#4709 = PCURVE('',#4589,#4710);
#4710 = DEFINITIONAL_REPRESENTATION('',(#4711),#4714);
#4711 = B_SPLINE_CURVE_WITH_KNOTS('',1,(#4712,#4713),.UNSPECIFIED.,.F.,
  .F.,(2,2),(-8.5,-4.3),.PIECEWISE_BEZIER_KNOTS.);
#4712 = CARTESIAN_POINT('',(-37.,-12.));
#4713 = CARTESIAN_POINT('',(-41.2,-12.));
#4714 = ( GEOMETRIC_REPRESENTATION_CONTEXT(2) 
PARAMETRIC_REPRESENTATION_CONTEXT() REPRESENTATION_CONTEXT('2D SPACE',''
  ) );
#4715 = ORIENTED_EDGE('',*,*,#4716,.F.);
#4716 = EDGE_CURVE('',#4671,#4696,#4717,.T.);
#4717 = SURFACE_CURVE('',#4718,(#4722,#4729),.PCURVE_S1.);
#4718 = LINE('',#4719,#4720);
#4719 = CARTESIAN_POINT('',(-37.,-12.,9.));
#4720 = VECTOR('',#4721,1.);
#4721 = DIRECTION('',(0.,0.,1.));
#4722 = PCURVE('',#3079,#4723);
#4723 = DEFINITIONAL_REPRESENTATION('',(#4724),#4728);
#4724 = LINE('',#4725,#4726);
#4725 = CARTESIAN_POINT('',(0.,54.));
#4726 = VECTOR('',#4727,1.);
#4727 = DIRECTION('',(1.,0.));
#4728 = ( GEOMETRIC_REPRESENTATION_CONTEXT(2) 
PARAMETRIC_REPRESENTATION_CONTEXT() REPRESENTATION_CONTEXT('2D SPACE',''
  ) );
#4729 = PCURVE('',#4730,#4735);
#4730 = PLANE('',#4731);
#4731 = AXIS2_PLACEMENT_3D('',#4732,#4733,#4734);
#4732 = CARTESIAN_POINT('',(-37.,-12.,9.));
#4733 = DIRECTION('',(1.,0.,0.));
#4734 = DIRECTION('',(0.,0.,1.));
#4735 = DEFINITIONAL_REPRESENTATION('',(#4736),#4740);
#4736 = LINE('',#4737,#4738);
#4737 = CARTESIAN_POINT('',(0.,0.));
#4738 = VECTOR('',#4739,1.);
#4739 = DIRECTION('',(1.,0.));
#4740 = ( GEOMETRIC_REPRESENTATION_CONTEXT(2) 
PARAMETRIC_REPRESENTATION_CONTEXT() REPRESENTATION_CONTEXT('2D SPACE',''
  ) );
#4741 = ADVANCED_FACE('',(#4742),#3053,.F.);
#4742 = FACE_BOUND('',#4743,.F.);
#4743 = EDGE_LOOP('',(#4744,#4767,#4768,#4769,#4770));
#4744 = ORIENTED_EDGE('',*,*,#4745,.F.);
#4745 = EDGE_CURVE('',#3468,#4746,#4748,.T.);
#4746 = VERTEX_POINT('',#4747);
#4747 = CARTESIAN_POINT('',(-37.,12.,9.));
#4748 = SURFACE_CURVE('',#4749,(#4753,#4760),.PCURVE_S1.);
#4749 = LINE('',#4750,#4751);
#4750 = CARTESIAN_POINT('',(-91.,12.,9.));
#4751 = VECTOR('',#4752,1.);
#4752 = DIRECTION('',(1.,0.,0.));
#4753 = PCURVE('',#3053,#4754);
#4754 = DEFINITIONAL_REPRESENTATION('',(#4755),#4759);
#4755 = LINE('',#4756,#4757);
#4756 = CARTESIAN_POINT('',(0.,24.));
#4757 = VECTOR('',#4758,1.);
#4758 = DIRECTION('',(1.,0.));
#4759 = ( GEOMETRIC_REPRESENTATION_CONTEXT(2) 
PARAMETRIC_REPRESENTATION_CONTEXT() REPRESENTATION_CONTEXT('2D SPACE',''
  ) );
#4760 = PCURVE('',#3503,#4761);
#4761 = DEFINITIONAL_REPRESENTATION('',(#4762),#4766);
#4762 = LINE('',#4763,#4764);
#4763 = CARTESIAN_POINT('',(0.,0.));
#4764 = VECTOR('',#4765,1.);
#4765 = DIRECTION('',(0.,1.));
#4766 = ( GEOMETRIC_REPRESENTATION_CONTEXT(2) 
PARAMETRIC_REPRESENTATION_CONTEXT() REPRESENTATION_CONTEXT('2D SPACE',''
  ) );
#4767 = ORIENTED_EDGE('',*,*,#3467,.T.);
#4768 = ORIENTED_EDGE('',*,*,#3038,.F.);
#4769 = ORIENTED_EDGE('',*,*,#4670,.T.);
#4770 = ORIENTED_EDGE('',*,*,#4771,.T.);
#4771 = EDGE_CURVE('',#4671,#4746,#4772,.T.);
#4772 = SURFACE_CURVE('',#4773,(#4777,#4784),.PCURVE_S1.);
#4773 = LINE('',#4774,#4775);
#4774 = CARTESIAN_POINT('',(-37.,-12.,9.));
#4775 = VECTOR('',#4776,1.);
#4776 = DIRECTION('',(0.,1.,0.));
#4777 = PCURVE('',#3053,#4778);
#4778 = DEFINITIONAL_REPRESENTATION('',(#4779),#4783);
#4779 = LINE('',#4780,#4781);
#4780 = CARTESIAN_POINT('',(54.,0.));
#4781 = VECTOR('',#4782,1.);
#4782 = DIRECTION('',(0.,1.));
#4783 = ( GEOMETRIC_REPRESENTATION_CONTEXT(2) 
PARAMETRIC_REPRESENTATION_CONTEXT() REPRESENTATION_CONTEXT('2D SPACE',''
  ) );
#4784 = PCURVE('',#4730,#4785);
#4785 = DEFINITIONAL_REPRESENTATION('',(#4786),#4790);
#4786 = LINE('',#4787,#4788);
#4787 = CARTESIAN_POINT('',(0.,0.));
#4788 = VECTOR('',#4789,1.);
#4789 = DIRECTION('',(0.,-1.));
#4790 = ( GEOMETRIC_REPRESENTATION_CONTEXT(2) 
PARAMETRIC_REPRESENTATION_CONTEXT() REPRESENTATION_CONTEXT('2D SPACE',''
  ) );
#4791 = ADVANCED_FACE('',(#4792),#3503,.T.);
#4792 = FACE_BOUND('',#4793,.T.);
#4793 = EDGE_LOOP('',(#4794,#4795,#4796,#4797,#4818));
#4794 = ORIENTED_EDGE('',*,*,#4745,.F.);
#4795 = ORIENTED_EDGE('',*,*,#3488,.T.);
#4796 = ORIENTED_EDGE('',*,*,#4601,.F.);
#4797 = ORIENTED_EDGE('',*,*,#4798,.F.);
#4798 = EDGE_CURVE('',#4799,#4573,#4801,.T.);
#4799 = VERTEX_POINT('',#4800);
#4800 = CARTESIAN_POINT('',(-37.,12.,12.));
#4801 = SURFACE_CURVE('',#4802,(#4806,#4812),.PCURVE_S1.);
#4802 = LINE('',#4803,#4804);
#4803 = CARTESIAN_POINT('',(-45.5,12.,12.));
#4804 = VECTOR('',#4805,1.);
#4805 = DIRECTION('',(-1.,0.,0.));
#4806 = PCURVE('',#3503,#4807);
#4807 = DEFINITIONAL_REPRESENTATION('',(#4808),#4811);
#4808 = B_SPLINE_CURVE_WITH_KNOTS('',1,(#4809,#4810),.UNSPECIFIED.,.F.,
  .F.,(2,2),(-8.5,-4.3),.PIECEWISE_BEZIER_KNOTS.);
#4809 = CARTESIAN_POINT('',(3.,54.));
#4810 = CARTESIAN_POINT('',(3.,49.8));
#4811 = ( GEOMETRIC_REPRESENTATION_CONTEXT(2) 
PARAMETRIC_REPRESENTATION_CONTEXT() REPRESENTATION_CONTEXT('2D SPACE',''
  ) );
#4812 = PCURVE('',#4589,#4813);
#4813 = DEFINITIONAL_REPRESENTATION('',(#4814),#4817);
#4814 = B_SPLINE_CURVE_WITH_KNOTS('',1,(#4815,#4816),.UNSPECIFIED.,.F.,
  .F.,(2,2),(-8.5,-4.3),.PIECEWISE_BEZIER_KNOTS.);
#4815 = CARTESIAN_POINT('',(-37.,12.));
#4816 = CARTESIAN_POINT('',(-41.2,12.));
#4817 = ( GEOMETRIC_REPRESENTATION_CONTEXT(2) 
PARAMETRIC_REPRESENTATION_CONTEXT() REPRESENTATION_CONTEXT('2D SPACE',''
  ) );
#4818 = ORIENTED_EDGE('',*,*,#4819,.F.);
#4819 = EDGE_CURVE('',#4746,#4799,#4820,.T.);
#4820 = SURFACE_CURVE('',#4821,(#4825,#4832),.PCURVE_S1.);
#4821 = LINE('',#4822,#4823);
#4822 = CARTESIAN_POINT('',(-37.,12.,9.));
#4823 = VECTOR('',#4824,1.);
#4824 = DIRECTION('',(0.,0.,1.));
#4825 = PCURVE('',#3503,#4826);
#4826 = DEFINITIONAL_REPRESENTATION('',(#4827),#4831);
#4827 = LINE('',#4828,#4829);
#4828 = CARTESIAN_POINT('',(0.,54.));
#4829 = VECTOR('',#4830,1.);
#4830 = DIRECTION('',(1.,0.));
#4831 = ( GEOMETRIC_REPRESENTATION_CONTEXT(2) 
PARAMETRIC_REPRESENTATION_CONTEXT() REPRESENTATION_CONTEXT('2D SPACE',''
  ) );
#4832 = PCURVE('',#4730,#4833);
#4833 = DEFINITIONAL_REPRESENTATION('',(#4834),#4838);
#4834 = LINE('',#4835,#4836);
#4835 = CARTESIAN_POINT('',(0.,-24.));
#4836 = VECTOR('',#4837,1.);
#4837 = DIRECTION('',(1.,0.));
#4838 = ( GEOMETRIC_REPRESENTATION_CONTEXT(2) 
PARAMETRIC_REPRESENTATION_CONTEXT() REPRESENTATION_CONTEXT('2D SPACE',''
  ) );
#4839 = ADVANCED_FACE('',(#4840),#3659,.F.);
#4840 = FACE_BOUND('',#4841,.F.);
#4841 = EDGE_LOOP('',(#4842,#4843,#4844,#4845));
#4842 = ORIENTED_EDGE('',*,*,#3643,.F.);
#4843 = ORIENTED_EDGE('',*,*,#3720,.T.);
#4844 = ORIENTED_EDGE('',*,*,#3980,.T.);
#4845 = ORIENTED_EDGE('',*,*,#4466,.F.);
#4846 = ADVANCED_FACE('',(#4847),#3787,.F.);
#4847 = FACE_BOUND('',#4848,.F.);
#4848 = EDGE_LOOP('',(#4849,#4850,#4851,#4852));
#4849 = ORIENTED_EDGE('',*,*,#3898,.F.);
#4850 = ORIENTED_EDGE('',*,*,#4493,.T.);
#4851 = ORIENTED_EDGE('',*,*,#3771,.T.);
#4852 = ORIENTED_EDGE('',*,*,#3826,.F.);
#4853 = ADVANCED_FACE('',(#4854),#4046,.T.);
#4854 = FACE_BOUND('',#4855,.T.);
#4855 = EDGE_LOOP('',(#4856));
#4856 = ORIENTED_EDGE('',*,*,#4029,.T.);
#4857 = ADVANCED_FACE('',(#4858),#4209,.T.);
#4858 = FACE_BOUND('',#4859,.T.);
#4859 = EDGE_LOOP('',(#4860));
#4860 = ORIENTED_EDGE('',*,*,#4192,.T.);
#4861 = ADVANCED_FACE('',(#4862),#4372,.T.);
#4862 = FACE_BOUND('',#4863,.T.);
#4863 = EDGE_LOOP('',(#4864));
#4864 = ORIENTED_EDGE('',*,*,#4355,.T.);
#4865 = ADVANCED_FACE('',(#4866),#4427,.T.);
#4866 = FACE_BOUND('',#4867,.T.);
#4867 = EDGE_LOOP('',(#4868));
#4868 = ORIENTED_EDGE('',*,*,#4410,.T.);
#4869 = ADVANCED_FACE('',(#4870),#4589,.F.);
#4870 = FACE_BOUND('',#4871,.F.);
#4871 = EDGE_LOOP('',(#4872,#4873,#4874,#4875,#4894));
#4872 = ORIENTED_EDGE('',*,*,#4645,.T.);
#4873 = ORIENTED_EDGE('',*,*,#4572,.T.);
#4874 = ORIENTED_EDGE('',*,*,#4798,.F.);
#4875 = ORIENTED_EDGE('',*,*,#4876,.F.);
#4876 = EDGE_CURVE('',#4696,#4799,#4877,.T.);
#4877 = SURFACE_CURVE('',#4878,(#4882,#4888),.PCURVE_S1.);
#4878 = LINE('',#4879,#4880);
#4879 = CARTESIAN_POINT('',(-37.,-6.,12.));
#4880 = VECTOR('',#4881,1.);
#4881 = DIRECTION('',(0.,1.,0.));
#4882 = PCURVE('',#4589,#4883);
#4883 = DEFINITIONAL_REPRESENTATION('',(#4884),#4887);
#4884 = B_SPLINE_CURVE_WITH_KNOTS('',1,(#4885,#4886),.UNSPECIFIED.,.F.,
  .F.,(2,2),(-6.,18.),.PIECEWISE_BEZIER_KNOTS.);
#4885 = CARTESIAN_POINT('',(-37.,-12.));
#4886 = CARTESIAN_POINT('',(-37.,12.));
#4887 = ( GEOMETRIC_REPRESENTATION_CONTEXT(2) 
PARAMETRIC_REPRESENTATION_CONTEXT() REPRESENTATION_CONTEXT('2D SPACE',''
  ) );
#4888 = PCURVE('',#4730,#4889);
#4889 = DEFINITIONAL_REPRESENTATION('',(#4890),#4893);
#4890 = B_SPLINE_CURVE_WITH_KNOTS('',1,(#4891,#4892),.UNSPECIFIED.,.F.,
  .F.,(2,2),(-6.,18.),.PIECEWISE_BEZIER_KNOTS.);
#4891 = CARTESIAN_POINT('',(3.,0.));
#4892 = CARTESIAN_POINT('',(3.,-24.));
#4893 = ( GEOMETRIC_REPRESENTATION_CONTEXT(2) 
PARAMETRIC_REPRESENTATION_CONTEXT() REPRESENTATION_CONTEXT('2D SPACE',''
  ) );
#4894 = ORIENTED_EDGE('',*,*,#4695,.T.);
#4895 = ADVANCED_FACE('',(#4896),#4559,.T.);
#4896 = FACE_BOUND('',#4897,.T.);
#4897 = EDGE_LOOP('',(#4898));
#4898 = ORIENTED_EDGE('',*,*,#4544,.T.);
#4899 = ADVANCED_FACE('',(#4900),#4730,.T.);
#4900 = FACE_BOUND('',#4901,.T.);
#4901 = EDGE_LOOP('',(#4902,#4903,#4904,#4905));
#4902 = ORIENTED_EDGE('',*,*,#4716,.F.);
#4903 = ORIENTED_EDGE('',*,*,#4771,.T.);
#4904 = ORIENTED_EDGE('',*,*,#4819,.T.);
#4905 = ORIENTED_EDGE('',*,*,#4876,.F.);
#4906 = ( GEOMETRIC_REPRESENTATION_CONTEXT(3) 
GLOBAL_UNCERTAINTY_ASSIGNED_CONTEXT((#4910)) 
GLOBAL_UNIT_ASSIGNED_CONTEXT((#4907,#4908,#4909)) REPRESENTATION_CONTEXT
('Context #1','3D Context with UNIT and UNCERTAINTY') );
#4907 = ( LENGTH_UNIT() NAMED_UNIT(*) SI_UNIT(.MILLI.,.METRE.) );
#4908 = ( NAMED_UNIT(*) PLANE_ANGLE_UNIT() SI_UNIT($,.RADIAN.) );
#4909 = ( NAMED_UNIT(*) SI_UNIT($,.STERADIAN.) SOLID_ANGLE_UNIT() );
#4910 = UNCERTAINTY_MEASURE_WITH_UNIT(LENGTH_MEASURE(1.E-07),#4907,
  'distance_accuracy_value','confusion accuracy');
#4911 = PRODUCT_RELATED_PRODUCT_CATEGORY('part',$,(#7));
ENDSEC;
END-ISO-10303-21;
